<?xml version="1.0" encoding="UTF-8" standalone="yes"?>
<instance>
	<info>
	 	<dataset>Uchoa 2014 — Set X</dataset>
	 	<name>X-n204-k19</name>
	</info>
	<network>
	 	<nodes>
	 	 	<node id="1" type="1">
	 	 	 	<cx>500</cx>
	 	 	 	<cy>500</cy>
	 	 	</node>
	 	 	<node id="2" type="1">
	 	 	 	<cx>221</cx>
	 	 	 	<cy>542</cy>
	 	 	</node>
	 	 	<node id="3" type="1">
	 	 	 	<cx>320</cx>
	 	 	 	<cy>456</cy>
	 	 	</node>
	 	 	<node id="4" type="1">
	 	 	 	<cx>576</cx>
	 	 	 	<cy>827</cy>
	 	 	</node>
	 	 	<node id="5" type="1">
	 	 	 	<cx>679</cx>
	 	 	 	<cy>994</cy>
	 	 	</node>
	 	 	<node id="6" type="1">
	 	 	 	<cx>371</cx>
	 	 	 	<cy>461</cy>
	 	 	</node>
	 	 	<node id="7" type="1">
	 	 	 	<cx>961</cx>
	 	 	 	<cy>844</cy>
	 	 	</node>
	 	 	<node id="8" type="1">
	 	 	 	<cx>986</cx>
	 	 	 	<cy>379</cy>
	 	 	</node>
	 	 	<node id="9" type="1">
	 	 	 	<cx>175</cx>
	 	 	 	<cy>540</cy>
	 	 	</node>
	 	 	<node id="10" type="1">
	 	 	 	<cx>126</cx>
	 	 	 	<cy>517</cy>
	 	 	</node>
	 	 	<node id="11" type="1">
	 	 	 	<cx>329</cx>
	 	 	 	<cy>626</cy>
	 	 	</node>
	 	 	<node id="12" type="1">
	 	 	 	<cx>477</cx>
	 	 	 	<cy>890</cy>
	 	 	</node>
	 	 	<node id="13" type="1">
	 	 	 	<cx>191</cx>
	 	 	 	<cy>356</cy>
	 	 	</node>
	 	 	<node id="14" type="1">
	 	 	 	<cx>584</cx>
	 	 	 	<cy>917</cy>
	 	 	</node>
	 	 	<node id="15" type="1">
	 	 	 	<cx>308</cx>
	 	 	 	<cy>653</cy>
	 	 	</node>
	 	 	<node id="16" type="1">
	 	 	 	<cx>0</cx>
	 	 	 	<cy>7</cy>
	 	 	</node>
	 	 	<node id="17" type="1">
	 	 	 	<cx>273</cx>
	 	 	 	<cy>302</cy>
	 	 	</node>
	 	 	<node id="18" type="1">
	 	 	 	<cx>672</cx>
	 	 	 	<cy>381</cy>
	 	 	</node>
	 	 	<node id="19" type="1">
	 	 	 	<cx>235</cx>
	 	 	 	<cy>415</cy>
	 	 	</node>
	 	 	<node id="20" type="1">
	 	 	 	<cx>583</cx>
	 	 	 	<cy>149</cy>
	 	 	</node>
	 	 	<node id="21" type="1">
	 	 	 	<cx>672</cx>
	 	 	 	<cy>124</cy>
	 	 	</node>
	 	 	<node id="22" type="1">
	 	 	 	<cx>644</cx>
	 	 	 	<cy>646</cy>
	 	 	</node>
	 	 	<node id="23" type="1">
	 	 	 	<cx>400</cx>
	 	 	 	<cy>544</cy>
	 	 	</node>
	 	 	<node id="24" type="1">
	 	 	 	<cx>832</cx>
	 	 	 	<cy>999</cy>
	 	 	</node>
	 	 	<node id="25" type="1">
	 	 	 	<cx>842</cx>
	 	 	 	<cy>964</cy>
	 	 	</node>
	 	 	<node id="26" type="1">
	 	 	 	<cx>582</cx>
	 	 	 	<cy>965</cy>
	 	 	</node>
	 	 	<node id="27" type="1">
	 	 	 	<cx>544</cx>
	 	 	 	<cy>311</cy>
	 	 	</node>
	 	 	<node id="28" type="1">
	 	 	 	<cx>429</cx>
	 	 	 	<cy>2</cy>
	 	 	</node>
	 	 	<node id="29" type="1">
	 	 	 	<cx>939</cx>
	 	 	 	<cy>849</cy>
	 	 	</node>
	 	 	<node id="30" type="1">
	 	 	 	<cx>898</cx>
	 	 	 	<cy>605</cy>
	 	 	</node>
	 	 	<node id="31" type="1">
	 	 	 	<cx>363</cx>
	 	 	 	<cy>130</cy>
	 	 	</node>
	 	 	<node id="32" type="1">
	 	 	 	<cx>639</cx>
	 	 	 	<cy>874</cy>
	 	 	</node>
	 	 	<node id="33" type="1">
	 	 	 	<cx>323</cx>
	 	 	 	<cy>201</cy>
	 	 	</node>
	 	 	<node id="34" type="1">
	 	 	 	<cx>829</cx>
	 	 	 	<cy>350</cy>
	 	 	</node>
	 	 	<node id="35" type="1">
	 	 	 	<cx>7</cx>
	 	 	 	<cy>53</cy>
	 	 	</node>
	 	 	<node id="36" type="1">
	 	 	 	<cx>801</cx>
	 	 	 	<cy>92</cy>
	 	 	</node>
	 	 	<node id="37" type="1">
	 	 	 	<cx>57</cx>
	 	 	 	<cy>330</cy>
	 	 	</node>
	 	 	<node id="38" type="1">
	 	 	 	<cx>943</cx>
	 	 	 	<cy>0</cy>
	 	 	</node>
	 	 	<node id="39" type="1">
	 	 	 	<cx>579</cx>
	 	 	 	<cy>275</cy>
	 	 	</node>
	 	 	<node id="40" type="1">
	 	 	 	<cx>833</cx>
	 	 	 	<cy>402</cy>
	 	 	</node>
	 	 	<node id="41" type="1">
	 	 	 	<cx>408</cx>
	 	 	 	<cy>940</cy>
	 	 	</node>
	 	 	<node id="42" type="1">
	 	 	 	<cx>635</cx>
	 	 	 	<cy>871</cy>
	 	 	</node>
	 	 	<node id="43" type="1">
	 	 	 	<cx>631</cx>
	 	 	 	<cy>630</cy>
	 	 	</node>
	 	 	<node id="44" type="1">
	 	 	 	<cx>733</cx>
	 	 	 	<cy>313</cy>
	 	 	</node>
	 	 	<node id="45" type="1">
	 	 	 	<cx>344</cx>
	 	 	 	<cy>619</cy>
	 	 	</node>
	 	 	<node id="46" type="1">
	 	 	 	<cx>628</cx>
	 	 	 	<cy>291</cy>
	 	 	</node>
	 	 	<node id="47" type="1">
	 	 	 	<cx>674</cx>
	 	 	 	<cy>92</cy>
	 	 	</node>
	 	 	<node id="48" type="1">
	 	 	 	<cx>74</cx>
	 	 	 	<cy>602</cy>
	 	 	</node>
	 	 	<node id="49" type="1">
	 	 	 	<cx>38</cx>
	 	 	 	<cy>354</cy>
	 	 	</node>
	 	 	<node id="50" type="1">
	 	 	 	<cx>473</cx>
	 	 	 	<cy>107</cy>
	 	 	</node>
	 	 	<node id="51" type="1">
	 	 	 	<cx>668</cx>
	 	 	 	<cy>279</cy>
	 	 	</node>
	 	 	<node id="52" type="1">
	 	 	 	<cx>510</cx>
	 	 	 	<cy>811</cy>
	 	 	</node>
	 	 	<node id="53" type="1">
	 	 	 	<cx>366</cx>
	 	 	 	<cy>16</cy>
	 	 	</node>
	 	 	<node id="54" type="1">
	 	 	 	<cx>49</cx>
	 	 	 	<cy>182</cy>
	 	 	</node>
	 	 	<node id="55" type="1">
	 	 	 	<cx>528</cx>
	 	 	 	<cy>946</cy>
	 	 	</node>
	 	 	<node id="56" type="1">
	 	 	 	<cx>271</cx>
	 	 	 	<cy>745</cy>
	 	 	</node>
	 	 	<node id="57" type="1">
	 	 	 	<cx>405</cx>
	 	 	 	<cy>872</cy>
	 	 	</node>
	 	 	<node id="58" type="1">
	 	 	 	<cx>65</cx>
	 	 	 	<cy>893</cy>
	 	 	</node>
	 	 	<node id="59" type="1">
	 	 	 	<cx>622</cx>
	 	 	 	<cy>488</cy>
	 	 	</node>
	 	 	<node id="60" type="1">
	 	 	 	<cx>668</cx>
	 	 	 	<cy>978</cy>
	 	 	</node>
	 	 	<node id="61" type="1">
	 	 	 	<cx>939</cx>
	 	 	 	<cy>73</cy>
	 	 	</node>
	 	 	<node id="62" type="1">
	 	 	 	<cx>556</cx>
	 	 	 	<cy>632</cy>
	 	 	</node>
	 	 	<node id="63" type="1">
	 	 	 	<cx>270</cx>
	 	 	 	<cy>446</cy>
	 	 	</node>
	 	 	<node id="64" type="1">
	 	 	 	<cx>586</cx>
	 	 	 	<cy>348</cy>
	 	 	</node>
	 	 	<node id="65" type="1">
	 	 	 	<cx>951</cx>
	 	 	 	<cy>167</cy>
	 	 	</node>
	 	 	<node id="66" type="1">
	 	 	 	<cx>385</cx>
	 	 	 	<cy>308</cy>
	 	 	</node>
	 	 	<node id="67" type="1">
	 	 	 	<cx>247</cx>
	 	 	 	<cy>997</cy>
	 	 	</node>
	 	 	<node id="68" type="1">
	 	 	 	<cx>992</cx>
	 	 	 	<cy>460</cy>
	 	 	</node>
	 	 	<node id="69" type="1">
	 	 	 	<cx>128</cx>
	 	 	 	<cy>590</cy>
	 	 	</node>
	 	 	<node id="70" type="1">
	 	 	 	<cx>746</cx>
	 	 	 	<cy>847</cy>
	 	 	</node>
	 	 	<node id="71" type="1">
	 	 	 	<cx>279</cx>
	 	 	 	<cy>459</cy>
	 	 	</node>
	 	 	<node id="72" type="1">
	 	 	 	<cx>428</cx>
	 	 	 	<cy>183</cy>
	 	 	</node>
	 	 	<node id="73" type="1">
	 	 	 	<cx>364</cx>
	 	 	 	<cy>167</cy>
	 	 	</node>
	 	 	<node id="74" type="1">
	 	 	 	<cx>656</cx>
	 	 	 	<cy>687</cy>
	 	 	</node>
	 	 	<node id="75" type="1">
	 	 	 	<cx>547</cx>
	 	 	 	<cy>792</cy>
	 	 	</node>
	 	 	<node id="76" type="1">
	 	 	 	<cx>517</cx>
	 	 	 	<cy>152</cy>
	 	 	</node>
	 	 	<node id="77" type="1">
	 	 	 	<cx>252</cx>
	 	 	 	<cy>618</cy>
	 	 	</node>
	 	 	<node id="78" type="1">
	 	 	 	<cx>464</cx>
	 	 	 	<cy>284</cy>
	 	 	</node>
	 	 	<node id="79" type="1">
	 	 	 	<cx>184</cx>
	 	 	 	<cy>96</cy>
	 	 	</node>
	 	 	<node id="80" type="1">
	 	 	 	<cx>457</cx>
	 	 	 	<cy>269</cy>
	 	 	</node>
	 	 	<node id="81" type="1">
	 	 	 	<cx>590</cx>
	 	 	 	<cy>47</cy>
	 	 	</node>
	 	 	<node id="82" type="1">
	 	 	 	<cx>348</cx>
	 	 	 	<cy>609</cy>
	 	 	</node>
	 	 	<node id="83" type="1">
	 	 	 	<cx>777</cx>
	 	 	 	<cy>112</cy>
	 	 	</node>
	 	 	<node id="84" type="1">
	 	 	 	<cx>528</cx>
	 	 	 	<cy>198</cy>
	 	 	</node>
	 	 	<node id="85" type="1">
	 	 	 	<cx>877</cx>
	 	 	 	<cy>457</cy>
	 	 	</node>
	 	 	<node id="86" type="1">
	 	 	 	<cx>812</cx>
	 	 	 	<cy>650</cy>
	 	 	</node>
	 	 	<node id="87" type="1">
	 	 	 	<cx>864</cx>
	 	 	 	<cy>723</cy>
	 	 	</node>
	 	 	<node id="88" type="1">
	 	 	 	<cx>584</cx>
	 	 	 	<cy>875</cy>
	 	 	</node>
	 	 	<node id="89" type="1">
	 	 	 	<cx>817</cx>
	 	 	 	<cy>233</cy>
	 	 	</node>
	 	 	<node id="90" type="1">
	 	 	 	<cx>186</cx>
	 	 	 	<cy>909</cy>
	 	 	</node>
	 	 	<node id="91" type="1">
	 	 	 	<cx>439</cx>
	 	 	 	<cy>447</cy>
	 	 	</node>
	 	 	<node id="92" type="1">
	 	 	 	<cx>560</cx>
	 	 	 	<cy>994</cy>
	 	 	</node>
	 	 	<node id="93" type="1">
	 	 	 	<cx>818</cx>
	 	 	 	<cy>658</cy>
	 	 	</node>
	 	 	<node id="94" type="1">
	 	 	 	<cx>134</cx>
	 	 	 	<cy>903</cy>
	 	 	</node>
	 	 	<node id="95" type="1">
	 	 	 	<cx>447</cx>
	 	 	 	<cy>951</cy>
	 	 	</node>
	 	 	<node id="96" type="1">
	 	 	 	<cx>969</cx>
	 	 	 	<cy>519</cy>
	 	 	</node>
	 	 	<node id="97" type="1">
	 	 	 	<cx>488</cx>
	 	 	 	<cy>401</cy>
	 	 	</node>
	 	 	<node id="98" type="1">
	 	 	 	<cx>142</cx>
	 	 	 	<cy>666</cy>
	 	 	</node>
	 	 	<node id="99" type="1">
	 	 	 	<cx>287</cx>
	 	 	 	<cy>534</cy>
	 	 	</node>
	 	 	<node id="100" type="1">
	 	 	 	<cx>399</cx>
	 	 	 	<cy>181</cy>
	 	 	</node>
	 	 	<node id="101" type="1">
	 	 	 	<cx>141</cx>
	 	 	 	<cy>22</cy>
	 	 	</node>
	 	 	<node id="102" type="1">
	 	 	 	<cx>29</cx>
	 	 	 	<cy>248</cy>
	 	 	</node>
	 	 	<node id="103" type="1">
	 	 	 	<cx>313</cx>
	 	 	 	<cy>643</cy>
	 	 	</node>
	 	 	<node id="104" type="1">
	 	 	 	<cx>20</cx>
	 	 	 	<cy>974</cy>
	 	 	</node>
	 	 	<node id="105" type="1">
	 	 	 	<cx>294</cx>
	 	 	 	<cy>475</cy>
	 	 	</node>
	 	 	<node id="106" type="1">
	 	 	 	<cx>439</cx>
	 	 	 	<cy>214</cy>
	 	 	</node>
	 	 	<node id="107" type="1">
	 	 	 	<cx>327</cx>
	 	 	 	<cy>361</cy>
	 	 	</node>
	 	 	<node id="108" type="1">
	 	 	 	<cx>79</cx>
	 	 	 	<cy>657</cy>
	 	 	</node>
	 	 	<node id="109" type="1">
	 	 	 	<cx>110</cx>
	 	 	 	<cy>653</cy>
	 	 	</node>
	 	 	<node id="110" type="1">
	 	 	 	<cx>332</cx>
	 	 	 	<cy>440</cy>
	 	 	</node>
	 	 	<node id="111" type="1">
	 	 	 	<cx>242</cx>
	 	 	 	<cy>943</cy>
	 	 	</node>
	 	 	<node id="112" type="1">
	 	 	 	<cx>96</cx>
	 	 	 	<cy>492</cy>
	 	 	</node>
	 	 	<node id="113" type="1">
	 	 	 	<cx>62</cx>
	 	 	 	<cy>541</cy>
	 	 	</node>
	 	 	<node id="114" type="1">
	 	 	 	<cx>478</cx>
	 	 	 	<cy>199</cy>
	 	 	</node>
	 	 	<node id="115" type="1">
	 	 	 	<cx>267</cx>
	 	 	 	<cy>486</cy>
	 	 	</node>
	 	 	<node id="116" type="1">
	 	 	 	<cx>184</cx>
	 	 	 	<cy>686</cy>
	 	 	</node>
	 	 	<node id="117" type="1">
	 	 	 	<cx>119</cx>
	 	 	 	<cy>370</cy>
	 	 	</node>
	 	 	<node id="118" type="1">
	 	 	 	<cx>342</cx>
	 	 	 	<cy>587</cy>
	 	 	</node>
	 	 	<node id="119" type="1">
	 	 	 	<cx>316</cx>
	 	 	 	<cy>552</cy>
	 	 	</node>
	 	 	<node id="120" type="1">
	 	 	 	<cx>90</cx>
	 	 	 	<cy>370</cy>
	 	 	</node>
	 	 	<node id="121" type="1">
	 	 	 	<cx>417</cx>
	 	 	 	<cy>225</cy>
	 	 	</node>
	 	 	<node id="122" type="1">
	 	 	 	<cx>111</cx>
	 	 	 	<cy>575</cy>
	 	 	</node>
	 	 	<node id="123" type="1">
	 	 	 	<cx>458</cx>
	 	 	 	<cy>221</cy>
	 	 	</node>
	 	 	<node id="124" type="1">
	 	 	 	<cx>321</cx>
	 	 	 	<cy>337</cy>
	 	 	</node>
	 	 	<node id="125" type="1">
	 	 	 	<cx>287</cx>
	 	 	 	<cy>454</cy>
	 	 	</node>
	 	 	<node id="126" type="1">
	 	 	 	<cx>364</cx>
	 	 	 	<cy>560</cy>
	 	 	</node>
	 	 	<node id="127" type="1">
	 	 	 	<cx>121</cx>
	 	 	 	<cy>609</cy>
	 	 	</node>
	 	 	<node id="128" type="1">
	 	 	 	<cx>215</cx>
	 	 	 	<cy>488</cy>
	 	 	</node>
	 	 	<node id="129" type="1">
	 	 	 	<cx>351</cx>
	 	 	 	<cy>232</cy>
	 	 	</node>
	 	 	<node id="130" type="1">
	 	 	 	<cx>84</cx>
	 	 	 	<cy>585</cy>
	 	 	</node>
	 	 	<node id="131" type="1">
	 	 	 	<cx>14</cx>
	 	 	 	<cy>718</cy>
	 	 	</node>
	 	 	<node id="132" type="1">
	 	 	 	<cx>344</cx>
	 	 	 	<cy>337</cy>
	 	 	</node>
	 	 	<node id="133" type="1">
	 	 	 	<cx>233</cx>
	 	 	 	<cy>472</cy>
	 	 	</node>
	 	 	<node id="134" type="1">
	 	 	 	<cx>216</cx>
	 	 	 	<cy>497</cy>
	 	 	</node>
	 	 	<node id="135" type="1">
	 	 	 	<cx>133</cx>
	 	 	 	<cy>584</cy>
	 	 	</node>
	 	 	<node id="136" type="1">
	 	 	 	<cx>188</cx>
	 	 	 	<cy>327</cy>
	 	 	</node>
	 	 	<node id="137" type="1">
	 	 	 	<cx>175</cx>
	 	 	 	<cy>352</cy>
	 	 	</node>
	 	 	<node id="138" type="1">
	 	 	 	<cx>281</cx>
	 	 	 	<cy>702</cy>
	 	 	</node>
	 	 	<node id="139" type="1">
	 	 	 	<cx>247</cx>
	 	 	 	<cy>645</cy>
	 	 	</node>
	 	 	<node id="140" type="1">
	 	 	 	<cx>215</cx>
	 	 	 	<cy>837</cy>
	 	 	</node>
	 	 	<node id="141" type="1">
	 	 	 	<cx>424</cx>
	 	 	 	<cy>677</cy>
	 	 	</node>
	 	 	<node id="142" type="1">
	 	 	 	<cx>438</cx>
	 	 	 	<cy>666</cy>
	 	 	</node>
	 	 	<node id="143" type="1">
	 	 	 	<cx>454</cx>
	 	 	 	<cy>547</cy>
	 	 	</node>
	 	 	<node id="144" type="1">
	 	 	 	<cx>354</cx>
	 	 	 	<cy>242</cy>
	 	 	</node>
	 	 	<node id="145" type="1">
	 	 	 	<cx>96</cx>
	 	 	 	<cy>387</cy>
	 	 	</node>
	 	 	<node id="146" type="1">
	 	 	 	<cx>462</cx>
	 	 	 	<cy>532</cy>
	 	 	</node>
	 	 	<node id="147" type="1">
	 	 	 	<cx>25</cx>
	 	 	 	<cy>980</cy>
	 	 	</node>
	 	 	<node id="148" type="1">
	 	 	 	<cx>343</cx>
	 	 	 	<cy>658</cy>
	 	 	</node>
	 	 	<node id="149" type="1">
	 	 	 	<cx>127</cx>
	 	 	 	<cy>368</cy>
	 	 	</node>
	 	 	<node id="150" type="1">
	 	 	 	<cx>100</cx>
	 	 	 	<cy>613</cy>
	 	 	</node>
	 	 	<node id="151" type="1">
	 	 	 	<cx>245</cx>
	 	 	 	<cy>363</cy>
	 	 	</node>
	 	 	<node id="152" type="1">
	 	 	 	<cx>356</cx>
	 	 	 	<cy>488</cy>
	 	 	</node>
	 	 	<node id="153" type="1">
	 	 	 	<cx>259</cx>
	 	 	 	<cy>410</cy>
	 	 	</node>
	 	 	<node id="154" type="1">
	 	 	 	<cx>480</cx>
	 	 	 	<cy>270</cy>
	 	 	</node>
	 	 	<node id="155" type="1">
	 	 	 	<cx>196</cx>
	 	 	 	<cy>492</cy>
	 	 	</node>
	 	 	<node id="156" type="1">
	 	 	 	<cx>303</cx>
	 	 	 	<cy>336</cy>
	 	 	</node>
	 	 	<node id="157" type="1">
	 	 	 	<cx>243</cx>
	 	 	 	<cy>888</cy>
	 	 	</node>
	 	 	<node id="158" type="1">
	 	 	 	<cx>453</cx>
	 	 	 	<cy>226</cy>
	 	 	</node>
	 	 	<node id="159" type="1">
	 	 	 	<cx>32</cx>
	 	 	 	<cy>993</cy>
	 	 	</node>
	 	 	<node id="160" type="1">
	 	 	 	<cx>287</cx>
	 	 	 	<cy>528</cy>
	 	 	</node>
	 	 	<node id="161" type="1">
	 	 	 	<cx>492</cx>
	 	 	 	<cy>238</cy>
	 	 	</node>
	 	 	<node id="162" type="1">
	 	 	 	<cx>54</cx>
	 	 	 	<cy>698</cy>
	 	 	</node>
	 	 	<node id="163" type="1">
	 	 	 	<cx>442</cx>
	 	 	 	<cy>195</cy>
	 	 	</node>
	 	 	<node id="164" type="1">
	 	 	 	<cx>17</cx>
	 	 	 	<cy>930</cy>
	 	 	</node>
	 	 	<node id="165" type="1">
	 	 	 	<cx>285</cx>
	 	 	 	<cy>277</cy>
	 	 	</node>
	 	 	<node id="166" type="1">
	 	 	 	<cx>75</cx>
	 	 	 	<cy>932</cy>
	 	 	</node>
	 	 	<node id="167" type="1">
	 	 	 	<cx>167</cx>
	 	 	 	<cy>560</cy>
	 	 	</node>
	 	 	<node id="168" type="1">
	 	 	 	<cx>368</cx>
	 	 	 	<cy>360</cy>
	 	 	</node>
	 	 	<node id="169" type="1">
	 	 	 	<cx>155</cx>
	 	 	 	<cy>710</cy>
	 	 	</node>
	 	 	<node id="170" type="1">
	 	 	 	<cx>328</cx>
	 	 	 	<cy>277</cy>
	 	 	</node>
	 	 	<node id="171" type="1">
	 	 	 	<cx>355</cx>
	 	 	 	<cy>399</cy>
	 	 	</node>
	 	 	<node id="172" type="1">
	 	 	 	<cx>53</cx>
	 	 	 	<cy>641</cy>
	 	 	</node>
	 	 	<node id="173" type="1">
	 	 	 	<cx>236</cx>
	 	 	 	<cy>522</cy>
	 	 	</node>
	 	 	<node id="174" type="1">
	 	 	 	<cx>421</cx>
	 	 	 	<cy>346</cy>
	 	 	</node>
	 	 	<node id="175" type="1">
	 	 	 	<cx>308</cx>
	 	 	 	<cy>118</cy>
	 	 	</node>
	 	 	<node id="176" type="1">
	 	 	 	<cx>82</cx>
	 	 	 	<cy>739</cy>
	 	 	</node>
	 	 	<node id="177" type="1">
	 	 	 	<cx>345</cx>
	 	 	 	<cy>467</cy>
	 	 	</node>
	 	 	<node id="178" type="1">
	 	 	 	<cx>408</cx>
	 	 	 	<cy>363</cy>
	 	 	</node>
	 	 	<node id="179" type="1">
	 	 	 	<cx>101</cx>
	 	 	 	<cy>658</cy>
	 	 	</node>
	 	 	<node id="180" type="1">
	 	 	 	<cx>419</cx>
	 	 	 	<cy>188</cy>
	 	 	</node>
	 	 	<node id="181" type="1">
	 	 	 	<cx>36</cx>
	 	 	 	<cy>952</cy>
	 	 	</node>
	 	 	<node id="182" type="1">
	 	 	 	<cx>250</cx>
	 	 	 	<cy>337</cy>
	 	 	</node>
	 	 	<node id="183" type="1">
	 	 	 	<cx>232</cx>
	 	 	 	<cy>388</cy>
	 	 	</node>
	 	 	<node id="184" type="1">
	 	 	 	<cx>498</cx>
	 	 	 	<cy>308</cy>
	 	 	</node>
	 	 	<node id="185" type="1">
	 	 	 	<cx>18</cx>
	 	 	 	<cy>945</cy>
	 	 	</node>
	 	 	<node id="186" type="1">
	 	 	 	<cx>362</cx>
	 	 	 	<cy>702</cy>
	 	 	</node>
	 	 	<node id="187" type="1">
	 	 	 	<cx>429</cx>
	 	 	 	<cy>256</cy>
	 	 	</node>
	 	 	<node id="188" type="1">
	 	 	 	<cx>105</cx>
	 	 	 	<cy>507</cy>
	 	 	</node>
	 	 	<node id="189" type="1">
	 	 	 	<cx>245</cx>
	 	 	 	<cy>521</cy>
	 	 	</node>
	 	 	<node id="190" type="1">
	 	 	 	<cx>576</cx>
	 	 	 	<cy>280</cy>
	 	 	</node>
	 	 	<node id="191" type="1">
	 	 	 	<cx>269</cx>
	 	 	 	<cy>485</cy>
	 	 	</node>
	 	 	<node id="192" type="1">
	 	 	 	<cx>257</cx>
	 	 	 	<cy>647</cy>
	 	 	</node>
	 	 	<node id="193" type="1">
	 	 	 	<cx>106</cx>
	 	 	 	<cy>618</cy>
	 	 	</node>
	 	 	<node id="194" type="1">
	 	 	 	<cx>269</cx>
	 	 	 	<cy>505</cy>
	 	 	</node>
	 	 	<node id="195" type="1">
	 	 	 	<cx>423</cx>
	 	 	 	<cy>470</cy>
	 	 	</node>
	 	 	<node id="196" type="1">
	 	 	 	<cx>206</cx>
	 	 	 	<cy>467</cy>
	 	 	</node>
	 	 	<node id="197" type="1">
	 	 	 	<cx>126</cx>
	 	 	 	<cy>669</cy>
	 	 	</node>
	 	 	<node id="198" type="1">
	 	 	 	<cx>228</cx>
	 	 	 	<cy>795</cy>
	 	 	</node>
	 	 	<node id="199" type="1">
	 	 	 	<cx>241</cx>
	 	 	 	<cy>305</cy>
	 	 	</node>
	 	 	<node id="200" type="1">
	 	 	 	<cx>137</cx>
	 	 	 	<cy>433</cy>
	 	 	</node>
	 	 	<node id="201" type="1">
	 	 	 	<cx>210</cx>
	 	 	 	<cy>392</cy>
	 	 	</node>
	 	 	<node id="202" type="1">
	 	 	 	<cx>371</cx>
	 	 	 	<cy>627</cy>
	 	 	</node>
	 	 	<node id="203" type="1">
	 	 	 	<cx>219</cx>
	 	 	 	<cy>344</cy>
	 	 	</node>
	 	 	<node id="204" type="1">
	 	 	 	<cx>96</cx>
	 	 	 	<cy>427</cy>
	 	 	</node>
	 	</nodes>
	 	<euclidean/>
	 	<decimals>0</decimals>
	 </network>
	 <fleet>
	 	 <vehicle_profile type="0">
	 	  	 <departure_node>1</departure_node>
	 	  	 <arrival_node>1</arrival_node>
	 	  	 <capacity>836</capacity>
	 	 </vehicle_profile>
	 </fleet>
	 <requests>
	 	 <request id="1" node="2">
	 	 	 <quantity>61</quantity>
	 	 </request>
	 	 <request id="2" node="3">
	 	 	 <quantity>96</quantity>
	 	 </request>
	 	 <request id="3" node="4">
	 	 	 <quantity>52</quantity>
	 	 </request>
	 	 <request id="4" node="5">
	 	 	 <quantity>58</quantity>
	 	 </request>
	 	 <request id="5" node="6">
	 	 	 <quantity>81</quantity>
	 	 </request>
	 	 <request id="6" node="7">
	 	 	 <quantity>76</quantity>
	 	 </request>
	 	 <request id="7" node="8">
	 	 	 <quantity>51</quantity>
	 	 </request>
	 	 <request id="8" node="9">
	 	 	 <quantity>98</quantity>
	 	 </request>
	 	 <request id="9" node="10">
	 	 	 <quantity>65</quantity>
	 	 </request>
	 	 <request id="10" node="11">
	 	 	 <quantity>84</quantity>
	 	 </request>
	 	 <request id="11" node="12">
	 	 	 <quantity>63</quantity>
	 	 </request>
	 	 <request id="12" node="13">
	 	 	 <quantity>79</quantity>
	 	 </request>
	 	 <request id="13" node="14">
	 	 	 <quantity>89</quantity>
	 	 </request>
	 	 <request id="14" node="15">
	 	 	 <quantity>70</quantity>
	 	 </request>
	 	 <request id="15" node="16">
	 	 	 <quantity>93</quantity>
	 	 </request>
	 	 <request id="16" node="17">
	 	 	 <quantity>84</quantity>
	 	 </request>
	 	 <request id="17" node="18">
	 	 	 <quantity>100</quantity>
	 	 </request>
	 	 <request id="18" node="19">
	 	 	 <quantity>70</quantity>
	 	 </request>
	 	 <request id="19" node="20">
	 	 	 <quantity>52</quantity>
	 	 </request>
	 	 <request id="20" node="21">
	 	 	 <quantity>86</quantity>
	 	 </request>
	 	 <request id="21" node="22">
	 	 	 <quantity>69</quantity>
	 	 </request>
	 	 <request id="22" node="23">
	 	 	 <quantity>50</quantity>
	 	 </request>
	 	 <request id="23" node="24">
	 	 	 <quantity>59</quantity>
	 	 </request>
	 	 <request id="24" node="25">
	 	 	 <quantity>79</quantity>
	 	 </request>
	 	 <request id="25" node="26">
	 	 	 <quantity>53</quantity>
	 	 </request>
	 	 <request id="26" node="27">
	 	 	 <quantity>66</quantity>
	 	 </request>
	 	 <request id="27" node="28">
	 	 	 <quantity>65</quantity>
	 	 </request>
	 	 <request id="28" node="29">
	 	 	 <quantity>70</quantity>
	 	 </request>
	 	 <request id="29" node="30">
	 	 	 <quantity>74</quantity>
	 	 </request>
	 	 <request id="30" node="31">
	 	 	 <quantity>86</quantity>
	 	 </request>
	 	 <request id="31" node="32">
	 	 	 <quantity>77</quantity>
	 	 </request>
	 	 <request id="32" node="33">
	 	 	 <quantity>83</quantity>
	 	 </request>
	 	 <request id="33" node="34">
	 	 	 <quantity>50</quantity>
	 	 </request>
	 	 <request id="34" node="35">
	 	 	 <quantity>76</quantity>
	 	 </request>
	 	 <request id="35" node="36">
	 	 	 <quantity>62</quantity>
	 	 </request>
	 	 <request id="36" node="37">
	 	 	 <quantity>73</quantity>
	 	 </request>
	 	 <request id="37" node="38">
	 	 	 <quantity>54</quantity>
	 	 </request>
	 	 <request id="38" node="39">
	 	 	 <quantity>100</quantity>
	 	 </request>
	 	 <request id="39" node="40">
	 	 	 <quantity>99</quantity>
	 	 </request>
	 	 <request id="40" node="41">
	 	 	 <quantity>59</quantity>
	 	 </request>
	 	 <request id="41" node="42">
	 	 	 <quantity>73</quantity>
	 	 </request>
	 	 <request id="42" node="43">
	 	 	 <quantity>74</quantity>
	 	 </request>
	 	 <request id="43" node="44">
	 	 	 <quantity>97</quantity>
	 	 </request>
	 	 <request id="44" node="45">
	 	 	 <quantity>63</quantity>
	 	 </request>
	 	 <request id="45" node="46">
	 	 	 <quantity>83</quantity>
	 	 </request>
	 	 <request id="46" node="47">
	 	 	 <quantity>97</quantity>
	 	 </request>
	 	 <request id="47" node="48">
	 	 	 <quantity>81</quantity>
	 	 </request>
	 	 <request id="48" node="49">
	 	 	 <quantity>61</quantity>
	 	 </request>
	 	 <request id="49" node="50">
	 	 	 <quantity>91</quantity>
	 	 </request>
	 	 <request id="50" node="51">
	 	 	 <quantity>78</quantity>
	 	 </request>
	 	 <request id="51" node="52">
	 	 	 <quantity>87</quantity>
	 	 </request>
	 	 <request id="52" node="53">
	 	 	 <quantity>56</quantity>
	 	 </request>
	 	 <request id="53" node="54">
	 	 	 <quantity>81</quantity>
	 	 </request>
	 	 <request id="54" node="55">
	 	 	 <quantity>91</quantity>
	 	 </request>
	 	 <request id="55" node="56">
	 	 	 <quantity>62</quantity>
	 	 </request>
	 	 <request id="56" node="57">
	 	 	 <quantity>53</quantity>
	 	 </request>
	 	 <request id="57" node="58">
	 	 	 <quantity>82</quantity>
	 	 </request>
	 	 <request id="58" node="59">
	 	 	 <quantity>77</quantity>
	 	 </request>
	 	 <request id="59" node="60">
	 	 	 <quantity>94</quantity>
	 	 </request>
	 	 <request id="60" node="61">
	 	 	 <quantity>99</quantity>
	 	 </request>
	 	 <request id="61" node="62">
	 	 	 <quantity>92</quantity>
	 	 </request>
	 	 <request id="62" node="63">
	 	 	 <quantity>76</quantity>
	 	 </request>
	 	 <request id="63" node="64">
	 	 	 <quantity>83</quantity>
	 	 </request>
	 	 <request id="64" node="65">
	 	 	 <quantity>89</quantity>
	 	 </request>
	 	 <request id="65" node="66">
	 	 	 <quantity>61</quantity>
	 	 </request>
	 	 <request id="66" node="67">
	 	 	 <quantity>53</quantity>
	 	 </request>
	 	 <request id="67" node="68">
	 	 	 <quantity>94</quantity>
	 	 </request>
	 	 <request id="68" node="69">
	 	 	 <quantity>84</quantity>
	 	 </request>
	 	 <request id="69" node="70">
	 	 	 <quantity>55</quantity>
	 	 </request>
	 	 <request id="70" node="71">
	 	 	 <quantity>54</quantity>
	 	 </request>
	 	 <request id="71" node="72">
	 	 	 <quantity>61</quantity>
	 	 </request>
	 	 <request id="72" node="73">
	 	 	 <quantity>86</quantity>
	 	 </request>
	 	 <request id="73" node="74">
	 	 	 <quantity>53</quantity>
	 	 </request>
	 	 <request id="74" node="75">
	 	 	 <quantity>60</quantity>
	 	 </request>
	 	 <request id="75" node="76">
	 	 	 <quantity>55</quantity>
	 	 </request>
	 	 <request id="76" node="77">
	 	 	 <quantity>82</quantity>
	 	 </request>
	 	 <request id="77" node="78">
	 	 	 <quantity>86</quantity>
	 	 </request>
	 	 <request id="78" node="79">
	 	 	 <quantity>60</quantity>
	 	 </request>
	 	 <request id="79" node="80">
	 	 	 <quantity>71</quantity>
	 	 </request>
	 	 <request id="80" node="81">
	 	 	 <quantity>98</quantity>
	 	 </request>
	 	 <request id="81" node="82">
	 	 	 <quantity>67</quantity>
	 	 </request>
	 	 <request id="82" node="83">
	 	 	 <quantity>93</quantity>
	 	 </request>
	 	 <request id="83" node="84">
	 	 	 <quantity>63</quantity>
	 	 </request>
	 	 <request id="84" node="85">
	 	 	 <quantity>64</quantity>
	 	 </request>
	 	 <request id="85" node="86">
	 	 	 <quantity>96</quantity>
	 	 </request>
	 	 <request id="86" node="87">
	 	 	 <quantity>85</quantity>
	 	 </request>
	 	 <request id="87" node="88">
	 	 	 <quantity>64</quantity>
	 	 </request>
	 	 <request id="88" node="89">
	 	 	 <quantity>95</quantity>
	 	 </request>
	 	 <request id="89" node="90">
	 	 	 <quantity>71</quantity>
	 	 </request>
	 	 <request id="90" node="91">
	 	 	 <quantity>69</quantity>
	 	 </request>
	 	 <request id="91" node="92">
	 	 	 <quantity>94</quantity>
	 	 </request>
	 	 <request id="92" node="93">
	 	 	 <quantity>79</quantity>
	 	 </request>
	 	 <request id="93" node="94">
	 	 	 <quantity>68</quantity>
	 	 </request>
	 	 <request id="94" node="95">
	 	 	 <quantity>50</quantity>
	 	 </request>
	 	 <request id="95" node="96">
	 	 	 <quantity>97</quantity>
	 	 </request>
	 	 <request id="96" node="97">
	 	 	 <quantity>83</quantity>
	 	 </request>
	 	 <request id="97" node="98">
	 	 	 <quantity>72</quantity>
	 	 </request>
	 	 <request id="98" node="99">
	 	 	 <quantity>99</quantity>
	 	 </request>
	 	 <request id="99" node="100">
	 	 	 <quantity>88</quantity>
	 	 </request>
	 	 <request id="100" node="101">
	 	 	 <quantity>72</quantity>
	 	 </request>
	 	 <request id="101" node="102">
	 	 	 <quantity>84</quantity>
	 	 </request>
	 	 <request id="102" node="103">
	 	 	 <quantity>88</quantity>
	 	 </request>
	 	 <request id="103" node="104">
	 	 	 <quantity>54</quantity>
	 	 </request>
	 	 <request id="104" node="105">
	 	 	 <quantity>83</quantity>
	 	 </request>
	 	 <request id="105" node="106">
	 	 	 <quantity>83</quantity>
	 	 </request>
	 	 <request id="106" node="107">
	 	 	 <quantity>62</quantity>
	 	 </request>
	 	 <request id="107" node="108">
	 	 	 <quantity>80</quantity>
	 	 </request>
	 	 <request id="108" node="109">
	 	 	 <quantity>68</quantity>
	 	 </request>
	 	 <request id="109" node="110">
	 	 	 <quantity>99</quantity>
	 	 </request>
	 	 <request id="110" node="111">
	 	 	 <quantity>57</quantity>
	 	 </request>
	 	 <request id="111" node="112">
	 	 	 <quantity>75</quantity>
	 	 </request>
	 	 <request id="112" node="113">
	 	 	 <quantity>51</quantity>
	 	 </request>
	 	 <request id="113" node="114">
	 	 	 <quantity>54</quantity>
	 	 </request>
	 	 <request id="114" node="115">
	 	 	 <quantity>85</quantity>
	 	 </request>
	 	 <request id="115" node="116">
	 	 	 <quantity>71</quantity>
	 	 </request>
	 	 <request id="116" node="117">
	 	 	 <quantity>92</quantity>
	 	 </request>
	 	 <request id="117" node="118">
	 	 	 <quantity>64</quantity>
	 	 </request>
	 	 <request id="118" node="119">
	 	 	 <quantity>80</quantity>
	 	 </request>
	 	 <request id="119" node="120">
	 	 	 <quantity>78</quantity>
	 	 </request>
	 	 <request id="120" node="121">
	 	 	 <quantity>61</quantity>
	 	 </request>
	 	 <request id="121" node="122">
	 	 	 <quantity>98</quantity>
	 	 </request>
	 	 <request id="122" node="123">
	 	 	 <quantity>61</quantity>
	 	 </request>
	 	 <request id="123" node="124">
	 	 	 <quantity>52</quantity>
	 	 </request>
	 	 <request id="124" node="125">
	 	 	 <quantity>92</quantity>
	 	 </request>
	 	 <request id="125" node="126">
	 	 	 <quantity>55</quantity>
	 	 </request>
	 	 <request id="126" node="127">
	 	 	 <quantity>55</quantity>
	 	 </request>
	 	 <request id="127" node="128">
	 	 	 <quantity>83</quantity>
	 	 </request>
	 	 <request id="128" node="129">
	 	 	 <quantity>73</quantity>
	 	 </request>
	 	 <request id="129" node="130">
	 	 	 <quantity>56</quantity>
	 	 </request>
	 	 <request id="130" node="131">
	 	 	 <quantity>80</quantity>
	 	 </request>
	 	 <request id="131" node="132">
	 	 	 <quantity>82</quantity>
	 	 </request>
	 	 <request id="132" node="133">
	 	 	 <quantity>71</quantity>
	 	 </request>
	 	 <request id="133" node="134">
	 	 	 <quantity>93</quantity>
	 	 </request>
	 	 <request id="134" node="135">
	 	 	 <quantity>93</quantity>
	 	 </request>
	 	 <request id="135" node="136">
	 	 	 <quantity>92</quantity>
	 	 </request>
	 	 <request id="136" node="137">
	 	 	 <quantity>58</quantity>
	 	 </request>
	 	 <request id="137" node="138">
	 	 	 <quantity>88</quantity>
	 	 </request>
	 	 <request id="138" node="139">
	 	 	 <quantity>50</quantity>
	 	 </request>
	 	 <request id="139" node="140">
	 	 	 <quantity>58</quantity>
	 	 </request>
	 	 <request id="140" node="141">
	 	 	 <quantity>54</quantity>
	 	 </request>
	 	 <request id="141" node="142">
	 	 	 <quantity>73</quantity>
	 	 </request>
	 	 <request id="142" node="143">
	 	 	 <quantity>82</quantity>
	 	 </request>
	 	 <request id="143" node="144">
	 	 	 <quantity>59</quantity>
	 	 </request>
	 	 <request id="144" node="145">
	 	 	 <quantity>80</quantity>
	 	 </request>
	 	 <request id="145" node="146">
	 	 	 <quantity>81</quantity>
	 	 </request>
	 	 <request id="146" node="147">
	 	 	 <quantity>74</quantity>
	 	 </request>
	 	 <request id="147" node="148">
	 	 	 <quantity>99</quantity>
	 	 </request>
	 	 <request id="148" node="149">
	 	 	 <quantity>70</quantity>
	 	 </request>
	 	 <request id="149" node="150">
	 	 	 <quantity>89</quantity>
	 	 </request>
	 	 <request id="150" node="151">
	 	 	 <quantity>69</quantity>
	 	 </request>
	 	 <request id="151" node="152">
	 	 	 <quantity>68</quantity>
	 	 </request>
	 	 <request id="152" node="153">
	 	 	 <quantity>61</quantity>
	 	 </request>
	 	 <request id="153" node="154">
	 	 	 <quantity>88</quantity>
	 	 </request>
	 	 <request id="154" node="155">
	 	 	 <quantity>75</quantity>
	 	 </request>
	 	 <request id="155" node="156">
	 	 	 <quantity>60</quantity>
	 	 </request>
	 	 <request id="156" node="157">
	 	 	 <quantity>72</quantity>
	 	 </request>
	 	 <request id="157" node="158">
	 	 	 <quantity>54</quantity>
	 	 </request>
	 	 <request id="158" node="159">
	 	 	 <quantity>86</quantity>
	 	 </request>
	 	 <request id="159" node="160">
	 	 	 <quantity>55</quantity>
	 	 </request>
	 	 <request id="160" node="161">
	 	 	 <quantity>66</quantity>
	 	 </request>
	 	 <request id="161" node="162">
	 	 	 <quantity>94</quantity>
	 	 </request>
	 	 <request id="162" node="163">
	 	 	 <quantity>69</quantity>
	 	 </request>
	 	 <request id="163" node="164">
	 	 	 <quantity>65</quantity>
	 	 </request>
	 	 <request id="164" node="165">
	 	 	 <quantity>63</quantity>
	 	 </request>
	 	 <request id="165" node="166">
	 	 	 <quantity>84</quantity>
	 	 </request>
	 	 <request id="166" node="167">
	 	 	 <quantity>66</quantity>
	 	 </request>
	 	 <request id="167" node="168">
	 	 	 <quantity>89</quantity>
	 	 </request>
	 	 <request id="168" node="169">
	 	 	 <quantity>71</quantity>
	 	 </request>
	 	 <request id="169" node="170">
	 	 	 <quantity>95</quantity>
	 	 </request>
	 	 <request id="170" node="171">
	 	 	 <quantity>95</quantity>
	 	 </request>
	 	 <request id="171" node="172">
	 	 	 <quantity>80</quantity>
	 	 </request>
	 	 <request id="172" node="173">
	 	 	 <quantity>74</quantity>
	 	 </request>
	 	 <request id="173" node="174">
	 	 	 <quantity>61</quantity>
	 	 </request>
	 	 <request id="174" node="175">
	 	 	 <quantity>79</quantity>
	 	 </request>
	 	 <request id="175" node="176">
	 	 	 <quantity>87</quantity>
	 	 </request>
	 	 <request id="176" node="177">
	 	 	 <quantity>90</quantity>
	 	 </request>
	 	 <request id="177" node="178">
	 	 	 <quantity>72</quantity>
	 	 </request>
	 	 <request id="178" node="179">
	 	 	 <quantity>81</quantity>
	 	 </request>
	 	 <request id="179" node="180">
	 	 	 <quantity>86</quantity>
	 	 </request>
	 	 <request id="180" node="181">
	 	 	 <quantity>85</quantity>
	 	 </request>
	 	 <request id="181" node="182">
	 	 	 <quantity>71</quantity>
	 	 </request>
	 	 <request id="182" node="183">
	 	 	 <quantity>100</quantity>
	 	 </request>
	 	 <request id="183" node="184">
	 	 	 <quantity>99</quantity>
	 	 </request>
	 	 <request id="184" node="185">
	 	 	 <quantity>51</quantity>
	 	 </request>
	 	 <request id="185" node="186">
	 	 	 <quantity>68</quantity>
	 	 </request>
	 	 <request id="186" node="187">
	 	 	 <quantity>80</quantity>
	 	 </request>
	 	 <request id="187" node="188">
	 	 	 <quantity>55</quantity>
	 	 </request>
	 	 <request id="188" node="189">
	 	 	 <quantity>52</quantity>
	 	 </request>
	 	 <request id="189" node="190">
	 	 	 <quantity>68</quantity>
	 	 </request>
	 	 <request id="190" node="191">
	 	 	 <quantity>87</quantity>
	 	 </request>
	 	 <request id="191" node="192">
	 	 	 <quantity>79</quantity>
	 	 </request>
	 	 <request id="192" node="193">
	 	 	 <quantity>71</quantity>
	 	 </request>
	 	 <request id="193" node="194">
	 	 	 <quantity>58</quantity>
	 	 </request>
	 	 <request id="194" node="195">
	 	 	 <quantity>87</quantity>
	 	 </request>
	 	 <request id="195" node="196">
	 	 	 <quantity>78</quantity>
	 	 </request>
	 	 <request id="196" node="197">
	 	 	 <quantity>83</quantity>
	 	 </request>
	 	 <request id="197" node="198">
	 	 	 <quantity>57</quantity>
	 	 </request>
	 	 <request id="198" node="199">
	 	 	 <quantity>52</quantity>
	 	 </request>
	 	 <request id="199" node="200">
	 	 	 <quantity>57</quantity>
	 	 </request>
	 	 <request id="200" node="201">
	 	 	 <quantity>78</quantity>
	 	 </request>
	 	 <request id="201" node="202">
	 	 	 <quantity>80</quantity>
	 	 </request>
	 	 <request id="202" node="203">
	 	 	 <quantity>66</quantity>
	 	 </request>
	 	 <request id="203" node="204">
	 	 	 <quantity>84</quantity>
	 	 </request>
	 </requests>
</instance>
