<?xml version="1.0" encoding="UTF-8" standalone="yes"?>
<instance>
	<info>
	 	<dataset>Uchoa 2014 — Set X</dataset>
	 	<name>X-n459-k26</name>
	</info>
	<network>
	 	<nodes>
	 	 	<node id="1" type="1">
	 	 	 	<cx>500</cx>
	 	 	 	<cy>500</cy>
	 	 	</node>
	 	 	<node id="2" type="1">
	 	 	 	<cx>832</cx>
	 	 	 	<cy>885</cy>
	 	 	</node>
	 	 	<node id="3" type="1">
	 	 	 	<cx>777</cx>
	 	 	 	<cy>632</cy>
	 	 	</node>
	 	 	<node id="4" type="1">
	 	 	 	<cx>406</cx>
	 	 	 	<cy>257</cy>
	 	 	</node>
	 	 	<node id="5" type="1">
	 	 	 	<cx>620</cx>
	 	 	 	<cy>467</cy>
	 	 	</node>
	 	 	<node id="6" type="1">
	 	 	 	<cx>343</cx>
	 	 	 	<cy>166</cy>
	 	 	</node>
	 	 	<node id="7" type="1">
	 	 	 	<cx>355</cx>
	 	 	 	<cy>345</cy>
	 	 	</node>
	 	 	<node id="8" type="1">
	 	 	 	<cx>393</cx>
	 	 	 	<cy>299</cy>
	 	 	</node>
	 	 	<node id="9" type="1">
	 	 	 	<cx>631</cx>
	 	 	 	<cy>767</cy>
	 	 	</node>
	 	 	<node id="10" type="1">
	 	 	 	<cx>384</cx>
	 	 	 	<cy>340</cy>
	 	 	</node>
	 	 	<node id="11" type="1">
	 	 	 	<cx>643</cx>
	 	 	 	<cy>630</cy>
	 	 	</node>
	 	 	<node id="12" type="1">
	 	 	 	<cx>786</cx>
	 	 	 	<cy>593</cy>
	 	 	</node>
	 	 	<node id="13" type="1">
	 	 	 	<cx>789</cx>
	 	 	 	<cy>727</cy>
	 	 	</node>
	 	 	<node id="14" type="1">
	 	 	 	<cx>443</cx>
	 	 	 	<cy>205</cy>
	 	 	</node>
	 	 	<node id="15" type="1">
	 	 	 	<cx>679</cx>
	 	 	 	<cy>408</cy>
	 	 	</node>
	 	 	<node id="16" type="1">
	 	 	 	<cx>845</cx>
	 	 	 	<cy>535</cy>
	 	 	</node>
	 	 	<node id="17" type="1">
	 	 	 	<cx>732</cx>
	 	 	 	<cy>820</cy>
	 	 	</node>
	 	 	<node id="18" type="1">
	 	 	 	<cx>890</cx>
	 	 	 	<cy>861</cy>
	 	 	</node>
	 	 	<node id="19" type="1">
	 	 	 	<cx>645</cx>
	 	 	 	<cy>689</cy>
	 	 	</node>
	 	 	<node id="20" type="1">
	 	 	 	<cx>800</cx>
	 	 	 	<cy>517</cy>
	 	 	</node>
	 	 	<node id="21" type="1">
	 	 	 	<cx>951</cx>
	 	 	 	<cy>643</cy>
	 	 	</node>
	 	 	<node id="22" type="1">
	 	 	 	<cx>828</cx>
	 	 	 	<cy>746</cy>
	 	 	</node>
	 	 	<node id="23" type="1">
	 	 	 	<cx>862</cx>
	 	 	 	<cy>625</cy>
	 	 	</node>
	 	 	<node id="24" type="1">
	 	 	 	<cx>606</cx>
	 	 	 	<cy>432</cy>
	 	 	</node>
	 	 	<node id="25" type="1">
	 	 	 	<cx>672</cx>
	 	 	 	<cy>984</cy>
	 	 	</node>
	 	 	<node id="26" type="1">
	 	 	 	<cx>580</cx>
	 	 	 	<cy>338</cy>
	 	 	</node>
	 	 	<node id="27" type="1">
	 	 	 	<cx>629</cx>
	 	 	 	<cy>494</cy>
	 	 	</node>
	 	 	<node id="28" type="1">
	 	 	 	<cx>809</cx>
	 	 	 	<cy>663</cy>
	 	 	</node>
	 	 	<node id="29" type="1">
	 	 	 	<cx>738</cx>
	 	 	 	<cy>595</cy>
	 	 	</node>
	 	 	<node id="30" type="1">
	 	 	 	<cx>604</cx>
	 	 	 	<cy>320</cy>
	 	 	</node>
	 	 	<node id="31" type="1">
	 	 	 	<cx>645</cx>
	 	 	 	<cy>532</cy>
	 	 	</node>
	 	 	<node id="32" type="1">
	 	 	 	<cx>688</cx>
	 	 	 	<cy>728</cy>
	 	 	</node>
	 	 	<node id="33" type="1">
	 	 	 	<cx>390</cx>
	 	 	 	<cy>680</cy>
	 	 	</node>
	 	 	<node id="34" type="1">
	 	 	 	<cx>842</cx>
	 	 	 	<cy>517</cy>
	 	 	</node>
	 	 	<node id="35" type="1">
	 	 	 	<cx>525</cx>
	 	 	 	<cy>404</cy>
	 	 	</node>
	 	 	<node id="36" type="1">
	 	 	 	<cx>697</cx>
	 	 	 	<cy>719</cy>
	 	 	</node>
	 	 	<node id="37" type="1">
	 	 	 	<cx>837</cx>
	 	 	 	<cy>853</cy>
	 	 	</node>
	 	 	<node id="38" type="1">
	 	 	 	<cx>741</cx>
	 	 	 	<cy>585</cy>
	 	 	</node>
	 	 	<node id="39" type="1">
	 	 	 	<cx>628</cx>
	 	 	 	<cy>506</cy>
	 	 	</node>
	 	 	<node id="40" type="1">
	 	 	 	<cx>354</cx>
	 	 	 	<cy>280</cy>
	 	 	</node>
	 	 	<node id="41" type="1">
	 	 	 	<cx>726</cx>
	 	 	 	<cy>834</cy>
	 	 	</node>
	 	 	<node id="42" type="1">
	 	 	 	<cx>721</cx>
	 	 	 	<cy>635</cy>
	 	 	</node>
	 	 	<node id="43" type="1">
	 	 	 	<cx>448</cx>
	 	 	 	<cy>363</cy>
	 	 	</node>
	 	 	<node id="44" type="1">
	 	 	 	<cx>963</cx>
	 	 	 	<cy>702</cy>
	 	 	</node>
	 	 	<node id="45" type="1">
	 	 	 	<cx>570</cx>
	 	 	 	<cy>484</cy>
	 	 	</node>
	 	 	<node id="46" type="1">
	 	 	 	<cx>389</cx>
	 	 	 	<cy>281</cy>
	 	 	</node>
	 	 	<node id="47" type="1">
	 	 	 	<cx>708</cx>
	 	 	 	<cy>380</cy>
	 	 	</node>
	 	 	<node id="48" type="1">
	 	 	 	<cx>522</cx>
	 	 	 	<cy>439</cy>
	 	 	</node>
	 	 	<node id="49" type="1">
	 	 	 	<cx>771</cx>
	 	 	 	<cy>523</cy>
	 	 	</node>
	 	 	<node id="50" type="1">
	 	 	 	<cx>778</cx>
	 	 	 	<cy>645</cy>
	 	 	</node>
	 	 	<node id="51" type="1">
	 	 	 	<cx>402</cx>
	 	 	 	<cy>318</cy>
	 	 	</node>
	 	 	<node id="52" type="1">
	 	 	 	<cx>817</cx>
	 	 	 	<cy>717</cy>
	 	 	</node>
	 	 	<node id="53" type="1">
	 	 	 	<cx>730</cx>
	 	 	 	<cy>655</cy>
	 	 	</node>
	 	 	<node id="54" type="1">
	 	 	 	<cx>814</cx>
	 	 	 	<cy>925</cy>
	 	 	</node>
	 	 	<node id="55" type="1">
	 	 	 	<cx>743</cx>
	 	 	 	<cy>362</cy>
	 	 	</node>
	 	 	<node id="56" type="1">
	 	 	 	<cx>568</cx>
	 	 	 	<cy>298</cy>
	 	 	</node>
	 	 	<node id="57" type="1">
	 	 	 	<cx>555</cx>
	 	 	 	<cy>132</cy>
	 	 	</node>
	 	 	<node id="58" type="1">
	 	 	 	<cx>937</cx>
	 	 	 	<cy>637</cy>
	 	 	</node>
	 	 	<node id="59" type="1">
	 	 	 	<cx>542</cx>
	 	 	 	<cy>678</cy>
	 	 	</node>
	 	 	<node id="60" type="1">
	 	 	 	<cx>822</cx>
	 	 	 	<cy>854</cy>
	 	 	</node>
	 	 	<node id="61" type="1">
	 	 	 	<cx>711</cx>
	 	 	 	<cy>697</cy>
	 	 	</node>
	 	 	<node id="62" type="1">
	 	 	 	<cx>603</cx>
	 	 	 	<cy>310</cy>
	 	 	</node>
	 	 	<node id="63" type="1">
	 	 	 	<cx>864</cx>
	 	 	 	<cy>674</cy>
	 	 	</node>
	 	 	<node id="64" type="1">
	 	 	 	<cx>850</cx>
	 	 	 	<cy>879</cy>
	 	 	</node>
	 	 	<node id="65" type="1">
	 	 	 	<cx>280</cx>
	 	 	 	<cy>198</cy>
	 	 	</node>
	 	 	<node id="66" type="1">
	 	 	 	<cx>502</cx>
	 	 	 	<cy>417</cy>
	 	 	</node>
	 	 	<node id="67" type="1">
	 	 	 	<cx>764</cx>
	 	 	 	<cy>610</cy>
	 	 	</node>
	 	 	<node id="68" type="1">
	 	 	 	<cx>729</cx>
	 	 	 	<cy>822</cy>
	 	 	</node>
	 	 	<node id="69" type="1">
	 	 	 	<cx>307</cx>
	 	 	 	<cy>258</cy>
	 	 	</node>
	 	 	<node id="70" type="1">
	 	 	 	<cx>896</cx>
	 	 	 	<cy>958</cy>
	 	 	</node>
	 	 	<node id="71" type="1">
	 	 	 	<cx>774</cx>
	 	 	 	<cy>732</cy>
	 	 	</node>
	 	 	<node id="72" type="1">
	 	 	 	<cx>684</cx>
	 	 	 	<cy>446</cy>
	 	 	</node>
	 	 	<node id="73" type="1">
	 	 	 	<cx>691</cx>
	 	 	 	<cy>793</cy>
	 	 	</node>
	 	 	<node id="74" type="1">
	 	 	 	<cx>905</cx>
	 	 	 	<cy>888</cy>
	 	 	</node>
	 	 	<node id="75" type="1">
	 	 	 	<cx>664</cx>
	 	 	 	<cy>411</cy>
	 	 	</node>
	 	 	<node id="76" type="1">
	 	 	 	<cx>875</cx>
	 	 	 	<cy>981</cy>
	 	 	</node>
	 	 	<node id="77" type="1">
	 	 	 	<cx>477</cx>
	 	 	 	<cy>226</cy>
	 	 	</node>
	 	 	<node id="78" type="1">
	 	 	 	<cx>607</cx>
	 	 	 	<cy>624</cy>
	 	 	</node>
	 	 	<node id="79" type="1">
	 	 	 	<cx>823</cx>
	 	 	 	<cy>875</cy>
	 	 	</node>
	 	 	<node id="80" type="1">
	 	 	 	<cx>558</cx>
	 	 	 	<cy>543</cy>
	 	 	</node>
	 	 	<node id="81" type="1">
	 	 	 	<cx>410</cx>
	 	 	 	<cy>237</cy>
	 	 	</node>
	 	 	<node id="82" type="1">
	 	 	 	<cx>712</cx>
	 	 	 	<cy>692</cy>
	 	 	</node>
	 	 	<node id="83" type="1">
	 	 	 	<cx>804</cx>
	 	 	 	<cy>678</cy>
	 	 	</node>
	 	 	<node id="84" type="1">
	 	 	 	<cx>491</cx>
	 	 	 	<cy>317</cy>
	 	 	</node>
	 	 	<node id="85" type="1">
	 	 	 	<cx>475</cx>
	 	 	 	<cy>280</cy>
	 	 	</node>
	 	 	<node id="86" type="1">
	 	 	 	<cx>881</cx>
	 	 	 	<cy>872</cy>
	 	 	</node>
	 	 	<node id="87" type="1">
	 	 	 	<cx>371</cx>
	 	 	 	<cy>269</cy>
	 	 	</node>
	 	 	<node id="88" type="1">
	 	 	 	<cx>520</cx>
	 	 	 	<cy>562</cy>
	 	 	</node>
	 	 	<node id="89" type="1">
	 	 	 	<cx>590</cx>
	 	 	 	<cy>431</cy>
	 	 	</node>
	 	 	<node id="90" type="1">
	 	 	 	<cx>420</cx>
	 	 	 	<cy>245</cy>
	 	 	</node>
	 	 	<node id="91" type="1">
	 	 	 	<cx>811</cx>
	 	 	 	<cy>647</cy>
	 	 	</node>
	 	 	<node id="92" type="1">
	 	 	 	<cx>501</cx>
	 	 	 	<cy>507</cy>
	 	 	</node>
	 	 	<node id="93" type="1">
	 	 	 	<cx>684</cx>
	 	 	 	<cy>647</cy>
	 	 	</node>
	 	 	<node id="94" type="1">
	 	 	 	<cx>739</cx>
	 	 	 	<cy>969</cy>
	 	 	</node>
	 	 	<node id="95" type="1">
	 	 	 	<cx>854</cx>
	 	 	 	<cy>717</cy>
	 	 	</node>
	 	 	<node id="96" type="1">
	 	 	 	<cx>844</cx>
	 	 	 	<cy>268</cy>
	 	 	</node>
	 	 	<node id="97" type="1">
	 	 	 	<cx>520</cx>
	 	 	 	<cy>823</cy>
	 	 	</node>
	 	 	<node id="98" type="1">
	 	 	 	<cx>866</cx>
	 	 	 	<cy>966</cy>
	 	 	</node>
	 	 	<node id="99" type="1">
	 	 	 	<cx>720</cx>
	 	 	 	<cy>645</cy>
	 	 	</node>
	 	 	<node id="100" type="1">
	 	 	 	<cx>564</cx>
	 	 	 	<cy>493</cy>
	 	 	</node>
	 	 	<node id="101" type="1">
	 	 	 	<cx>653</cx>
	 	 	 	<cy>541</cy>
	 	 	</node>
	 	 	<node id="102" type="1">
	 	 	 	<cx>831</cx>
	 	 	 	<cy>758</cy>
	 	 	</node>
	 	 	<node id="103" type="1">
	 	 	 	<cx>694</cx>
	 	 	 	<cy>804</cy>
	 	 	</node>
	 	 	<node id="104" type="1">
	 	 	 	<cx>661</cx>
	 	 	 	<cy>469</cy>
	 	 	</node>
	 	 	<node id="105" type="1">
	 	 	 	<cx>417</cx>
	 	 	 	<cy>251</cy>
	 	 	</node>
	 	 	<node id="106" type="1">
	 	 	 	<cx>683</cx>
	 	 	 	<cy>364</cy>
	 	 	</node>
	 	 	<node id="107" type="1">
	 	 	 	<cx>648</cx>
	 	 	 	<cy>479</cy>
	 	 	</node>
	 	 	<node id="108" type="1">
	 	 	 	<cx>255</cx>
	 	 	 	<cy>225</cy>
	 	 	</node>
	 	 	<node id="109" type="1">
	 	 	 	<cx>836</cx>
	 	 	 	<cy>934</cy>
	 	 	</node>
	 	 	<node id="110" type="1">
	 	 	 	<cx>811</cx>
	 	 	 	<cy>960</cy>
	 	 	</node>
	 	 	<node id="111" type="1">
	 	 	 	<cx>888</cx>
	 	 	 	<cy>492</cy>
	 	 	</node>
	 	 	<node id="112" type="1">
	 	 	 	<cx>111</cx>
	 	 	 	<cy>261</cy>
	 	 	</node>
	 	 	<node id="113" type="1">
	 	 	 	<cx>866</cx>
	 	 	 	<cy>827</cy>
	 	 	</node>
	 	 	<node id="114" type="1">
	 	 	 	<cx>822</cx>
	 	 	 	<cy>876</cy>
	 	 	</node>
	 	 	<node id="115" type="1">
	 	 	 	<cx>672</cx>
	 	 	 	<cy>419</cy>
	 	 	</node>
	 	 	<node id="116" type="1">
	 	 	 	<cx>750</cx>
	 	 	 	<cy>974</cy>
	 	 	</node>
	 	 	<node id="117" type="1">
	 	 	 	<cx>545</cx>
	 	 	 	<cy>420</cy>
	 	 	</node>
	 	 	<node id="118" type="1">
	 	 	 	<cx>140</cx>
	 	 	 	<cy>267</cy>
	 	 	</node>
	 	 	<node id="119" type="1">
	 	 	 	<cx>925</cx>
	 	 	 	<cy>749</cy>
	 	 	</node>
	 	 	<node id="120" type="1">
	 	 	 	<cx>505</cx>
	 	 	 	<cy>282</cy>
	 	 	</node>
	 	 	<node id="121" type="1">
	 	 	 	<cx>701</cx>
	 	 	 	<cy>477</cy>
	 	 	</node>
	 	 	<node id="122" type="1">
	 	 	 	<cx>427</cx>
	 	 	 	<cy>272</cy>
	 	 	</node>
	 	 	<node id="123" type="1">
	 	 	 	<cx>293</cx>
	 	 	 	<cy>242</cy>
	 	 	</node>
	 	 	<node id="124" type="1">
	 	 	 	<cx>757</cx>
	 	 	 	<cy>929</cy>
	 	 	</node>
	 	 	<node id="125" type="1">
	 	 	 	<cx>856</cx>
	 	 	 	<cy>861</cy>
	 	 	</node>
	 	 	<node id="126" type="1">
	 	 	 	<cx>848</cx>
	 	 	 	<cy>809</cy>
	 	 	</node>
	 	 	<node id="127" type="1">
	 	 	 	<cx>331</cx>
	 	 	 	<cy>214</cy>
	 	 	</node>
	 	 	<node id="128" type="1">
	 	 	 	<cx>682</cx>
	 	 	 	<cy>480</cy>
	 	 	</node>
	 	 	<node id="129" type="1">
	 	 	 	<cx>804</cx>
	 	 	 	<cy>638</cy>
	 	 	</node>
	 	 	<node id="130" type="1">
	 	 	 	<cx>349</cx>
	 	 	 	<cy>234</cy>
	 	 	</node>
	 	 	<node id="131" type="1">
	 	 	 	<cx>426</cx>
	 	 	 	<cy>194</cy>
	 	 	</node>
	 	 	<node id="132" type="1">
	 	 	 	<cx>499</cx>
	 	 	 	<cy>348</cy>
	 	 	</node>
	 	 	<node id="133" type="1">
	 	 	 	<cx>692</cx>
	 	 	 	<cy>700</cy>
	 	 	</node>
	 	 	<node id="134" type="1">
	 	 	 	<cx>331</cx>
	 	 	 	<cy>318</cy>
	 	 	</node>
	 	 	<node id="135" type="1">
	 	 	 	<cx>738</cx>
	 	 	 	<cy>644</cy>
	 	 	</node>
	 	 	<node id="136" type="1">
	 	 	 	<cx>967</cx>
	 	 	 	<cy>900</cy>
	 	 	</node>
	 	 	<node id="137" type="1">
	 	 	 	<cx>604</cx>
	 	 	 	<cy>563</cy>
	 	 	</node>
	 	 	<node id="138" type="1">
	 	 	 	<cx>701</cx>
	 	 	 	<cy>540</cy>
	 	 	</node>
	 	 	<node id="139" type="1">
	 	 	 	<cx>523</cx>
	 	 	 	<cy>429</cy>
	 	 	</node>
	 	 	<node id="140" type="1">
	 	 	 	<cx>834</cx>
	 	 	 	<cy>880</cy>
	 	 	</node>
	 	 	<node id="141" type="1">
	 	 	 	<cx>714</cx>
	 	 	 	<cy>644</cy>
	 	 	</node>
	 	 	<node id="142" type="1">
	 	 	 	<cx>369</cx>
	 	 	 	<cy>222</cy>
	 	 	</node>
	 	 	<node id="143" type="1">
	 	 	 	<cx>720</cx>
	 	 	 	<cy>566</cy>
	 	 	</node>
	 	 	<node id="144" type="1">
	 	 	 	<cx>606</cx>
	 	 	 	<cy>512</cy>
	 	 	</node>
	 	 	<node id="145" type="1">
	 	 	 	<cx>840</cx>
	 	 	 	<cy>926</cy>
	 	 	</node>
	 	 	<node id="146" type="1">
	 	 	 	<cx>786</cx>
	 	 	 	<cy>354</cy>
	 	 	</node>
	 	 	<node id="147" type="1">
	 	 	 	<cx>667</cx>
	 	 	 	<cy>709</cy>
	 	 	</node>
	 	 	<node id="148" type="1">
	 	 	 	<cx>670</cx>
	 	 	 	<cy>508</cy>
	 	 	</node>
	 	 	<node id="149" type="1">
	 	 	 	<cx>456</cx>
	 	 	 	<cy>202</cy>
	 	 	</node>
	 	 	<node id="150" type="1">
	 	 	 	<cx>827</cx>
	 	 	 	<cy>687</cy>
	 	 	</node>
	 	 	<node id="151" type="1">
	 	 	 	<cx>871</cx>
	 	 	 	<cy>800</cy>
	 	 	</node>
	 	 	<node id="152" type="1">
	 	 	 	<cx>556</cx>
	 	 	 	<cy>837</cy>
	 	 	</node>
	 	 	<node id="153" type="1">
	 	 	 	<cx>810</cx>
	 	 	 	<cy>589</cy>
	 	 	</node>
	 	 	<node id="154" type="1">
	 	 	 	<cx>537</cx>
	 	 	 	<cy>360</cy>
	 	 	</node>
	 	 	<node id="155" type="1">
	 	 	 	<cx>456</cx>
	 	 	 	<cy>275</cy>
	 	 	</node>
	 	 	<node id="156" type="1">
	 	 	 	<cx>688</cx>
	 	 	 	<cy>214</cy>
	 	 	</node>
	 	 	<node id="157" type="1">
	 	 	 	<cx>346</cx>
	 	 	 	<cy>163</cy>
	 	 	</node>
	 	 	<node id="158" type="1">
	 	 	 	<cx>880</cx>
	 	 	 	<cy>569</cy>
	 	 	</node>
	 	 	<node id="159" type="1">
	 	 	 	<cx>360</cx>
	 	 	 	<cy>215</cy>
	 	 	</node>
	 	 	<node id="160" type="1">
	 	 	 	<cx>849</cx>
	 	 	 	<cy>686</cy>
	 	 	</node>
	 	 	<node id="161" type="1">
	 	 	 	<cx>617</cx>
	 	 	 	<cy>420</cy>
	 	 	</node>
	 	 	<node id="162" type="1">
	 	 	 	<cx>308</cx>
	 	 	 	<cy>466</cy>
	 	 	</node>
	 	 	<node id="163" type="1">
	 	 	 	<cx>734</cx>
	 	 	 	<cy>534</cy>
	 	 	</node>
	 	 	<node id="164" type="1">
	 	 	 	<cx>880</cx>
	 	 	 	<cy>638</cy>
	 	 	</node>
	 	 	<node id="165" type="1">
	 	 	 	<cx>751</cx>
	 	 	 	<cy>763</cy>
	 	 	</node>
	 	 	<node id="166" type="1">
	 	 	 	<cx>616</cx>
	 	 	 	<cy>485</cy>
	 	 	</node>
	 	 	<node id="167" type="1">
	 	 	 	<cx>719</cx>
	 	 	 	<cy>744</cy>
	 	 	</node>
	 	 	<node id="168" type="1">
	 	 	 	<cx>371</cx>
	 	 	 	<cy>346</cy>
	 	 	</node>
	 	 	<node id="169" type="1">
	 	 	 	<cx>379</cx>
	 	 	 	<cy>420</cy>
	 	 	</node>
	 	 	<node id="170" type="1">
	 	 	 	<cx>565</cx>
	 	 	 	<cy>524</cy>
	 	 	</node>
	 	 	<node id="171" type="1">
	 	 	 	<cx>377</cx>
	 	 	 	<cy>138</cy>
	 	 	</node>
	 	 	<node id="172" type="1">
	 	 	 	<cx>864</cx>
	 	 	 	<cy>721</cy>
	 	 	</node>
	 	 	<node id="173" type="1">
	 	 	 	<cx>823</cx>
	 	 	 	<cy>535</cy>
	 	 	</node>
	 	 	<node id="174" type="1">
	 	 	 	<cx>367</cx>
	 	 	 	<cy>218</cy>
	 	 	</node>
	 	 	<node id="175" type="1">
	 	 	 	<cx>614</cx>
	 	 	 	<cy>761</cy>
	 	 	</node>
	 	 	<node id="176" type="1">
	 	 	 	<cx>659</cx>
	 	 	 	<cy>383</cy>
	 	 	</node>
	 	 	<node id="177" type="1">
	 	 	 	<cx>867</cx>
	 	 	 	<cy>910</cy>
	 	 	</node>
	 	 	<node id="178" type="1">
	 	 	 	<cx>717</cx>
	 	 	 	<cy>895</cy>
	 	 	</node>
	 	 	<node id="179" type="1">
	 	 	 	<cx>865</cx>
	 	 	 	<cy>793</cy>
	 	 	</node>
	 	 	<node id="180" type="1">
	 	 	 	<cx>588</cx>
	 	 	 	<cy>663</cy>
	 	 	</node>
	 	 	<node id="181" type="1">
	 	 	 	<cx>595</cx>
	 	 	 	<cy>488</cy>
	 	 	</node>
	 	 	<node id="182" type="1">
	 	 	 	<cx>408</cx>
	 	 	 	<cy>268</cy>
	 	 	</node>
	 	 	<node id="183" type="1">
	 	 	 	<cx>713</cx>
	 	 	 	<cy>863</cy>
	 	 	</node>
	 	 	<node id="184" type="1">
	 	 	 	<cx>652</cx>
	 	 	 	<cy>409</cy>
	 	 	</node>
	 	 	<node id="185" type="1">
	 	 	 	<cx>920</cx>
	 	 	 	<cy>394</cy>
	 	 	</node>
	 	 	<node id="186" type="1">
	 	 	 	<cx>819</cx>
	 	 	 	<cy>367</cy>
	 	 	</node>
	 	 	<node id="187" type="1">
	 	 	 	<cx>653</cx>
	 	 	 	<cy>425</cy>
	 	 	</node>
	 	 	<node id="188" type="1">
	 	 	 	<cx>618</cx>
	 	 	 	<cy>425</cy>
	 	 	</node>
	 	 	<node id="189" type="1">
	 	 	 	<cx>657</cx>
	 	 	 	<cy>290</cy>
	 	 	</node>
	 	 	<node id="190" type="1">
	 	 	 	<cx>709</cx>
	 	 	 	<cy>839</cy>
	 	 	</node>
	 	 	<node id="191" type="1">
	 	 	 	<cx>739</cx>
	 	 	 	<cy>541</cy>
	 	 	</node>
	 	 	<node id="192" type="1">
	 	 	 	<cx>909</cx>
	 	 	 	<cy>732</cy>
	 	 	</node>
	 	 	<node id="193" type="1">
	 	 	 	<cx>373</cx>
	 	 	 	<cy>218</cy>
	 	 	</node>
	 	 	<node id="194" type="1">
	 	 	 	<cx>375</cx>
	 	 	 	<cy>283</cy>
	 	 	</node>
	 	 	<node id="195" type="1">
	 	 	 	<cx>278</cx>
	 	 	 	<cy>391</cy>
	 	 	</node>
	 	 	<node id="196" type="1">
	 	 	 	<cx>843</cx>
	 	 	 	<cy>873</cy>
	 	 	</node>
	 	 	<node id="197" type="1">
	 	 	 	<cx>443</cx>
	 	 	 	<cy>229</cy>
	 	 	</node>
	 	 	<node id="198" type="1">
	 	 	 	<cx>756</cx>
	 	 	 	<cy>702</cy>
	 	 	</node>
	 	 	<node id="199" type="1">
	 	 	 	<cx>365</cx>
	 	 	 	<cy>293</cy>
	 	 	</node>
	 	 	<node id="200" type="1">
	 	 	 	<cx>821</cx>
	 	 	 	<cy>637</cy>
	 	 	</node>
	 	 	<node id="201" type="1">
	 	 	 	<cx>477</cx>
	 	 	 	<cy>191</cy>
	 	 	</node>
	 	 	<node id="202" type="1">
	 	 	 	<cx>401</cx>
	 	 	 	<cy>102</cy>
	 	 	</node>
	 	 	<node id="203" type="1">
	 	 	 	<cx>359</cx>
	 	 	 	<cy>290</cy>
	 	 	</node>
	 	 	<node id="204" type="1">
	 	 	 	<cx>791</cx>
	 	 	 	<cy>751</cy>
	 	 	</node>
	 	 	<node id="205" type="1">
	 	 	 	<cx>938</cx>
	 	 	 	<cy>787</cy>
	 	 	</node>
	 	 	<node id="206" type="1">
	 	 	 	<cx>709</cx>
	 	 	 	<cy>469</cy>
	 	 	</node>
	 	 	<node id="207" type="1">
	 	 	 	<cx>329</cx>
	 	 	 	<cy>178</cy>
	 	 	</node>
	 	 	<node id="208" type="1">
	 	 	 	<cx>559</cx>
	 	 	 	<cy>543</cy>
	 	 	</node>
	 	 	<node id="209" type="1">
	 	 	 	<cx>916</cx>
	 	 	 	<cy>882</cy>
	 	 	</node>
	 	 	<node id="210" type="1">
	 	 	 	<cx>758</cx>
	 	 	 	<cy>635</cy>
	 	 	</node>
	 	 	<node id="211" type="1">
	 	 	 	<cx>855</cx>
	 	 	 	<cy>710</cy>
	 	 	</node>
	 	 	<node id="212" type="1">
	 	 	 	<cx>797</cx>
	 	 	 	<cy>783</cy>
	 	 	</node>
	 	 	<node id="213" type="1">
	 	 	 	<cx>428</cx>
	 	 	 	<cy>238</cy>
	 	 	</node>
	 	 	<node id="214" type="1">
	 	 	 	<cx>802</cx>
	 	 	 	<cy>823</cy>
	 	 	</node>
	 	 	<node id="215" type="1">
	 	 	 	<cx>730</cx>
	 	 	 	<cy>542</cy>
	 	 	</node>
	 	 	<node id="216" type="1">
	 	 	 	<cx>797</cx>
	 	 	 	<cy>464</cy>
	 	 	</node>
	 	 	<node id="217" type="1">
	 	 	 	<cx>217</cx>
	 	 	 	<cy>29</cy>
	 	 	</node>
	 	 	<node id="218" type="1">
	 	 	 	<cx>939</cx>
	 	 	 	<cy>745</cy>
	 	 	</node>
	 	 	<node id="219" type="1">
	 	 	 	<cx>911</cx>
	 	 	 	<cy>889</cy>
	 	 	</node>
	 	 	<node id="220" type="1">
	 	 	 	<cx>829</cx>
	 	 	 	<cy>679</cy>
	 	 	</node>
	 	 	<node id="221" type="1">
	 	 	 	<cx>678</cx>
	 	 	 	<cy>523</cy>
	 	 	</node>
	 	 	<node id="222" type="1">
	 	 	 	<cx>709</cx>
	 	 	 	<cy>224</cy>
	 	 	</node>
	 	 	<node id="223" type="1">
	 	 	 	<cx>550</cx>
	 	 	 	<cy>429</cy>
	 	 	</node>
	 	 	<node id="224" type="1">
	 	 	 	<cx>821</cx>
	 	 	 	<cy>933</cy>
	 	 	</node>
	 	 	<node id="225" type="1">
	 	 	 	<cx>798</cx>
	 	 	 	<cy>482</cy>
	 	 	</node>
	 	 	<node id="226" type="1">
	 	 	 	<cx>686</cx>
	 	 	 	<cy>615</cy>
	 	 	</node>
	 	 	<node id="227" type="1">
	 	 	 	<cx>735</cx>
	 	 	 	<cy>658</cy>
	 	 	</node>
	 	 	<node id="228" type="1">
	 	 	 	<cx>728</cx>
	 	 	 	<cy>531</cy>
	 	 	</node>
	 	 	<node id="229" type="1">
	 	 	 	<cx>736</cx>
	 	 	 	<cy>452</cy>
	 	 	</node>
	 	 	<node id="230" type="1">
	 	 	 	<cx>721</cx>
	 	 	 	<cy>459</cy>
	 	 	</node>
	 	 	<node id="231" type="1">
	 	 	 	<cx>818</cx>
	 	 	 	<cy>377</cy>
	 	 	</node>
	 	 	<node id="232" type="1">
	 	 	 	<cx>421</cx>
	 	 	 	<cy>479</cy>
	 	 	</node>
	 	 	<node id="233" type="1">
	 	 	 	<cx>768</cx>
	 	 	 	<cy>524</cy>
	 	 	</node>
	 	 	<node id="234" type="1">
	 	 	 	<cx>498</cx>
	 	 	 	<cy>441</cy>
	 	 	</node>
	 	 	<node id="235" type="1">
	 	 	 	<cx>601</cx>
	 	 	 	<cy>454</cy>
	 	 	</node>
	 	 	<node id="236" type="1">
	 	 	 	<cx>851</cx>
	 	 	 	<cy>574</cy>
	 	 	</node>
	 	 	<node id="237" type="1">
	 	 	 	<cx>662</cx>
	 	 	 	<cy>511</cy>
	 	 	</node>
	 	 	<node id="238" type="1">
	 	 	 	<cx>526</cx>
	 	 	 	<cy>279</cy>
	 	 	</node>
	 	 	<node id="239" type="1">
	 	 	 	<cx>447</cx>
	 	 	 	<cy>601</cy>
	 	 	</node>
	 	 	<node id="240" type="1">
	 	 	 	<cx>889</cx>
	 	 	 	<cy>610</cy>
	 	 	</node>
	 	 	<node id="241" type="1">
	 	 	 	<cx>891</cx>
	 	 	 	<cy>930</cy>
	 	 	</node>
	 	 	<node id="242" type="1">
	 	 	 	<cx>483</cx>
	 	 	 	<cy>278</cy>
	 	 	</node>
	 	 	<node id="243" type="1">
	 	 	 	<cx>728</cx>
	 	 	 	<cy>845</cy>
	 	 	</node>
	 	 	<node id="244" type="1">
	 	 	 	<cx>451</cx>
	 	 	 	<cy>299</cy>
	 	 	</node>
	 	 	<node id="245" type="1">
	 	 	 	<cx>308</cx>
	 	 	 	<cy>215</cy>
	 	 	</node>
	 	 	<node id="246" type="1">
	 	 	 	<cx>643</cx>
	 	 	 	<cy>486</cy>
	 	 	</node>
	 	 	<node id="247" type="1">
	 	 	 	<cx>758</cx>
	 	 	 	<cy>963</cy>
	 	 	</node>
	 	 	<node id="248" type="1">
	 	 	 	<cx>439</cx>
	 	 	 	<cy>458</cy>
	 	 	</node>
	 	 	<node id="249" type="1">
	 	 	 	<cx>830</cx>
	 	 	 	<cy>608</cy>
	 	 	</node>
	 	 	<node id="250" type="1">
	 	 	 	<cx>387</cx>
	 	 	 	<cy>233</cy>
	 	 	</node>
	 	 	<node id="251" type="1">
	 	 	 	<cx>837</cx>
	 	 	 	<cy>948</cy>
	 	 	</node>
	 	 	<node id="252" type="1">
	 	 	 	<cx>561</cx>
	 	 	 	<cy>410</cy>
	 	 	</node>
	 	 	<node id="253" type="1">
	 	 	 	<cx>721</cx>
	 	 	 	<cy>439</cy>
	 	 	</node>
	 	 	<node id="254" type="1">
	 	 	 	<cx>778</cx>
	 	 	 	<cy>640</cy>
	 	 	</node>
	 	 	<node id="255" type="1">
	 	 	 	<cx>826</cx>
	 	 	 	<cy>627</cy>
	 	 	</node>
	 	 	<node id="256" type="1">
	 	 	 	<cx>644</cx>
	 	 	 	<cy>724</cy>
	 	 	</node>
	 	 	<node id="257" type="1">
	 	 	 	<cx>515</cx>
	 	 	 	<cy>465</cy>
	 	 	</node>
	 	 	<node id="258" type="1">
	 	 	 	<cx>728</cx>
	 	 	 	<cy>651</cy>
	 	 	</node>
	 	 	<node id="259" type="1">
	 	 	 	<cx>666</cx>
	 	 	 	<cy>474</cy>
	 	 	</node>
	 	 	<node id="260" type="1">
	 	 	 	<cx>759</cx>
	 	 	 	<cy>94</cy>
	 	 	</node>
	 	 	<node id="261" type="1">
	 	 	 	<cx>525</cx>
	 	 	 	<cy>419</cy>
	 	 	</node>
	 	 	<node id="262" type="1">
	 	 	 	<cx>927</cx>
	 	 	 	<cy>692</cy>
	 	 	</node>
	 	 	<node id="263" type="1">
	 	 	 	<cx>597</cx>
	 	 	 	<cy>228</cy>
	 	 	</node>
	 	 	<node id="264" type="1">
	 	 	 	<cx>448</cx>
	 	 	 	<cy>218</cy>
	 	 	</node>
	 	 	<node id="265" type="1">
	 	 	 	<cx>575</cx>
	 	 	 	<cy>349</cy>
	 	 	</node>
	 	 	<node id="266" type="1">
	 	 	 	<cx>921</cx>
	 	 	 	<cy>883</cy>
	 	 	</node>
	 	 	<node id="267" type="1">
	 	 	 	<cx>406</cx>
	 	 	 	<cy>172</cy>
	 	 	</node>
	 	 	<node id="268" type="1">
	 	 	 	<cx>840</cx>
	 	 	 	<cy>847</cy>
	 	 	</node>
	 	 	<node id="269" type="1">
	 	 	 	<cx>787</cx>
	 	 	 	<cy>660</cy>
	 	 	</node>
	 	 	<node id="270" type="1">
	 	 	 	<cx>301</cx>
	 	 	 	<cy>545</cy>
	 	 	</node>
	 	 	<node id="271" type="1">
	 	 	 	<cx>668</cx>
	 	 	 	<cy>880</cy>
	 	 	</node>
	 	 	<node id="272" type="1">
	 	 	 	<cx>594</cx>
	 	 	 	<cy>416</cy>
	 	 	</node>
	 	 	<node id="273" type="1">
	 	 	 	<cx>791</cx>
	 	 	 	<cy>861</cy>
	 	 	</node>
	 	 	<node id="274" type="1">
	 	 	 	<cx>740</cx>
	 	 	 	<cy>581</cy>
	 	 	</node>
	 	 	<node id="275" type="1">
	 	 	 	<cx>438</cx>
	 	 	 	<cy>272</cy>
	 	 	</node>
	 	 	<node id="276" type="1">
	 	 	 	<cx>500</cx>
	 	 	 	<cy>259</cy>
	 	 	</node>
	 	 	<node id="277" type="1">
	 	 	 	<cx>600</cx>
	 	 	 	<cy>464</cy>
	 	 	</node>
	 	 	<node id="278" type="1">
	 	 	 	<cx>965</cx>
	 	 	 	<cy>412</cy>
	 	 	</node>
	 	 	<node id="279" type="1">
	 	 	 	<cx>614</cx>
	 	 	 	<cy>568</cy>
	 	 	</node>
	 	 	<node id="280" type="1">
	 	 	 	<cx>829</cx>
	 	 	 	<cy>644</cy>
	 	 	</node>
	 	 	<node id="281" type="1">
	 	 	 	<cx>556</cx>
	 	 	 	<cy>518</cy>
	 	 	</node>
	 	 	<node id="282" type="1">
	 	 	 	<cx>660</cx>
	 	 	 	<cy>676</cy>
	 	 	</node>
	 	 	<node id="283" type="1">
	 	 	 	<cx>525</cx>
	 	 	 	<cy>793</cy>
	 	 	</node>
	 	 	<node id="284" type="1">
	 	 	 	<cx>623</cx>
	 	 	 	<cy>482</cy>
	 	 	</node>
	 	 	<node id="285" type="1">
	 	 	 	<cx>369</cx>
	 	 	 	<cy>195</cy>
	 	 	</node>
	 	 	<node id="286" type="1">
	 	 	 	<cx>805</cx>
	 	 	 	<cy>668</cy>
	 	 	</node>
	 	 	<node id="287" type="1">
	 	 	 	<cx>820</cx>
	 	 	 	<cy>936</cy>
	 	 	</node>
	 	 	<node id="288" type="1">
	 	 	 	<cx>879</cx>
	 	 	 	<cy>886</cy>
	 	 	</node>
	 	 	<node id="289" type="1">
	 	 	 	<cx>713</cx>
	 	 	 	<cy>679</cy>
	 	 	</node>
	 	 	<node id="290" type="1">
	 	 	 	<cx>728</cx>
	 	 	 	<cy>597</cy>
	 	 	</node>
	 	 	<node id="291" type="1">
	 	 	 	<cx>833</cx>
	 	 	 	<cy>719</cy>
	 	 	</node>
	 	 	<node id="292" type="1">
	 	 	 	<cx>720</cx>
	 	 	 	<cy>473</cy>
	 	 	</node>
	 	 	<node id="293" type="1">
	 	 	 	<cx>744</cx>
	 	 	 	<cy>569</cy>
	 	 	</node>
	 	 	<node id="294" type="1">
	 	 	 	<cx>739</cx>
	 	 	 	<cy>539</cy>
	 	 	</node>
	 	 	<node id="295" type="1">
	 	 	 	<cx>644</cx>
	 	 	 	<cy>446</cy>
	 	 	</node>
	 	 	<node id="296" type="1">
	 	 	 	<cx>896</cx>
	 	 	 	<cy>850</cy>
	 	 	</node>
	 	 	<node id="297" type="1">
	 	 	 	<cx>393</cx>
	 	 	 	<cy>284</cy>
	 	 	</node>
	 	 	<node id="298" type="1">
	 	 	 	<cx>708</cx>
	 	 	 	<cy>586</cy>
	 	 	</node>
	 	 	<node id="299" type="1">
	 	 	 	<cx>694</cx>
	 	 	 	<cy>612</cy>
	 	 	</node>
	 	 	<node id="300" type="1">
	 	 	 	<cx>446</cx>
	 	 	 	<cy>162</cy>
	 	 	</node>
	 	 	<node id="301" type="1">
	 	 	 	<cx>383</cx>
	 	 	 	<cy>213</cy>
	 	 	</node>
	 	 	<node id="302" type="1">
	 	 	 	<cx>738</cx>
	 	 	 	<cy>669</cy>
	 	 	</node>
	 	 	<node id="303" type="1">
	 	 	 	<cx>726</cx>
	 	 	 	<cy>702</cy>
	 	 	</node>
	 	 	<node id="304" type="1">
	 	 	 	<cx>749</cx>
	 	 	 	<cy>641</cy>
	 	 	</node>
	 	 	<node id="305" type="1">
	 	 	 	<cx>499</cx>
	 	 	 	<cy>397</cy>
	 	 	</node>
	 	 	<node id="306" type="1">
	 	 	 	<cx>335</cx>
	 	 	 	<cy>416</cy>
	 	 	</node>
	 	 	<node id="307" type="1">
	 	 	 	<cx>828</cx>
	 	 	 	<cy>951</cy>
	 	 	</node>
	 	 	<node id="308" type="1">
	 	 	 	<cx>634</cx>
	 	 	 	<cy>368</cy>
	 	 	</node>
	 	 	<node id="309" type="1">
	 	 	 	<cx>720</cx>
	 	 	 	<cy>559</cy>
	 	 	</node>
	 	 	<node id="310" type="1">
	 	 	 	<cx>428</cx>
	 	 	 	<cy>272</cy>
	 	 	</node>
	 	 	<node id="311" type="1">
	 	 	 	<cx>664</cx>
	 	 	 	<cy>226</cy>
	 	 	</node>
	 	 	<node id="312" type="1">
	 	 	 	<cx>772</cx>
	 	 	 	<cy>626</cy>
	 	 	</node>
	 	 	<node id="313" type="1">
	 	 	 	<cx>602</cx>
	 	 	 	<cy>466</cy>
	 	 	</node>
	 	 	<node id="314" type="1">
	 	 	 	<cx>592</cx>
	 	 	 	<cy>394</cy>
	 	 	</node>
	 	 	<node id="315" type="1">
	 	 	 	<cx>627</cx>
	 	 	 	<cy>408</cy>
	 	 	</node>
	 	 	<node id="316" type="1">
	 	 	 	<cx>754</cx>
	 	 	 	<cy>637</cy>
	 	 	</node>
	 	 	<node id="317" type="1">
	 	 	 	<cx>643</cx>
	 	 	 	<cy>572</cy>
	 	 	</node>
	 	 	<node id="318" type="1">
	 	 	 	<cx>699</cx>
	 	 	 	<cy>167</cy>
	 	 	</node>
	 	 	<node id="319" type="1">
	 	 	 	<cx>880</cx>
	 	 	 	<cy>867</cy>
	 	 	</node>
	 	 	<node id="320" type="1">
	 	 	 	<cx>493</cx>
	 	 	 	<cy>305</cy>
	 	 	</node>
	 	 	<node id="321" type="1">
	 	 	 	<cx>698</cx>
	 	 	 	<cy>630</cy>
	 	 	</node>
	 	 	<node id="322" type="1">
	 	 	 	<cx>819</cx>
	 	 	 	<cy>640</cy>
	 	 	</node>
	 	 	<node id="323" type="1">
	 	 	 	<cx>819</cx>
	 	 	 	<cy>577</cy>
	 	 	</node>
	 	 	<node id="324" type="1">
	 	 	 	<cx>860</cx>
	 	 	 	<cy>866</cy>
	 	 	</node>
	 	 	<node id="325" type="1">
	 	 	 	<cx>303</cx>
	 	 	 	<cy>326</cy>
	 	 	</node>
	 	 	<node id="326" type="1">
	 	 	 	<cx>523</cx>
	 	 	 	<cy>470</cy>
	 	 	</node>
	 	 	<node id="327" type="1">
	 	 	 	<cx>780</cx>
	 	 	 	<cy>647</cy>
	 	 	</node>
	 	 	<node id="328" type="1">
	 	 	 	<cx>630</cx>
	 	 	 	<cy>579</cy>
	 	 	</node>
	 	 	<node id="329" type="1">
	 	 	 	<cx>893</cx>
	 	 	 	<cy>578</cy>
	 	 	</node>
	 	 	<node id="330" type="1">
	 	 	 	<cx>545</cx>
	 	 	 	<cy>465</cy>
	 	 	</node>
	 	 	<node id="331" type="1">
	 	 	 	<cx>782</cx>
	 	 	 	<cy>723</cy>
	 	 	</node>
	 	 	<node id="332" type="1">
	 	 	 	<cx>639</cx>
	 	 	 	<cy>609</cy>
	 	 	</node>
	 	 	<node id="333" type="1">
	 	 	 	<cx>313</cx>
	 	 	 	<cy>267</cy>
	 	 	</node>
	 	 	<node id="334" type="1">
	 	 	 	<cx>810</cx>
	 	 	 	<cy>893</cy>
	 	 	</node>
	 	 	<node id="335" type="1">
	 	 	 	<cx>407</cx>
	 	 	 	<cy>307</cy>
	 	 	</node>
	 	 	<node id="336" type="1">
	 	 	 	<cx>808</cx>
	 	 	 	<cy>666</cy>
	 	 	</node>
	 	 	<node id="337" type="1">
	 	 	 	<cx>621</cx>
	 	 	 	<cy>427</cy>
	 	 	</node>
	 	 	<node id="338" type="1">
	 	 	 	<cx>841</cx>
	 	 	 	<cy>943</cy>
	 	 	</node>
	 	 	<node id="339" type="1">
	 	 	 	<cx>761</cx>
	 	 	 	<cy>602</cy>
	 	 	</node>
	 	 	<node id="340" type="1">
	 	 	 	<cx>513</cx>
	 	 	 	<cy>340</cy>
	 	 	</node>
	 	 	<node id="341" type="1">
	 	 	 	<cx>335</cx>
	 	 	 	<cy>150</cy>
	 	 	</node>
	 	 	<node id="342" type="1">
	 	 	 	<cx>807</cx>
	 	 	 	<cy>564</cy>
	 	 	</node>
	 	 	<node id="343" type="1">
	 	 	 	<cx>715</cx>
	 	 	 	<cy>936</cy>
	 	 	</node>
	 	 	<node id="344" type="1">
	 	 	 	<cx>818</cx>
	 	 	 	<cy>834</cy>
	 	 	</node>
	 	 	<node id="345" type="1">
	 	 	 	<cx>881</cx>
	 	 	 	<cy>870</cy>
	 	 	</node>
	 	 	<node id="346" type="1">
	 	 	 	<cx>300</cx>
	 	 	 	<cy>679</cy>
	 	 	</node>
	 	 	<node id="347" type="1">
	 	 	 	<cx>628</cx>
	 	 	 	<cy>402</cy>
	 	 	</node>
	 	 	<node id="348" type="1">
	 	 	 	<cx>697</cx>
	 	 	 	<cy>551</cy>
	 	 	</node>
	 	 	<node id="349" type="1">
	 	 	 	<cx>342</cx>
	 	 	 	<cy>373</cy>
	 	 	</node>
	 	 	<node id="350" type="1">
	 	 	 	<cx>819</cx>
	 	 	 	<cy>859</cy>
	 	 	</node>
	 	 	<node id="351" type="1">
	 	 	 	<cx>830</cx>
	 	 	 	<cy>955</cy>
	 	 	</node>
	 	 	<node id="352" type="1">
	 	 	 	<cx>651</cx>
	 	 	 	<cy>493</cy>
	 	 	</node>
	 	 	<node id="353" type="1">
	 	 	 	<cx>378</cx>
	 	 	 	<cy>248</cy>
	 	 	</node>
	 	 	<node id="354" type="1">
	 	 	 	<cx>675</cx>
	 	 	 	<cy>424</cy>
	 	 	</node>
	 	 	<node id="355" type="1">
	 	 	 	<cx>700</cx>
	 	 	 	<cy>76</cy>
	 	 	</node>
	 	 	<node id="356" type="1">
	 	 	 	<cx>398</cx>
	 	 	 	<cy>303</cy>
	 	 	</node>
	 	 	<node id="357" type="1">
	 	 	 	<cx>890</cx>
	 	 	 	<cy>373</cy>
	 	 	</node>
	 	 	<node id="358" type="1">
	 	 	 	<cx>799</cx>
	 	 	 	<cy>623</cy>
	 	 	</node>
	 	 	<node id="359" type="1">
	 	 	 	<cx>812</cx>
	 	 	 	<cy>806</cy>
	 	 	</node>
	 	 	<node id="360" type="1">
	 	 	 	<cx>770</cx>
	 	 	 	<cy>860</cy>
	 	 	</node>
	 	 	<node id="361" type="1">
	 	 	 	<cx>776</cx>
	 	 	 	<cy>711</cy>
	 	 	</node>
	 	 	<node id="362" type="1">
	 	 	 	<cx>661</cx>
	 	 	 	<cy>839</cy>
	 	 	</node>
	 	 	<node id="363" type="1">
	 	 	 	<cx>829</cx>
	 	 	 	<cy>895</cy>
	 	 	</node>
	 	 	<node id="364" type="1">
	 	 	 	<cx>392</cx>
	 	 	 	<cy>227</cy>
	 	 	</node>
	 	 	<node id="365" type="1">
	 	 	 	<cx>891</cx>
	 	 	 	<cy>565</cy>
	 	 	</node>
	 	 	<node id="366" type="1">
	 	 	 	<cx>569</cx>
	 	 	 	<cy>489</cy>
	 	 	</node>
	 	 	<node id="367" type="1">
	 	 	 	<cx>824</cx>
	 	 	 	<cy>716</cy>
	 	 	</node>
	 	 	<node id="368" type="1">
	 	 	 	<cx>827</cx>
	 	 	 	<cy>436</cy>
	 	 	</node>
	 	 	<node id="369" type="1">
	 	 	 	<cx>380</cx>
	 	 	 	<cy>217</cy>
	 	 	</node>
	 	 	<node id="370" type="1">
	 	 	 	<cx>527</cx>
	 	 	 	<cy>376</cy>
	 	 	</node>
	 	 	<node id="371" type="1">
	 	 	 	<cx>838</cx>
	 	 	 	<cy>855</cy>
	 	 	</node>
	 	 	<node id="372" type="1">
	 	 	 	<cx>537</cx>
	 	 	 	<cy>432</cy>
	 	 	</node>
	 	 	<node id="373" type="1">
	 	 	 	<cx>468</cx>
	 	 	 	<cy>195</cy>
	 	 	</node>
	 	 	<node id="374" type="1">
	 	 	 	<cx>714</cx>
	 	 	 	<cy>807</cy>
	 	 	</node>
	 	 	<node id="375" type="1">
	 	 	 	<cx>553</cx>
	 	 	 	<cy>104</cy>
	 	 	</node>
	 	 	<node id="376" type="1">
	 	 	 	<cx>448</cx>
	 	 	 	<cy>331</cy>
	 	 	</node>
	 	 	<node id="377" type="1">
	 	 	 	<cx>846</cx>
	 	 	 	<cy>863</cy>
	 	 	</node>
	 	 	<node id="378" type="1">
	 	 	 	<cx>815</cx>
	 	 	 	<cy>689</cy>
	 	 	</node>
	 	 	<node id="379" type="1">
	 	 	 	<cx>639</cx>
	 	 	 	<cy>332</cy>
	 	 	</node>
	 	 	<node id="380" type="1">
	 	 	 	<cx>748</cx>
	 	 	 	<cy>365</cy>
	 	 	</node>
	 	 	<node id="381" type="1">
	 	 	 	<cx>577</cx>
	 	 	 	<cy>442</cy>
	 	 	</node>
	 	 	<node id="382" type="1">
	 	 	 	<cx>572</cx>
	 	 	 	<cy>461</cy>
	 	 	</node>
	 	 	<node id="383" type="1">
	 	 	 	<cx>431</cx>
	 	 	 	<cy>304</cy>
	 	 	</node>
	 	 	<node id="384" type="1">
	 	 	 	<cx>731</cx>
	 	 	 	<cy>688</cy>
	 	 	</node>
	 	 	<node id="385" type="1">
	 	 	 	<cx>415</cx>
	 	 	 	<cy>256</cy>
	 	 	</node>
	 	 	<node id="386" type="1">
	 	 	 	<cx>933</cx>
	 	 	 	<cy>687</cy>
	 	 	</node>
	 	 	<node id="387" type="1">
	 	 	 	<cx>461</cx>
	 	 	 	<cy>392</cy>
	 	 	</node>
	 	 	<node id="388" type="1">
	 	 	 	<cx>827</cx>
	 	 	 	<cy>906</cy>
	 	 	</node>
	 	 	<node id="389" type="1">
	 	 	 	<cx>786</cx>
	 	 	 	<cy>737</cy>
	 	 	</node>
	 	 	<node id="390" type="1">
	 	 	 	<cx>825</cx>
	 	 	 	<cy>375</cy>
	 	 	</node>
	 	 	<node id="391" type="1">
	 	 	 	<cx>583</cx>
	 	 	 	<cy>513</cy>
	 	 	</node>
	 	 	<node id="392" type="1">
	 	 	 	<cx>793</cx>
	 	 	 	<cy>632</cy>
	 	 	</node>
	 	 	<node id="393" type="1">
	 	 	 	<cx>540</cx>
	 	 	 	<cy>374</cy>
	 	 	</node>
	 	 	<node id="394" type="1">
	 	 	 	<cx>604</cx>
	 	 	 	<cy>445</cy>
	 	 	</node>
	 	 	<node id="395" type="1">
	 	 	 	<cx>303</cx>
	 	 	 	<cy>293</cy>
	 	 	</node>
	 	 	<node id="396" type="1">
	 	 	 	<cx>802</cx>
	 	 	 	<cy>534</cy>
	 	 	</node>
	 	 	<node id="397" type="1">
	 	 	 	<cx>443</cx>
	 	 	 	<cy>308</cy>
	 	 	</node>
	 	 	<node id="398" type="1">
	 	 	 	<cx>298</cx>
	 	 	 	<cy>118</cy>
	 	 	</node>
	 	 	<node id="399" type="1">
	 	 	 	<cx>500</cx>
	 	 	 	<cy>353</cy>
	 	 	</node>
	 	 	<node id="400" type="1">
	 	 	 	<cx>818</cx>
	 	 	 	<cy>892</cy>
	 	 	</node>
	 	 	<node id="401" type="1">
	 	 	 	<cx>487</cx>
	 	 	 	<cy>444</cy>
	 	 	</node>
	 	 	<node id="402" type="1">
	 	 	 	<cx>744</cx>
	 	 	 	<cy>657</cy>
	 	 	</node>
	 	 	<node id="403" type="1">
	 	 	 	<cx>701</cx>
	 	 	 	<cy>547</cy>
	 	 	</node>
	 	 	<node id="404" type="1">
	 	 	 	<cx>297</cx>
	 	 	 	<cy>237</cy>
	 	 	</node>
	 	 	<node id="405" type="1">
	 	 	 	<cx>660</cx>
	 	 	 	<cy>436</cy>
	 	 	</node>
	 	 	<node id="406" type="1">
	 	 	 	<cx>580</cx>
	 	 	 	<cy>450</cy>
	 	 	</node>
	 	 	<node id="407" type="1">
	 	 	 	<cx>591</cx>
	 	 	 	<cy>411</cy>
	 	 	</node>
	 	 	<node id="408" type="1">
	 	 	 	<cx>877</cx>
	 	 	 	<cy>905</cy>
	 	 	</node>
	 	 	<node id="409" type="1">
	 	 	 	<cx>377</cx>
	 	 	 	<cy>314</cy>
	 	 	</node>
	 	 	<node id="410" type="1">
	 	 	 	<cx>868</cx>
	 	 	 	<cy>819</cy>
	 	 	</node>
	 	 	<node id="411" type="1">
	 	 	 	<cx>750</cx>
	 	 	 	<cy>857</cy>
	 	 	</node>
	 	 	<node id="412" type="1">
	 	 	 	<cx>643</cx>
	 	 	 	<cy>336</cy>
	 	 	</node>
	 	 	<node id="413" type="1">
	 	 	 	<cx>770</cx>
	 	 	 	<cy>609</cy>
	 	 	</node>
	 	 	<node id="414" type="1">
	 	 	 	<cx>873</cx>
	 	 	 	<cy>547</cy>
	 	 	</node>
	 	 	<node id="415" type="1">
	 	 	 	<cx>746</cx>
	 	 	 	<cy>949</cy>
	 	 	</node>
	 	 	<node id="416" type="1">
	 	 	 	<cx>771</cx>
	 	 	 	<cy>418</cy>
	 	 	</node>
	 	 	<node id="417" type="1">
	 	 	 	<cx>736</cx>
	 	 	 	<cy>788</cy>
	 	 	</node>
	 	 	<node id="418" type="1">
	 	 	 	<cx>676</cx>
	 	 	 	<cy>521</cy>
	 	 	</node>
	 	 	<node id="419" type="1">
	 	 	 	<cx>934</cx>
	 	 	 	<cy>919</cy>
	 	 	</node>
	 	 	<node id="420" type="1">
	 	 	 	<cx>673</cx>
	 	 	 	<cy>493</cy>
	 	 	</node>
	 	 	<node id="421" type="1">
	 	 	 	<cx>817</cx>
	 	 	 	<cy>914</cy>
	 	 	</node>
	 	 	<node id="422" type="1">
	 	 	 	<cx>493</cx>
	 	 	 	<cy>28</cy>
	 	 	</node>
	 	 	<node id="423" type="1">
	 	 	 	<cx>322</cx>
	 	 	 	<cy>227</cy>
	 	 	</node>
	 	 	<node id="424" type="1">
	 	 	 	<cx>746</cx>
	 	 	 	<cy>617</cy>
	 	 	</node>
	 	 	<node id="425" type="1">
	 	 	 	<cx>754</cx>
	 	 	 	<cy>950</cy>
	 	 	</node>
	 	 	<node id="426" type="1">
	 	 	 	<cx>523</cx>
	 	 	 	<cy>296</cy>
	 	 	</node>
	 	 	<node id="427" type="1">
	 	 	 	<cx>675</cx>
	 	 	 	<cy>488</cy>
	 	 	</node>
	 	 	<node id="428" type="1">
	 	 	 	<cx>860</cx>
	 	 	 	<cy>848</cy>
	 	 	</node>
	 	 	<node id="429" type="1">
	 	 	 	<cx>466</cx>
	 	 	 	<cy>251</cy>
	 	 	</node>
	 	 	<node id="430" type="1">
	 	 	 	<cx>772</cx>
	 	 	 	<cy>307</cy>
	 	 	</node>
	 	 	<node id="431" type="1">
	 	 	 	<cx>396</cx>
	 	 	 	<cy>235</cy>
	 	 	</node>
	 	 	<node id="432" type="1">
	 	 	 	<cx>796</cx>
	 	 	 	<cy>976</cy>
	 	 	</node>
	 	 	<node id="433" type="1">
	 	 	 	<cx>792</cx>
	 	 	 	<cy>646</cy>
	 	 	</node>
	 	 	<node id="434" type="1">
	 	 	 	<cx>417</cx>
	 	 	 	<cy>267</cy>
	 	 	</node>
	 	 	<node id="435" type="1">
	 	 	 	<cx>871</cx>
	 	 	 	<cy>536</cy>
	 	 	</node>
	 	 	<node id="436" type="1">
	 	 	 	<cx>285</cx>
	 	 	 	<cy>205</cy>
	 	 	</node>
	 	 	<node id="437" type="1">
	 	 	 	<cx>474</cx>
	 	 	 	<cy>257</cy>
	 	 	</node>
	 	 	<node id="438" type="1">
	 	 	 	<cx>854</cx>
	 	 	 	<cy>648</cy>
	 	 	</node>
	 	 	<node id="439" type="1">
	 	 	 	<cx>602</cx>
	 	 	 	<cy>262</cy>
	 	 	</node>
	 	 	<node id="440" type="1">
	 	 	 	<cx>950</cx>
	 	 	 	<cy>821</cy>
	 	 	</node>
	 	 	<node id="441" type="1">
	 	 	 	<cx>698</cx>
	 	 	 	<cy>633</cy>
	 	 	</node>
	 	 	<node id="442" type="1">
	 	 	 	<cx>760</cx>
	 	 	 	<cy>957</cy>
	 	 	</node>
	 	 	<node id="443" type="1">
	 	 	 	<cx>418</cx>
	 	 	 	<cy>292</cy>
	 	 	</node>
	 	 	<node id="444" type="1">
	 	 	 	<cx>690</cx>
	 	 	 	<cy>602</cy>
	 	 	</node>
	 	 	<node id="445" type="1">
	 	 	 	<cx>669</cx>
	 	 	 	<cy>683</cy>
	 	 	</node>
	 	 	<node id="446" type="1">
	 	 	 	<cx>565</cx>
	 	 	 	<cy>562</cy>
	 	 	</node>
	 	 	<node id="447" type="1">
	 	 	 	<cx>832</cx>
	 	 	 	<cy>811</cy>
	 	 	</node>
	 	 	<node id="448" type="1">
	 	 	 	<cx>797</cx>
	 	 	 	<cy>722</cy>
	 	 	</node>
	 	 	<node id="449" type="1">
	 	 	 	<cx>594</cx>
	 	 	 	<cy>646</cy>
	 	 	</node>
	 	 	<node id="450" type="1">
	 	 	 	<cx>597</cx>
	 	 	 	<cy>358</cy>
	 	 	</node>
	 	 	<node id="451" type="1">
	 	 	 	<cx>944</cx>
	 	 	 	<cy>834</cy>
	 	 	</node>
	 	 	<node id="452" type="1">
	 	 	 	<cx>776</cx>
	 	 	 	<cy>610</cy>
	 	 	</node>
	 	 	<node id="453" type="1">
	 	 	 	<cx>719</cx>
	 	 	 	<cy>441</cy>
	 	 	</node>
	 	 	<node id="454" type="1">
	 	 	 	<cx>832</cx>
	 	 	 	<cy>908</cy>
	 	 	</node>
	 	 	<node id="455" type="1">
	 	 	 	<cx>702</cx>
	 	 	 	<cy>378</cy>
	 	 	</node>
	 	 	<node id="456" type="1">
	 	 	 	<cx>604</cx>
	 	 	 	<cy>494</cy>
	 	 	</node>
	 	 	<node id="457" type="1">
	 	 	 	<cx>757</cx>
	 	 	 	<cy>832</cy>
	 	 	</node>
	 	 	<node id="458" type="1">
	 	 	 	<cx>647</cx>
	 	 	 	<cy>400</cy>
	 	 	</node>
	 	 	<node id="459" type="1">
	 	 	 	<cx>601</cx>
	 	 	 	<cy>706</cy>
	 	 	</node>
	 	</nodes>
	 	<euclidean/>
	 	<decimals>0</decimals>
	 </network>
	 <fleet>
	 	 <vehicle_profile type="0">
	 	  	 <departure_node>1</departure_node>
	 	  	 <arrival_node>1</arrival_node>
	 	  	 <capacity>1106</capacity>
	 	 </vehicle_profile>
	 </fleet>
	 <requests>
	 	 <request id="1" node="2">
	 	 	 <quantity>71</quantity>
	 	 </request>
	 	 <request id="2" node="3">
	 	 	 <quantity>54</quantity>
	 	 </request>
	 	 <request id="3" node="4">
	 	 	 <quantity>74</quantity>
	 	 </request>
	 	 <request id="4" node="5">
	 	 	 <quantity>9</quantity>
	 	 </request>
	 	 <request id="5" node="6">
	 	 	 <quantity>91</quantity>
	 	 </request>
	 	 <request id="6" node="7">
	 	 	 <quantity>98</quantity>
	 	 </request>
	 	 <request id="7" node="8">
	 	 	 <quantity>72</quantity>
	 	 </request>
	 	 <request id="8" node="9">
	 	 	 <quantity>67</quantity>
	 	 </request>
	 	 <request id="9" node="10">
	 	 	 <quantity>70</quantity>
	 	 </request>
	 	 <request id="10" node="11">
	 	 	 <quantity>68</quantity>
	 	 </request>
	 	 <request id="11" node="12">
	 	 	 <quantity>92</quantity>
	 	 </request>
	 	 <request id="12" node="13">
	 	 	 <quantity>93</quantity>
	 	 </request>
	 	 <request id="13" node="14">
	 	 	 <quantity>97</quantity>
	 	 </request>
	 	 <request id="14" node="15">
	 	 	 <quantity>23</quantity>
	 	 </request>
	 	 <request id="15" node="16">
	 	 	 <quantity>75</quantity>
	 	 </request>
	 	 <request id="16" node="17">
	 	 	 <quantity>61</quantity>
	 	 </request>
	 	 <request id="17" node="18">
	 	 	 <quantity>91</quantity>
	 	 </request>
	 	 <request id="18" node="19">
	 	 	 <quantity>61</quantity>
	 	 </request>
	 	 <request id="19" node="20">
	 	 	 <quantity>89</quantity>
	 	 </request>
	 	 <request id="20" node="21">
	 	 	 <quantity>70</quantity>
	 	 </request>
	 	 <request id="21" node="22">
	 	 	 <quantity>63</quantity>
	 	 </request>
	 	 <request id="22" node="23">
	 	 	 <quantity>93</quantity>
	 	 </request>
	 	 <request id="23" node="24">
	 	 	 <quantity>18</quantity>
	 	 </request>
	 	 <request id="24" node="25">
	 	 	 <quantity>65</quantity>
	 	 </request>
	 	 <request id="25" node="26">
	 	 	 <quantity>33</quantity>
	 	 </request>
	 	 <request id="26" node="27">
	 	 	 <quantity>11</quantity>
	 	 </request>
	 	 <request id="27" node="28">
	 	 	 <quantity>80</quantity>
	 	 </request>
	 	 <request id="28" node="29">
	 	 	 <quantity>88</quantity>
	 	 </request>
	 	 <request id="29" node="30">
	 	 	 <quantity>7</quantity>
	 	 </request>
	 	 <request id="30" node="31">
	 	 	 <quantity>71</quantity>
	 	 </request>
	 	 <request id="31" node="32">
	 	 	 <quantity>68</quantity>
	 	 </request>
	 	 <request id="32" node="33">
	 	 	 <quantity>38</quantity>
	 	 </request>
	 	 <request id="33" node="34">
	 	 	 <quantity>79</quantity>
	 	 </request>
	 	 <request id="34" node="35">
	 	 	 <quantity>28</quantity>
	 	 </request>
	 	 <request id="35" node="36">
	 	 	 <quantity>63</quantity>
	 	 </request>
	 	 <request id="36" node="37">
	 	 	 <quantity>99</quantity>
	 	 </request>
	 	 <request id="37" node="38">
	 	 	 <quantity>99</quantity>
	 	 </request>
	 	 <request id="38" node="39">
	 	 	 <quantity>94</quantity>
	 	 </request>
	 	 <request id="39" node="40">
	 	 	 <quantity>69</quantity>
	 	 </request>
	 	 <request id="40" node="41">
	 	 	 <quantity>78</quantity>
	 	 </request>
	 	 <request id="41" node="42">
	 	 	 <quantity>76</quantity>
	 	 </request>
	 	 <request id="42" node="43">
	 	 	 <quantity>90</quantity>
	 	 </request>
	 	 <request id="43" node="44">
	 	 	 <quantity>57</quantity>
	 	 </request>
	 	 <request id="44" node="45">
	 	 	 <quantity>29</quantity>
	 	 </request>
	 	 <request id="45" node="46">
	 	 	 <quantity>82</quantity>
	 	 </request>
	 	 <request id="46" node="47">
	 	 	 <quantity>42</quantity>
	 	 </request>
	 	 <request id="47" node="48">
	 	 	 <quantity>18</quantity>
	 	 </request>
	 	 <request id="48" node="49">
	 	 	 <quantity>58</quantity>
	 	 </request>
	 	 <request id="49" node="50">
	 	 	 <quantity>89</quantity>
	 	 </request>
	 	 <request id="50" node="51">
	 	 	 <quantity>85</quantity>
	 	 </request>
	 	 <request id="51" node="52">
	 	 	 <quantity>66</quantity>
	 	 </request>
	 	 <request id="52" node="53">
	 	 	 <quantity>57</quantity>
	 	 </request>
	 	 <request id="53" node="54">
	 	 	 <quantity>75</quantity>
	 	 </request>
	 	 <request id="54" node="55">
	 	 	 <quantity>1</quantity>
	 	 </request>
	 	 <request id="55" node="56">
	 	 	 <quantity>49</quantity>
	 	 </request>
	 	 <request id="56" node="57">
	 	 	 <quantity>8</quantity>
	 	 </request>
	 	 <request id="57" node="58">
	 	 	 <quantity>51</quantity>
	 	 </request>
	 	 <request id="58" node="59">
	 	 	 <quantity>67</quantity>
	 	 </request>
	 	 <request id="59" node="60">
	 	 	 <quantity>58</quantity>
	 	 </request>
	 	 <request id="60" node="61">
	 	 	 <quantity>66</quantity>
	 	 </request>
	 	 <request id="61" node="62">
	 	 	 <quantity>13</quantity>
	 	 </request>
	 	 <request id="62" node="63">
	 	 	 <quantity>69</quantity>
	 	 </request>
	 	 <request id="63" node="64">
	 	 	 <quantity>85</quantity>
	 	 </request>
	 	 <request id="64" node="65">
	 	 	 <quantity>53</quantity>
	 	 </request>
	 	 <request id="65" node="66">
	 	 	 <quantity>30</quantity>
	 	 </request>
	 	 <request id="66" node="67">
	 	 	 <quantity>67</quantity>
	 	 </request>
	 	 <request id="67" node="68">
	 	 	 <quantity>79</quantity>
	 	 </request>
	 	 <request id="68" node="69">
	 	 	 <quantity>79</quantity>
	 	 </request>
	 	 <request id="69" node="70">
	 	 	 <quantity>90</quantity>
	 	 </request>
	 	 <request id="70" node="71">
	 	 	 <quantity>81</quantity>
	 	 </request>
	 	 <request id="71" node="72">
	 	 	 <quantity>33</quantity>
	 	 </request>
	 	 <request id="72" node="73">
	 	 	 <quantity>80</quantity>
	 	 </request>
	 	 <request id="73" node="74">
	 	 	 <quantity>78</quantity>
	 	 </request>
	 	 <request id="74" node="75">
	 	 	 <quantity>6</quantity>
	 	 </request>
	 	 <request id="75" node="76">
	 	 	 <quantity>93</quantity>
	 	 </request>
	 	 <request id="76" node="77">
	 	 	 <quantity>60</quantity>
	 	 </request>
	 	 <request id="77" node="78">
	 	 	 <quantity>60</quantity>
	 	 </request>
	 	 <request id="78" node="79">
	 	 	 <quantity>83</quantity>
	 	 </request>
	 	 <request id="79" node="80">
	 	 	 <quantity>97</quantity>
	 	 </request>
	 	 <request id="80" node="81">
	 	 	 <quantity>76</quantity>
	 	 </request>
	 	 <request id="81" node="82">
	 	 	 <quantity>60</quantity>
	 	 </request>
	 	 <request id="82" node="83">
	 	 	 <quantity>94</quantity>
	 	 </request>
	 	 <request id="83" node="84">
	 	 	 <quantity>59</quantity>
	 	 </request>
	 	 <request id="84" node="85">
	 	 	 <quantity>72</quantity>
	 	 </request>
	 	 <request id="85" node="86">
	 	 	 <quantity>58</quantity>
	 	 </request>
	 	 <request id="86" node="87">
	 	 	 <quantity>59</quantity>
	 	 </request>
	 	 <request id="87" node="88">
	 	 	 <quantity>97</quantity>
	 	 </request>
	 	 <request id="88" node="89">
	 	 	 <quantity>11</quantity>
	 	 </request>
	 	 <request id="89" node="90">
	 	 	 <quantity>70</quantity>
	 	 </request>
	 	 <request id="90" node="91">
	 	 	 <quantity>90</quantity>
	 	 </request>
	 	 <request id="91" node="92">
	 	 	 <quantity>54</quantity>
	 	 </request>
	 	 <request id="92" node="93">
	 	 	 <quantity>73</quantity>
	 	 </request>
	 	 <request id="93" node="94">
	 	 	 <quantity>61</quantity>
	 	 </request>
	 	 <request id="94" node="95">
	 	 	 <quantity>52</quantity>
	 	 </request>
	 	 <request id="95" node="96">
	 	 	 <quantity>46</quantity>
	 	 </request>
	 	 <request id="96" node="97">
	 	 	 <quantity>77</quantity>
	 	 </request>
	 	 <request id="97" node="98">
	 	 	 <quantity>60</quantity>
	 	 </request>
	 	 <request id="98" node="99">
	 	 	 <quantity>100</quantity>
	 	 </request>
	 	 <request id="99" node="100">
	 	 	 <quantity>10</quantity>
	 	 </request>
	 	 <request id="100" node="101">
	 	 	 <quantity>100</quantity>
	 	 </request>
	 	 <request id="101" node="102">
	 	 	 <quantity>76</quantity>
	 	 </request>
	 	 <request id="102" node="103">
	 	 	 <quantity>67</quantity>
	 	 </request>
	 	 <request id="103" node="104">
	 	 	 <quantity>45</quantity>
	 	 </request>
	 	 <request id="104" node="105">
	 	 	 <quantity>84</quantity>
	 	 </request>
	 	 <request id="105" node="106">
	 	 	 <quantity>14</quantity>
	 	 </request>
	 	 <request id="106" node="107">
	 	 	 <quantity>49</quantity>
	 	 </request>
	 	 <request id="107" node="108">
	 	 	 <quantity>61</quantity>
	 	 </request>
	 	 <request id="108" node="109">
	 	 	 <quantity>97</quantity>
	 	 </request>
	 	 <request id="109" node="110">
	 	 	 <quantity>55</quantity>
	 	 </request>
	 	 <request id="110" node="111">
	 	 	 <quantity>9</quantity>
	 	 </request>
	 	 <request id="111" node="112">
	 	 	 <quantity>52</quantity>
	 	 </request>
	 	 <request id="112" node="113">
	 	 	 <quantity>99</quantity>
	 	 </request>
	 	 <request id="113" node="114">
	 	 	 <quantity>83</quantity>
	 	 </request>
	 	 <request id="114" node="115">
	 	 	 <quantity>26</quantity>
	 	 </request>
	 	 <request id="115" node="116">
	 	 	 <quantity>85</quantity>
	 	 </request>
	 	 <request id="116" node="117">
	 	 	 <quantity>43</quantity>
	 	 </request>
	 	 <request id="117" node="118">
	 	 	 <quantity>74</quantity>
	 	 </request>
	 	 <request id="118" node="119">
	 	 	 <quantity>98</quantity>
	 	 </request>
	 	 <request id="119" node="120">
	 	 	 <quantity>28</quantity>
	 	 </request>
	 	 <request id="120" node="121">
	 	 	 <quantity>5</quantity>
	 	 </request>
	 	 <request id="121" node="122">
	 	 	 <quantity>66</quantity>
	 	 </request>
	 	 <request id="122" node="123">
	 	 	 <quantity>71</quantity>
	 	 </request>
	 	 <request id="123" node="124">
	 	 	 <quantity>58</quantity>
	 	 </request>
	 	 <request id="124" node="125">
	 	 	 <quantity>90</quantity>
	 	 </request>
	 	 <request id="125" node="126">
	 	 	 <quantity>75</quantity>
	 	 </request>
	 	 <request id="126" node="127">
	 	 	 <quantity>59</quantity>
	 	 </request>
	 	 <request id="127" node="128">
	 	 	 <quantity>3</quantity>
	 	 </request>
	 	 <request id="128" node="129">
	 	 	 <quantity>95</quantity>
	 	 </request>
	 	 <request id="129" node="130">
	 	 	 <quantity>62</quantity>
	 	 </request>
	 	 <request id="130" node="131">
	 	 	 <quantity>54</quantity>
	 	 </request>
	 	 <request id="131" node="132">
	 	 	 <quantity>78</quantity>
	 	 </request>
	 	 <request id="132" node="133">
	 	 	 <quantity>93</quantity>
	 	 </request>
	 	 <request id="133" node="134">
	 	 	 <quantity>54</quantity>
	 	 </request>
	 	 <request id="134" node="135">
	 	 	 <quantity>57</quantity>
	 	 </request>
	 	 <request id="135" node="136">
	 	 	 <quantity>100</quantity>
	 	 </request>
	 	 <request id="136" node="137">
	 	 	 <quantity>89</quantity>
	 	 </request>
	 	 <request id="137" node="138">
	 	 	 <quantity>72</quantity>
	 	 </request>
	 	 <request id="138" node="139">
	 	 	 <quantity>19</quantity>
	 	 </request>
	 	 <request id="139" node="140">
	 	 	 <quantity>55</quantity>
	 	 </request>
	 	 <request id="140" node="141">
	 	 	 <quantity>81</quantity>
	 	 </request>
	 	 <request id="141" node="142">
	 	 	 <quantity>86</quantity>
	 	 </request>
	 	 <request id="142" node="143">
	 	 	 <quantity>64</quantity>
	 	 </request>
	 	 <request id="143" node="144">
	 	 	 <quantity>87</quantity>
	 	 </request>
	 	 <request id="144" node="145">
	 	 	 <quantity>97</quantity>
	 	 </request>
	 	 <request id="145" node="146">
	 	 	 <quantity>7</quantity>
	 	 </request>
	 	 <request id="146" node="147">
	 	 	 <quantity>75</quantity>
	 	 </request>
	 	 <request id="147" node="148">
	 	 	 <quantity>76</quantity>
	 	 </request>
	 	 <request id="148" node="149">
	 	 	 <quantity>98</quantity>
	 	 </request>
	 	 <request id="149" node="150">
	 	 	 <quantity>68</quantity>
	 	 </request>
	 	 <request id="150" node="151">
	 	 	 <quantity>67</quantity>
	 	 </request>
	 	 <request id="151" node="152">
	 	 	 <quantity>59</quantity>
	 	 </request>
	 	 <request id="152" node="153">
	 	 	 <quantity>76</quantity>
	 	 </request>
	 	 <request id="153" node="154">
	 	 	 <quantity>27</quantity>
	 	 </request>
	 	 <request id="154" node="155">
	 	 	 <quantity>67</quantity>
	 	 </request>
	 	 <request id="155" node="156">
	 	 	 <quantity>50</quantity>
	 	 </request>
	 	 <request id="156" node="157">
	 	 	 <quantity>72</quantity>
	 	 </request>
	 	 <request id="157" node="158">
	 	 	 <quantity>91</quantity>
	 	 </request>
	 	 <request id="158" node="159">
	 	 	 <quantity>54</quantity>
	 	 </request>
	 	 <request id="159" node="160">
	 	 	 <quantity>54</quantity>
	 	 </request>
	 	 <request id="160" node="161">
	 	 	 <quantity>11</quantity>
	 	 </request>
	 	 <request id="161" node="162">
	 	 	 <quantity>55</quantity>
	 	 </request>
	 	 <request id="162" node="163">
	 	 	 <quantity>62</quantity>
	 	 </request>
	 	 <request id="163" node="164">
	 	 	 <quantity>89</quantity>
	 	 </request>
	 	 <request id="164" node="165">
	 	 	 <quantity>61</quantity>
	 	 </request>
	 	 <request id="165" node="166">
	 	 	 <quantity>19</quantity>
	 	 </request>
	 	 <request id="166" node="167">
	 	 	 <quantity>79</quantity>
	 	 </request>
	 	 <request id="167" node="168">
	 	 	 <quantity>71</quantity>
	 	 </request>
	 	 <request id="168" node="169">
	 	 	 <quantity>56</quantity>
	 	 </request>
	 	 <request id="169" node="170">
	 	 	 <quantity>75</quantity>
	 	 </request>
	 	 <request id="170" node="171">
	 	 	 <quantity>97</quantity>
	 	 </request>
	 	 <request id="171" node="172">
	 	 	 <quantity>51</quantity>
	 	 </request>
	 	 <request id="172" node="173">
	 	 	 <quantity>93</quantity>
	 	 </request>
	 	 <request id="173" node="174">
	 	 	 <quantity>54</quantity>
	 	 </request>
	 	 <request id="174" node="175">
	 	 	 <quantity>93</quantity>
	 	 </request>
	 	 <request id="175" node="176">
	 	 	 <quantity>47</quantity>
	 	 </request>
	 	 <request id="176" node="177">
	 	 	 <quantity>95</quantity>
	 	 </request>
	 	 <request id="177" node="178">
	 	 	 <quantity>67</quantity>
	 	 </request>
	 	 <request id="178" node="179">
	 	 	 <quantity>77</quantity>
	 	 </request>
	 	 <request id="179" node="180">
	 	 	 <quantity>93</quantity>
	 	 </request>
	 	 <request id="180" node="181">
	 	 	 <quantity>26</quantity>
	 	 </request>
	 	 <request id="181" node="182">
	 	 	 <quantity>82</quantity>
	 	 </request>
	 	 <request id="182" node="183">
	 	 	 <quantity>78</quantity>
	 	 </request>
	 	 <request id="183" node="184">
	 	 	 <quantity>17</quantity>
	 	 </request>
	 	 <request id="184" node="185">
	 	 	 <quantity>29</quantity>
	 	 </request>
	 	 <request id="185" node="186">
	 	 	 <quantity>25</quantity>
	 	 </request>
	 	 <request id="186" node="187">
	 	 	 <quantity>22</quantity>
	 	 </request>
	 	 <request id="187" node="188">
	 	 	 <quantity>22</quantity>
	 	 </request>
	 	 <request id="188" node="189">
	 	 	 <quantity>4</quantity>
	 	 </request>
	 	 <request id="189" node="190">
	 	 	 <quantity>100</quantity>
	 	 </request>
	 	 <request id="190" node="191">
	 	 	 <quantity>71</quantity>
	 	 </request>
	 	 <request id="191" node="192">
	 	 	 <quantity>93</quantity>
	 	 </request>
	 	 <request id="192" node="193">
	 	 	 <quantity>84</quantity>
	 	 </request>
	 	 <request id="193" node="194">
	 	 	 <quantity>51</quantity>
	 	 </request>
	 	 <request id="194" node="195">
	 	 	 <quantity>94</quantity>
	 	 </request>
	 	 <request id="195" node="196">
	 	 	 <quantity>74</quantity>
	 	 </request>
	 	 <request id="196" node="197">
	 	 	 <quantity>59</quantity>
	 	 </request>
	 	 <request id="197" node="198">
	 	 	 <quantity>62</quantity>
	 	 </request>
	 	 <request id="198" node="199">
	 	 	 <quantity>81</quantity>
	 	 </request>
	 	 <request id="199" node="200">
	 	 	 <quantity>73</quantity>
	 	 </request>
	 	 <request id="200" node="201">
	 	 	 <quantity>91</quantity>
	 	 </request>
	 	 <request id="201" node="202">
	 	 	 <quantity>98</quantity>
	 	 </request>
	 	 <request id="202" node="203">
	 	 	 <quantity>56</quantity>
	 	 </request>
	 	 <request id="203" node="204">
	 	 	 <quantity>92</quantity>
	 	 </request>
	 	 <request id="204" node="205">
	 	 	 <quantity>95</quantity>
	 	 </request>
	 	 <request id="205" node="206">
	 	 	 <quantity>20</quantity>
	 	 </request>
	 	 <request id="206" node="207">
	 	 	 <quantity>99</quantity>
	 	 </request>
	 	 <request id="207" node="208">
	 	 	 <quantity>53</quantity>
	 	 </request>
	 	 <request id="208" node="209">
	 	 	 <quantity>74</quantity>
	 	 </request>
	 	 <request id="209" node="210">
	 	 	 <quantity>75</quantity>
	 	 </request>
	 	 <request id="210" node="211">
	 	 	 <quantity>63</quantity>
	 	 </request>
	 	 <request id="211" node="212">
	 	 	 <quantity>86</quantity>
	 	 </request>
	 	 <request id="212" node="213">
	 	 	 <quantity>53</quantity>
	 	 </request>
	 	 <request id="213" node="214">
	 	 	 <quantity>62</quantity>
	 	 </request>
	 	 <request id="214" node="215">
	 	 	 <quantity>93</quantity>
	 	 </request>
	 	 <request id="215" node="216">
	 	 	 <quantity>29</quantity>
	 	 </request>
	 	 <request id="216" node="217">
	 	 	 <quantity>73</quantity>
	 	 </request>
	 	 <request id="217" node="218">
	 	 	 <quantity>99</quantity>
	 	 </request>
	 	 <request id="218" node="219">
	 	 	 <quantity>74</quantity>
	 	 </request>
	 	 <request id="219" node="220">
	 	 	 <quantity>69</quantity>
	 	 </request>
	 	 <request id="220" node="221">
	 	 	 <quantity>51</quantity>
	 	 </request>
	 	 <request id="221" node="222">
	 	 	 <quantity>29</quantity>
	 	 </request>
	 	 <request id="222" node="223">
	 	 	 <quantity>10</quantity>
	 	 </request>
	 	 <request id="223" node="224">
	 	 	 <quantity>56</quantity>
	 	 </request>
	 	 <request id="224" node="225">
	 	 	 <quantity>33</quantity>
	 	 </request>
	 	 <request id="225" node="226">
	 	 	 <quantity>92</quantity>
	 	 </request>
	 	 <request id="226" node="227">
	 	 	 <quantity>90</quantity>
	 	 </request>
	 	 <request id="227" node="228">
	 	 	 <quantity>58</quantity>
	 	 </request>
	 	 <request id="228" node="229">
	 	 	 <quantity>15</quantity>
	 	 </request>
	 	 <request id="229" node="230">
	 	 	 <quantity>3</quantity>
	 	 </request>
	 	 <request id="230" node="231">
	 	 	 <quantity>20</quantity>
	 	 </request>
	 	 <request id="231" node="232">
	 	 	 <quantity>59</quantity>
	 	 </request>
	 	 <request id="232" node="233">
	 	 	 <quantity>98</quantity>
	 	 </request>
	 	 <request id="233" node="234">
	 	 	 <quantity>91</quantity>
	 	 </request>
	 	 <request id="234" node="235">
	 	 	 <quantity>14</quantity>
	 	 </request>
	 	 <request id="235" node="236">
	 	 	 <quantity>53</quantity>
	 	 </request>
	 	 <request id="236" node="237">
	 	 	 <quantity>52</quantity>
	 	 </request>
	 	 <request id="237" node="238">
	 	 	 <quantity>37</quantity>
	 	 </request>
	 	 <request id="238" node="239">
	 	 	 <quantity>47</quantity>
	 	 </request>
	 	 <request id="239" node="240">
	 	 	 <quantity>79</quantity>
	 	 </request>
	 	 <request id="240" node="241">
	 	 	 <quantity>92</quantity>
	 	 </request>
	 	 <request id="241" node="242">
	 	 	 <quantity>90</quantity>
	 	 </request>
	 	 <request id="242" node="243">
	 	 	 <quantity>54</quantity>
	 	 </request>
	 	 <request id="243" node="244">
	 	 	 <quantity>95</quantity>
	 	 </request>
	 	 <request id="244" node="245">
	 	 	 <quantity>66</quantity>
	 	 </request>
	 	 <request id="245" node="246">
	 	 	 <quantity>2</quantity>
	 	 </request>
	 	 <request id="246" node="247">
	 	 	 <quantity>80</quantity>
	 	 </request>
	 	 <request id="247" node="248">
	 	 	 <quantity>74</quantity>
	 	 </request>
	 	 <request id="248" node="249">
	 	 	 <quantity>62</quantity>
	 	 </request>
	 	 <request id="249" node="250">
	 	 	 <quantity>70</quantity>
	 	 </request>
	 	 <request id="250" node="251">
	 	 	 <quantity>75</quantity>
	 	 </request>
	 	 <request id="251" node="252">
	 	 	 <quantity>11</quantity>
	 	 </request>
	 	 <request id="252" node="253">
	 	 	 <quantity>9</quantity>
	 	 </request>
	 	 <request id="253" node="254">
	 	 	 <quantity>99</quantity>
	 	 </request>
	 	 <request id="254" node="255">
	 	 	 <quantity>63</quantity>
	 	 </request>
	 	 <request id="255" node="256">
	 	 	 <quantity>89</quantity>
	 	 </request>
	 	 <request id="256" node="257">
	 	 	 <quantity>6</quantity>
	 	 </request>
	 	 <request id="257" node="258">
	 	 	 <quantity>90</quantity>
	 	 </request>
	 	 <request id="258" node="259">
	 	 	 <quantity>29</quantity>
	 	 </request>
	 	 <request id="259" node="260">
	 	 	 <quantity>18</quantity>
	 	 </request>
	 	 <request id="260" node="261">
	 	 	 <quantity>16</quantity>
	 	 </request>
	 	 <request id="261" node="262">
	 	 	 <quantity>97</quantity>
	 	 </request>
	 	 <request id="262" node="263">
	 	 	 <quantity>6</quantity>
	 	 </request>
	 	 <request id="263" node="264">
	 	 	 <quantity>100</quantity>
	 	 </request>
	 	 <request id="264" node="265">
	 	 	 <quantity>46</quantity>
	 	 </request>
	 	 <request id="265" node="266">
	 	 	 <quantity>85</quantity>
	 	 </request>
	 	 <request id="266" node="267">
	 	 	 <quantity>95</quantity>
	 	 </request>
	 	 <request id="267" node="268">
	 	 	 <quantity>78</quantity>
	 	 </request>
	 	 <request id="268" node="269">
	 	 	 <quantity>83</quantity>
	 	 </request>
	 	 <request id="269" node="270">
	 	 	 <quantity>45</quantity>
	 	 </request>
	 	 <request id="270" node="271">
	 	 	 <quantity>53</quantity>
	 	 </request>
	 	 <request id="271" node="272">
	 	 	 <quantity>34</quantity>
	 	 </request>
	 	 <request id="272" node="273">
	 	 	 <quantity>89</quantity>
	 	 </request>
	 	 <request id="273" node="274">
	 	 	 <quantity>87</quantity>
	 	 </request>
	 	 <request id="274" node="275">
	 	 	 <quantity>92</quantity>
	 	 </request>
	 	 <request id="275" node="276">
	 	 	 <quantity>24</quantity>
	 	 </request>
	 	 <request id="276" node="277">
	 	 	 <quantity>38</quantity>
	 	 </request>
	 	 <request id="277" node="278">
	 	 	 <quantity>39</quantity>
	 	 </request>
	 	 <request id="278" node="279">
	 	 	 <quantity>85</quantity>
	 	 </request>
	 	 <request id="279" node="280">
	 	 	 <quantity>81</quantity>
	 	 </request>
	 	 <request id="280" node="281">
	 	 	 <quantity>73</quantity>
	 	 </request>
	 	 <request id="281" node="282">
	 	 	 <quantity>51</quantity>
	 	 </request>
	 	 <request id="282" node="283">
	 	 	 <quantity>62</quantity>
	 	 </request>
	 	 <request id="283" node="284">
	 	 	 <quantity>49</quantity>
	 	 </request>
	 	 <request id="284" node="285">
	 	 	 <quantity>67</quantity>
	 	 </request>
	 	 <request id="285" node="286">
	 	 	 <quantity>73</quantity>
	 	 </request>
	 	 <request id="286" node="287">
	 	 	 <quantity>73</quantity>
	 	 </request>
	 	 <request id="287" node="288">
	 	 	 <quantity>91</quantity>
	 	 </request>
	 	 <request id="288" node="289">
	 	 	 <quantity>82</quantity>
	 	 </request>
	 	 <request id="289" node="290">
	 	 	 <quantity>57</quantity>
	 	 </request>
	 	 <request id="290" node="291">
	 	 	 <quantity>77</quantity>
	 	 </request>
	 	 <request id="291" node="292">
	 	 	 <quantity>48</quantity>
	 	 </request>
	 	 <request id="292" node="293">
	 	 	 <quantity>71</quantity>
	 	 </request>
	 	 <request id="293" node="294">
	 	 	 <quantity>83</quantity>
	 	 </request>
	 	 <request id="294" node="295">
	 	 	 <quantity>15</quantity>
	 	 </request>
	 	 <request id="295" node="296">
	 	 	 <quantity>54</quantity>
	 	 </request>
	 	 <request id="296" node="297">
	 	 	 <quantity>73</quantity>
	 	 </request>
	 	 <request id="297" node="298">
	 	 	 <quantity>80</quantity>
	 	 </request>
	 	 <request id="298" node="299">
	 	 	 <quantity>77</quantity>
	 	 </request>
	 	 <request id="299" node="300">
	 	 	 <quantity>65</quantity>
	 	 </request>
	 	 <request id="300" node="301">
	 	 	 <quantity>51</quantity>
	 	 </request>
	 	 <request id="301" node="302">
	 	 	 <quantity>67</quantity>
	 	 </request>
	 	 <request id="302" node="303">
	 	 	 <quantity>96</quantity>
	 	 </request>
	 	 <request id="303" node="304">
	 	 	 <quantity>53</quantity>
	 	 </request>
	 	 <request id="304" node="305">
	 	 	 <quantity>94</quantity>
	 	 </request>
	 	 <request id="305" node="306">
	 	 	 <quantity>73</quantity>
	 	 </request>
	 	 <request id="306" node="307">
	 	 	 <quantity>78</quantity>
	 	 </request>
	 	 <request id="307" node="308">
	 	 	 <quantity>37</quantity>
	 	 </request>
	 	 <request id="308" node="309">
	 	 	 <quantity>97</quantity>
	 	 </request>
	 	 <request id="309" node="310">
	 	 	 <quantity>64</quantity>
	 	 </request>
	 	 <request id="310" node="311">
	 	 	 <quantity>23</quantity>
	 	 </request>
	 	 <request id="311" node="312">
	 	 	 <quantity>55</quantity>
	 	 </request>
	 	 <request id="312" node="313">
	 	 	 <quantity>30</quantity>
	 	 </request>
	 	 <request id="313" node="314">
	 	 	 <quantity>43</quantity>
	 	 </request>
	 	 <request id="314" node="315">
	 	 	 <quantity>35</quantity>
	 	 </request>
	 	 <request id="315" node="316">
	 	 	 <quantity>76</quantity>
	 	 </request>
	 	 <request id="316" node="317">
	 	 	 <quantity>65</quantity>
	 	 </request>
	 	 <request id="317" node="318">
	 	 	 <quantity>9</quantity>
	 	 </request>
	 	 <request id="318" node="319">
	 	 	 <quantity>68</quantity>
	 	 </request>
	 	 <request id="319" node="320">
	 	 	 <quantity>60</quantity>
	 	 </request>
	 	 <request id="320" node="321">
	 	 	 <quantity>57</quantity>
	 	 </request>
	 	 <request id="321" node="322">
	 	 	 <quantity>97</quantity>
	 	 </request>
	 	 <request id="322" node="323">
	 	 	 <quantity>63</quantity>
	 	 </request>
	 	 <request id="323" node="324">
	 	 	 <quantity>51</quantity>
	 	 </request>
	 	 <request id="324" node="325">
	 	 	 <quantity>65</quantity>
	 	 </request>
	 	 <request id="325" node="326">
	 	 	 <quantity>46</quantity>
	 	 </request>
	 	 <request id="326" node="327">
	 	 	 <quantity>70</quantity>
	 	 </request>
	 	 <request id="327" node="328">
	 	 	 <quantity>63</quantity>
	 	 </request>
	 	 <request id="328" node="329">
	 	 	 <quantity>86</quantity>
	 	 </request>
	 	 <request id="329" node="330">
	 	 	 <quantity>15</quantity>
	 	 </request>
	 	 <request id="330" node="331">
	 	 	 <quantity>90</quantity>
	 	 </request>
	 	 <request id="331" node="332">
	 	 	 <quantity>62</quantity>
	 	 </request>
	 	 <request id="332" node="333">
	 	 	 <quantity>62</quantity>
	 	 </request>
	 	 <request id="333" node="334">
	 	 	 <quantity>56</quantity>
	 	 </request>
	 	 <request id="334" node="335">
	 	 	 <quantity>63</quantity>
	 	 </request>
	 	 <request id="335" node="336">
	 	 	 <quantity>93</quantity>
	 	 </request>
	 	 <request id="336" node="337">
	 	 	 <quantity>31</quantity>
	 	 </request>
	 	 <request id="337" node="338">
	 	 	 <quantity>90</quantity>
	 	 </request>
	 	 <request id="338" node="339">
	 	 	 <quantity>58</quantity>
	 	 </request>
	 	 <request id="339" node="340">
	 	 	 <quantity>10</quantity>
	 	 </request>
	 	 <request id="340" node="341">
	 	 	 <quantity>100</quantity>
	 	 </request>
	 	 <request id="341" node="342">
	 	 	 <quantity>67</quantity>
	 	 </request>
	 	 <request id="342" node="343">
	 	 	 <quantity>78</quantity>
	 	 </request>
	 	 <request id="343" node="344">
	 	 	 <quantity>94</quantity>
	 	 </request>
	 	 <request id="344" node="345">
	 	 	 <quantity>91</quantity>
	 	 </request>
	 	 <request id="345" node="346">
	 	 	 <quantity>11</quantity>
	 	 </request>
	 	 <request id="346" node="347">
	 	 	 <quantity>19</quantity>
	 	 </request>
	 	 <request id="347" node="348">
	 	 	 <quantity>52</quantity>
	 	 </request>
	 	 <request id="348" node="349">
	 	 	 <quantity>52</quantity>
	 	 </request>
	 	 <request id="349" node="350">
	 	 	 <quantity>54</quantity>
	 	 </request>
	 	 <request id="350" node="351">
	 	 	 <quantity>87</quantity>
	 	 </request>
	 	 <request id="351" node="352">
	 	 	 <quantity>41</quantity>
	 	 </request>
	 	 <request id="352" node="353">
	 	 	 <quantity>77</quantity>
	 	 </request>
	 	 <request id="353" node="354">
	 	 	 <quantity>21</quantity>
	 	 </request>
	 	 <request id="354" node="355">
	 	 	 <quantity>37</quantity>
	 	 </request>
	 	 <request id="355" node="356">
	 	 	 <quantity>61</quantity>
	 	 </request>
	 	 <request id="356" node="357">
	 	 	 <quantity>32</quantity>
	 	 </request>
	 	 <request id="357" node="358">
	 	 	 <quantity>86</quantity>
	 	 </request>
	 	 <request id="358" node="359">
	 	 	 <quantity>67</quantity>
	 	 </request>
	 	 <request id="359" node="360">
	 	 	 <quantity>59</quantity>
	 	 </request>
	 	 <request id="360" node="361">
	 	 	 <quantity>53</quantity>
	 	 </request>
	 	 <request id="361" node="362">
	 	 	 <quantity>82</quantity>
	 	 </request>
	 	 <request id="362" node="363">
	 	 	 <quantity>55</quantity>
	 	 </request>
	 	 <request id="363" node="364">
	 	 	 <quantity>63</quantity>
	 	 </request>
	 	 <request id="364" node="365">
	 	 	 <quantity>62</quantity>
	 	 </request>
	 	 <request id="365" node="366">
	 	 	 <quantity>25</quantity>
	 	 </request>
	 	 <request id="366" node="367">
	 	 	 <quantity>59</quantity>
	 	 </request>
	 	 <request id="367" node="368">
	 	 	 <quantity>24</quantity>
	 	 </request>
	 	 <request id="368" node="369">
	 	 	 <quantity>65</quantity>
	 	 </request>
	 	 <request id="369" node="370">
	 	 	 <quantity>22</quantity>
	 	 </request>
	 	 <request id="370" node="371">
	 	 	 <quantity>90</quantity>
	 	 </request>
	 	 <request id="371" node="372">
	 	 	 <quantity>7</quantity>
	 	 </request>
	 	 <request id="372" node="373">
	 	 	 <quantity>67</quantity>
	 	 </request>
	 	 <request id="373" node="374">
	 	 	 <quantity>86</quantity>
	 	 </request>
	 	 <request id="374" node="375">
	 	 	 <quantity>19</quantity>
	 	 </request>
	 	 <request id="375" node="376">
	 	 	 <quantity>93</quantity>
	 	 </request>
	 	 <request id="376" node="377">
	 	 	 <quantity>80</quantity>
	 	 </request>
	 	 <request id="377" node="378">
	 	 	 <quantity>63</quantity>
	 	 </request>
	 	 <request id="378" node="379">
	 	 	 <quantity>34</quantity>
	 	 </request>
	 	 <request id="379" node="380">
	 	 	 <quantity>1</quantity>
	 	 </request>
	 	 <request id="380" node="381">
	 	 	 <quantity>14</quantity>
	 	 </request>
	 	 <request id="381" node="382">
	 	 	 <quantity>1</quantity>
	 	 </request>
	 	 <request id="382" node="383">
	 	 	 <quantity>87</quantity>
	 	 </request>
	 	 <request id="383" node="384">
	 	 	 <quantity>63</quantity>
	 	 </request>
	 	 <request id="384" node="385">
	 	 	 <quantity>55</quantity>
	 	 </request>
	 	 <request id="385" node="386">
	 	 	 <quantity>94</quantity>
	 	 </request>
	 	 <request id="386" node="387">
	 	 	 <quantity>59</quantity>
	 	 </request>
	 	 <request id="387" node="388">
	 	 	 <quantity>62</quantity>
	 	 </request>
	 	 <request id="388" node="389">
	 	 	 <quantity>71</quantity>
	 	 </request>
	 	 <request id="389" node="390">
	 	 	 <quantity>37</quantity>
	 	 </request>
	 	 <request id="390" node="391">
	 	 	 <quantity>79</quantity>
	 	 </request>
	 	 <request id="391" node="392">
	 	 	 <quantity>83</quantity>
	 	 </request>
	 	 <request id="392" node="393">
	 	 	 <quantity>50</quantity>
	 	 </request>
	 	 <request id="393" node="394">
	 	 	 <quantity>46</quantity>
	 	 </request>
	 	 <request id="394" node="395">
	 	 	 <quantity>76</quantity>
	 	 </request>
	 	 <request id="395" node="396">
	 	 	 <quantity>65</quantity>
	 	 </request>
	 	 <request id="396" node="397">
	 	 	 <quantity>95</quantity>
	 	 </request>
	 	 <request id="397" node="398">
	 	 	 <quantity>71</quantity>
	 	 </request>
	 	 <request id="398" node="399">
	 	 	 <quantity>21</quantity>
	 	 </request>
	 	 <request id="399" node="400">
	 	 	 <quantity>100</quantity>
	 	 </request>
	 	 <request id="400" node="401">
	 	 	 <quantity>66</quantity>
	 	 </request>
	 	 <request id="401" node="402">
	 	 	 <quantity>97</quantity>
	 	 </request>
	 	 <request id="402" node="403">
	 	 	 <quantity>80</quantity>
	 	 </request>
	 	 <request id="403" node="404">
	 	 	 <quantity>100</quantity>
	 	 </request>
	 	 <request id="404" node="405">
	 	 	 <quantity>34</quantity>
	 	 </request>
	 	 <request id="405" node="406">
	 	 	 <quantity>5</quantity>
	 	 </request>
	 	 <request id="406" node="407">
	 	 	 <quantity>32</quantity>
	 	 </request>
	 	 <request id="407" node="408">
	 	 	 <quantity>76</quantity>
	 	 </request>
	 	 <request id="408" node="409">
	 	 	 <quantity>78</quantity>
	 	 </request>
	 	 <request id="409" node="410">
	 	 	 <quantity>94</quantity>
	 	 </request>
	 	 <request id="410" node="411">
	 	 	 <quantity>53</quantity>
	 	 </request>
	 	 <request id="411" node="412">
	 	 	 <quantity>36</quantity>
	 	 </request>
	 	 <request id="412" node="413">
	 	 	 <quantity>73</quantity>
	 	 </request>
	 	 <request id="413" node="414">
	 	 	 <quantity>85</quantity>
	 	 </request>
	 	 <request id="414" node="415">
	 	 	 <quantity>55</quantity>
	 	 </request>
	 	 <request id="415" node="416">
	 	 	 <quantity>31</quantity>
	 	 </request>
	 	 <request id="416" node="417">
	 	 	 <quantity>66</quantity>
	 	 </request>
	 	 <request id="417" node="418">
	 	 	 <quantity>98</quantity>
	 	 </request>
	 	 <request id="418" node="419">
	 	 	 <quantity>94</quantity>
	 	 </request>
	 	 <request id="419" node="420">
	 	 	 <quantity>1</quantity>
	 	 </request>
	 	 <request id="420" node="421">
	 	 	 <quantity>60</quantity>
	 	 </request>
	 	 <request id="421" node="422">
	 	 	 <quantity>93</quantity>
	 	 </request>
	 	 <request id="422" node="423">
	 	 	 <quantity>67</quantity>
	 	 </request>
	 	 <request id="423" node="424">
	 	 	 <quantity>85</quantity>
	 	 </request>
	 	 <request id="424" node="425">
	 	 	 <quantity>76</quantity>
	 	 </request>
	 	 <request id="425" node="426">
	 	 	 <quantity>16</quantity>
	 	 </request>
	 	 <request id="426" node="427">
	 	 	 <quantity>32</quantity>
	 	 </request>
	 	 <request id="427" node="428">
	 	 	 <quantity>76</quantity>
	 	 </request>
	 	 <request id="428" node="429">
	 	 	 <quantity>65</quantity>
	 	 </request>
	 	 <request id="429" node="430">
	 	 	 <quantity>8</quantity>
	 	 </request>
	 	 <request id="430" node="431">
	 	 	 <quantity>68</quantity>
	 	 </request>
	 	 <request id="431" node="432">
	 	 	 <quantity>54</quantity>
	 	 </request>
	 	 <request id="432" node="433">
	 	 	 <quantity>58</quantity>
	 	 </request>
	 	 <request id="433" node="434">
	 	 	 <quantity>92</quantity>
	 	 </request>
	 	 <request id="434" node="435">
	 	 	 <quantity>64</quantity>
	 	 </request>
	 	 <request id="435" node="436">
	 	 	 <quantity>85</quantity>
	 	 </request>
	 	 <request id="436" node="437">
	 	 	 <quantity>66</quantity>
	 	 </request>
	 	 <request id="437" node="438">
	 	 	 <quantity>64</quantity>
	 	 </request>
	 	 <request id="438" node="439">
	 	 	 <quantity>4</quantity>
	 	 </request>
	 	 <request id="439" node="440">
	 	 	 <quantity>57</quantity>
	 	 </request>
	 	 <request id="440" node="441">
	 	 	 <quantity>73</quantity>
	 	 </request>
	 	 <request id="441" node="442">
	 	 	 <quantity>88</quantity>
	 	 </request>
	 	 <request id="442" node="443">
	 	 	 <quantity>89</quantity>
	 	 </request>
	 	 <request id="443" node="444">
	 	 	 <quantity>72</quantity>
	 	 </request>
	 	 <request id="444" node="445">
	 	 	 <quantity>73</quantity>
	 	 </request>
	 	 <request id="445" node="446">
	 	 	 <quantity>89</quantity>
	 	 </request>
	 	 <request id="446" node="447">
	 	 	 <quantity>74</quantity>
	 	 </request>
	 	 <request id="447" node="448">
	 	 	 <quantity>56</quantity>
	 	 </request>
	 	 <request id="448" node="449">
	 	 	 <quantity>79</quantity>
	 	 </request>
	 	 <request id="449" node="450">
	 	 	 <quantity>41</quantity>
	 	 </request>
	 	 <request id="450" node="451">
	 	 	 <quantity>62</quantity>
	 	 </request>
	 	 <request id="451" node="452">
	 	 	 <quantity>59</quantity>
	 	 </request>
	 	 <request id="452" node="453">
	 	 	 <quantity>28</quantity>
	 	 </request>
	 	 <request id="453" node="454">
	 	 	 <quantity>72</quantity>
	 	 </request>
	 	 <request id="454" node="455">
	 	 	 <quantity>31</quantity>
	 	 </request>
	 	 <request id="455" node="456">
	 	 	 <quantity>45</quantity>
	 	 </request>
	 	 <request id="456" node="457">
	 	 	 <quantity>80</quantity>
	 	 </request>
	 	 <request id="457" node="458">
	 	 	 <quantity>48</quantity>
	 	 </request>
	 	 <request id="458" node="459">
	 	 	 <quantity>99</quantity>
	 	 </request>
	 </requests>
</instance>
