<?xml version="1.0" encoding="UTF-8" standalone="yes"?>
<instance>
	<info>
	 	<dataset>Uchoa 2014 — Set X</dataset>
	 	<name>X-n233-k16</name>
	</info>
	<network>
	 	<nodes>
	 	 	<node id="1" type="1">
	 	 	 	<cx>500</cx>
	 	 	 	<cy>500</cy>
	 	 	</node>
	 	 	<node id="2" type="1">
	 	 	 	<cx>816</cx>
	 	 	 	<cy>981</cy>
	 	 	</node>
	 	 	<node id="3" type="1">
	 	 	 	<cx>349</cx>
	 	 	 	<cy>338</cy>
	 	 	</node>
	 	 	<node id="4" type="1">
	 	 	 	<cx>22</cx>
	 	 	 	<cy>205</cy>
	 	 	</node>
	 	 	<node id="5" type="1">
	 	 	 	<cx>385</cx>
	 	 	 	<cy>344</cy>
	 	 	</node>
	 	 	<node id="6" type="1">
	 	 	 	<cx>913</cx>
	 	 	 	<cy>54</cy>
	 	 	</node>
	 	 	<node id="7" type="1">
	 	 	 	<cx>524</cx>
	 	 	 	<cy>123</cy>
	 	 	</node>
	 	 	<node id="8" type="1">
	 	 	 	<cx>239</cx>
	 	 	 	<cy>335</cy>
	 	 	</node>
	 	 	<node id="9" type="1">
	 	 	 	<cx>150</cx>
	 	 	 	<cy>84</cy>
	 	 	</node>
	 	 	<node id="10" type="1">
	 	 	 	<cx>84</cx>
	 	 	 	<cy>860</cy>
	 	 	</node>
	 	 	<node id="11" type="1">
	 	 	 	<cx>645</cx>
	 	 	 	<cy>647</cy>
	 	 	</node>
	 	 	<node id="12" type="1">
	 	 	 	<cx>507</cx>
	 	 	 	<cy>516</cy>
	 	 	</node>
	 	 	<node id="13" type="1">
	 	 	 	<cx>153</cx>
	 	 	 	<cy>940</cy>
	 	 	</node>
	 	 	<node id="14" type="1">
	 	 	 	<cx>429</cx>
	 	 	 	<cy>602</cy>
	 	 	</node>
	 	 	<node id="15" type="1">
	 	 	 	<cx>596</cx>
	 	 	 	<cy>759</cy>
	 	 	</node>
	 	 	<node id="16" type="1">
	 	 	 	<cx>776</cx>
	 	 	 	<cy>399</cy>
	 	 	</node>
	 	 	<node id="17" type="1">
	 	 	 	<cx>942</cx>
	 	 	 	<cy>767</cy>
	 	 	</node>
	 	 	<node id="18" type="1">
	 	 	 	<cx>871</cx>
	 	 	 	<cy>2</cy>
	 	 	</node>
	 	 	<node id="19" type="1">
	 	 	 	<cx>714</cx>
	 	 	 	<cy>950</cy>
	 	 	</node>
	 	 	<node id="20" type="1">
	 	 	 	<cx>72</cx>
	 	 	 	<cy>400</cy>
	 	 	</node>
	 	 	<node id="21" type="1">
	 	 	 	<cx>765</cx>
	 	 	 	<cy>315</cy>
	 	 	</node>
	 	 	<node id="22" type="1">
	 	 	 	<cx>666</cx>
	 	 	 	<cy>798</cy>
	 	 	</node>
	 	 	<node id="23" type="1">
	 	 	 	<cx>287</cx>
	 	 	 	<cy>851</cy>
	 	 	</node>
	 	 	<node id="24" type="1">
	 	 	 	<cx>3</cx>
	 	 	 	<cy>201</cy>
	 	 	</node>
	 	 	<node id="25" type="1">
	 	 	 	<cx>78</cx>
	 	 	 	<cy>724</cy>
	 	 	</node>
	 	 	<node id="26" type="1">
	 	 	 	<cx>896</cx>
	 	 	 	<cy>240</cy>
	 	 	</node>
	 	 	<node id="27" type="1">
	 	 	 	<cx>59</cx>
	 	 	 	<cy>735</cy>
	 	 	</node>
	 	 	<node id="28" type="1">
	 	 	 	<cx>253</cx>
	 	 	 	<cy>251</cy>
	 	 	</node>
	 	 	<node id="29" type="1">
	 	 	 	<cx>37</cx>
	 	 	 	<cy>22</cy>
	 	 	</node>
	 	 	<node id="30" type="1">
	 	 	 	<cx>973</cx>
	 	 	 	<cy>599</cy>
	 	 	</node>
	 	 	<node id="31" type="1">
	 	 	 	<cx>726</cx>
	 	 	 	<cy>13</cy>
	 	 	</node>
	 	 	<node id="32" type="1">
	 	 	 	<cx>82</cx>
	 	 	 	<cy>262</cy>
	 	 	</node>
	 	 	<node id="33" type="1">
	 	 	 	<cx>2</cx>
	 	 	 	<cy>631</cy>
	 	 	</node>
	 	 	<node id="34" type="1">
	 	 	 	<cx>133</cx>
	 	 	 	<cy>656</cy>
	 	 	</node>
	 	 	<node id="35" type="1">
	 	 	 	<cx>435</cx>
	 	 	 	<cy>741</cy>
	 	 	</node>
	 	 	<node id="36" type="1">
	 	 	 	<cx>834</cx>
	 	 	 	<cy>714</cy>
	 	 	</node>
	 	 	<node id="37" type="1">
	 	 	 	<cx>37</cx>
	 	 	 	<cy>861</cy>
	 	 	</node>
	 	 	<node id="38" type="1">
	 	 	 	<cx>946</cx>
	 	 	 	<cy>211</cy>
	 	 	</node>
	 	 	<node id="39" type="1">
	 	 	 	<cx>290</cx>
	 	 	 	<cy>110</cy>
	 	 	</node>
	 	 	<node id="40" type="1">
	 	 	 	<cx>423</cx>
	 	 	 	<cy>350</cy>
	 	 	</node>
	 	 	<node id="41" type="1">
	 	 	 	<cx>406</cx>
	 	 	 	<cy>414</cy>
	 	 	</node>
	 	 	<node id="42" type="1">
	 	 	 	<cx>804</cx>
	 	 	 	<cy>581</cy>
	 	 	</node>
	 	 	<node id="43" type="1">
	 	 	 	<cx>846</cx>
	 	 	 	<cy>956</cy>
	 	 	</node>
	 	 	<node id="44" type="1">
	 	 	 	<cx>849</cx>
	 	 	 	<cy>683</cy>
	 	 	</node>
	 	 	<node id="45" type="1">
	 	 	 	<cx>79</cx>
	 	 	 	<cy>883</cy>
	 	 	</node>
	 	 	<node id="46" type="1">
	 	 	 	<cx>433</cx>
	 	 	 	<cy>93</cy>
	 	 	</node>
	 	 	<node id="47" type="1">
	 	 	 	<cx>610</cx>
	 	 	 	<cy>253</cy>
	 	 	</node>
	 	 	<node id="48" type="1">
	 	 	 	<cx>686</cx>
	 	 	 	<cy>486</cy>
	 	 	</node>
	 	 	<node id="49" type="1">
	 	 	 	<cx>229</cx>
	 	 	 	<cy>248</cy>
	 	 	</node>
	 	 	<node id="50" type="1">
	 	 	 	<cx>382</cx>
	 	 	 	<cy>597</cy>
	 	 	</node>
	 	 	<node id="51" type="1">
	 	 	 	<cx>544</cx>
	 	 	 	<cy>618</cy>
	 	 	</node>
	 	 	<node id="52" type="1">
	 	 	 	<cx>585</cx>
	 	 	 	<cy>303</cy>
	 	 	</node>
	 	 	<node id="53" type="1">
	 	 	 	<cx>732</cx>
	 	 	 	<cy>387</cy>
	 	 	</node>
	 	 	<node id="54" type="1">
	 	 	 	<cx>533</cx>
	 	 	 	<cy>952</cy>
	 	 	</node>
	 	 	<node id="55" type="1">
	 	 	 	<cx>563</cx>
	 	 	 	<cy>807</cy>
	 	 	</node>
	 	 	<node id="56" type="1">
	 	 	 	<cx>780</cx>
	 	 	 	<cy>940</cy>
	 	 	</node>
	 	 	<node id="57" type="1">
	 	 	 	<cx>665</cx>
	 	 	 	<cy>561</cy>
	 	 	</node>
	 	 	<node id="58" type="1">
	 	 	 	<cx>591</cx>
	 	 	 	<cy>536</cy>
	 	 	</node>
	 	 	<node id="59" type="1">
	 	 	 	<cx>35</cx>
	 	 	 	<cy>216</cy>
	 	 	</node>
	 	 	<node id="60" type="1">
	 	 	 	<cx>577</cx>
	 	 	 	<cy>969</cy>
	 	 	</node>
	 	 	<node id="61" type="1">
	 	 	 	<cx>811</cx>
	 	 	 	<cy>927</cy>
	 	 	</node>
	 	 	<node id="62" type="1">
	 	 	 	<cx>592</cx>
	 	 	 	<cy>744</cy>
	 	 	</node>
	 	 	<node id="63" type="1">
	 	 	 	<cx>280</cx>
	 	 	 	<cy>384</cy>
	 	 	</node>
	 	 	<node id="64" type="1">
	 	 	 	<cx>866</cx>
	 	 	 	<cy>228</cy>
	 	 	</node>
	 	 	<node id="65" type="1">
	 	 	 	<cx>153</cx>
	 	 	 	<cy>27</cy>
	 	 	</node>
	 	 	<node id="66" type="1">
	 	 	 	<cx>401</cx>
	 	 	 	<cy>481</cy>
	 	 	</node>
	 	 	<node id="67" type="1">
	 	 	 	<cx>72</cx>
	 	 	 	<cy>488</cy>
	 	 	</node>
	 	 	<node id="68" type="1">
	 	 	 	<cx>610</cx>
	 	 	 	<cy>324</cy>
	 	 	</node>
	 	 	<node id="69" type="1">
	 	 	 	<cx>381</cx>
	 	 	 	<cy>300</cy>
	 	 	</node>
	 	 	<node id="70" type="1">
	 	 	 	<cx>209</cx>
	 	 	 	<cy>675</cy>
	 	 	</node>
	 	 	<node id="71" type="1">
	 	 	 	<cx>139</cx>
	 	 	 	<cy>848</cy>
	 	 	</node>
	 	 	<node id="72" type="1">
	 	 	 	<cx>354</cx>
	 	 	 	<cy>124</cy>
	 	 	</node>
	 	 	<node id="73" type="1">
	 	 	 	<cx>386</cx>
	 	 	 	<cy>572</cy>
	 	 	</node>
	 	 	<node id="74" type="1">
	 	 	 	<cx>36</cx>
	 	 	 	<cy>764</cy>
	 	 	</node>
	 	 	<node id="75" type="1">
	 	 	 	<cx>660</cx>
	 	 	 	<cy>422</cy>
	 	 	</node>
	 	 	<node id="76" type="1">
	 	 	 	<cx>719</cx>
	 	 	 	<cy>264</cy>
	 	 	</node>
	 	 	<node id="77" type="1">
	 	 	 	<cx>761</cx>
	 	 	 	<cy>560</cy>
	 	 	</node>
	 	 	<node id="78" type="1">
	 	 	 	<cx>231</cx>
	 	 	 	<cy>203</cy>
	 	 	</node>
	 	 	<node id="79" type="1">
	 	 	 	<cx>769</cx>
	 	 	 	<cy>312</cy>
	 	 	</node>
	 	 	<node id="80" type="1">
	 	 	 	<cx>905</cx>
	 	 	 	<cy>645</cy>
	 	 	</node>
	 	 	<node id="81" type="1">
	 	 	 	<cx>304</cx>
	 	 	 	<cy>372</cy>
	 	 	</node>
	 	 	<node id="82" type="1">
	 	 	 	<cx>970</cx>
	 	 	 	<cy>966</cy>
	 	 	</node>
	 	 	<node id="83" type="1">
	 	 	 	<cx>51</cx>
	 	 	 	<cy>257</cy>
	 	 	</node>
	 	 	<node id="84" type="1">
	 	 	 	<cx>189</cx>
	 	 	 	<cy>934</cy>
	 	 	</node>
	 	 	<node id="85" type="1">
	 	 	 	<cx>516</cx>
	 	 	 	<cy>6</cy>
	 	 	</node>
	 	 	<node id="86" type="1">
	 	 	 	<cx>756</cx>
	 	 	 	<cy>36</cy>
	 	 	</node>
	 	 	<node id="87" type="1">
	 	 	 	<cx>47</cx>
	 	 	 	<cy>139</cy>
	 	 	</node>
	 	 	<node id="88" type="1">
	 	 	 	<cx>428</cx>
	 	 	 	<cy>61</cy>
	 	 	</node>
	 	 	<node id="89" type="1">
	 	 	 	<cx>100</cx>
	 	 	 	<cy>853</cy>
	 	 	</node>
	 	 	<node id="90" type="1">
	 	 	 	<cx>923</cx>
	 	 	 	<cy>919</cy>
	 	 	</node>
	 	 	<node id="91" type="1">
	 	 	 	<cx>751</cx>
	 	 	 	<cy>480</cy>
	 	 	</node>
	 	 	<node id="92" type="1">
	 	 	 	<cx>555</cx>
	 	 	 	<cy>726</cy>
	 	 	</node>
	 	 	<node id="93" type="1">
	 	 	 	<cx>463</cx>
	 	 	 	<cy>190</cy>
	 	 	</node>
	 	 	<node id="94" type="1">
	 	 	 	<cx>130</cx>
	 	 	 	<cy>131</cy>
	 	 	</node>
	 	 	<node id="95" type="1">
	 	 	 	<cx>105</cx>
	 	 	 	<cy>943</cy>
	 	 	</node>
	 	 	<node id="96" type="1">
	 	 	 	<cx>83</cx>
	 	 	 	<cy>892</cy>
	 	 	</node>
	 	 	<node id="97" type="1">
	 	 	 	<cx>215</cx>
	 	 	 	<cy>690</cy>
	 	 	</node>
	 	 	<node id="98" type="1">
	 	 	 	<cx>869</cx>
	 	 	 	<cy>706</cy>
	 	 	</node>
	 	 	<node id="99" type="1">
	 	 	 	<cx>512</cx>
	 	 	 	<cy>831</cy>
	 	 	</node>
	 	 	<node id="100" type="1">
	 	 	 	<cx>603</cx>
	 	 	 	<cy>287</cy>
	 	 	</node>
	 	 	<node id="101" type="1">
	 	 	 	<cx>668</cx>
	 	 	 	<cy>913</cy>
	 	 	</node>
	 	 	<node id="102" type="1">
	 	 	 	<cx>954</cx>
	 	 	 	<cy>694</cy>
	 	 	</node>
	 	 	<node id="103" type="1">
	 	 	 	<cx>321</cx>
	 	 	 	<cy>587</cy>
	 	 	</node>
	 	 	<node id="104" type="1">
	 	 	 	<cx>282</cx>
	 	 	 	<cy>907</cy>
	 	 	</node>
	 	 	<node id="105" type="1">
	 	 	 	<cx>339</cx>
	 	 	 	<cy>810</cy>
	 	 	</node>
	 	 	<node id="106" type="1">
	 	 	 	<cx>30</cx>
	 	 	 	<cy>659</cy>
	 	 	</node>
	 	 	<node id="107" type="1">
	 	 	 	<cx>339</cx>
	 	 	 	<cy>296</cy>
	 	 	</node>
	 	 	<node id="108" type="1">
	 	 	 	<cx>367</cx>
	 	 	 	<cy>511</cy>
	 	 	</node>
	 	 	<node id="109" type="1">
	 	 	 	<cx>448</cx>
	 	 	 	<cy>223</cy>
	 	 	</node>
	 	 	<node id="110" type="1">
	 	 	 	<cx>72</cx>
	 	 	 	<cy>181</cy>
	 	 	</node>
	 	 	<node id="111" type="1">
	 	 	 	<cx>323</cx>
	 	 	 	<cy>183</cy>
	 	 	</node>
	 	 	<node id="112" type="1">
	 	 	 	<cx>684</cx>
	 	 	 	<cy>125</cy>
	 	 	</node>
	 	 	<node id="113" type="1">
	 	 	 	<cx>415</cx>
	 	 	 	<cy>387</cy>
	 	 	</node>
	 	 	<node id="114" type="1">
	 	 	 	<cx>882</cx>
	 	 	 	<cy>359</cy>
	 	 	</node>
	 	 	<node id="115" type="1">
	 	 	 	<cx>485</cx>
	 	 	 	<cy>115</cy>
	 	 	</node>
	 	 	<node id="116" type="1">
	 	 	 	<cx>133</cx>
	 	 	 	<cy>541</cy>
	 	 	</node>
	 	 	<node id="117" type="1">
	 	 	 	<cx>368</cx>
	 	 	 	<cy>424</cy>
	 	 	</node>
	 	 	<node id="118" type="1">
	 	 	 	<cx>585</cx>
	 	 	 	<cy>302</cy>
	 	 	</node>
	 	 	<node id="119" type="1">
	 	 	 	<cx>991</cx>
	 	 	 	<cy>97</cy>
	 	 	</node>
	 	 	<node id="120" type="1">
	 	 	 	<cx>198</cx>
	 	 	 	<cy>817</cy>
	 	 	</node>
	 	 	<node id="121" type="1">
	 	 	 	<cx>634</cx>
	 	 	 	<cy>849</cy>
	 	 	</node>
	 	 	<node id="122" type="1">
	 	 	 	<cx>142</cx>
	 	 	 	<cy>639</cy>
	 	 	</node>
	 	 	<node id="123" type="1">
	 	 	 	<cx>455</cx>
	 	 	 	<cy>777</cy>
	 	 	</node>
	 	 	<node id="124" type="1">
	 	 	 	<cx>436</cx>
	 	 	 	<cy>774</cy>
	 	 	</node>
	 	 	<node id="125" type="1">
	 	 	 	<cx>245</cx>
	 	 	 	<cy>581</cy>
	 	 	</node>
	 	 	<node id="126" type="1">
	 	 	 	<cx>112</cx>
	 	 	 	<cy>691</cy>
	 	 	</node>
	 	 	<node id="127" type="1">
	 	 	 	<cx>665</cx>
	 	 	 	<cy>246</cy>
	 	 	</node>
	 	 	<node id="128" type="1">
	 	 	 	<cx>37</cx>
	 	 	 	<cy>450</cy>
	 	 	</node>
	 	 	<node id="129" type="1">
	 	 	 	<cx>436</cx>
	 	 	 	<cy>843</cy>
	 	 	</node>
	 	 	<node id="130" type="1">
	 	 	 	<cx>899</cx>
	 	 	 	<cy>115</cy>
	 	 	</node>
	 	 	<node id="131" type="1">
	 	 	 	<cx>983</cx>
	 	 	 	<cy>90</cy>
	 	 	</node>
	 	 	<node id="132" type="1">
	 	 	 	<cx>461</cx>
	 	 	 	<cy>866</cy>
	 	 	</node>
	 	 	<node id="133" type="1">
	 	 	 	<cx>429</cx>
	 	 	 	<cy>752</cy>
	 	 	</node>
	 	 	<node id="134" type="1">
	 	 	 	<cx>696</cx>
	 	 	 	<cy>466</cy>
	 	 	</node>
	 	 	<node id="135" type="1">
	 	 	 	<cx>629</cx>
	 	 	 	<cy>807</cy>
	 	 	</node>
	 	 	<node id="136" type="1">
	 	 	 	<cx>506</cx>
	 	 	 	<cy>293</cy>
	 	 	</node>
	 	 	<node id="137" type="1">
	 	 	 	<cx>11</cx>
	 	 	 	<cy>521</cy>
	 	 	</node>
	 	 	<node id="138" type="1">
	 	 	 	<cx>50</cx>
	 	 	 	<cy>515</cy>
	 	 	</node>
	 	 	<node id="139" type="1">
	 	 	 	<cx>109</cx>
	 	 	 	<cy>570</cy>
	 	 	</node>
	 	 	<node id="140" type="1">
	 	 	 	<cx>677</cx>
	 	 	 	<cy>876</cy>
	 	 	</node>
	 	 	<node id="141" type="1">
	 	 	 	<cx>171</cx>
	 	 	 	<cy>930</cy>
	 	 	</node>
	 	 	<node id="142" type="1">
	 	 	 	<cx>919</cx>
	 	 	 	<cy>111</cy>
	 	 	</node>
	 	 	<node id="143" type="1">
	 	 	 	<cx>425</cx>
	 	 	 	<cy>775</cy>
	 	 	</node>
	 	 	<node id="144" type="1">
	 	 	 	<cx>470</cx>
	 	 	 	<cy>783</cy>
	 	 	</node>
	 	 	<node id="145" type="1">
	 	 	 	<cx>129</cx>
	 	 	 	<cy>852</cy>
	 	 	</node>
	 	 	<node id="146" type="1">
	 	 	 	<cx>504</cx>
	 	 	 	<cy>181</cy>
	 	 	</node>
	 	 	<node id="147" type="1">
	 	 	 	<cx>439</cx>
	 	 	 	<cy>799</cy>
	 	 	</node>
	 	 	<node id="148" type="1">
	 	 	 	<cx>919</cx>
	 	 	 	<cy>181</cy>
	 	 	</node>
	 	 	<node id="149" type="1">
	 	 	 	<cx>469</cx>
	 	 	 	<cy>826</cy>
	 	 	</node>
	 	 	<node id="150" type="1">
	 	 	 	<cx>390</cx>
	 	 	 	<cy>729</cy>
	 	 	</node>
	 	 	<node id="151" type="1">
	 	 	 	<cx>83</cx>
	 	 	 	<cy>649</cy>
	 	 	</node>
	 	 	<node id="152" type="1">
	 	 	 	<cx>469</cx>
	 	 	 	<cy>662</cy>
	 	 	</node>
	 	 	<node id="153" type="1">
	 	 	 	<cx>161</cx>
	 	 	 	<cy>759</cy>
	 	 	</node>
	 	 	<node id="154" type="1">
	 	 	 	<cx>656</cx>
	 	 	 	<cy>281</cy>
	 	 	</node>
	 	 	<node id="155" type="1">
	 	 	 	<cx>90</cx>
	 	 	 	<cy>681</cy>
	 	 	</node>
	 	 	<node id="156" type="1">
	 	 	 	<cx>563</cx>
	 	 	 	<cy>555</cy>
	 	 	</node>
	 	 	<node id="157" type="1">
	 	 	 	<cx>399</cx>
	 	 	 	<cy>828</cy>
	 	 	</node>
	 	 	<node id="158" type="1">
	 	 	 	<cx>155</cx>
	 	 	 	<cy>612</cy>
	 	 	</node>
	 	 	<node id="159" type="1">
	 	 	 	<cx>213</cx>
	 	 	 	<cy>837</cy>
	 	 	</node>
	 	 	<node id="160" type="1">
	 	 	 	<cx>280</cx>
	 	 	 	<cy>680</cy>
	 	 	</node>
	 	 	<node id="161" type="1">
	 	 	 	<cx>473</cx>
	 	 	 	<cy>689</cy>
	 	 	</node>
	 	 	<node id="162" type="1">
	 	 	 	<cx>153</cx>
	 	 	 	<cy>586</cy>
	 	 	</node>
	 	 	<node id="163" type="1">
	 	 	 	<cx>273</cx>
	 	 	 	<cy>698</cy>
	 	 	</node>
	 	 	<node id="164" type="1">
	 	 	 	<cx>191</cx>
	 	 	 	<cy>650</cy>
	 	 	</node>
	 	 	<node id="165" type="1">
	 	 	 	<cx>645</cx>
	 	 	 	<cy>830</cy>
	 	 	</node>
	 	 	<node id="166" type="1">
	 	 	 	<cx>484</cx>
	 	 	 	<cy>821</cy>
	 	 	</node>
	 	 	<node id="167" type="1">
	 	 	 	<cx>384</cx>
	 	 	 	<cy>375</cy>
	 	 	</node>
	 	 	<node id="168" type="1">
	 	 	 	<cx>65</cx>
	 	 	 	<cy>890</cy>
	 	 	</node>
	 	 	<node id="169" type="1">
	 	 	 	<cx>137</cx>
	 	 	 	<cy>561</cy>
	 	 	</node>
	 	 	<node id="170" type="1">
	 	 	 	<cx>432</cx>
	 	 	 	<cy>780</cy>
	 	 	</node>
	 	 	<node id="171" type="1">
	 	 	 	<cx>561</cx>
	 	 	 	<cy>523</cy>
	 	 	</node>
	 	 	<node id="172" type="1">
	 	 	 	<cx>390</cx>
	 	 	 	<cy>934</cy>
	 	 	</node>
	 	 	<node id="173" type="1">
	 	 	 	<cx>481</cx>
	 	 	 	<cy>236</cy>
	 	 	</node>
	 	 	<node id="174" type="1">
	 	 	 	<cx>725</cx>
	 	 	 	<cy>818</cy>
	 	 	</node>
	 	 	<node id="175" type="1">
	 	 	 	<cx>272</cx>
	 	 	 	<cy>710</cy>
	 	 	</node>
	 	 	<node id="176" type="1">
	 	 	 	<cx>998</cx>
	 	 	 	<cy>76</cy>
	 	 	</node>
	 	 	<node id="177" type="1">
	 	 	 	<cx>544</cx>
	 	 	 	<cy>282</cy>
	 	 	</node>
	 	 	<node id="178" type="1">
	 	 	 	<cx>866</cx>
	 	 	 	<cy>252</cy>
	 	 	</node>
	 	 	<node id="179" type="1">
	 	 	 	<cx>358</cx>
	 	 	 	<cy>678</cy>
	 	 	</node>
	 	 	<node id="180" type="1">
	 	 	 	<cx>439</cx>
	 	 	 	<cy>687</cy>
	 	 	</node>
	 	 	<node id="181" type="1">
	 	 	 	<cx>470</cx>
	 	 	 	<cy>303</cy>
	 	 	</node>
	 	 	<node id="182" type="1">
	 	 	 	<cx>636</cx>
	 	 	 	<cy>804</cy>
	 	 	</node>
	 	 	<node id="183" type="1">
	 	 	 	<cx>461</cx>
	 	 	 	<cy>690</cy>
	 	 	</node>
	 	 	<node id="184" type="1">
	 	 	 	<cx>912</cx>
	 	 	 	<cy>114</cy>
	 	 	</node>
	 	 	<node id="185" type="1">
	 	 	 	<cx>406</cx>
	 	 	 	<cy>829</cy>
	 	 	</node>
	 	 	<node id="186" type="1">
	 	 	 	<cx>372</cx>
	 	 	 	<cy>683</cy>
	 	 	</node>
	 	 	<node id="187" type="1">
	 	 	 	<cx>446</cx>
	 	 	 	<cy>812</cy>
	 	 	</node>
	 	 	<node id="188" type="1">
	 	 	 	<cx>378</cx>
	 	 	 	<cy>754</cy>
	 	 	</node>
	 	 	<node id="189" type="1">
	 	 	 	<cx>412</cx>
	 	 	 	<cy>780</cy>
	 	 	</node>
	 	 	<node id="190" type="1">
	 	 	 	<cx>637</cx>
	 	 	 	<cy>870</cy>
	 	 	</node>
	 	 	<node id="191" type="1">
	 	 	 	<cx>953</cx>
	 	 	 	<cy>185</cy>
	 	 	</node>
	 	 	<node id="192" type="1">
	 	 	 	<cx>541</cx>
	 	 	 	<cy>254</cy>
	 	 	</node>
	 	 	<node id="193" type="1">
	 	 	 	<cx>498</cx>
	 	 	 	<cy>856</cy>
	 	 	</node>
	 	 	<node id="194" type="1">
	 	 	 	<cx>535</cx>
	 	 	 	<cy>304</cy>
	 	 	</node>
	 	 	<node id="195" type="1">
	 	 	 	<cx>652</cx>
	 	 	 	<cy>948</cy>
	 	 	</node>
	 	 	<node id="196" type="1">
	 	 	 	<cx>318</cx>
	 	 	 	<cy>654</cy>
	 	 	</node>
	 	 	<node id="197" type="1">
	 	 	 	<cx>117</cx>
	 	 	 	<cy>832</cy>
	 	 	</node>
	 	 	<node id="198" type="1">
	 	 	 	<cx>648</cx>
	 	 	 	<cy>144</cy>
	 	 	</node>
	 	 	<node id="199" type="1">
	 	 	 	<cx>410</cx>
	 	 	 	<cy>863</cy>
	 	 	</node>
	 	 	<node id="200" type="1">
	 	 	 	<cx>371</cx>
	 	 	 	<cy>627</cy>
	 	 	</node>
	 	 	<node id="201" type="1">
	 	 	 	<cx>634</cx>
	 	 	 	<cy>872</cy>
	 	 	</node>
	 	 	<node id="202" type="1">
	 	 	 	<cx>308</cx>
	 	 	 	<cy>649</cy>
	 	 	</node>
	 	 	<node id="203" type="1">
	 	 	 	<cx>235</cx>
	 	 	 	<cy>979</cy>
	 	 	</node>
	 	 	<node id="204" type="1">
	 	 	 	<cx>271</cx>
	 	 	 	<cy>865</cy>
	 	 	</node>
	 	 	<node id="205" type="1">
	 	 	 	<cx>115</cx>
	 	 	 	<cy>761</cy>
	 	 	</node>
	 	 	<node id="206" type="1">
	 	 	 	<cx>553</cx>
	 	 	 	<cy>750</cy>
	 	 	</node>
	 	 	<node id="207" type="1">
	 	 	 	<cx>723</cx>
	 	 	 	<cy>813</cy>
	 	 	</node>
	 	 	<node id="208" type="1">
	 	 	 	<cx>405</cx>
	 	 	 	<cy>889</cy>
	 	 	</node>
	 	 	<node id="209" type="1">
	 	 	 	<cx>570</cx>
	 	 	 	<cy>761</cy>
	 	 	</node>
	 	 	<node id="210" type="1">
	 	 	 	<cx>114</cx>
	 	 	 	<cy>660</cy>
	 	 	</node>
	 	 	<node id="211" type="1">
	 	 	 	<cx>159</cx>
	 	 	 	<cy>883</cy>
	 	 	</node>
	 	 	<node id="212" type="1">
	 	 	 	<cx>460</cx>
	 	 	 	<cy>699</cy>
	 	 	</node>
	 	 	<node id="213" type="1">
	 	 	 	<cx>185</cx>
	 	 	 	<cy>559</cy>
	 	 	</node>
	 	 	<node id="214" type="1">
	 	 	 	<cx>472</cx>
	 	 	 	<cy>799</cy>
	 	 	</node>
	 	 	<node id="215" type="1">
	 	 	 	<cx>320</cx>
	 	 	 	<cy>641</cy>
	 	 	</node>
	 	 	<node id="216" type="1">
	 	 	 	<cx>508</cx>
	 	 	 	<cy>754</cy>
	 	 	</node>
	 	 	<node id="217" type="1">
	 	 	 	<cx>294</cx>
	 	 	 	<cy>874</cy>
	 	 	</node>
	 	 	<node id="218" type="1">
	 	 	 	<cx>265</cx>
	 	 	 	<cy>793</cy>
	 	 	</node>
	 	 	<node id="219" type="1">
	 	 	 	<cx>999</cx>
	 	 	 	<cy>125</cy>
	 	 	</node>
	 	 	<node id="220" type="1">
	 	 	 	<cx>999</cx>
	 	 	 	<cy>75</cy>
	 	 	</node>
	 	 	<node id="221" type="1">
	 	 	 	<cx>662</cx>
	 	 	 	<cy>727</cy>
	 	 	</node>
	 	 	<node id="222" type="1">
	 	 	 	<cx>464</cx>
	 	 	 	<cy>770</cy>
	 	 	</node>
	 	 	<node id="223" type="1">
	 	 	 	<cx>724</cx>
	 	 	 	<cy>174</cy>
	 	 	</node>
	 	 	<node id="224" type="1">
	 	 	 	<cx>603</cx>
	 	 	 	<cy>260</cy>
	 	 	</node>
	 	 	<node id="225" type="1">
	 	 	 	<cx>530</cx>
	 	 	 	<cy>286</cy>
	 	 	</node>
	 	 	<node id="226" type="1">
	 	 	 	<cx>383</cx>
	 	 	 	<cy>845</cy>
	 	 	</node>
	 	 	<node id="227" type="1">
	 	 	 	<cx>814</cx>
	 	 	 	<cy>812</cy>
	 	 	</node>
	 	 	<node id="228" type="1">
	 	 	 	<cx>96</cx>
	 	 	 	<cy>554</cy>
	 	 	</node>
	 	 	<node id="229" type="1">
	 	 	 	<cx>605</cx>
	 	 	 	<cy>284</cy>
	 	 	</node>
	 	 	<node id="230" type="1">
	 	 	 	<cx>134</cx>
	 	 	 	<cy>625</cy>
	 	 	</node>
	 	 	<node id="231" type="1">
	 	 	 	<cx>568</cx>
	 	 	 	<cy>454</cy>
	 	 	</node>
	 	 	<node id="232" type="1">
	 	 	 	<cx>220</cx>
	 	 	 	<cy>931</cy>
	 	 	</node>
	 	 	<node id="233" type="1">
	 	 	 	<cx>162</cx>
	 	 	 	<cy>792</cy>
	 	 	</node>
	 	</nodes>
	 	<euclidean/>
	 	<decimals>0</decimals>
	 </network>
	 <fleet>
	 	 <vehicle_profile type="0">
	 	  	 <departure_node>1</departure_node>
	 	  	 <arrival_node>1</arrival_node>
	 	  	 <capacity>631</capacity>
	 	 </vehicle_profile>
	 </fleet>
	 <requests>
	 	 <request id="1" node="2">
	 	 	 <quantity>53</quantity>
	 	 </request>
	 	 <request id="2" node="3">
	 	 	 <quantity>64</quantity>
	 	 </request>
	 	 <request id="3" node="4">
	 	 	 <quantity>54</quantity>
	 	 </request>
	 	 <request id="4" node="5">
	 	 	 <quantity>63</quantity>
	 	 </request>
	 	 <request id="5" node="6">
	 	 	 <quantity>45</quantity>
	 	 </request>
	 	 <request id="6" node="7">
	 	 	 <quantity>6</quantity>
	 	 </request>
	 	 <request id="7" node="8">
	 	 	 <quantity>100</quantity>
	 	 </request>
	 	 <request id="8" node="9">
	 	 	 <quantity>63</quantity>
	 	 </request>
	 	 <request id="9" node="10">
	 	 	 <quantity>5</quantity>
	 	 </request>
	 	 <request id="10" node="11">
	 	 	 <quantity>74</quantity>
	 	 </request>
	 	 <request id="11" node="12">
	 	 	 <quantity>87</quantity>
	 	 </request>
	 	 <request id="12" node="13">
	 	 	 <quantity>11</quantity>
	 	 </request>
	 	 <request id="13" node="14">
	 	 	 <quantity>33</quantity>
	 	 </request>
	 	 <request id="14" node="15">
	 	 	 <quantity>63</quantity>
	 	 </request>
	 	 <request id="15" node="16">
	 	 	 <quantity>36</quantity>
	 	 </request>
	 	 <request id="16" node="17">
	 	 	 <quantity>93</quantity>
	 	 </request>
	 	 <request id="17" node="18">
	 	 	 <quantity>28</quantity>
	 	 </request>
	 	 <request id="18" node="19">
	 	 	 <quantity>89</quantity>
	 	 </request>
	 	 <request id="19" node="20">
	 	 	 <quantity>64</quantity>
	 	 </request>
	 	 <request id="20" node="21">
	 	 	 <quantity>8</quantity>
	 	 </request>
	 	 <request id="21" node="22">
	 	 	 <quantity>69</quantity>
	 	 </request>
	 	 <request id="22" node="23">
	 	 	 <quantity>40</quantity>
	 	 </request>
	 	 <request id="23" node="24">
	 	 	 <quantity>65</quantity>
	 	 </request>
	 	 <request id="24" node="25">
	 	 	 <quantity>29</quantity>
	 	 </request>
	 	 <request id="25" node="26">
	 	 	 <quantity>30</quantity>
	 	 </request>
	 	 <request id="26" node="27">
	 	 	 <quantity>19</quantity>
	 	 </request>
	 	 <request id="27" node="28">
	 	 	 <quantity>78</quantity>
	 	 </request>
	 	 <request id="28" node="29">
	 	 	 <quantity>78</quantity>
	 	 </request>
	 	 <request id="29" node="30">
	 	 	 <quantity>55</quantity>
	 	 </request>
	 	 <request id="30" node="31">
	 	 	 <quantity>6</quantity>
	 	 </request>
	 	 <request id="31" node="32">
	 	 	 <quantity>94</quantity>
	 	 </request>
	 	 <request id="32" node="33">
	 	 	 <quantity>25</quantity>
	 	 </request>
	 	 <request id="33" node="34">
	 	 	 <quantity>38</quantity>
	 	 </request>
	 	 <request id="34" node="35">
	 	 	 <quantity>2</quantity>
	 	 </request>
	 	 <request id="35" node="36">
	 	 	 <quantity>69</quantity>
	 	 </request>
	 	 <request id="36" node="37">
	 	 	 <quantity>42</quantity>
	 	 </request>
	 	 <request id="37" node="38">
	 	 	 <quantity>43</quantity>
	 	 </request>
	 	 <request id="38" node="39">
	 	 	 <quantity>94</quantity>
	 	 </request>
	 	 <request id="39" node="40">
	 	 	 <quantity>74</quantity>
	 	 </request>
	 	 <request id="40" node="41">
	 	 	 <quantity>54</quantity>
	 	 </request>
	 	 <request id="41" node="42">
	 	 	 <quantity>93</quantity>
	 	 </request>
	 	 <request id="42" node="43">
	 	 	 <quantity>76</quantity>
	 	 </request>
	 	 <request id="43" node="44">
	 	 	 <quantity>92</quantity>
	 	 </request>
	 	 <request id="44" node="45">
	 	 	 <quantity>49</quantity>
	 	 </request>
	 	 <request id="45" node="46">
	 	 	 <quantity>85</quantity>
	 	 </request>
	 	 <request id="46" node="47">
	 	 	 <quantity>4</quantity>
	 	 </request>
	 	 <request id="47" node="48">
	 	 	 <quantity>12</quantity>
	 	 </request>
	 	 <request id="48" node="49">
	 	 	 <quantity>70</quantity>
	 	 </request>
	 	 <request id="49" node="50">
	 	 	 <quantity>17</quantity>
	 	 </request>
	 	 <request id="50" node="51">
	 	 	 <quantity>82</quantity>
	 	 </request>
	 	 <request id="51" node="52">
	 	 	 <quantity>16</quantity>
	 	 </request>
	 	 <request id="52" node="53">
	 	 	 <quantity>1</quantity>
	 	 </request>
	 	 <request id="53" node="54">
	 	 	 <quantity>51</quantity>
	 	 </request>
	 	 <request id="54" node="55">
	 	 	 <quantity>94</quantity>
	 	 </request>
	 	 <request id="55" node="56">
	 	 	 <quantity>74</quantity>
	 	 </request>
	 	 <request id="56" node="57">
	 	 	 <quantity>56</quantity>
	 	 </request>
	 	 <request id="57" node="58">
	 	 	 <quantity>66</quantity>
	 	 </request>
	 	 <request id="58" node="59">
	 	 	 <quantity>79</quantity>
	 	 </request>
	 	 <request id="59" node="60">
	 	 	 <quantity>88</quantity>
	 	 </request>
	 	 <request id="60" node="61">
	 	 	 <quantity>65</quantity>
	 	 </request>
	 	 <request id="61" node="62">
	 	 	 <quantity>87</quantity>
	 	 </request>
	 	 <request id="62" node="63">
	 	 	 <quantity>62</quantity>
	 	 </request>
	 	 <request id="63" node="64">
	 	 	 <quantity>5</quantity>
	 	 </request>
	 	 <request id="64" node="65">
	 	 	 <quantity>67</quantity>
	 	 </request>
	 	 <request id="65" node="66">
	 	 	 <quantity>78</quantity>
	 	 </request>
	 	 <request id="66" node="67">
	 	 	 <quantity>57</quantity>
	 	 </request>
	 	 <request id="67" node="68">
	 	 	 <quantity>45</quantity>
	 	 </request>
	 	 <request id="68" node="69">
	 	 	 <quantity>82</quantity>
	 	 </request>
	 	 <request id="69" node="70">
	 	 	 <quantity>18</quantity>
	 	 </request>
	 	 <request id="70" node="71">
	 	 	 <quantity>35</quantity>
	 	 </request>
	 	 <request id="71" node="72">
	 	 	 <quantity>88</quantity>
	 	 </request>
	 	 <request id="72" node="73">
	 	 	 <quantity>8</quantity>
	 	 </request>
	 	 <request id="73" node="74">
	 	 	 <quantity>13</quantity>
	 	 </request>
	 	 <request id="74" node="75">
	 	 	 <quantity>37</quantity>
	 	 </request>
	 	 <request id="75" node="76">
	 	 	 <quantity>45</quantity>
	 	 </request>
	 	 <request id="76" node="77">
	 	 	 <quantity>75</quantity>
	 	 </request>
	 	 <request id="77" node="78">
	 	 	 <quantity>70</quantity>
	 	 </request>
	 	 <request id="78" node="79">
	 	 	 <quantity>13</quantity>
	 	 </request>
	 	 <request id="79" node="80">
	 	 	 <quantity>69</quantity>
	 	 </request>
	 	 <request id="80" node="81">
	 	 	 <quantity>59</quantity>
	 	 </request>
	 	 <request id="81" node="82">
	 	 	 <quantity>88</quantity>
	 	 </request>
	 	 <request id="82" node="83">
	 	 	 <quantity>88</quantity>
	 	 </request>
	 	 <request id="83" node="84">
	 	 	 <quantity>23</quantity>
	 	 </request>
	 	 <request id="84" node="85">
	 	 	 <quantity>4</quantity>
	 	 </request>
	 	 <request id="85" node="86">
	 	 	 <quantity>49</quantity>
	 	 </request>
	 	 <request id="86" node="87">
	 	 	 <quantity>67</quantity>
	 	 </request>
	 	 <request id="87" node="88">
	 	 	 <quantity>75</quantity>
	 	 </request>
	 	 <request id="88" node="89">
	 	 	 <quantity>9</quantity>
	 	 </request>
	 	 <request id="89" node="90">
	 	 	 <quantity>94</quantity>
	 	 </request>
	 	 <request id="90" node="91">
	 	 	 <quantity>45</quantity>
	 	 </request>
	 	 <request id="91" node="92">
	 	 	 <quantity>59</quantity>
	 	 </request>
	 	 <request id="92" node="93">
	 	 	 <quantity>100</quantity>
	 	 </request>
	 	 <request id="93" node="94">
	 	 	 <quantity>84</quantity>
	 	 </request>
	 	 <request id="94" node="95">
	 	 	 <quantity>34</quantity>
	 	 </request>
	 	 <request id="95" node="96">
	 	 	 <quantity>18</quantity>
	 	 </request>
	 	 <request id="96" node="97">
	 	 	 <quantity>24</quantity>
	 	 </request>
	 	 <request id="97" node="98">
	 	 	 <quantity>66</quantity>
	 	 </request>
	 	 <request id="98" node="99">
	 	 	 <quantity>71</quantity>
	 	 </request>
	 	 <request id="99" node="100">
	 	 	 <quantity>47</quantity>
	 	 </request>
	 	 <request id="100" node="101">
	 	 	 <quantity>99</quantity>
	 	 </request>
	 	 <request id="101" node="102">
	 	 	 <quantity>75</quantity>
	 	 </request>
	 	 <request id="102" node="103">
	 	 	 <quantity>11</quantity>
	 	 </request>
	 	 <request id="103" node="104">
	 	 	 <quantity>28</quantity>
	 	 </request>
	 	 <request id="104" node="105">
	 	 	 <quantity>8</quantity>
	 	 </request>
	 	 <request id="105" node="106">
	 	 	 <quantity>50</quantity>
	 	 </request>
	 	 <request id="106" node="107">
	 	 	 <quantity>83</quantity>
	 	 </request>
	 	 <request id="107" node="108">
	 	 	 <quantity>44</quantity>
	 	 </request>
	 	 <request id="108" node="109">
	 	 	 <quantity>53</quantity>
	 	 </request>
	 	 <request id="109" node="110">
	 	 	 <quantity>86</quantity>
	 	 </request>
	 	 <request id="110" node="111">
	 	 	 <quantity>97</quantity>
	 	 </request>
	 	 <request id="111" node="112">
	 	 	 <quantity>10</quantity>
	 	 </request>
	 	 <request id="112" node="113">
	 	 	 <quantity>73</quantity>
	 	 </request>
	 	 <request id="113" node="114">
	 	 	 <quantity>27</quantity>
	 	 </request>
	 	 <request id="114" node="115">
	 	 	 <quantity>74</quantity>
	 	 </request>
	 	 <request id="115" node="116">
	 	 	 <quantity>36</quantity>
	 	 </request>
	 	 <request id="116" node="117">
	 	 	 <quantity>85</quantity>
	 	 </request>
	 	 <request id="117" node="118">
	 	 	 <quantity>43</quantity>
	 	 </request>
	 	 <request id="118" node="119">
	 	 	 <quantity>39</quantity>
	 	 </request>
	 	 <request id="119" node="120">
	 	 	 <quantity>25</quantity>
	 	 </request>
	 	 <request id="120" node="121">
	 	 	 <quantity>55</quantity>
	 	 </request>
	 	 <request id="121" node="122">
	 	 	 <quantity>14</quantity>
	 	 </request>
	 	 <request id="122" node="123">
	 	 	 <quantity>30</quantity>
	 	 </request>
	 	 <request id="123" node="124">
	 	 	 <quantity>4</quantity>
	 	 </request>
	 	 <request id="124" node="125">
	 	 	 <quantity>23</quantity>
	 	 </request>
	 	 <request id="125" node="126">
	 	 	 <quantity>16</quantity>
	 	 </request>
	 	 <request id="126" node="127">
	 	 	 <quantity>23</quantity>
	 	 </request>
	 	 <request id="127" node="128">
	 	 	 <quantity>100</quantity>
	 	 </request>
	 	 <request id="128" node="129">
	 	 	 <quantity>20</quantity>
	 	 </request>
	 	 <request id="129" node="130">
	 	 	 <quantity>12</quantity>
	 	 </request>
	 	 <request id="130" node="131">
	 	 	 <quantity>29</quantity>
	 	 </request>
	 	 <request id="131" node="132">
	 	 	 <quantity>5</quantity>
	 	 </request>
	 	 <request id="132" node="133">
	 	 	 <quantity>17</quantity>
	 	 </request>
	 	 <request id="133" node="134">
	 	 	 <quantity>2</quantity>
	 	 </request>
	 	 <request id="134" node="135">
	 	 	 <quantity>93</quantity>
	 	 </request>
	 	 <request id="135" node="136">
	 	 	 <quantity>27</quantity>
	 	 </request>
	 	 <request id="136" node="137">
	 	 	 <quantity>7</quantity>
	 	 </request>
	 	 <request id="137" node="138">
	 	 	 <quantity>16</quantity>
	 	 </request>
	 	 <request id="138" node="139">
	 	 	 <quantity>2</quantity>
	 	 </request>
	 	 <request id="139" node="140">
	 	 	 <quantity>75</quantity>
	 	 </request>
	 	 <request id="140" node="141">
	 	 	 <quantity>8</quantity>
	 	 </request>
	 	 <request id="141" node="142">
	 	 	 <quantity>6</quantity>
	 	 </request>
	 	 <request id="142" node="143">
	 	 	 <quantity>43</quantity>
	 	 </request>
	 	 <request id="143" node="144">
	 	 	 <quantity>18</quantity>
	 	 </request>
	 	 <request id="144" node="145">
	 	 	 <quantity>34</quantity>
	 	 </request>
	 	 <request id="145" node="146">
	 	 	 <quantity>29</quantity>
	 	 </request>
	 	 <request id="146" node="147">
	 	 	 <quantity>37</quantity>
	 	 </request>
	 	 <request id="147" node="148">
	 	 	 <quantity>13</quantity>
	 	 </request>
	 	 <request id="148" node="149">
	 	 	 <quantity>26</quantity>
	 	 </request>
	 	 <request id="149" node="150">
	 	 	 <quantity>25</quantity>
	 	 </request>
	 	 <request id="150" node="151">
	 	 	 <quantity>36</quantity>
	 	 </request>
	 	 <request id="151" node="152">
	 	 	 <quantity>14</quantity>
	 	 </request>
	 	 <request id="152" node="153">
	 	 	 <quantity>45</quantity>
	 	 </request>
	 	 <request id="153" node="154">
	 	 	 <quantity>23</quantity>
	 	 </request>
	 	 <request id="154" node="155">
	 	 	 <quantity>50</quantity>
	 	 </request>
	 	 <request id="155" node="156">
	 	 	 <quantity>55</quantity>
	 	 </request>
	 	 <request id="156" node="157">
	 	 	 <quantity>24</quantity>
	 	 </request>
	 	 <request id="157" node="158">
	 	 	 <quantity>9</quantity>
	 	 </request>
	 	 <request id="158" node="159">
	 	 	 <quantity>11</quantity>
	 	 </request>
	 	 <request id="159" node="160">
	 	 	 <quantity>27</quantity>
	 	 </request>
	 	 <request id="160" node="161">
	 	 	 <quantity>24</quantity>
	 	 </request>
	 	 <request id="161" node="162">
	 	 	 <quantity>21</quantity>
	 	 </request>
	 	 <request id="162" node="163">
	 	 	 <quantity>3</quantity>
	 	 </request>
	 	 <request id="163" node="164">
	 	 	 <quantity>40</quantity>
	 	 </request>
	 	 <request id="164" node="165">
	 	 	 <quantity>76</quantity>
	 	 </request>
	 	 <request id="165" node="166">
	 	 	 <quantity>45</quantity>
	 	 </request>
	 	 <request id="166" node="167">
	 	 	 <quantity>99</quantity>
	 	 </request>
	 	 <request id="167" node="168">
	 	 	 <quantity>29</quantity>
	 	 </request>
	 	 <request id="168" node="169">
	 	 	 <quantity>5</quantity>
	 	 </request>
	 	 <request id="169" node="170">
	 	 	 <quantity>31</quantity>
	 	 </request>
	 	 <request id="170" node="171">
	 	 	 <quantity>84</quantity>
	 	 </request>
	 	 <request id="171" node="172">
	 	 	 <quantity>45</quantity>
	 	 </request>
	 	 <request id="172" node="173">
	 	 	 <quantity>65</quantity>
	 	 </request>
	 	 <request id="173" node="174">
	 	 	 <quantity>75</quantity>
	 	 </request>
	 	 <request id="174" node="175">
	 	 	 <quantity>6</quantity>
	 	 </request>
	 	 <request id="175" node="176">
	 	 	 <quantity>38</quantity>
	 	 </request>
	 	 <request id="176" node="177">
	 	 	 <quantity>42</quantity>
	 	 </request>
	 	 <request id="177" node="178">
	 	 	 <quantity>11</quantity>
	 	 </request>
	 	 <request id="178" node="179">
	 	 	 <quantity>10</quantity>
	 	 </request>
	 	 <request id="179" node="180">
	 	 	 <quantity>12</quantity>
	 	 </request>
	 	 <request id="180" node="181">
	 	 	 <quantity>94</quantity>
	 	 </request>
	 	 <request id="181" node="182">
	 	 	 <quantity>86</quantity>
	 	 </request>
	 	 <request id="182" node="183">
	 	 	 <quantity>45</quantity>
	 	 </request>
	 	 <request id="183" node="184">
	 	 	 <quantity>35</quantity>
	 	 </request>
	 	 <request id="184" node="185">
	 	 	 <quantity>15</quantity>
	 	 </request>
	 	 <request id="185" node="186">
	 	 	 <quantity>35</quantity>
	 	 </request>
	 	 <request id="186" node="187">
	 	 	 <quantity>14</quantity>
	 	 </request>
	 	 <request id="187" node="188">
	 	 	 <quantity>50</quantity>
	 	 </request>
	 	 <request id="188" node="189">
	 	 	 <quantity>20</quantity>
	 	 </request>
	 	 <request id="189" node="190">
	 	 	 <quantity>96</quantity>
	 	 </request>
	 	 <request id="190" node="191">
	 	 	 <quantity>31</quantity>
	 	 </request>
	 	 <request id="191" node="192">
	 	 	 <quantity>6</quantity>
	 	 </request>
	 	 <request id="192" node="193">
	 	 	 <quantity>2</quantity>
	 	 </request>
	 	 <request id="193" node="194">
	 	 	 <quantity>23</quantity>
	 	 </request>
	 	 <request id="194" node="195">
	 	 	 <quantity>85</quantity>
	 	 </request>
	 	 <request id="195" node="196">
	 	 	 <quantity>8</quantity>
	 	 </request>
	 	 <request id="196" node="197">
	 	 	 <quantity>34</quantity>
	 	 </request>
	 	 <request id="197" node="198">
	 	 	 <quantity>7</quantity>
	 	 </request>
	 	 <request id="198" node="199">
	 	 	 <quantity>32</quantity>
	 	 </request>
	 	 <request id="199" node="200">
	 	 	 <quantity>33</quantity>
	 	 </request>
	 	 <request id="200" node="201">
	 	 	 <quantity>57</quantity>
	 	 </request>
	 	 <request id="201" node="202">
	 	 	 <quantity>39</quantity>
	 	 </request>
	 	 <request id="202" node="203">
	 	 	 <quantity>2</quantity>
	 	 </request>
	 	 <request id="203" node="204">
	 	 	 <quantity>8</quantity>
	 	 </request>
	 	 <request id="204" node="205">
	 	 	 <quantity>40</quantity>
	 	 </request>
	 	 <request id="205" node="206">
	 	 	 <quantity>74</quantity>
	 	 </request>
	 	 <request id="206" node="207">
	 	 	 <quantity>94</quantity>
	 	 </request>
	 	 <request id="207" node="208">
	 	 	 <quantity>30</quantity>
	 	 </request>
	 	 <request id="208" node="209">
	 	 	 <quantity>54</quantity>
	 	 </request>
	 	 <request id="209" node="210">
	 	 	 <quantity>2</quantity>
	 	 </request>
	 	 <request id="210" node="211">
	 	 	 <quantity>33</quantity>
	 	 </request>
	 	 <request id="211" node="212">
	 	 	 <quantity>20</quantity>
	 	 </request>
	 	 <request id="212" node="213">
	 	 	 <quantity>47</quantity>
	 	 </request>
	 	 <request id="213" node="214">
	 	 	 <quantity>40</quantity>
	 	 </request>
	 	 <request id="214" node="215">
	 	 	 <quantity>35</quantity>
	 	 </request>
	 	 <request id="215" node="216">
	 	 	 <quantity>64</quantity>
	 	 </request>
	 	 <request id="216" node="217">
	 	 	 <quantity>35</quantity>
	 	 </request>
	 	 <request id="217" node="218">
	 	 	 <quantity>18</quantity>
	 	 </request>
	 	 <request id="218" node="219">
	 	 	 <quantity>43</quantity>
	 	 </request>
	 	 <request id="219" node="220">
	 	 	 <quantity>15</quantity>
	 	 </request>
	 	 <request id="220" node="221">
	 	 	 <quantity>85</quantity>
	 	 </request>
	 	 <request id="221" node="222">
	 	 	 <quantity>43</quantity>
	 	 </request>
	 	 <request id="222" node="223">
	 	 	 <quantity>20</quantity>
	 	 </request>
	 	 <request id="223" node="224">
	 	 	 <quantity>23</quantity>
	 	 </request>
	 	 <request id="224" node="225">
	 	 	 <quantity>10</quantity>
	 	 </request>
	 	 <request id="225" node="226">
	 	 	 <quantity>17</quantity>
	 	 </request>
	 	 <request id="226" node="227">
	 	 	 <quantity>54</quantity>
	 	 </request>
	 	 <request id="227" node="228">
	 	 	 <quantity>41</quantity>
	 	 </request>
	 	 <request id="228" node="229">
	 	 	 <quantity>25</quantity>
	 	 </request>
	 	 <request id="229" node="230">
	 	 	 <quantity>11</quantity>
	 	 </request>
	 	 <request id="230" node="231">
	 	 	 <quantity>23</quantity>
	 	 </request>
	 	 <request id="231" node="232">
	 	 	 <quantity>19</quantity>
	 	 </request>
	 	 <request id="232" node="233">
	 	 	 <quantity>40</quantity>
	 	 </request>
	 </requests>
</instance>
