<?xml version="1.0" encoding="UTF-8" standalone="yes"?>
<instance>
	<info>
	 	<dataset>Uchoa 2014 — Set X</dataset>
	 	<name>X-n284-k15</name>
	</info>
	<network>
	 	<nodes>
	 	 	<node id="1" type="1">
	 	 	 	<cx>674</cx>
	 	 	 	<cy>825</cy>
	 	 	</node>
	 	 	<node id="2" type="1">
	 	 	 	<cx>549</cx>
	 	 	 	<cy>534</cy>
	 	 	</node>
	 	 	<node id="3" type="1">
	 	 	 	<cx>43</cx>
	 	 	 	<cy>315</cy>
	 	 	</node>
	 	 	<node id="4" type="1">
	 	 	 	<cx>542</cx>
	 	 	 	<cy>420</cy>
	 	 	</node>
	 	 	<node id="5" type="1">
	 	 	 	<cx>45</cx>
	 	 	 	<cy>580</cy>
	 	 	</node>
	 	 	<node id="6" type="1">
	 	 	 	<cx>180</cx>
	 	 	 	<cy>450</cy>
	 	 	</node>
	 	 	<node id="7" type="1">
	 	 	 	<cx>369</cx>
	 	 	 	<cy>618</cy>
	 	 	</node>
	 	 	<node id="8" type="1">
	 	 	 	<cx>287</cx>
	 	 	 	<cy>721</cy>
	 	 	</node>
	 	 	<node id="9" type="1">
	 	 	 	<cx>36</cx>
	 	 	 	<cy>426</cy>
	 	 	</node>
	 	 	<node id="10" type="1">
	 	 	 	<cx>411</cx>
	 	 	 	<cy>408</cy>
	 	 	</node>
	 	 	<node id="11" type="1">
	 	 	 	<cx>170</cx>
	 	 	 	<cy>446</cy>
	 	 	</node>
	 	 	<node id="12" type="1">
	 	 	 	<cx>21</cx>
	 	 	 	<cy>333</cy>
	 	 	</node>
	 	 	<node id="13" type="1">
	 	 	 	<cx>37</cx>
	 	 	 	<cy>428</cy>
	 	 	</node>
	 	 	<node id="14" type="1">
	 	 	 	<cx>617</cx>
	 	 	 	<cy>456</cy>
	 	 	</node>
	 	 	<node id="15" type="1">
	 	 	 	<cx>52</cx>
	 	 	 	<cy>527</cy>
	 	 	</node>
	 	 	<node id="16" type="1">
	 	 	 	<cx>114</cx>
	 	 	 	<cy>227</cy>
	 	 	</node>
	 	 	<node id="17" type="1">
	 	 	 	<cx>32</cx>
	 	 	 	<cy>303</cy>
	 	 	</node>
	 	 	<node id="18" type="1">
	 	 	 	<cx>233</cx>
	 	 	 	<cy>638</cy>
	 	 	</node>
	 	 	<node id="19" type="1">
	 	 	 	<cx>314</cx>
	 	 	 	<cy>568</cy>
	 	 	</node>
	 	 	<node id="20" type="1">
	 	 	 	<cx>290</cx>
	 	 	 	<cy>736</cy>
	 	 	</node>
	 	 	<node id="21" type="1">
	 	 	 	<cx>549</cx>
	 	 	 	<cy>449</cy>
	 	 	</node>
	 	 	<node id="22" type="1">
	 	 	 	<cx>317</cx>
	 	 	 	<cy>699</cy>
	 	 	</node>
	 	 	<node id="23" type="1">
	 	 	 	<cx>676</cx>
	 	 	 	<cy>992</cy>
	 	 	</node>
	 	 	<node id="24" type="1">
	 	 	 	<cx>45</cx>
	 	 	 	<cy>851</cy>
	 	 	</node>
	 	 	<node id="25" type="1">
	 	 	 	<cx>455</cx>
	 	 	 	<cy>508</cy>
	 	 	</node>
	 	 	<node id="26" type="1">
	 	 	 	<cx>128</cx>
	 	 	 	<cy>446</cy>
	 	 	</node>
	 	 	<node id="27" type="1">
	 	 	 	<cx>34</cx>
	 	 	 	<cy>302</cy>
	 	 	</node>
	 	 	<node id="28" type="1">
	 	 	 	<cx>152</cx>
	 	 	 	<cy>660</cy>
	 	 	</node>
	 	 	<node id="29" type="1">
	 	 	 	<cx>550</cx>
	 	 	 	<cy>576</cy>
	 	 	</node>
	 	 	<node id="30" type="1">
	 	 	 	<cx>559</cx>
	 	 	 	<cy>585</cy>
	 	 	</node>
	 	 	<node id="31" type="1">
	 	 	 	<cx>306</cx>
	 	 	 	<cy>655</cy>
	 	 	</node>
	 	 	<node id="32" type="1">
	 	 	 	<cx>183</cx>
	 	 	 	<cy>449</cy>
	 	 	</node>
	 	 	<node id="33" type="1">
	 	 	 	<cx>380</cx>
	 	 	 	<cy>586</cy>
	 	 	</node>
	 	 	<node id="34" type="1">
	 	 	 	<cx>726</cx>
	 	 	 	<cy>399</cy>
	 	 	</node>
	 	 	<node id="35" type="1">
	 	 	 	<cx>21</cx>
	 	 	 	<cy>277</cy>
	 	 	</node>
	 	 	<node id="36" type="1">
	 	 	 	<cx>306</cx>
	 	 	 	<cy>679</cy>
	 	 	</node>
	 	 	<node id="37" type="1">
	 	 	 	<cx>128</cx>
	 	 	 	<cy>317</cy>
	 	 	</node>
	 	 	<node id="38" type="1">
	 	 	 	<cx>547</cx>
	 	 	 	<cy>726</cy>
	 	 	</node>
	 	 	<node id="39" type="1">
	 	 	 	<cx>242</cx>
	 	 	 	<cy>389</cy>
	 	 	</node>
	 	 	<node id="40" type="1">
	 	 	 	<cx>347</cx>
	 	 	 	<cy>595</cy>
	 	 	</node>
	 	 	<node id="41" type="1">
	 	 	 	<cx>324</cx>
	 	 	 	<cy>384</cy>
	 	 	</node>
	 	 	<node id="42" type="1">
	 	 	 	<cx>531</cx>
	 	 	 	<cy>492</cy>
	 	 	</node>
	 	 	<node id="43" type="1">
	 	 	 	<cx>103</cx>
	 	 	 	<cy>480</cy>
	 	 	</node>
	 	 	<node id="44" type="1">
	 	 	 	<cx>197</cx>
	 	 	 	<cy>495</cy>
	 	 	</node>
	 	 	<node id="45" type="1">
	 	 	 	<cx>20</cx>
	 	 	 	<cy>321</cy>
	 	 	</node>
	 	 	<node id="46" type="1">
	 	 	 	<cx>66</cx>
	 	 	 	<cy>402</cy>
	 	 	</node>
	 	 	<node id="47" type="1">
	 	 	 	<cx>100</cx>
	 	 	 	<cy>638</cy>
	 	 	</node>
	 	 	<node id="48" type="1">
	 	 	 	<cx>453</cx>
	 	 	 	<cy>582</cy>
	 	 	</node>
	 	 	<node id="49" type="1">
	 	 	 	<cx>120</cx>
	 	 	 	<cy>514</cy>
	 	 	</node>
	 	 	<node id="50" type="1">
	 	 	 	<cx>691</cx>
	 	 	 	<cy>499</cy>
	 	 	</node>
	 	 	<node id="51" type="1">
	 	 	 	<cx>311</cx>
	 	 	 	<cy>449</cy>
	 	 	</node>
	 	 	<node id="52" type="1">
	 	 	 	<cx>350</cx>
	 	 	 	<cy>574</cy>
	 	 	</node>
	 	 	<node id="53" type="1">
	 	 	 	<cx>198</cx>
	 	 	 	<cy>437</cy>
	 	 	</node>
	 	 	<node id="54" type="1">
	 	 	 	<cx>370</cx>
	 	 	 	<cy>722</cy>
	 	 	</node>
	 	 	<node id="55" type="1">
	 	 	 	<cx>513</cx>
	 	 	 	<cy>438</cy>
	 	 	</node>
	 	 	<node id="56" type="1">
	 	 	 	<cx>273</cx>
	 	 	 	<cy>645</cy>
	 	 	</node>
	 	 	<node id="57" type="1">
	 	 	 	<cx>6</cx>
	 	 	 	<cy>508</cy>
	 	 	</node>
	 	 	<node id="58" type="1">
	 	 	 	<cx>44</cx>
	 	 	 	<cy>581</cy>
	 	 	</node>
	 	 	<node id="59" type="1">
	 	 	 	<cx>309</cx>
	 	 	 	<cy>763</cy>
	 	 	</node>
	 	 	<node id="60" type="1">
	 	 	 	<cx>18</cx>
	 	 	 	<cy>616</cy>
	 	 	</node>
	 	 	<node id="61" type="1">
	 	 	 	<cx>128</cx>
	 	 	 	<cy>603</cy>
	 	 	</node>
	 	 	<node id="62" type="1">
	 	 	 	<cx>543</cx>
	 	 	 	<cy>466</cy>
	 	 	</node>
	 	 	<node id="63" type="1">
	 	 	 	<cx>687</cx>
	 	 	 	<cy>466</cy>
	 	 	</node>
	 	 	<node id="64" type="1">
	 	 	 	<cx>625</cx>
	 	 	 	<cy>525</cy>
	 	 	</node>
	 	 	<node id="65" type="1">
	 	 	 	<cx>54</cx>
	 	 	 	<cy>449</cy>
	 	 	</node>
	 	 	<node id="66" type="1">
	 	 	 	<cx>504</cx>
	 	 	 	<cy>517</cy>
	 	 	</node>
	 	 	<node id="67" type="1">
	 	 	 	<cx>592</cx>
	 	 	 	<cy>375</cy>
	 	 	</node>
	 	 	<node id="68" type="1">
	 	 	 	<cx>49</cx>
	 	 	 	<cy>401</cy>
	 	 	</node>
	 	 	<node id="69" type="1">
	 	 	 	<cx>638</cx>
	 	 	 	<cy>459</cy>
	 	 	</node>
	 	 	<node id="70" type="1">
	 	 	 	<cx>329</cx>
	 	 	 	<cy>614</cy>
	 	 	</node>
	 	 	<node id="71" type="1">
	 	 	 	<cx>657</cx>
	 	 	 	<cy>416</cy>
	 	 	</node>
	 	 	<node id="72" type="1">
	 	 	 	<cx>1</cx>
	 	 	 	<cy>296</cy>
	 	 	</node>
	 	 	<node id="73" type="1">
	 	 	 	<cx>217</cx>
	 	 	 	<cy>443</cy>
	 	 	</node>
	 	 	<node id="74" type="1">
	 	 	 	<cx>42</cx>
	 	 	 	<cy>721</cy>
	 	 	</node>
	 	 	<node id="75" type="1">
	 	 	 	<cx>1</cx>
	 	 	 	<cy>416</cy>
	 	 	</node>
	 	 	<node id="76" type="1">
	 	 	 	<cx>157</cx>
	 	 	 	<cy>731</cy>
	 	 	</node>
	 	 	<node id="77" type="1">
	 	 	 	<cx>244</cx>
	 	 	 	<cy>727</cy>
	 	 	</node>
	 	 	<node id="78" type="1">
	 	 	 	<cx>128</cx>
	 	 	 	<cy>320</cy>
	 	 	</node>
	 	 	<node id="79" type="1">
	 	 	 	<cx>548</cx>
	 	 	 	<cy>588</cy>
	 	 	</node>
	 	 	<node id="80" type="1">
	 	 	 	<cx>559</cx>
	 	 	 	<cy>438</cy>
	 	 	</node>
	 	 	<node id="81" type="1">
	 	 	 	<cx>425</cx>
	 	 	 	<cy>920</cy>
	 	 	</node>
	 	 	<node id="82" type="1">
	 	 	 	<cx>17</cx>
	 	 	 	<cy>481</cy>
	 	 	</node>
	 	 	<node id="83" type="1">
	 	 	 	<cx>130</cx>
	 	 	 	<cy>376</cy>
	 	 	</node>
	 	 	<node id="84" type="1">
	 	 	 	<cx>459</cx>
	 	 	 	<cy>433</cy>
	 	 	</node>
	 	 	<node id="85" type="1">
	 	 	 	<cx>9</cx>
	 	 	 	<cy>408</cy>
	 	 	</node>
	 	 	<node id="86" type="1">
	 	 	 	<cx>364</cx>
	 	 	 	<cy>507</cy>
	 	 	</node>
	 	 	<node id="87" type="1">
	 	 	 	<cx>55</cx>
	 	 	 	<cy>295</cy>
	 	 	</node>
	 	 	<node id="88" type="1">
	 	 	 	<cx>357</cx>
	 	 	 	<cy>711</cy>
	 	 	</node>
	 	 	<node id="89" type="1">
	 	 	 	<cx>168</cx>
	 	 	 	<cy>292</cy>
	 	 	</node>
	 	 	<node id="90" type="1">
	 	 	 	<cx>31</cx>
	 	 	 	<cy>407</cy>
	 	 	</node>
	 	 	<node id="91" type="1">
	 	 	 	<cx>544</cx>
	 	 	 	<cy>414</cy>
	 	 	</node>
	 	 	<node id="92" type="1">
	 	 	 	<cx>285</cx>
	 	 	 	<cy>801</cy>
	 	 	</node>
	 	 	<node id="93" type="1">
	 	 	 	<cx>439</cx>
	 	 	 	<cy>387</cy>
	 	 	</node>
	 	 	<node id="94" type="1">
	 	 	 	<cx>751</cx>
	 	 	 	<cy>638</cy>
	 	 	</node>
	 	 	<node id="95" type="1">
	 	 	 	<cx>66</cx>
	 	 	 	<cy>345</cy>
	 	 	</node>
	 	 	<node id="96" type="1">
	 	 	 	<cx>347</cx>
	 	 	 	<cy>636</cy>
	 	 	</node>
	 	 	<node id="97" type="1">
	 	 	 	<cx>413</cx>
	 	 	 	<cy>579</cy>
	 	 	</node>
	 	 	<node id="98" type="1">
	 	 	 	<cx>353</cx>
	 	 	 	<cy>713</cy>
	 	 	</node>
	 	 	<node id="99" type="1">
	 	 	 	<cx>686</cx>
	 	 	 	<cy>492</cy>
	 	 	</node>
	 	 	<node id="100" type="1">
	 	 	 	<cx>192</cx>
	 	 	 	<cy>450</cy>
	 	 	</node>
	 	 	<node id="101" type="1">
	 	 	 	<cx>535</cx>
	 	 	 	<cy>479</cy>
	 	 	</node>
	 	 	<node id="102" type="1">
	 	 	 	<cx>658</cx>
	 	 	 	<cy>301</cy>
	 	 	</node>
	 	 	<node id="103" type="1">
	 	 	 	<cx>428</cx>
	 	 	 	<cy>346</cy>
	 	 	</node>
	 	 	<node id="104" type="1">
	 	 	 	<cx>18</cx>
	 	 	 	<cy>359</cy>
	 	 	</node>
	 	 	<node id="105" type="1">
	 	 	 	<cx>364</cx>
	 	 	 	<cy>653</cy>
	 	 	</node>
	 	 	<node id="106" type="1">
	 	 	 	<cx>293</cx>
	 	 	 	<cy>515</cy>
	 	 	</node>
	 	 	<node id="107" type="1">
	 	 	 	<cx>326</cx>
	 	 	 	<cy>459</cy>
	 	 	</node>
	 	 	<node id="108" type="1">
	 	 	 	<cx>60</cx>
	 	 	 	<cy>370</cy>
	 	 	</node>
	 	 	<node id="109" type="1">
	 	 	 	<cx>252</cx>
	 	 	 	<cy>426</cy>
	 	 	</node>
	 	 	<node id="110" type="1">
	 	 	 	<cx>532</cx>
	 	 	 	<cy>411</cy>
	 	 	</node>
	 	 	<node id="111" type="1">
	 	 	 	<cx>225</cx>
	 	 	 	<cy>722</cy>
	 	 	</node>
	 	 	<node id="112" type="1">
	 	 	 	<cx>259</cx>
	 	 	 	<cy>227</cy>
	 	 	</node>
	 	 	<node id="113" type="1">
	 	 	 	<cx>19</cx>
	 	 	 	<cy>558</cy>
	 	 	</node>
	 	 	<node id="114" type="1">
	 	 	 	<cx>368</cx>
	 	 	 	<cy>573</cy>
	 	 	</node>
	 	 	<node id="115" type="1">
	 	 	 	<cx>382</cx>
	 	 	 	<cy>645</cy>
	 	 	</node>
	 	 	<node id="116" type="1">
	 	 	 	<cx>84</cx>
	 	 	 	<cy>434</cy>
	 	 	</node>
	 	 	<node id="117" type="1">
	 	 	 	<cx>596</cx>
	 	 	 	<cy>630</cy>
	 	 	</node>
	 	 	<node id="118" type="1">
	 	 	 	<cx>27</cx>
	 	 	 	<cy>367</cy>
	 	 	</node>
	 	 	<node id="119" type="1">
	 	 	 	<cx>186</cx>
	 	 	 	<cy>460</cy>
	 	 	</node>
	 	 	<node id="120" type="1">
	 	 	 	<cx>116</cx>
	 	 	 	<cy>629</cy>
	 	 	</node>
	 	 	<node id="121" type="1">
	 	 	 	<cx>177</cx>
	 	 	 	<cy>576</cy>
	 	 	</node>
	 	 	<node id="122" type="1">
	 	 	 	<cx>89</cx>
	 	 	 	<cy>544</cy>
	 	 	</node>
	 	 	<node id="123" type="1">
	 	 	 	<cx>574</cx>
	 	 	 	<cy>623</cy>
	 	 	</node>
	 	 	<node id="124" type="1">
	 	 	 	<cx>841</cx>
	 	 	 	<cy>288</cy>
	 	 	</node>
	 	 	<node id="125" type="1">
	 	 	 	<cx>166</cx>
	 	 	 	<cy>458</cy>
	 	 	</node>
	 	 	<node id="126" type="1">
	 	 	 	<cx>541</cx>
	 	 	 	<cy>481</cy>
	 	 	</node>
	 	 	<node id="127" type="1">
	 	 	 	<cx>255</cx>
	 	 	 	<cy>545</cy>
	 	 	</node>
	 	 	<node id="128" type="1">
	 	 	 	<cx>38</cx>
	 	 	 	<cy>273</cy>
	 	 	</node>
	 	 	<node id="129" type="1">
	 	 	 	<cx>672</cx>
	 	 	 	<cy>313</cy>
	 	 	</node>
	 	 	<node id="130" type="1">
	 	 	 	<cx>264</cx>
	 	 	 	<cy>757</cy>
	 	 	</node>
	 	 	<node id="131" type="1">
	 	 	 	<cx>59</cx>
	 	 	 	<cy>278</cy>
	 	 	</node>
	 	 	<node id="132" type="1">
	 	 	 	<cx>351</cx>
	 	 	 	<cy>298</cy>
	 	 	</node>
	 	 	<node id="133" type="1">
	 	 	 	<cx>26</cx>
	 	 	 	<cy>447</cy>
	 	 	</node>
	 	 	<node id="134" type="1">
	 	 	 	<cx>334</cx>
	 	 	 	<cy>620</cy>
	 	 	</node>
	 	 	<node id="135" type="1">
	 	 	 	<cx>21</cx>
	 	 	 	<cy>527</cy>
	 	 	</node>
	 	 	<node id="136" type="1">
	 	 	 	<cx>268</cx>
	 	 	 	<cy>402</cy>
	 	 	</node>
	 	 	<node id="137" type="1">
	 	 	 	<cx>547</cx>
	 	 	 	<cy>547</cy>
	 	 	</node>
	 	 	<node id="138" type="1">
	 	 	 	<cx>54</cx>
	 	 	 	<cy>551</cy>
	 	 	</node>
	 	 	<node id="139" type="1">
	 	 	 	<cx>530</cx>
	 	 	 	<cy>414</cy>
	 	 	</node>
	 	 	<node id="140" type="1">
	 	 	 	<cx>53</cx>
	 	 	 	<cy>441</cy>
	 	 	</node>
	 	 	<node id="141" type="1">
	 	 	 	<cx>103</cx>
	 	 	 	<cy>273</cy>
	 	 	</node>
	 	 	<node id="142" type="1">
	 	 	 	<cx>181</cx>
	 	 	 	<cy>327</cy>
	 	 	</node>
	 	 	<node id="143" type="1">
	 	 	 	<cx>163</cx>
	 	 	 	<cy>342</cy>
	 	 	</node>
	 	 	<node id="144" type="1">
	 	 	 	<cx>141</cx>
	 	 	 	<cy>256</cy>
	 	 	</node>
	 	 	<node id="145" type="1">
	 	 	 	<cx>619</cx>
	 	 	 	<cy>383</cy>
	 	 	</node>
	 	 	<node id="146" type="1">
	 	 	 	<cx>502</cx>
	 	 	 	<cy>494</cy>
	 	 	</node>
	 	 	<node id="147" type="1">
	 	 	 	<cx>324</cx>
	 	 	 	<cy>558</cy>
	 	 	</node>
	 	 	<node id="148" type="1">
	 	 	 	<cx>121</cx>
	 	 	 	<cy>518</cy>
	 	 	</node>
	 	 	<node id="149" type="1">
	 	 	 	<cx>116</cx>
	 	 	 	<cy>307</cy>
	 	 	</node>
	 	 	<node id="150" type="1">
	 	 	 	<cx>262</cx>
	 	 	 	<cy>511</cy>
	 	 	</node>
	 	 	<node id="151" type="1">
	 	 	 	<cx>592</cx>
	 	 	 	<cy>418</cy>
	 	 	</node>
	 	 	<node id="152" type="1">
	 	 	 	<cx>85</cx>
	 	 	 	<cy>355</cy>
	 	 	</node>
	 	 	<node id="153" type="1">
	 	 	 	<cx>442</cx>
	 	 	 	<cy>622</cy>
	 	 	</node>
	 	 	<node id="154" type="1">
	 	 	 	<cx>307</cx>
	 	 	 	<cy>581</cy>
	 	 	</node>
	 	 	<node id="155" type="1">
	 	 	 	<cx>344</cx>
	 	 	 	<cy>619</cy>
	 	 	</node>
	 	 	<node id="156" type="1">
	 	 	 	<cx>509</cx>
	 	 	 	<cy>653</cy>
	 	 	</node>
	 	 	<node id="157" type="1">
	 	 	 	<cx>140</cx>
	 	 	 	<cy>436</cy>
	 	 	</node>
	 	 	<node id="158" type="1">
	 	 	 	<cx>603</cx>
	 	 	 	<cy>511</cy>
	 	 	</node>
	 	 	<node id="159" type="1">
	 	 	 	<cx>155</cx>
	 	 	 	<cy>633</cy>
	 	 	</node>
	 	 	<node id="160" type="1">
	 	 	 	<cx>83</cx>
	 	 	 	<cy>545</cy>
	 	 	</node>
	 	 	<node id="161" type="1">
	 	 	 	<cx>389</cx>
	 	 	 	<cy>638</cy>
	 	 	</node>
	 	 	<node id="162" type="1">
	 	 	 	<cx>231</cx>
	 	 	 	<cy>732</cy>
	 	 	</node>
	 	 	<node id="163" type="1">
	 	 	 	<cx>141</cx>
	 	 	 	<cy>362</cy>
	 	 	</node>
	 	 	<node id="164" type="1">
	 	 	 	<cx>36</cx>
	 	 	 	<cy>435</cy>
	 	 	</node>
	 	 	<node id="165" type="1">
	 	 	 	<cx>499</cx>
	 	 	 	<cy>331</cy>
	 	 	</node>
	 	 	<node id="166" type="1">
	 	 	 	<cx>605</cx>
	 	 	 	<cy>327</cy>
	 	 	</node>
	 	 	<node id="167" type="1">
	 	 	 	<cx>217</cx>
	 	 	 	<cy>375</cy>
	 	 	</node>
	 	 	<node id="168" type="1">
	 	 	 	<cx>50</cx>
	 	 	 	<cy>491</cy>
	 	 	</node>
	 	 	<node id="169" type="1">
	 	 	 	<cx>487</cx>
	 	 	 	<cy>555</cy>
	 	 	</node>
	 	 	<node id="170" type="1">
	 	 	 	<cx>625</cx>
	 	 	 	<cy>355</cy>
	 	 	</node>
	 	 	<node id="171" type="1">
	 	 	 	<cx>415</cx>
	 	 	 	<cy>599</cy>
	 	 	</node>
	 	 	<node id="172" type="1">
	 	 	 	<cx>314</cx>
	 	 	 	<cy>840</cy>
	 	 	</node>
	 	 	<node id="173" type="1">
	 	 	 	<cx>589</cx>
	 	 	 	<cy>589</cy>
	 	 	</node>
	 	 	<node id="174" type="1">
	 	 	 	<cx>199</cx>
	 	 	 	<cy>463</cy>
	 	 	</node>
	 	 	<node id="175" type="1">
	 	 	 	<cx>683</cx>
	 	 	 	<cy>488</cy>
	 	 	</node>
	 	 	<node id="176" type="1">
	 	 	 	<cx>55</cx>
	 	 	 	<cy>501</cy>
	 	 	</node>
	 	 	<node id="177" type="1">
	 	 	 	<cx>30</cx>
	 	 	 	<cy>368</cy>
	 	 	</node>
	 	 	<node id="178" type="1">
	 	 	 	<cx>308</cx>
	 	 	 	<cy>729</cy>
	 	 	</node>
	 	 	<node id="179" type="1">
	 	 	 	<cx>609</cx>
	 	 	 	<cy>370</cy>
	 	 	</node>
	 	 	<node id="180" type="1">
	 	 	 	<cx>97</cx>
	 	 	 	<cy>678</cy>
	 	 	</node>
	 	 	<node id="181" type="1">
	 	 	 	<cx>69</cx>
	 	 	 	<cy>439</cy>
	 	 	</node>
	 	 	<node id="182" type="1">
	 	 	 	<cx>208</cx>
	 	 	 	<cy>380</cy>
	 	 	</node>
	 	 	<node id="183" type="1">
	 	 	 	<cx>85</cx>
	 	 	 	<cy>478</cy>
	 	 	</node>
	 	 	<node id="184" type="1">
	 	 	 	<cx>96</cx>
	 	 	 	<cy>618</cy>
	 	 	</node>
	 	 	<node id="185" type="1">
	 	 	 	<cx>39</cx>
	 	 	 	<cy>321</cy>
	 	 	</node>
	 	 	<node id="186" type="1">
	 	 	 	<cx>47</cx>
	 	 	 	<cy>409</cy>
	 	 	</node>
	 	 	<node id="187" type="1">
	 	 	 	<cx>541</cx>
	 	 	 	<cy>489</cy>
	 	 	</node>
	 	 	<node id="188" type="1">
	 	 	 	<cx>76</cx>
	 	 	 	<cy>376</cy>
	 	 	</node>
	 	 	<node id="189" type="1">
	 	 	 	<cx>469</cx>
	 	 	 	<cy>638</cy>
	 	 	</node>
	 	 	<node id="190" type="1">
	 	 	 	<cx>501</cx>
	 	 	 	<cy>458</cy>
	 	 	</node>
	 	 	<node id="191" type="1">
	 	 	 	<cx>51</cx>
	 	 	 	<cy>527</cy>
	 	 	</node>
	 	 	<node id="192" type="1">
	 	 	 	<cx>428</cx>
	 	 	 	<cy>484</cy>
	 	 	</node>
	 	 	<node id="193" type="1">
	 	 	 	<cx>197</cx>
	 	 	 	<cy>390</cy>
	 	 	</node>
	 	 	<node id="194" type="1">
	 	 	 	<cx>279</cx>
	 	 	 	<cy>744</cy>
	 	 	</node>
	 	 	<node id="195" type="1">
	 	 	 	<cx>181</cx>
	 	 	 	<cy>319</cy>
	 	 	</node>
	 	 	<node id="196" type="1">
	 	 	 	<cx>39</cx>
	 	 	 	<cy>640</cy>
	 	 	</node>
	 	 	<node id="197" type="1">
	 	 	 	<cx>70</cx>
	 	 	 	<cy>417</cy>
	 	 	</node>
	 	 	<node id="198" type="1">
	 	 	 	<cx>320</cx>
	 	 	 	<cy>800</cy>
	 	 	</node>
	 	 	<node id="199" type="1">
	 	 	 	<cx>88</cx>
	 	 	 	<cy>326</cy>
	 	 	</node>
	 	 	<node id="200" type="1">
	 	 	 	<cx>448</cx>
	 	 	 	<cy>624</cy>
	 	 	</node>
	 	 	<node id="201" type="1">
	 	 	 	<cx>5</cx>
	 	 	 	<cy>405</cy>
	 	 	</node>
	 	 	<node id="202" type="1">
	 	 	 	<cx>9</cx>
	 	 	 	<cy>520</cy>
	 	 	</node>
	 	 	<node id="203" type="1">
	 	 	 	<cx>26</cx>
	 	 	 	<cy>200</cy>
	 	 	</node>
	 	 	<node id="204" type="1">
	 	 	 	<cx>432</cx>
	 	 	 	<cy>556</cy>
	 	 	</node>
	 	 	<node id="205" type="1">
	 	 	 	<cx>405</cx>
	 	 	 	<cy>541</cy>
	 	 	</node>
	 	 	<node id="206" type="1">
	 	 	 	<cx>242</cx>
	 	 	 	<cy>429</cy>
	 	 	</node>
	 	 	<node id="207" type="1">
	 	 	 	<cx>501</cx>
	 	 	 	<cy>579</cy>
	 	 	</node>
	 	 	<node id="208" type="1">
	 	 	 	<cx>479</cx>
	 	 	 	<cy>427</cy>
	 	 	</node>
	 	 	<node id="209" type="1">
	 	 	 	<cx>27</cx>
	 	 	 	<cy>571</cy>
	 	 	</node>
	 	 	<node id="210" type="1">
	 	 	 	<cx>602</cx>
	 	 	 	<cy>440</cy>
	 	 	</node>
	 	 	<node id="211" type="1">
	 	 	 	<cx>398</cx>
	 	 	 	<cy>657</cy>
	 	 	</node>
	 	 	<node id="212" type="1">
	 	 	 	<cx>176</cx>
	 	 	 	<cy>482</cy>
	 	 	</node>
	 	 	<node id="213" type="1">
	 	 	 	<cx>517</cx>
	 	 	 	<cy>509</cy>
	 	 	</node>
	 	 	<node id="214" type="1">
	 	 	 	<cx>184</cx>
	 	 	 	<cy>464</cy>
	 	 	</node>
	 	 	<node id="215" type="1">
	 	 	 	<cx>350</cx>
	 	 	 	<cy>606</cy>
	 	 	</node>
	 	 	<node id="216" type="1">
	 	 	 	<cx>45</cx>
	 	 	 	<cy>407</cy>
	 	 	</node>
	 	 	<node id="217" type="1">
	 	 	 	<cx>52</cx>
	 	 	 	<cy>465</cy>
	 	 	</node>
	 	 	<node id="218" type="1">
	 	 	 	<cx>612</cx>
	 	 	 	<cy>434</cy>
	 	 	</node>
	 	 	<node id="219" type="1">
	 	 	 	<cx>318</cx>
	 	 	 	<cy>979</cy>
	 	 	</node>
	 	 	<node id="220" type="1">
	 	 	 	<cx>226</cx>
	 	 	 	<cy>642</cy>
	 	 	</node>
	 	 	<node id="221" type="1">
	 	 	 	<cx>544</cx>
	 	 	 	<cy>431</cy>
	 	 	</node>
	 	 	<node id="222" type="1">
	 	 	 	<cx>607</cx>
	 	 	 	<cy>574</cy>
	 	 	</node>
	 	 	<node id="223" type="1">
	 	 	 	<cx>130</cx>
	 	 	 	<cy>767</cy>
	 	 	</node>
	 	 	<node id="224" type="1">
	 	 	 	<cx>204</cx>
	 	 	 	<cy>742</cy>
	 	 	</node>
	 	 	<node id="225" type="1">
	 	 	 	<cx>518</cx>
	 	 	 	<cy>464</cy>
	 	 	</node>
	 	 	<node id="226" type="1">
	 	 	 	<cx>439</cx>
	 	 	 	<cy>619</cy>
	 	 	</node>
	 	 	<node id="227" type="1">
	 	 	 	<cx>104</cx>
	 	 	 	<cy>463</cy>
	 	 	</node>
	 	 	<node id="228" type="1">
	 	 	 	<cx>584</cx>
	 	 	 	<cy>495</cy>
	 	 	</node>
	 	 	<node id="229" type="1">
	 	 	 	<cx>183</cx>
	 	 	 	<cy>642</cy>
	 	 	</node>
	 	 	<node id="230" type="1">
	 	 	 	<cx>747</cx>
	 	 	 	<cy>478</cy>
	 	 	</node>
	 	 	<node id="231" type="1">
	 	 	 	<cx>528</cx>
	 	 	 	<cy>588</cy>
	 	 	</node>
	 	 	<node id="232" type="1">
	 	 	 	<cx>37</cx>
	 	 	 	<cy>256</cy>
	 	 	</node>
	 	 	<node id="233" type="1">
	 	 	 	<cx>113</cx>
	 	 	 	<cy>395</cy>
	 	 	</node>
	 	 	<node id="234" type="1">
	 	 	 	<cx>189</cx>
	 	 	 	<cy>421</cy>
	 	 	</node>
	 	 	<node id="235" type="1">
	 	 	 	<cx>537</cx>
	 	 	 	<cy>541</cy>
	 	 	</node>
	 	 	<node id="236" type="1">
	 	 	 	<cx>554</cx>
	 	 	 	<cy>484</cy>
	 	 	</node>
	 	 	<node id="237" type="1">
	 	 	 	<cx>395</cx>
	 	 	 	<cy>514</cy>
	 	 	</node>
	 	 	<node id="238" type="1">
	 	 	 	<cx>31</cx>
	 	 	 	<cy>647</cy>
	 	 	</node>
	 	 	<node id="239" type="1">
	 	 	 	<cx>63</cx>
	 	 	 	<cy>473</cy>
	 	 	</node>
	 	 	<node id="240" type="1">
	 	 	 	<cx>636</cx>
	 	 	 	<cy>432</cy>
	 	 	</node>
	 	 	<node id="241" type="1">
	 	 	 	<cx>337</cx>
	 	 	 	<cy>505</cy>
	 	 	</node>
	 	 	<node id="242" type="1">
	 	 	 	<cx>678</cx>
	 	 	 	<cy>518</cy>
	 	 	</node>
	 	 	<node id="243" type="1">
	 	 	 	<cx>396</cx>
	 	 	 	<cy>435</cy>
	 	 	</node>
	 	 	<node id="244" type="1">
	 	 	 	<cx>603</cx>
	 	 	 	<cy>501</cy>
	 	 	</node>
	 	 	<node id="245" type="1">
	 	 	 	<cx>173</cx>
	 	 	 	<cy>629</cy>
	 	 	</node>
	 	 	<node id="246" type="1">
	 	 	 	<cx>575</cx>
	 	 	 	<cy>395</cy>
	 	 	</node>
	 	 	<node id="247" type="1">
	 	 	 	<cx>309</cx>
	 	 	 	<cy>604</cy>
	 	 	</node>
	 	 	<node id="248" type="1">
	 	 	 	<cx>371</cx>
	 	 	 	<cy>795</cy>
	 	 	</node>
	 	 	<node id="249" type="1">
	 	 	 	<cx>262</cx>
	 	 	 	<cy>452</cy>
	 	 	</node>
	 	 	<node id="250" type="1">
	 	 	 	<cx>29</cx>
	 	 	 	<cy>521</cy>
	 	 	</node>
	 	 	<node id="251" type="1">
	 	 	 	<cx>375</cx>
	 	 	 	<cy>623</cy>
	 	 	</node>
	 	 	<node id="252" type="1">
	 	 	 	<cx>525</cx>
	 	 	 	<cy>449</cy>
	 	 	</node>
	 	 	<node id="253" type="1">
	 	 	 	<cx>482</cx>
	 	 	 	<cy>542</cy>
	 	 	</node>
	 	 	<node id="254" type="1">
	 	 	 	<cx>589</cx>
	 	 	 	<cy>420</cy>
	 	 	</node>
	 	 	<node id="255" type="1">
	 	 	 	<cx>86</cx>
	 	 	 	<cy>340</cy>
	 	 	</node>
	 	 	<node id="256" type="1">
	 	 	 	<cx>22</cx>
	 	 	 	<cy>705</cy>
	 	 	</node>
	 	 	<node id="257" type="1">
	 	 	 	<cx>343</cx>
	 	 	 	<cy>673</cy>
	 	 	</node>
	 	 	<node id="258" type="1">
	 	 	 	<cx>45</cx>
	 	 	 	<cy>558</cy>
	 	 	</node>
	 	 	<node id="259" type="1">
	 	 	 	<cx>530</cx>
	 	 	 	<cy>483</cy>
	 	 	</node>
	 	 	<node id="260" type="1">
	 	 	 	<cx>528</cx>
	 	 	 	<cy>389</cy>
	 	 	</node>
	 	 	<node id="261" type="1">
	 	 	 	<cx>299</cx>
	 	 	 	<cy>678</cy>
	 	 	</node>
	 	 	<node id="262" type="1">
	 	 	 	<cx>486</cx>
	 	 	 	<cy>326</cy>
	 	 	</node>
	 	 	<node id="263" type="1">
	 	 	 	<cx>414</cx>
	 	 	 	<cy>536</cy>
	 	 	</node>
	 	 	<node id="264" type="1">
	 	 	 	<cx>673</cx>
	 	 	 	<cy>15</cy>
	 	 	</node>
	 	 	<node id="265" type="1">
	 	 	 	<cx>56</cx>
	 	 	 	<cy>354</cy>
	 	 	</node>
	 	 	<node id="266" type="1">
	 	 	 	<cx>13</cx>
	 	 	 	<cy>456</cy>
	 	 	</node>
	 	 	<node id="267" type="1">
	 	 	 	<cx>615</cx>
	 	 	 	<cy>505</cy>
	 	 	</node>
	 	 	<node id="268" type="1">
	 	 	 	<cx>155</cx>
	 	 	 	<cy>392</cy>
	 	 	</node>
	 	 	<node id="269" type="1">
	 	 	 	<cx>17</cx>
	 	 	 	<cy>342</cy>
	 	 	</node>
	 	 	<node id="270" type="1">
	 	 	 	<cx>505</cx>
	 	 	 	<cy>333</cy>
	 	 	</node>
	 	 	<node id="271" type="1">
	 	 	 	<cx>264</cx>
	 	 	 	<cy>387</cy>
	 	 	</node>
	 	 	<node id="272" type="1">
	 	 	 	<cx>289</cx>
	 	 	 	<cy>541</cy>
	 	 	</node>
	 	 	<node id="273" type="1">
	 	 	 	<cx>140</cx>
	 	 	 	<cy>498</cy>
	 	 	</node>
	 	 	<node id="274" type="1">
	 	 	 	<cx>445</cx>
	 	 	 	<cy>606</cy>
	 	 	</node>
	 	 	<node id="275" type="1">
	 	 	 	<cx>534</cx>
	 	 	 	<cy>468</cy>
	 	 	</node>
	 	 	<node id="276" type="1">
	 	 	 	<cx>112</cx>
	 	 	 	<cy>456</cy>
	 	 	</node>
	 	 	<node id="277" type="1">
	 	 	 	<cx>604</cx>
	 	 	 	<cy>604</cy>
	 	 	</node>
	 	 	<node id="278" type="1">
	 	 	 	<cx>304</cx>
	 	 	 	<cy>614</cy>
	 	 	</node>
	 	 	<node id="279" type="1">
	 	 	 	<cx>228</cx>
	 	 	 	<cy>659</cy>
	 	 	</node>
	 	 	<node id="280" type="1">
	 	 	 	<cx>339</cx>
	 	 	 	<cy>622</cy>
	 	 	</node>
	 	 	<node id="281" type="1">
	 	 	 	<cx>513</cx>
	 	 	 	<cy>411</cy>
	 	 	</node>
	 	 	<node id="282" type="1">
	 	 	 	<cx>290</cx>
	 	 	 	<cy>422</cy>
	 	 	</node>
	 	 	<node id="283" type="1">
	 	 	 	<cx>728</cx>
	 	 	 	<cy>457</cy>
	 	 	</node>
	 	 	<node id="284" type="1">
	 	 	 	<cx>379</cx>
	 	 	 	<cy>594</cy>
	 	 	</node>
	 	</nodes>
	 	<euclidean/>
	 	<decimals>0</decimals>
	 </network>
	 <fleet>
	 	 <vehicle_profile type="0">
	 	  	 <departure_node>1</departure_node>
	 	  	 <arrival_node>1</arrival_node>
	 	  	 <capacity>109</capacity>
	 	 </vehicle_profile>
	 </fleet>
	 <requests>
	 	 <request id="1" node="2">
	 	 	 <quantity>7</quantity>
	 	 </request>
	 	 <request id="2" node="3">
	 	 	 <quantity>3</quantity>
	 	 </request>
	 	 <request id="3" node="4">
	 	 	 <quantity>3</quantity>
	 	 </request>
	 	 <request id="4" node="5">
	 	 	 <quantity>5</quantity>
	 	 </request>
	 	 <request id="5" node="6">
	 	 	 <quantity>4</quantity>
	 	 </request>
	 	 <request id="6" node="7">
	 	 	 <quantity>8</quantity>
	 	 </request>
	 	 <request id="7" node="8">
	 	 	 <quantity>1</quantity>
	 	 </request>
	 	 <request id="8" node="9">
	 	 	 <quantity>2</quantity>
	 	 </request>
	 	 <request id="9" node="10">
	 	 	 <quantity>9</quantity>
	 	 </request>
	 	 <request id="10" node="11">
	 	 	 <quantity>5</quantity>
	 	 </request>
	 	 <request id="11" node="12">
	 	 	 <quantity>2</quantity>
	 	 </request>
	 	 <request id="12" node="13">
	 	 	 <quantity>2</quantity>
	 	 </request>
	 	 <request id="13" node="14">
	 	 	 <quantity>4</quantity>
	 	 </request>
	 	 <request id="14" node="15">
	 	 	 <quantity>1</quantity>
	 	 </request>
	 	 <request id="15" node="16">
	 	 	 <quantity>3</quantity>
	 	 </request>
	 	 <request id="16" node="17">
	 	 	 <quantity>4</quantity>
	 	 </request>
	 	 <request id="17" node="18">
	 	 	 <quantity>10</quantity>
	 	 </request>
	 	 <request id="18" node="19">
	 	 	 <quantity>2</quantity>
	 	 </request>
	 	 <request id="19" node="20">
	 	 	 <quantity>2</quantity>
	 	 </request>
	 	 <request id="20" node="21">
	 	 	 <quantity>3</quantity>
	 	 </request>
	 	 <request id="21" node="22">
	 	 	 <quantity>9</quantity>
	 	 </request>
	 	 <request id="22" node="23">
	 	 	 <quantity>2</quantity>
	 	 </request>
	 	 <request id="23" node="24">
	 	 	 <quantity>1</quantity>
	 	 </request>
	 	 <request id="24" node="25">
	 	 	 <quantity>6</quantity>
	 	 </request>
	 	 <request id="25" node="26">
	 	 	 <quantity>8</quantity>
	 	 </request>
	 	 <request id="26" node="27">
	 	 	 <quantity>9</quantity>
	 	 </request>
	 	 <request id="27" node="28">
	 	 	 <quantity>7</quantity>
	 	 </request>
	 	 <request id="28" node="29">
	 	 	 <quantity>8</quantity>
	 	 </request>
	 	 <request id="29" node="30">
	 	 	 <quantity>8</quantity>
	 	 </request>
	 	 <request id="30" node="31">
	 	 	 <quantity>4</quantity>
	 	 </request>
	 	 <request id="31" node="32">
	 	 	 <quantity>6</quantity>
	 	 </request>
	 	 <request id="32" node="33">
	 	 	 <quantity>2</quantity>
	 	 </request>
	 	 <request id="33" node="34">
	 	 	 <quantity>7</quantity>
	 	 </request>
	 	 <request id="34" node="35">
	 	 	 <quantity>5</quantity>
	 	 </request>
	 	 <request id="35" node="36">
	 	 	 <quantity>10</quantity>
	 	 </request>
	 	 <request id="36" node="37">
	 	 	 <quantity>4</quantity>
	 	 </request>
	 	 <request id="37" node="38">
	 	 	 <quantity>9</quantity>
	 	 </request>
	 	 <request id="38" node="39">
	 	 	 <quantity>6</quantity>
	 	 </request>
	 	 <request id="39" node="40">
	 	 	 <quantity>8</quantity>
	 	 </request>
	 	 <request id="40" node="41">
	 	 	 <quantity>1</quantity>
	 	 </request>
	 	 <request id="41" node="42">
	 	 	 <quantity>5</quantity>
	 	 </request>
	 	 <request id="42" node="43">
	 	 	 <quantity>5</quantity>
	 	 </request>
	 	 <request id="43" node="44">
	 	 	 <quantity>8</quantity>
	 	 </request>
	 	 <request id="44" node="45">
	 	 	 <quantity>5</quantity>
	 	 </request>
	 	 <request id="45" node="46">
	 	 	 <quantity>5</quantity>
	 	 </request>
	 	 <request id="46" node="47">
	 	 	 <quantity>4</quantity>
	 	 </request>
	 	 <request id="47" node="48">
	 	 	 <quantity>8</quantity>
	 	 </request>
	 	 <request id="48" node="49">
	 	 	 <quantity>3</quantity>
	 	 </request>
	 	 <request id="49" node="50">
	 	 	 <quantity>6</quantity>
	 	 </request>
	 	 <request id="50" node="51">
	 	 	 <quantity>7</quantity>
	 	 </request>
	 	 <request id="51" node="52">
	 	 	 <quantity>7</quantity>
	 	 </request>
	 	 <request id="52" node="53">
	 	 	 <quantity>9</quantity>
	 	 </request>
	 	 <request id="53" node="54">
	 	 	 <quantity>9</quantity>
	 	 </request>
	 	 <request id="54" node="55">
	 	 	 <quantity>5</quantity>
	 	 </request>
	 	 <request id="55" node="56">
	 	 	 <quantity>4</quantity>
	 	 </request>
	 	 <request id="56" node="57">
	 	 	 <quantity>3</quantity>
	 	 </request>
	 	 <request id="57" node="58">
	 	 	 <quantity>9</quantity>
	 	 </request>
	 	 <request id="58" node="59">
	 	 	 <quantity>3</quantity>
	 	 </request>
	 	 <request id="59" node="60">
	 	 	 <quantity>7</quantity>
	 	 </request>
	 	 <request id="60" node="61">
	 	 	 <quantity>9</quantity>
	 	 </request>
	 	 <request id="61" node="62">
	 	 	 <quantity>1</quantity>
	 	 </request>
	 	 <request id="62" node="63">
	 	 	 <quantity>6</quantity>
	 	 </request>
	 	 <request id="63" node="64">
	 	 	 <quantity>2</quantity>
	 	 </request>
	 	 <request id="64" node="65">
	 	 	 <quantity>8</quantity>
	 	 </request>
	 	 <request id="65" node="66">
	 	 	 <quantity>9</quantity>
	 	 </request>
	 	 <request id="66" node="67">
	 	 	 <quantity>2</quantity>
	 	 </request>
	 	 <request id="67" node="68">
	 	 	 <quantity>6</quantity>
	 	 </request>
	 	 <request id="68" node="69">
	 	 	 <quantity>7</quantity>
	 	 </request>
	 	 <request id="69" node="70">
	 	 	 <quantity>7</quantity>
	 	 </request>
	 	 <request id="70" node="71">
	 	 	 <quantity>7</quantity>
	 	 </request>
	 	 <request id="71" node="72">
	 	 	 <quantity>10</quantity>
	 	 </request>
	 	 <request id="72" node="73">
	 	 	 <quantity>10</quantity>
	 	 </request>
	 	 <request id="73" node="74">
	 	 	 <quantity>5</quantity>
	 	 </request>
	 	 <request id="74" node="75">
	 	 	 <quantity>5</quantity>
	 	 </request>
	 	 <request id="75" node="76">
	 	 	 <quantity>8</quantity>
	 	 </request>
	 	 <request id="76" node="77">
	 	 	 <quantity>7</quantity>
	 	 </request>
	 	 <request id="77" node="78">
	 	 	 <quantity>3</quantity>
	 	 </request>
	 	 <request id="78" node="79">
	 	 	 <quantity>2</quantity>
	 	 </request>
	 	 <request id="79" node="80">
	 	 	 <quantity>3</quantity>
	 	 </request>
	 	 <request id="80" node="81">
	 	 	 <quantity>3</quantity>
	 	 </request>
	 	 <request id="81" node="82">
	 	 	 <quantity>1</quantity>
	 	 </request>
	 	 <request id="82" node="83">
	 	 	 <quantity>9</quantity>
	 	 </request>
	 	 <request id="83" node="84">
	 	 	 <quantity>4</quantity>
	 	 </request>
	 	 <request id="84" node="85">
	 	 	 <quantity>2</quantity>
	 	 </request>
	 	 <request id="85" node="86">
	 	 	 <quantity>1</quantity>
	 	 </request>
	 	 <request id="86" node="87">
	 	 	 <quantity>5</quantity>
	 	 </request>
	 	 <request id="87" node="88">
	 	 	 <quantity>5</quantity>
	 	 </request>
	 	 <request id="88" node="89">
	 	 	 <quantity>5</quantity>
	 	 </request>
	 	 <request id="89" node="90">
	 	 	 <quantity>6</quantity>
	 	 </request>
	 	 <request id="90" node="91">
	 	 	 <quantity>4</quantity>
	 	 </request>
	 	 <request id="91" node="92">
	 	 	 <quantity>8</quantity>
	 	 </request>
	 	 <request id="92" node="93">
	 	 	 <quantity>9</quantity>
	 	 </request>
	 	 <request id="93" node="94">
	 	 	 <quantity>2</quantity>
	 	 </request>
	 	 <request id="94" node="95">
	 	 	 <quantity>2</quantity>
	 	 </request>
	 	 <request id="95" node="96">
	 	 	 <quantity>8</quantity>
	 	 </request>
	 	 <request id="96" node="97">
	 	 	 <quantity>5</quantity>
	 	 </request>
	 	 <request id="97" node="98">
	 	 	 <quantity>6</quantity>
	 	 </request>
	 	 <request id="98" node="99">
	 	 	 <quantity>8</quantity>
	 	 </request>
	 	 <request id="99" node="100">
	 	 	 <quantity>7</quantity>
	 	 </request>
	 	 <request id="100" node="101">
	 	 	 <quantity>10</quantity>
	 	 </request>
	 	 <request id="101" node="102">
	 	 	 <quantity>5</quantity>
	 	 </request>
	 	 <request id="102" node="103">
	 	 	 <quantity>1</quantity>
	 	 </request>
	 	 <request id="103" node="104">
	 	 	 <quantity>6</quantity>
	 	 </request>
	 	 <request id="104" node="105">
	 	 	 <quantity>1</quantity>
	 	 </request>
	 	 <request id="105" node="106">
	 	 	 <quantity>1</quantity>
	 	 </request>
	 	 <request id="106" node="107">
	 	 	 <quantity>9</quantity>
	 	 </request>
	 	 <request id="107" node="108">
	 	 	 <quantity>7</quantity>
	 	 </request>
	 	 <request id="108" node="109">
	 	 	 <quantity>6</quantity>
	 	 </request>
	 	 <request id="109" node="110">
	 	 	 <quantity>3</quantity>
	 	 </request>
	 	 <request id="110" node="111">
	 	 	 <quantity>4</quantity>
	 	 </request>
	 	 <request id="111" node="112">
	 	 	 <quantity>7</quantity>
	 	 </request>
	 	 <request id="112" node="113">
	 	 	 <quantity>7</quantity>
	 	 </request>
	 	 <request id="113" node="114">
	 	 	 <quantity>6</quantity>
	 	 </request>
	 	 <request id="114" node="115">
	 	 	 <quantity>3</quantity>
	 	 </request>
	 	 <request id="115" node="116">
	 	 	 <quantity>6</quantity>
	 	 </request>
	 	 <request id="116" node="117">
	 	 	 <quantity>10</quantity>
	 	 </request>
	 	 <request id="117" node="118">
	 	 	 <quantity>2</quantity>
	 	 </request>
	 	 <request id="118" node="119">
	 	 	 <quantity>3</quantity>
	 	 </request>
	 	 <request id="119" node="120">
	 	 	 <quantity>4</quantity>
	 	 </request>
	 	 <request id="120" node="121">
	 	 	 <quantity>5</quantity>
	 	 </request>
	 	 <request id="121" node="122">
	 	 	 <quantity>9</quantity>
	 	 </request>
	 	 <request id="122" node="123">
	 	 	 <quantity>8</quantity>
	 	 </request>
	 	 <request id="123" node="124">
	 	 	 <quantity>5</quantity>
	 	 </request>
	 	 <request id="124" node="125">
	 	 	 <quantity>3</quantity>
	 	 </request>
	 	 <request id="125" node="126">
	 	 	 <quantity>10</quantity>
	 	 </request>
	 	 <request id="126" node="127">
	 	 	 <quantity>2</quantity>
	 	 </request>
	 	 <request id="127" node="128">
	 	 	 <quantity>3</quantity>
	 	 </request>
	 	 <request id="128" node="129">
	 	 	 <quantity>9</quantity>
	 	 </request>
	 	 <request id="129" node="130">
	 	 	 <quantity>9</quantity>
	 	 </request>
	 	 <request id="130" node="131">
	 	 	 <quantity>9</quantity>
	 	 </request>
	 	 <request id="131" node="132">
	 	 	 <quantity>5</quantity>
	 	 </request>
	 	 <request id="132" node="133">
	 	 	 <quantity>2</quantity>
	 	 </request>
	 	 <request id="133" node="134">
	 	 	 <quantity>9</quantity>
	 	 </request>
	 	 <request id="134" node="135">
	 	 	 <quantity>9</quantity>
	 	 </request>
	 	 <request id="135" node="136">
	 	 	 <quantity>4</quantity>
	 	 </request>
	 	 <request id="136" node="137">
	 	 	 <quantity>7</quantity>
	 	 </request>
	 	 <request id="137" node="138">
	 	 	 <quantity>5</quantity>
	 	 </request>
	 	 <request id="138" node="139">
	 	 	 <quantity>3</quantity>
	 	 </request>
	 	 <request id="139" node="140">
	 	 	 <quantity>8</quantity>
	 	 </request>
	 	 <request id="140" node="141">
	 	 	 <quantity>9</quantity>
	 	 </request>
	 	 <request id="141" node="142">
	 	 	 <quantity>3</quantity>
	 	 </request>
	 	 <request id="142" node="143">
	 	 	 <quantity>1</quantity>
	 	 </request>
	 	 <request id="143" node="144">
	 	 	 <quantity>10</quantity>
	 	 </request>
	 	 <request id="144" node="145">
	 	 	 <quantity>8</quantity>
	 	 </request>
	 	 <request id="145" node="146">
	 	 	 <quantity>2</quantity>
	 	 </request>
	 	 <request id="146" node="147">
	 	 	 <quantity>5</quantity>
	 	 </request>
	 	 <request id="147" node="148">
	 	 	 <quantity>9</quantity>
	 	 </request>
	 	 <request id="148" node="149">
	 	 	 <quantity>10</quantity>
	 	 </request>
	 	 <request id="149" node="150">
	 	 	 <quantity>6</quantity>
	 	 </request>
	 	 <request id="150" node="151">
	 	 	 <quantity>10</quantity>
	 	 </request>
	 	 <request id="151" node="152">
	 	 	 <quantity>10</quantity>
	 	 </request>
	 	 <request id="152" node="153">
	 	 	 <quantity>7</quantity>
	 	 </request>
	 	 <request id="153" node="154">
	 	 	 <quantity>1</quantity>
	 	 </request>
	 	 <request id="154" node="155">
	 	 	 <quantity>9</quantity>
	 	 </request>
	 	 <request id="155" node="156">
	 	 	 <quantity>2</quantity>
	 	 </request>
	 	 <request id="156" node="157">
	 	 	 <quantity>1</quantity>
	 	 </request>
	 	 <request id="157" node="158">
	 	 	 <quantity>1</quantity>
	 	 </request>
	 	 <request id="158" node="159">
	 	 	 <quantity>8</quantity>
	 	 </request>
	 	 <request id="159" node="160">
	 	 	 <quantity>6</quantity>
	 	 </request>
	 	 <request id="160" node="161">
	 	 	 <quantity>1</quantity>
	 	 </request>
	 	 <request id="161" node="162">
	 	 	 <quantity>10</quantity>
	 	 </request>
	 	 <request id="162" node="163">
	 	 	 <quantity>10</quantity>
	 	 </request>
	 	 <request id="163" node="164">
	 	 	 <quantity>5</quantity>
	 	 </request>
	 	 <request id="164" node="165">
	 	 	 <quantity>10</quantity>
	 	 </request>
	 	 <request id="165" node="166">
	 	 	 <quantity>6</quantity>
	 	 </request>
	 	 <request id="166" node="167">
	 	 	 <quantity>10</quantity>
	 	 </request>
	 	 <request id="167" node="168">
	 	 	 <quantity>3</quantity>
	 	 </request>
	 	 <request id="168" node="169">
	 	 	 <quantity>1</quantity>
	 	 </request>
	 	 <request id="169" node="170">
	 	 	 <quantity>7</quantity>
	 	 </request>
	 	 <request id="170" node="171">
	 	 	 <quantity>3</quantity>
	 	 </request>
	 	 <request id="171" node="172">
	 	 	 <quantity>7</quantity>
	 	 </request>
	 	 <request id="172" node="173">
	 	 	 <quantity>4</quantity>
	 	 </request>
	 	 <request id="173" node="174">
	 	 	 <quantity>8</quantity>
	 	 </request>
	 	 <request id="174" node="175">
	 	 	 <quantity>3</quantity>
	 	 </request>
	 	 <request id="175" node="176">
	 	 	 <quantity>1</quantity>
	 	 </request>
	 	 <request id="176" node="177">
	 	 	 <quantity>9</quantity>
	 	 </request>
	 	 <request id="177" node="178">
	 	 	 <quantity>2</quantity>
	 	 </request>
	 	 <request id="178" node="179">
	 	 	 <quantity>9</quantity>
	 	 </request>
	 	 <request id="179" node="180">
	 	 	 <quantity>5</quantity>
	 	 </request>
	 	 <request id="180" node="181">
	 	 	 <quantity>1</quantity>
	 	 </request>
	 	 <request id="181" node="182">
	 	 	 <quantity>2</quantity>
	 	 </request>
	 	 <request id="182" node="183">
	 	 	 <quantity>5</quantity>
	 	 </request>
	 	 <request id="183" node="184">
	 	 	 <quantity>3</quantity>
	 	 </request>
	 	 <request id="184" node="185">
	 	 	 <quantity>3</quantity>
	 	 </request>
	 	 <request id="185" node="186">
	 	 	 <quantity>3</quantity>
	 	 </request>
	 	 <request id="186" node="187">
	 	 	 <quantity>3</quantity>
	 	 </request>
	 	 <request id="187" node="188">
	 	 	 <quantity>3</quantity>
	 	 </request>
	 	 <request id="188" node="189">
	 	 	 <quantity>10</quantity>
	 	 </request>
	 	 <request id="189" node="190">
	 	 	 <quantity>10</quantity>
	 	 </request>
	 	 <request id="190" node="191">
	 	 	 <quantity>9</quantity>
	 	 </request>
	 	 <request id="191" node="192">
	 	 	 <quantity>7</quantity>
	 	 </request>
	 	 <request id="192" node="193">
	 	 	 <quantity>4</quantity>
	 	 </request>
	 	 <request id="193" node="194">
	 	 	 <quantity>9</quantity>
	 	 </request>
	 	 <request id="194" node="195">
	 	 	 <quantity>7</quantity>
	 	 </request>
	 	 <request id="195" node="196">
	 	 	 <quantity>1</quantity>
	 	 </request>
	 	 <request id="196" node="197">
	 	 	 <quantity>3</quantity>
	 	 </request>
	 	 <request id="197" node="198">
	 	 	 <quantity>3</quantity>
	 	 </request>
	 	 <request id="198" node="199">
	 	 	 <quantity>5</quantity>
	 	 </request>
	 	 <request id="199" node="200">
	 	 	 <quantity>3</quantity>
	 	 </request>
	 	 <request id="200" node="201">
	 	 	 <quantity>5</quantity>
	 	 </request>
	 	 <request id="201" node="202">
	 	 	 <quantity>1</quantity>
	 	 </request>
	 	 <request id="202" node="203">
	 	 	 <quantity>3</quantity>
	 	 </request>
	 	 <request id="203" node="204">
	 	 	 <quantity>6</quantity>
	 	 </request>
	 	 <request id="204" node="205">
	 	 	 <quantity>9</quantity>
	 	 </request>
	 	 <request id="205" node="206">
	 	 	 <quantity>6</quantity>
	 	 </request>
	 	 <request id="206" node="207">
	 	 	 <quantity>10</quantity>
	 	 </request>
	 	 <request id="207" node="208">
	 	 	 <quantity>8</quantity>
	 	 </request>
	 	 <request id="208" node="209">
	 	 	 <quantity>2</quantity>
	 	 </request>
	 	 <request id="209" node="210">
	 	 	 <quantity>6</quantity>
	 	 </request>
	 	 <request id="210" node="211">
	 	 	 <quantity>2</quantity>
	 	 </request>
	 	 <request id="211" node="212">
	 	 	 <quantity>10</quantity>
	 	 </request>
	 	 <request id="212" node="213">
	 	 	 <quantity>10</quantity>
	 	 </request>
	 	 <request id="213" node="214">
	 	 	 <quantity>6</quantity>
	 	 </request>
	 	 <request id="214" node="215">
	 	 	 <quantity>10</quantity>
	 	 </request>
	 	 <request id="215" node="216">
	 	 	 <quantity>10</quantity>
	 	 </request>
	 	 <request id="216" node="217">
	 	 	 <quantity>7</quantity>
	 	 </request>
	 	 <request id="217" node="218">
	 	 	 <quantity>6</quantity>
	 	 </request>
	 	 <request id="218" node="219">
	 	 	 <quantity>6</quantity>
	 	 </request>
	 	 <request id="219" node="220">
	 	 	 <quantity>1</quantity>
	 	 </request>
	 	 <request id="220" node="221">
	 	 	 <quantity>8</quantity>
	 	 </request>
	 	 <request id="221" node="222">
	 	 	 <quantity>6</quantity>
	 	 </request>
	 	 <request id="222" node="223">
	 	 	 <quantity>5</quantity>
	 	 </request>
	 	 <request id="223" node="224">
	 	 	 <quantity>3</quantity>
	 	 </request>
	 	 <request id="224" node="225">
	 	 	 <quantity>1</quantity>
	 	 </request>
	 	 <request id="225" node="226">
	 	 	 <quantity>9</quantity>
	 	 </request>
	 	 <request id="226" node="227">
	 	 	 <quantity>4</quantity>
	 	 </request>
	 	 <request id="227" node="228">
	 	 	 <quantity>8</quantity>
	 	 </request>
	 	 <request id="228" node="229">
	 	 	 <quantity>8</quantity>
	 	 </request>
	 	 <request id="229" node="230">
	 	 	 <quantity>5</quantity>
	 	 </request>
	 	 <request id="230" node="231">
	 	 	 <quantity>4</quantity>
	 	 </request>
	 	 <request id="231" node="232">
	 	 	 <quantity>3</quantity>
	 	 </request>
	 	 <request id="232" node="233">
	 	 	 <quantity>3</quantity>
	 	 </request>
	 	 <request id="233" node="234">
	 	 	 <quantity>6</quantity>
	 	 </request>
	 	 <request id="234" node="235">
	 	 	 <quantity>9</quantity>
	 	 </request>
	 	 <request id="235" node="236">
	 	 	 <quantity>10</quantity>
	 	 </request>
	 	 <request id="236" node="237">
	 	 	 <quantity>2</quantity>
	 	 </request>
	 	 <request id="237" node="238">
	 	 	 <quantity>3</quantity>
	 	 </request>
	 	 <request id="238" node="239">
	 	 	 <quantity>3</quantity>
	 	 </request>
	 	 <request id="239" node="240">
	 	 	 <quantity>1</quantity>
	 	 </request>
	 	 <request id="240" node="241">
	 	 	 <quantity>1</quantity>
	 	 </request>
	 	 <request id="241" node="242">
	 	 	 <quantity>7</quantity>
	 	 </request>
	 	 <request id="242" node="243">
	 	 	 <quantity>8</quantity>
	 	 </request>
	 	 <request id="243" node="244">
	 	 	 <quantity>6</quantity>
	 	 </request>
	 	 <request id="244" node="245">
	 	 	 <quantity>5</quantity>
	 	 </request>
	 	 <request id="245" node="246">
	 	 	 <quantity>5</quantity>
	 	 </request>
	 	 <request id="246" node="247">
	 	 	 <quantity>4</quantity>
	 	 </request>
	 	 <request id="247" node="248">
	 	 	 <quantity>2</quantity>
	 	 </request>
	 	 <request id="248" node="249">
	 	 	 <quantity>10</quantity>
	 	 </request>
	 	 <request id="249" node="250">
	 	 	 <quantity>2</quantity>
	 	 </request>
	 	 <request id="250" node="251">
	 	 	 <quantity>1</quantity>
	 	 </request>
	 	 <request id="251" node="252">
	 	 	 <quantity>2</quantity>
	 	 </request>
	 	 <request id="252" node="253">
	 	 	 <quantity>3</quantity>
	 	 </request>
	 	 <request id="253" node="254">
	 	 	 <quantity>3</quantity>
	 	 </request>
	 	 <request id="254" node="255">
	 	 	 <quantity>6</quantity>
	 	 </request>
	 	 <request id="255" node="256">
	 	 	 <quantity>5</quantity>
	 	 </request>
	 	 <request id="256" node="257">
	 	 	 <quantity>5</quantity>
	 	 </request>
	 	 <request id="257" node="258">
	 	 	 <quantity>1</quantity>
	 	 </request>
	 	 <request id="258" node="259">
	 	 	 <quantity>8</quantity>
	 	 </request>
	 	 <request id="259" node="260">
	 	 	 <quantity>8</quantity>
	 	 </request>
	 	 <request id="260" node="261">
	 	 	 <quantity>3</quantity>
	 	 </request>
	 	 <request id="261" node="262">
	 	 	 <quantity>1</quantity>
	 	 </request>
	 	 <request id="262" node="263">
	 	 	 <quantity>8</quantity>
	 	 </request>
	 	 <request id="263" node="264">
	 	 	 <quantity>1</quantity>
	 	 </request>
	 	 <request id="264" node="265">
	 	 	 <quantity>7</quantity>
	 	 </request>
	 	 <request id="265" node="266">
	 	 	 <quantity>6</quantity>
	 	 </request>
	 	 <request id="266" node="267">
	 	 	 <quantity>6</quantity>
	 	 </request>
	 	 <request id="267" node="268">
	 	 	 <quantity>3</quantity>
	 	 </request>
	 	 <request id="268" node="269">
	 	 	 <quantity>10</quantity>
	 	 </request>
	 	 <request id="269" node="270">
	 	 	 <quantity>5</quantity>
	 	 </request>
	 	 <request id="270" node="271">
	 	 	 <quantity>1</quantity>
	 	 </request>
	 	 <request id="271" node="272">
	 	 	 <quantity>9</quantity>
	 	 </request>
	 	 <request id="272" node="273">
	 	 	 <quantity>8</quantity>
	 	 </request>
	 	 <request id="273" node="274">
	 	 	 <quantity>5</quantity>
	 	 </request>
	 	 <request id="274" node="275">
	 	 	 <quantity>2</quantity>
	 	 </request>
	 	 <request id="275" node="276">
	 	 	 <quantity>9</quantity>
	 	 </request>
	 	 <request id="276" node="277">
	 	 	 <quantity>4</quantity>
	 	 </request>
	 	 <request id="277" node="278">
	 	 	 <quantity>4</quantity>
	 	 </request>
	 	 <request id="278" node="279">
	 	 	 <quantity>8</quantity>
	 	 </request>
	 	 <request id="279" node="280">
	 	 	 <quantity>7</quantity>
	 	 </request>
	 	 <request id="280" node="281">
	 	 	 <quantity>6</quantity>
	 	 </request>
	 	 <request id="281" node="282">
	 	 	 <quantity>3</quantity>
	 	 </request>
	 	 <request id="282" node="283">
	 	 	 <quantity>6</quantity>
	 	 </request>
	 	 <request id="283" node="284">
	 	 	 <quantity>8</quantity>
	 	 </request>
	 </requests>
</instance>
