<?xml version="1.0" encoding="UTF-8" standalone="yes"?>
<instance>
	<info>
	 	<dataset>Uchoa 2014 — Set X</dataset>
	 	<name>X-n327-k20</name>
	</info>
	<network>
	 	<nodes>
	 	 	<node id="1" type="1">
	 	 	 	<cx>236</cx>
	 	 	 	<cy>951</cy>
	 	 	</node>
	 	 	<node id="2" type="1">
	 	 	 	<cx>735</cx>
	 	 	 	<cy>289</cy>
	 	 	</node>
	 	 	<node id="3" type="1">
	 	 	 	<cx>841</cx>
	 	 	 	<cy>735</cy>
	 	 	</node>
	 	 	<node id="4" type="1">
	 	 	 	<cx>846</cx>
	 	 	 	<cy>821</cy>
	 	 	</node>
	 	 	<node id="5" type="1">
	 	 	 	<cx>907</cx>
	 	 	 	<cy>810</cy>
	 	 	</node>
	 	 	<node id="6" type="1">
	 	 	 	<cx>55</cx>
	 	 	 	<cy>136</cy>
	 	 	</node>
	 	 	<node id="7" type="1">
	 	 	 	<cx>372</cx>
	 	 	 	<cy>422</cy>
	 	 	</node>
	 	 	<node id="8" type="1">
	 	 	 	<cx>437</cx>
	 	 	 	<cy>584</cy>
	 	 	</node>
	 	 	<node id="9" type="1">
	 	 	 	<cx>509</cx>
	 	 	 	<cy>822</cy>
	 	 	</node>
	 	 	<node id="10" type="1">
	 	 	 	<cx>57</cx>
	 	 	 	<cy>519</cy>
	 	 	</node>
	 	 	<node id="11" type="1">
	 	 	 	<cx>563</cx>
	 	 	 	<cy>333</cy>
	 	 	</node>
	 	 	<node id="12" type="1">
	 	 	 	<cx>750</cx>
	 	 	 	<cy>8</cy>
	 	 	</node>
	 	 	<node id="13" type="1">
	 	 	 	<cx>644</cx>
	 	 	 	<cy>692</cy>
	 	 	</node>
	 	 	<node id="14" type="1">
	 	 	 	<cx>123</cx>
	 	 	 	<cy>787</cy>
	 	 	</node>
	 	 	<node id="15" type="1">
	 	 	 	<cx>865</cx>
	 	 	 	<cy>618</cy>
	 	 	</node>
	 	 	<node id="16" type="1">
	 	 	 	<cx>833</cx>
	 	 	 	<cy>453</cy>
	 	 	</node>
	 	 	<node id="17" type="1">
	 	 	 	<cx>736</cx>
	 	 	 	<cy>643</cy>
	 	 	</node>
	 	 	<node id="18" type="1">
	 	 	 	<cx>90</cx>
	 	 	 	<cy>930</cy>
	 	 	</node>
	 	 	<node id="19" type="1">
	 	 	 	<cx>804</cx>
	 	 	 	<cy>192</cy>
	 	 	</node>
	 	 	<node id="20" type="1">
	 	 	 	<cx>435</cx>
	 	 	 	<cy>164</cy>
	 	 	</node>
	 	 	<node id="21" type="1">
	 	 	 	<cx>540</cx>
	 	 	 	<cy>911</cy>
	 	 	</node>
	 	 	<node id="22" type="1">
	 	 	 	<cx>747</cx>
	 	 	 	<cy>80</cy>
	 	 	</node>
	 	 	<node id="23" type="1">
	 	 	 	<cx>486</cx>
	 	 	 	<cy>239</cy>
	 	 	</node>
	 	 	<node id="24" type="1">
	 	 	 	<cx>511</cx>
	 	 	 	<cy>784</cy>
	 	 	</node>
	 	 	<node id="25" type="1">
	 	 	 	<cx>639</cx>
	 	 	 	<cy>247</cy>
	 	 	</node>
	 	 	<node id="26" type="1">
	 	 	 	<cx>337</cx>
	 	 	 	<cy>11</cy>
	 	 	</node>
	 	 	<node id="27" type="1">
	 	 	 	<cx>95</cx>
	 	 	 	<cy>706</cy>
	 	 	</node>
	 	 	<node id="28" type="1">
	 	 	 	<cx>719</cx>
	 	 	 	<cy>839</cy>
	 	 	</node>
	 	 	<node id="29" type="1">
	 	 	 	<cx>943</cx>
	 	 	 	<cy>421</cy>
	 	 	</node>
	 	 	<node id="30" type="1">
	 	 	 	<cx>55</cx>
	 	 	 	<cy>633</cy>
	 	 	</node>
	 	 	<node id="31" type="1">
	 	 	 	<cx>396</cx>
	 	 	 	<cy>807</cy>
	 	 	</node>
	 	 	<node id="32" type="1">
	 	 	 	<cx>916</cx>
	 	 	 	<cy>252</cy>
	 	 	</node>
	 	 	<node id="33" type="1">
	 	 	 	<cx>191</cx>
	 	 	 	<cy>716</cy>
	 	 	</node>
	 	 	<node id="34" type="1">
	 	 	 	<cx>552</cx>
	 	 	 	<cy>500</cy>
	 	 	</node>
	 	 	<node id="35" type="1">
	 	 	 	<cx>226</cx>
	 	 	 	<cy>520</cy>
	 	 	</node>
	 	 	<node id="36" type="1">
	 	 	 	<cx>666</cx>
	 	 	 	<cy>833</cy>
	 	 	</node>
	 	 	<node id="37" type="1">
	 	 	 	<cx>450</cx>
	 	 	 	<cy>431</cy>
	 	 	</node>
	 	 	<node id="38" type="1">
	 	 	 	<cx>427</cx>
	 	 	 	<cy>307</cy>
	 	 	</node>
	 	 	<node id="39" type="1">
	 	 	 	<cx>4</cx>
	 	 	 	<cy>89</cy>
	 	 	</node>
	 	 	<node id="40" type="1">
	 	 	 	<cx>736</cx>
	 	 	 	<cy>784</cy>
	 	 	</node>
	 	 	<node id="41" type="1">
	 	 	 	<cx>615</cx>
	 	 	 	<cy>382</cy>
	 	 	</node>
	 	 	<node id="42" type="1">
	 	 	 	<cx>739</cx>
	 	 	 	<cy>386</cy>
	 	 	</node>
	 	 	<node id="43" type="1">
	 	 	 	<cx>229</cx>
	 	 	 	<cy>527</cy>
	 	 	</node>
	 	 	<node id="44" type="1">
	 	 	 	<cx>594</cx>
	 	 	 	<cy>197</cy>
	 	 	</node>
	 	 	<node id="45" type="1">
	 	 	 	<cx>910</cx>
	 	 	 	<cy>398</cy>
	 	 	</node>
	 	 	<node id="46" type="1">
	 	 	 	<cx>492</cx>
	 	 	 	<cy>214</cy>
	 	 	</node>
	 	 	<node id="47" type="1">
	 	 	 	<cx>974</cx>
	 	 	 	<cy>107</cy>
	 	 	</node>
	 	 	<node id="48" type="1">
	 	 	 	<cx>914</cx>
	 	 	 	<cy>556</cy>
	 	 	</node>
	 	 	<node id="49" type="1">
	 	 	 	<cx>384</cx>
	 	 	 	<cy>827</cy>
	 	 	</node>
	 	 	<node id="50" type="1">
	 	 	 	<cx>151</cx>
	 	 	 	<cy>908</cy>
	 	 	</node>
	 	 	<node id="51" type="1">
	 	 	 	<cx>390</cx>
	 	 	 	<cy>873</cy>
	 	 	</node>
	 	 	<node id="52" type="1">
	 	 	 	<cx>70</cx>
	 	 	 	<cy>232</cy>
	 	 	</node>
	 	 	<node id="53" type="1">
	 	 	 	<cx>418</cx>
	 	 	 	<cy>29</cy>
	 	 	</node>
	 	 	<node id="54" type="1">
	 	 	 	<cx>128</cx>
	 	 	 	<cy>721</cy>
	 	 	</node>
	 	 	<node id="55" type="1">
	 	 	 	<cx>211</cx>
	 	 	 	<cy>129</cy>
	 	 	</node>
	 	 	<node id="56" type="1">
	 	 	 	<cx>641</cx>
	 	 	 	<cy>993</cy>
	 	 	</node>
	 	 	<node id="57" type="1">
	 	 	 	<cx>220</cx>
	 	 	 	<cy>883</cy>
	 	 	</node>
	 	 	<node id="58" type="1">
	 	 	 	<cx>293</cx>
	 	 	 	<cy>551</cy>
	 	 	</node>
	 	 	<node id="59" type="1">
	 	 	 	<cx>244</cx>
	 	 	 	<cy>952</cy>
	 	 	</node>
	 	 	<node id="60" type="1">
	 	 	 	<cx>910</cx>
	 	 	 	<cy>489</cy>
	 	 	</node>
	 	 	<node id="61" type="1">
	 	 	 	<cx>324</cx>
	 	 	 	<cy>280</cy>
	 	 	</node>
	 	 	<node id="62" type="1">
	 	 	 	<cx>466</cx>
	 	 	 	<cy>437</cy>
	 	 	</node>
	 	 	<node id="63" type="1">
	 	 	 	<cx>879</cx>
	 	 	 	<cy>676</cy>
	 	 	</node>
	 	 	<node id="64" type="1">
	 	 	 	<cx>359</cx>
	 	 	 	<cy>770</cy>
	 	 	</node>
	 	 	<node id="65" type="1">
	 	 	 	<cx>95</cx>
	 	 	 	<cy>631</cy>
	 	 	</node>
	 	 	<node id="66" type="1">
	 	 	 	<cx>920</cx>
	 	 	 	<cy>56</cy>
	 	 	</node>
	 	 	<node id="67" type="1">
	 	 	 	<cx>577</cx>
	 	 	 	<cy>407</cy>
	 	 	</node>
	 	 	<node id="68" type="1">
	 	 	 	<cx>178</cx>
	 	 	 	<cy>769</cy>
	 	 	</node>
	 	 	<node id="69" type="1">
	 	 	 	<cx>225</cx>
	 	 	 	<cy>359</cy>
	 	 	</node>
	 	 	<node id="70" type="1">
	 	 	 	<cx>882</cx>
	 	 	 	<cy>228</cy>
	 	 	</node>
	 	 	<node id="71" type="1">
	 	 	 	<cx>385</cx>
	 	 	 	<cy>516</cy>
	 	 	</node>
	 	 	<node id="72" type="1">
	 	 	 	<cx>759</cx>
	 	 	 	<cy>814</cy>
	 	 	</node>
	 	 	<node id="73" type="1">
	 	 	 	<cx>234</cx>
	 	 	 	<cy>405</cy>
	 	 	</node>
	 	 	<node id="74" type="1">
	 	 	 	<cx>33</cx>
	 	 	 	<cy>412</cy>
	 	 	</node>
	 	 	<node id="75" type="1">
	 	 	 	<cx>423</cx>
	 	 	 	<cy>135</cy>
	 	 	</node>
	 	 	<node id="76" type="1">
	 	 	 	<cx>194</cx>
	 	 	 	<cy>121</cy>
	 	 	</node>
	 	 	<node id="77" type="1">
	 	 	 	<cx>970</cx>
	 	 	 	<cy>723</cy>
	 	 	</node>
	 	 	<node id="78" type="1">
	 	 	 	<cx>6</cx>
	 	 	 	<cy>206</cy>
	 	 	</node>
	 	 	<node id="79" type="1">
	 	 	 	<cx>392</cx>
	 	 	 	<cy>669</cy>
	 	 	</node>
	 	 	<node id="80" type="1">
	 	 	 	<cx>782</cx>
	 	 	 	<cy>300</cy>
	 	 	</node>
	 	 	<node id="81" type="1">
	 	 	 	<cx>107</cx>
	 	 	 	<cy>786</cy>
	 	 	</node>
	 	 	<node id="82" type="1">
	 	 	 	<cx>889</cx>
	 	 	 	<cy>855</cy>
	 	 	</node>
	 	 	<node id="83" type="1">
	 	 	 	<cx>68</cx>
	 	 	 	<cy>280</cy>
	 	 	</node>
	 	 	<node id="84" type="1">
	 	 	 	<cx>522</cx>
	 	 	 	<cy>848</cy>
	 	 	</node>
	 	 	<node id="85" type="1">
	 	 	 	<cx>653</cx>
	 	 	 	<cy>78</cy>
	 	 	</node>
	 	 	<node id="86" type="1">
	 	 	 	<cx>719</cx>
	 	 	 	<cy>736</cy>
	 	 	</node>
	 	 	<node id="87" type="1">
	 	 	 	<cx>809</cx>
	 	 	 	<cy>404</cy>
	 	 	</node>
	 	 	<node id="88" type="1">
	 	 	 	<cx>620</cx>
	 	 	 	<cy>655</cy>
	 	 	</node>
	 	 	<node id="89" type="1">
	 	 	 	<cx>439</cx>
	 	 	 	<cy>605</cy>
	 	 	</node>
	 	 	<node id="90" type="1">
	 	 	 	<cx>990</cx>
	 	 	 	<cy>874</cy>
	 	 	</node>
	 	 	<node id="91" type="1">
	 	 	 	<cx>46</cx>
	 	 	 	<cy>236</cy>
	 	 	</node>
	 	 	<node id="92" type="1">
	 	 	 	<cx>980</cx>
	 	 	 	<cy>500</cy>
	 	 	</node>
	 	 	<node id="93" type="1">
	 	 	 	<cx>625</cx>
	 	 	 	<cy>383</cy>
	 	 	</node>
	 	 	<node id="94" type="1">
	 	 	 	<cx>146</cx>
	 	 	 	<cy>430</cy>
	 	 	</node>
	 	 	<node id="95" type="1">
	 	 	 	<cx>795</cx>
	 	 	 	<cy>241</cy>
	 	 	</node>
	 	 	<node id="96" type="1">
	 	 	 	<cx>714</cx>
	 	 	 	<cy>554</cy>
	 	 	</node>
	 	 	<node id="97" type="1">
	 	 	 	<cx>200</cx>
	 	 	 	<cy>946</cy>
	 	 	</node>
	 	 	<node id="98" type="1">
	 	 	 	<cx>89</cx>
	 	 	 	<cy>207</cy>
	 	 	</node>
	 	 	<node id="99" type="1">
	 	 	 	<cx>144</cx>
	 	 	 	<cy>648</cy>
	 	 	</node>
	 	 	<node id="100" type="1">
	 	 	 	<cx>633</cx>
	 	 	 	<cy>877</cy>
	 	 	</node>
	 	 	<node id="101" type="1">
	 	 	 	<cx>482</cx>
	 	 	 	<cy>843</cy>
	 	 	</node>
	 	 	<node id="102" type="1">
	 	 	 	<cx>670</cx>
	 	 	 	<cy>150</cy>
	 	 	</node>
	 	 	<node id="103" type="1">
	 	 	 	<cx>763</cx>
	 	 	 	<cy>951</cy>
	 	 	</node>
	 	 	<node id="104" type="1">
	 	 	 	<cx>755</cx>
	 	 	 	<cy>922</cy>
	 	 	</node>
	 	 	<node id="105" type="1">
	 	 	 	<cx>615</cx>
	 	 	 	<cy>139</cy>
	 	 	</node>
	 	 	<node id="106" type="1">
	 	 	 	<cx>192</cx>
	 	 	 	<cy>844</cy>
	 	 	</node>
	 	 	<node id="107" type="1">
	 	 	 	<cx>396</cx>
	 	 	 	<cy>409</cy>
	 	 	</node>
	 	 	<node id="108" type="1">
	 	 	 	<cx>799</cx>
	 	 	 	<cy>30</cy>
	 	 	</node>
	 	 	<node id="109" type="1">
	 	 	 	<cx>72</cx>
	 	 	 	<cy>916</cy>
	 	 	</node>
	 	 	<node id="110" type="1">
	 	 	 	<cx>917</cx>
	 	 	 	<cy>12</cy>
	 	 	</node>
	 	 	<node id="111" type="1">
	 	 	 	<cx>370</cx>
	 	 	 	<cy>551</cy>
	 	 	</node>
	 	 	<node id="112" type="1">
	 	 	 	<cx>686</cx>
	 	 	 	<cy>937</cy>
	 	 	</node>
	 	 	<node id="113" type="1">
	 	 	 	<cx>156</cx>
	 	 	 	<cy>769</cy>
	 	 	</node>
	 	 	<node id="114" type="1">
	 	 	 	<cx>553</cx>
	 	 	 	<cy>21</cy>
	 	 	</node>
	 	 	<node id="115" type="1">
	 	 	 	<cx>86</cx>
	 	 	 	<cy>666</cy>
	 	 	</node>
	 	 	<node id="116" type="1">
	 	 	 	<cx>42</cx>
	 	 	 	<cy>261</cy>
	 	 	</node>
	 	 	<node id="117" type="1">
	 	 	 	<cx>494</cx>
	 	 	 	<cy>309</cy>
	 	 	</node>
	 	 	<node id="118" type="1">
	 	 	 	<cx>767</cx>
	 	 	 	<cy>378</cy>
	 	 	</node>
	 	 	<node id="119" type="1">
	 	 	 	<cx>528</cx>
	 	 	 	<cy>311</cy>
	 	 	</node>
	 	 	<node id="120" type="1">
	 	 	 	<cx>697</cx>
	 	 	 	<cy>21</cy>
	 	 	</node>
	 	 	<node id="121" type="1">
	 	 	 	<cx>545</cx>
	 	 	 	<cy>665</cy>
	 	 	</node>
	 	 	<node id="122" type="1">
	 	 	 	<cx>675</cx>
	 	 	 	<cy>228</cy>
	 	 	</node>
	 	 	<node id="123" type="1">
	 	 	 	<cx>752</cx>
	 	 	 	<cy>812</cy>
	 	 	</node>
	 	 	<node id="124" type="1">
	 	 	 	<cx>180</cx>
	 	 	 	<cy>120</cy>
	 	 	</node>
	 	 	<node id="125" type="1">
	 	 	 	<cx>94</cx>
	 	 	 	<cy>979</cy>
	 	 	</node>
	 	 	<node id="126" type="1">
	 	 	 	<cx>348</cx>
	 	 	 	<cy>861</cy>
	 	 	</node>
	 	 	<node id="127" type="1">
	 	 	 	<cx>397</cx>
	 	 	 	<cy>753</cy>
	 	 	</node>
	 	 	<node id="128" type="1">
	 	 	 	<cx>229</cx>
	 	 	 	<cy>855</cy>
	 	 	</node>
	 	 	<node id="129" type="1">
	 	 	 	<cx>756</cx>
	 	 	 	<cy>910</cy>
	 	 	</node>
	 	 	<node id="130" type="1">
	 	 	 	<cx>311</cx>
	 	 	 	<cy>203</cy>
	 	 	</node>
	 	 	<node id="131" type="1">
	 	 	 	<cx>177</cx>
	 	 	 	<cy>491</cy>
	 	 	</node>
	 	 	<node id="132" type="1">
	 	 	 	<cx>280</cx>
	 	 	 	<cy>408</cy>
	 	 	</node>
	 	 	<node id="133" type="1">
	 	 	 	<cx>470</cx>
	 	 	 	<cy>132</cy>
	 	 	</node>
	 	 	<node id="134" type="1">
	 	 	 	<cx>40</cx>
	 	 	 	<cy>324</cy>
	 	 	</node>
	 	 	<node id="135" type="1">
	 	 	 	<cx>386</cx>
	 	 	 	<cy>644</cy>
	 	 	</node>
	 	 	<node id="136" type="1">
	 	 	 	<cx>975</cx>
	 	 	 	<cy>360</cy>
	 	 	</node>
	 	 	<node id="137" type="1">
	 	 	 	<cx>9</cx>
	 	 	 	<cy>836</cy>
	 	 	</node>
	 	 	<node id="138" type="1">
	 	 	 	<cx>466</cx>
	 	 	 	<cy>934</cy>
	 	 	</node>
	 	 	<node id="139" type="1">
	 	 	 	<cx>397</cx>
	 	 	 	<cy>598</cy>
	 	 	</node>
	 	 	<node id="140" type="1">
	 	 	 	<cx>658</cx>
	 	 	 	<cy>175</cy>
	 	 	</node>
	 	 	<node id="141" type="1">
	 	 	 	<cx>470</cx>
	 	 	 	<cy>227</cy>
	 	 	</node>
	 	 	<node id="142" type="1">
	 	 	 	<cx>472</cx>
	 	 	 	<cy>882</cy>
	 	 	</node>
	 	 	<node id="143" type="1">
	 	 	 	<cx>157</cx>
	 	 	 	<cy>4</cy>
	 	 	</node>
	 	 	<node id="144" type="1">
	 	 	 	<cx>876</cx>
	 	 	 	<cy>714</cy>
	 	 	</node>
	 	 	<node id="145" type="1">
	 	 	 	<cx>780</cx>
	 	 	 	<cy>25</cy>
	 	 	</node>
	 	 	<node id="146" type="1">
	 	 	 	<cx>394</cx>
	 	 	 	<cy>658</cy>
	 	 	</node>
	 	 	<node id="147" type="1">
	 	 	 	<cx>697</cx>
	 	 	 	<cy>278</cy>
	 	 	</node>
	 	 	<node id="148" type="1">
	 	 	 	<cx>879</cx>
	 	 	 	<cy>723</cy>
	 	 	</node>
	 	 	<node id="149" type="1">
	 	 	 	<cx>192</cx>
	 	 	 	<cy>970</cy>
	 	 	</node>
	 	 	<node id="150" type="1">
	 	 	 	<cx>522</cx>
	 	 	 	<cy>896</cy>
	 	 	</node>
	 	 	<node id="151" type="1">
	 	 	 	<cx>620</cx>
	 	 	 	<cy>103</cy>
	 	 	</node>
	 	 	<node id="152" type="1">
	 	 	 	<cx>122</cx>
	 	 	 	<cy>342</cy>
	 	 	</node>
	 	 	<node id="153" type="1">
	 	 	 	<cx>790</cx>
	 	 	 	<cy>311</cy>
	 	 	</node>
	 	 	<node id="154" type="1">
	 	 	 	<cx>599</cx>
	 	 	 	<cy>866</cy>
	 	 	</node>
	 	 	<node id="155" type="1">
	 	 	 	<cx>611</cx>
	 	 	 	<cy>927</cy>
	 	 	</node>
	 	 	<node id="156" type="1">
	 	 	 	<cx>761</cx>
	 	 	 	<cy>602</cy>
	 	 	</node>
	 	 	<node id="157" type="1">
	 	 	 	<cx>983</cx>
	 	 	 	<cy>317</cy>
	 	 	</node>
	 	 	<node id="158" type="1">
	 	 	 	<cx>320</cx>
	 	 	 	<cy>981</cy>
	 	 	</node>
	 	 	<node id="159" type="1">
	 	 	 	<cx>933</cx>
	 	 	 	<cy>461</cy>
	 	 	</node>
	 	 	<node id="160" type="1">
	 	 	 	<cx>156</cx>
	 	 	 	<cy>922</cy>
	 	 	</node>
	 	 	<node id="161" type="1">
	 	 	 	<cx>10</cx>
	 	 	 	<cy>773</cy>
	 	 	</node>
	 	 	<node id="162" type="1">
	 	 	 	<cx>834</cx>
	 	 	 	<cy>293</cy>
	 	 	</node>
	 	 	<node id="163" type="1">
	 	 	 	<cx>926</cx>
	 	 	 	<cy>186</cy>
	 	 	</node>
	 	 	<node id="164" type="1">
	 	 	 	<cx>370</cx>
	 	 	 	<cy>613</cy>
	 	 	</node>
	 	 	<node id="165" type="1">
	 	 	 	<cx>440</cx>
	 	 	 	<cy>477</cy>
	 	 	</node>
	 	 	<node id="166" type="1">
	 	 	 	<cx>243</cx>
	 	 	 	<cy>999</cy>
	 	 	</node>
	 	 	<node id="167" type="1">
	 	 	 	<cx>508</cx>
	 	 	 	<cy>847</cy>
	 	 	</node>
	 	 	<node id="168" type="1">
	 	 	 	<cx>669</cx>
	 	 	 	<cy>376</cy>
	 	 	</node>
	 	 	<node id="169" type="1">
	 	 	 	<cx>666</cx>
	 	 	 	<cy>745</cy>
	 	 	</node>
	 	 	<node id="170" type="1">
	 	 	 	<cx>103</cx>
	 	 	 	<cy>931</cy>
	 	 	</node>
	 	 	<node id="171" type="1">
	 	 	 	<cx>676</cx>
	 	 	 	<cy>953</cy>
	 	 	</node>
	 	 	<node id="172" type="1">
	 	 	 	<cx>54</cx>
	 	 	 	<cy>978</cy>
	 	 	</node>
	 	 	<node id="173" type="1">
	 	 	 	<cx>687</cx>
	 	 	 	<cy>958</cy>
	 	 	</node>
	 	 	<node id="174" type="1">
	 	 	 	<cx>490</cx>
	 	 	 	<cy>478</cy>
	 	 	</node>
	 	 	<node id="175" type="1">
	 	 	 	<cx>739</cx>
	 	 	 	<cy>920</cy>
	 	 	</node>
	 	 	<node id="176" type="1">
	 	 	 	<cx>753</cx>
	 	 	 	<cy>305</cy>
	 	 	</node>
	 	 	<node id="177" type="1">
	 	 	 	<cx>109</cx>
	 	 	 	<cy>937</cy>
	 	 	</node>
	 	 	<node id="178" type="1">
	 	 	 	<cx>15</cx>
	 	 	 	<cy>915</cy>
	 	 	</node>
	 	 	<node id="179" type="1">
	 	 	 	<cx>404</cx>
	 	 	 	<cy>490</cy>
	 	 	</node>
	 	 	<node id="180" type="1">
	 	 	 	<cx>602</cx>
	 	 	 	<cy>738</cy>
	 	 	</node>
	 	 	<node id="181" type="1">
	 	 	 	<cx>724</cx>
	 	 	 	<cy>965</cy>
	 	 	</node>
	 	 	<node id="182" type="1">
	 	 	 	<cx>348</cx>
	 	 	 	<cy>565</cy>
	 	 	</node>
	 	 	<node id="183" type="1">
	 	 	 	<cx>688</cx>
	 	 	 	<cy>798</cy>
	 	 	</node>
	 	 	<node id="184" type="1">
	 	 	 	<cx>632</cx>
	 	 	 	<cy>674</cy>
	 	 	</node>
	 	 	<node id="185" type="1">
	 	 	 	<cx>40</cx>
	 	 	 	<cy>982</cy>
	 	 	</node>
	 	 	<node id="186" type="1">
	 	 	 	<cx>223</cx>
	 	 	 	<cy>946</cy>
	 	 	</node>
	 	 	<node id="187" type="1">
	 	 	 	<cx>464</cx>
	 	 	 	<cy>945</cy>
	 	 	</node>
	 	 	<node id="188" type="1">
	 	 	 	<cx>408</cx>
	 	 	 	<cy>367</cy>
	 	 	</node>
	 	 	<node id="189" type="1">
	 	 	 	<cx>530</cx>
	 	 	 	<cy>770</cy>
	 	 	</node>
	 	 	<node id="190" type="1">
	 	 	 	<cx>924</cx>
	 	 	 	<cy>692</cy>
	 	 	</node>
	 	 	<node id="191" type="1">
	 	 	 	<cx>428</cx>
	 	 	 	<cy>765</cy>
	 	 	</node>
	 	 	<node id="192" type="1">
	 	 	 	<cx>358</cx>
	 	 	 	<cy>485</cy>
	 	 	</node>
	 	 	<node id="193" type="1">
	 	 	 	<cx>565</cx>
	 	 	 	<cy>728</cy>
	 	 	</node>
	 	 	<node id="194" type="1">
	 	 	 	<cx>443</cx>
	 	 	 	<cy>295</cy>
	 	 	</node>
	 	 	<node id="195" type="1">
	 	 	 	<cx>66</cx>
	 	 	 	<cy>938</cy>
	 	 	</node>
	 	 	<node id="196" type="1">
	 	 	 	<cx>222</cx>
	 	 	 	<cy>992</cy>
	 	 	</node>
	 	 	<node id="197" type="1">
	 	 	 	<cx>716</cx>
	 	 	 	<cy>347</cy>
	 	 	</node>
	 	 	<node id="198" type="1">
	 	 	 	<cx>495</cx>
	 	 	 	<cy>763</cy>
	 	 	</node>
	 	 	<node id="199" type="1">
	 	 	 	<cx>683</cx>
	 	 	 	<cy>452</cy>
	 	 	</node>
	 	 	<node id="200" type="1">
	 	 	 	<cx>36</cx>
	 	 	 	<cy>884</cy>
	 	 	</node>
	 	 	<node id="201" type="1">
	 	 	 	<cx>74</cx>
	 	 	 	<cy>958</cy>
	 	 	</node>
	 	 	<node id="202" type="1">
	 	 	 	<cx>719</cx>
	 	 	 	<cy>301</cy>
	 	 	</node>
	 	 	<node id="203" type="1">
	 	 	 	<cx>698</cx>
	 	 	 	<cy>823</cy>
	 	 	</node>
	 	 	<node id="204" type="1">
	 	 	 	<cx>816</cx>
	 	 	 	<cy>412</cy>
	 	 	</node>
	 	 	<node id="205" type="1">
	 	 	 	<cx>292</cx>
	 	 	 	<cy>364</cy>
	 	 	</node>
	 	 	<node id="206" type="1">
	 	 	 	<cx>565</cx>
	 	 	 	<cy>958</cy>
	 	 	</node>
	 	 	<node id="207" type="1">
	 	 	 	<cx>626</cx>
	 	 	 	<cy>779</cy>
	 	 	</node>
	 	 	<node id="208" type="1">
	 	 	 	<cx>429</cx>
	 	 	 	<cy>532</cy>
	 	 	</node>
	 	 	<node id="209" type="1">
	 	 	 	<cx>79</cx>
	 	 	 	<cy>947</cy>
	 	 	</node>
	 	 	<node id="210" type="1">
	 	 	 	<cx>628</cx>
	 	 	 	<cy>779</cy>
	 	 	</node>
	 	 	<node id="211" type="1">
	 	 	 	<cx>609</cx>
	 	 	 	<cy>887</cy>
	 	 	</node>
	 	 	<node id="212" type="1">
	 	 	 	<cx>664</cx>
	 	 	 	<cy>939</cy>
	 	 	</node>
	 	 	<node id="213" type="1">
	 	 	 	<cx>17</cx>
	 	 	 	<cy>996</cy>
	 	 	</node>
	 	 	<node id="214" type="1">
	 	 	 	<cx>328</cx>
	 	 	 	<cy>988</cy>
	 	 	</node>
	 	 	<node id="215" type="1">
	 	 	 	<cx>680</cx>
	 	 	 	<cy>383</cy>
	 	 	</node>
	 	 	<node id="216" type="1">
	 	 	 	<cx>742</cx>
	 	 	 	<cy>358</cy>
	 	 	</node>
	 	 	<node id="217" type="1">
	 	 	 	<cx>659</cx>
	 	 	 	<cy>374</cy>
	 	 	</node>
	 	 	<node id="218" type="1">
	 	 	 	<cx>622</cx>
	 	 	 	<cy>546</cy>
	 	 	</node>
	 	 	<node id="219" type="1">
	 	 	 	<cx>850</cx>
	 	 	 	<cy>978</cy>
	 	 	</node>
	 	 	<node id="220" type="1">
	 	 	 	<cx>230</cx>
	 	 	 	<cy>964</cy>
	 	 	</node>
	 	 	<node id="221" type="1">
	 	 	 	<cx>663</cx>
	 	 	 	<cy>425</cy>
	 	 	</node>
	 	 	<node id="222" type="1">
	 	 	 	<cx>622</cx>
	 	 	 	<cy>900</cy>
	 	 	</node>
	 	 	<node id="223" type="1">
	 	 	 	<cx>195</cx>
	 	 	 	<cy>917</cy>
	 	 	</node>
	 	 	<node id="224" type="1">
	 	 	 	<cx>559</cx>
	 	 	 	<cy>938</cy>
	 	 	</node>
	 	 	<node id="225" type="1">
	 	 	 	<cx>496</cx>
	 	 	 	<cy>961</cy>
	 	 	</node>
	 	 	<node id="226" type="1">
	 	 	 	<cx>469</cx>
	 	 	 	<cy>485</cy>
	 	 	</node>
	 	 	<node id="227" type="1">
	 	 	 	<cx>688</cx>
	 	 	 	<cy>780</cy>
	 	 	</node>
	 	 	<node id="228" type="1">
	 	 	 	<cx>135</cx>
	 	 	 	<cy>944</cy>
	 	 	</node>
	 	 	<node id="229" type="1">
	 	 	 	<cx>338</cx>
	 	 	 	<cy>907</cy>
	 	 	</node>
	 	 	<node id="230" type="1">
	 	 	 	<cx>700</cx>
	 	 	 	<cy>752</cy>
	 	 	</node>
	 	 	<node id="231" type="1">
	 	 	 	<cx>176</cx>
	 	 	 	<cy>858</cy>
	 	 	</node>
	 	 	<node id="232" type="1">
	 	 	 	<cx>457</cx>
	 	 	 	<cy>356</cy>
	 	 	</node>
	 	 	<node id="233" type="1">
	 	 	 	<cx>133</cx>
	 	 	 	<cy>940</cy>
	 	 	</node>
	 	 	<node id="234" type="1">
	 	 	 	<cx>531</cx>
	 	 	 	<cy>327</cy>
	 	 	</node>
	 	 	<node id="235" type="1">
	 	 	 	<cx>656</cx>
	 	 	 	<cy>685</cy>
	 	 	</node>
	 	 	<node id="236" type="1">
	 	 	 	<cx>215</cx>
	 	 	 	<cy>828</cy>
	 	 	</node>
	 	 	<node id="237" type="1">
	 	 	 	<cx>257</cx>
	 	 	 	<cy>995</cy>
	 	 	</node>
	 	 	<node id="238" type="1">
	 	 	 	<cx>224</cx>
	 	 	 	<cy>999</cy>
	 	 	</node>
	 	 	<node id="239" type="1">
	 	 	 	<cx>308</cx>
	 	 	 	<cy>625</cy>
	 	 	</node>
	 	 	<node id="240" type="1">
	 	 	 	<cx>552</cx>
	 	 	 	<cy>995</cy>
	 	 	</node>
	 	 	<node id="241" type="1">
	 	 	 	<cx>689</cx>
	 	 	 	<cy>723</cy>
	 	 	</node>
	 	 	<node id="242" type="1">
	 	 	 	<cx>244</cx>
	 	 	 	<cy>517</cy>
	 	 	</node>
	 	 	<node id="243" type="1">
	 	 	 	<cx>615</cx>
	 	 	 	<cy>185</cy>
	 	 	</node>
	 	 	<node id="244" type="1">
	 	 	 	<cx>174</cx>
	 	 	 	<cy>911</cy>
	 	 	</node>
	 	 	<node id="245" type="1">
	 	 	 	<cx>645</cx>
	 	 	 	<cy>998</cy>
	 	 	</node>
	 	 	<node id="246" type="1">
	 	 	 	<cx>668</cx>
	 	 	 	<cy>409</cy>
	 	 	</node>
	 	 	<node id="247" type="1">
	 	 	 	<cx>461</cx>
	 	 	 	<cy>850</cy>
	 	 	</node>
	 	 	<node id="248" type="1">
	 	 	 	<cx>605</cx>
	 	 	 	<cy>496</cy>
	 	 	</node>
	 	 	<node id="249" type="1">
	 	 	 	<cx>447</cx>
	 	 	 	<cy>815</cy>
	 	 	</node>
	 	 	<node id="250" type="1">
	 	 	 	<cx>643</cx>
	 	 	 	<cy>652</cy>
	 	 	</node>
	 	 	<node id="251" type="1">
	 	 	 	<cx>281</cx>
	 	 	 	<cy>970</cy>
	 	 	</node>
	 	 	<node id="252" type="1">
	 	 	 	<cx>544</cx>
	 	 	 	<cy>649</cy>
	 	 	</node>
	 	 	<node id="253" type="1">
	 	 	 	<cx>681</cx>
	 	 	 	<cy>805</cy>
	 	 	</node>
	 	 	<node id="254" type="1">
	 	 	 	<cx>237</cx>
	 	 	 	<cy>976</cy>
	 	 	</node>
	 	 	<node id="255" type="1">
	 	 	 	<cx>592</cx>
	 	 	 	<cy>381</cy>
	 	 	</node>
	 	 	<node id="256" type="1">
	 	 	 	<cx>239</cx>
	 	 	 	<cy>911</cy>
	 	 	</node>
	 	 	<node id="257" type="1">
	 	 	 	<cx>577</cx>
	 	 	 	<cy>793</cy>
	 	 	</node>
	 	 	<node id="258" type="1">
	 	 	 	<cx>749</cx>
	 	 	 	<cy>816</cy>
	 	 	</node>
	 	 	<node id="259" type="1">
	 	 	 	<cx>446</cx>
	 	 	 	<cy>458</cy>
	 	 	</node>
	 	 	<node id="260" type="1">
	 	 	 	<cx>49</cx>
	 	 	 	<cy>965</cy>
	 	 	</node>
	 	 	<node id="261" type="1">
	 	 	 	<cx>705</cx>
	 	 	 	<cy>802</cy>
	 	 	</node>
	 	 	<node id="262" type="1">
	 	 	 	<cx>644</cx>
	 	 	 	<cy>796</cy>
	 	 	</node>
	 	 	<node id="263" type="1">
	 	 	 	<cx>461</cx>
	 	 	 	<cy>958</cy>
	 	 	</node>
	 	 	<node id="264" type="1">
	 	 	 	<cx>249</cx>
	 	 	 	<cy>978</cy>
	 	 	</node>
	 	 	<node id="265" type="1">
	 	 	 	<cx>858</cx>
	 	 	 	<cy>374</cy>
	 	 	</node>
	 	 	<node id="266" type="1">
	 	 	 	<cx>681</cx>
	 	 	 	<cy>387</cy>
	 	 	</node>
	 	 	<node id="267" type="1">
	 	 	 	<cx>676</cx>
	 	 	 	<cy>925</cy>
	 	 	</node>
	 	 	<node id="268" type="1">
	 	 	 	<cx>107</cx>
	 	 	 	<cy>882</cy>
	 	 	</node>
	 	 	<node id="269" type="1">
	 	 	 	<cx>221</cx>
	 	 	 	<cy>974</cy>
	 	 	</node>
	 	 	<node id="270" type="1">
	 	 	 	<cx>44</cx>
	 	 	 	<cy>884</cy>
	 	 	</node>
	 	 	<node id="271" type="1">
	 	 	 	<cx>341</cx>
	 	 	 	<cy>985</cy>
	 	 	</node>
	 	 	<node id="272" type="1">
	 	 	 	<cx>587</cx>
	 	 	 	<cy>702</cy>
	 	 	</node>
	 	 	<node id="273" type="1">
	 	 	 	<cx>408</cx>
	 	 	 	<cy>941</cy>
	 	 	</node>
	 	 	<node id="274" type="1">
	 	 	 	<cx>689</cx>
	 	 	 	<cy>379</cy>
	 	 	</node>
	 	 	<node id="275" type="1">
	 	 	 	<cx>520</cx>
	 	 	 	<cy>846</cy>
	 	 	</node>
	 	 	<node id="276" type="1">
	 	 	 	<cx>367</cx>
	 	 	 	<cy>393</cy>
	 	 	</node>
	 	 	<node id="277" type="1">
	 	 	 	<cx>457</cx>
	 	 	 	<cy>261</cy>
	 	 	</node>
	 	 	<node id="278" type="1">
	 	 	 	<cx>613</cx>
	 	 	 	<cy>339</cy>
	 	 	</node>
	 	 	<node id="279" type="1">
	 	 	 	<cx>299</cx>
	 	 	 	<cy>819</cy>
	 	 	</node>
	 	 	<node id="280" type="1">
	 	 	 	<cx>680</cx>
	 	 	 	<cy>431</cy>
	 	 	</node>
	 	 	<node id="281" type="1">
	 	 	 	<cx>670</cx>
	 	 	 	<cy>272</cy>
	 	 	</node>
	 	 	<node id="282" type="1">
	 	 	 	<cx>584</cx>
	 	 	 	<cy>832</cy>
	 	 	</node>
	 	 	<node id="283" type="1">
	 	 	 	<cx>205</cx>
	 	 	 	<cy>968</cy>
	 	 	</node>
	 	 	<node id="284" type="1">
	 	 	 	<cx>720</cx>
	 	 	 	<cy>840</cy>
	 	 	</node>
	 	 	<node id="285" type="1">
	 	 	 	<cx>81</cx>
	 	 	 	<cy>862</cy>
	 	 	</node>
	 	 	<node id="286" type="1">
	 	 	 	<cx>437</cx>
	 	 	 	<cy>430</cy>
	 	 	</node>
	 	 	<node id="287" type="1">
	 	 	 	<cx>443</cx>
	 	 	 	<cy>557</cy>
	 	 	</node>
	 	 	<node id="288" type="1">
	 	 	 	<cx>228</cx>
	 	 	 	<cy>890</cy>
	 	 	</node>
	 	 	<node id="289" type="1">
	 	 	 	<cx>707</cx>
	 	 	 	<cy>458</cy>
	 	 	</node>
	 	 	<node id="290" type="1">
	 	 	 	<cx>365</cx>
	 	 	 	<cy>855</cy>
	 	 	</node>
	 	 	<node id="291" type="1">
	 	 	 	<cx>677</cx>
	 	 	 	<cy>345</cy>
	 	 	</node>
	 	 	<node id="292" type="1">
	 	 	 	<cx>527</cx>
	 	 	 	<cy>416</cy>
	 	 	</node>
	 	 	<node id="293" type="1">
	 	 	 	<cx>224</cx>
	 	 	 	<cy>929</cy>
	 	 	</node>
	 	 	<node id="294" type="1">
	 	 	 	<cx>673</cx>
	 	 	 	<cy>774</cy>
	 	 	</node>
	 	 	<node id="295" type="1">
	 	 	 	<cx>298</cx>
	 	 	 	<cy>869</cy>
	 	 	</node>
	 	 	<node id="296" type="1">
	 	 	 	<cx>524</cx>
	 	 	 	<cy>758</cy>
	 	 	</node>
	 	 	<node id="297" type="1">
	 	 	 	<cx>624</cx>
	 	 	 	<cy>918</cy>
	 	 	</node>
	 	 	<node id="298" type="1">
	 	 	 	<cx>115</cx>
	 	 	 	<cy>966</cy>
	 	 	</node>
	 	 	<node id="299" type="1">
	 	 	 	<cx>235</cx>
	 	 	 	<cy>882</cy>
	 	 	</node>
	 	 	<node id="300" type="1">
	 	 	 	<cx>391</cx>
	 	 	 	<cy>446</cy>
	 	 	</node>
	 	 	<node id="301" type="1">
	 	 	 	<cx>554</cx>
	 	 	 	<cy>866</cy>
	 	 	</node>
	 	 	<node id="302" type="1">
	 	 	 	<cx>756</cx>
	 	 	 	<cy>921</cy>
	 	 	</node>
	 	 	<node id="303" type="1">
	 	 	 	<cx>464</cx>
	 	 	 	<cy>857</cy>
	 	 	</node>
	 	 	<node id="304" type="1">
	 	 	 	<cx>547</cx>
	 	 	 	<cy>966</cy>
	 	 	</node>
	 	 	<node id="305" type="1">
	 	 	 	<cx>464</cx>
	 	 	 	<cy>969</cy>
	 	 	</node>
	 	 	<node id="306" type="1">
	 	 	 	<cx>721</cx>
	 	 	 	<cy>823</cy>
	 	 	</node>
	 	 	<node id="307" type="1">
	 	 	 	<cx>415</cx>
	 	 	 	<cy>525</cy>
	 	 	</node>
	 	 	<node id="308" type="1">
	 	 	 	<cx>632</cx>
	 	 	 	<cy>720</cy>
	 	 	</node>
	 	 	<node id="309" type="1">
	 	 	 	<cx>481</cx>
	 	 	 	<cy>524</cy>
	 	 	</node>
	 	 	<node id="310" type="1">
	 	 	 	<cx>603</cx>
	 	 	 	<cy>286</cy>
	 	 	</node>
	 	 	<node id="311" type="1">
	 	 	 	<cx>774</cx>
	 	 	 	<cy>753</cy>
	 	 	</node>
	 	 	<node id="312" type="1">
	 	 	 	<cx>527</cx>
	 	 	 	<cy>935</cy>
	 	 	</node>
	 	 	<node id="313" type="1">
	 	 	 	<cx>726</cx>
	 	 	 	<cy>979</cy>
	 	 	</node>
	 	 	<node id="314" type="1">
	 	 	 	<cx>584</cx>
	 	 	 	<cy>437</cy>
	 	 	</node>
	 	 	<node id="315" type="1">
	 	 	 	<cx>846</cx>
	 	 	 	<cy>221</cy>
	 	 	</node>
	 	 	<node id="316" type="1">
	 	 	 	<cx>683</cx>
	 	 	 	<cy>751</cy>
	 	 	</node>
	 	 	<node id="317" type="1">
	 	 	 	<cx>732</cx>
	 	 	 	<cy>271</cy>
	 	 	</node>
	 	 	<node id="318" type="1">
	 	 	 	<cx>753</cx>
	 	 	 	<cy>935</cy>
	 	 	</node>
	 	 	<node id="319" type="1">
	 	 	 	<cx>76</cx>
	 	 	 	<cy>975</cy>
	 	 	</node>
	 	 	<node id="320" type="1">
	 	 	 	<cx>564</cx>
	 	 	 	<cy>787</cy>
	 	 	</node>
	 	 	<node id="321" type="1">
	 	 	 	<cx>310</cx>
	 	 	 	<cy>420</cy>
	 	 	</node>
	 	 	<node id="322" type="1">
	 	 	 	<cx>615</cx>
	 	 	 	<cy>788</cy>
	 	 	</node>
	 	 	<node id="323" type="1">
	 	 	 	<cx>406</cx>
	 	 	 	<cy>463</cy>
	 	 	</node>
	 	 	<node id="324" type="1">
	 	 	 	<cx>880</cx>
	 	 	 	<cy>364</cy>
	 	 	</node>
	 	 	<node id="325" type="1">
	 	 	 	<cx>559</cx>
	 	 	 	<cy>849</cy>
	 	 	</node>
	 	 	<node id="326" type="1">
	 	 	 	<cx>706</cx>
	 	 	 	<cy>472</cy>
	 	 	</node>
	 	 	<node id="327" type="1">
	 	 	 	<cx>397</cx>
	 	 	 	<cy>449</cy>
	 	 	</node>
	 	</nodes>
	 	<euclidean/>
	 	<decimals>0</decimals>
	 </network>
	 <fleet>
	 	 <vehicle_profile type="0">
	 	  	 <departure_node>1</departure_node>
	 	  	 <arrival_node>1</arrival_node>
	 	  	 <capacity>128</capacity>
	 	 </vehicle_profile>
	 </fleet>
	 <requests>
	 	 <request id="1" node="2">
	 	 	 <quantity>6</quantity>
	 	 </request>
	 	 <request id="2" node="3">
	 	 	 <quantity>10</quantity>
	 	 </request>
	 	 <request id="3" node="4">
	 	 	 <quantity>8</quantity>
	 	 </request>
	 	 <request id="4" node="5">
	 	 	 <quantity>5</quantity>
	 	 </request>
	 	 <request id="5" node="6">
	 	 	 <quantity>6</quantity>
	 	 </request>
	 	 <request id="6" node="7">
	 	 	 <quantity>9</quantity>
	 	 </request>
	 	 <request id="7" node="8">
	 	 	 <quantity>8</quantity>
	 	 </request>
	 	 <request id="8" node="9">
	 	 	 <quantity>6</quantity>
	 	 </request>
	 	 <request id="9" node="10">
	 	 	 <quantity>7</quantity>
	 	 </request>
	 	 <request id="10" node="11">
	 	 	 <quantity>10</quantity>
	 	 </request>
	 	 <request id="11" node="12">
	 	 	 <quantity>8</quantity>
	 	 </request>
	 	 <request id="12" node="13">
	 	 	 <quantity>6</quantity>
	 	 </request>
	 	 <request id="13" node="14">
	 	 	 <quantity>10</quantity>
	 	 </request>
	 	 <request id="14" node="15">
	 	 	 <quantity>6</quantity>
	 	 </request>
	 	 <request id="15" node="16">
	 	 	 <quantity>7</quantity>
	 	 </request>
	 	 <request id="16" node="17">
	 	 	 <quantity>6</quantity>
	 	 </request>
	 	 <request id="17" node="18">
	 	 	 <quantity>9</quantity>
	 	 </request>
	 	 <request id="18" node="19">
	 	 	 <quantity>8</quantity>
	 	 </request>
	 	 <request id="19" node="20">
	 	 	 <quantity>10</quantity>
	 	 </request>
	 	 <request id="20" node="21">
	 	 	 <quantity>10</quantity>
	 	 </request>
	 	 <request id="21" node="22">
	 	 	 <quantity>9</quantity>
	 	 </request>
	 	 <request id="22" node="23">
	 	 	 <quantity>9</quantity>
	 	 </request>
	 	 <request id="23" node="24">
	 	 	 <quantity>9</quantity>
	 	 </request>
	 	 <request id="24" node="25">
	 	 	 <quantity>7</quantity>
	 	 </request>
	 	 <request id="25" node="26">
	 	 	 <quantity>7</quantity>
	 	 </request>
	 	 <request id="26" node="27">
	 	 	 <quantity>8</quantity>
	 	 </request>
	 	 <request id="27" node="28">
	 	 	 <quantity>7</quantity>
	 	 </request>
	 	 <request id="28" node="29">
	 	 	 <quantity>5</quantity>
	 	 </request>
	 	 <request id="29" node="30">
	 	 	 <quantity>5</quantity>
	 	 </request>
	 	 <request id="30" node="31">
	 	 	 <quantity>7</quantity>
	 	 </request>
	 	 <request id="31" node="32">
	 	 	 <quantity>9</quantity>
	 	 </request>
	 	 <request id="32" node="33">
	 	 	 <quantity>6</quantity>
	 	 </request>
	 	 <request id="33" node="34">
	 	 	 <quantity>9</quantity>
	 	 </request>
	 	 <request id="34" node="35">
	 	 	 <quantity>10</quantity>
	 	 </request>
	 	 <request id="35" node="36">
	 	 	 <quantity>9</quantity>
	 	 </request>
	 	 <request id="36" node="37">
	 	 	 <quantity>8</quantity>
	 	 </request>
	 	 <request id="37" node="38">
	 	 	 <quantity>8</quantity>
	 	 </request>
	 	 <request id="38" node="39">
	 	 	 <quantity>5</quantity>
	 	 </request>
	 	 <request id="39" node="40">
	 	 	 <quantity>5</quantity>
	 	 </request>
	 	 <request id="40" node="41">
	 	 	 <quantity>8</quantity>
	 	 </request>
	 	 <request id="41" node="42">
	 	 	 <quantity>5</quantity>
	 	 </request>
	 	 <request id="42" node="43">
	 	 	 <quantity>10</quantity>
	 	 </request>
	 	 <request id="43" node="44">
	 	 	 <quantity>7</quantity>
	 	 </request>
	 	 <request id="44" node="45">
	 	 	 <quantity>8</quantity>
	 	 </request>
	 	 <request id="45" node="46">
	 	 	 <quantity>7</quantity>
	 	 </request>
	 	 <request id="46" node="47">
	 	 	 <quantity>6</quantity>
	 	 </request>
	 	 <request id="47" node="48">
	 	 	 <quantity>5</quantity>
	 	 </request>
	 	 <request id="48" node="49">
	 	 	 <quantity>9</quantity>
	 	 </request>
	 	 <request id="49" node="50">
	 	 	 <quantity>8</quantity>
	 	 </request>
	 	 <request id="50" node="51">
	 	 	 <quantity>10</quantity>
	 	 </request>
	 	 <request id="51" node="52">
	 	 	 <quantity>5</quantity>
	 	 </request>
	 	 <request id="52" node="53">
	 	 	 <quantity>5</quantity>
	 	 </request>
	 	 <request id="53" node="54">
	 	 	 <quantity>7</quantity>
	 	 </request>
	 	 <request id="54" node="55">
	 	 	 <quantity>5</quantity>
	 	 </request>
	 	 <request id="55" node="56">
	 	 	 <quantity>8</quantity>
	 	 </request>
	 	 <request id="56" node="57">
	 	 	 <quantity>10</quantity>
	 	 </request>
	 	 <request id="57" node="58">
	 	 	 <quantity>8</quantity>
	 	 </request>
	 	 <request id="58" node="59">
	 	 	 <quantity>9</quantity>
	 	 </request>
	 	 <request id="59" node="60">
	 	 	 <quantity>9</quantity>
	 	 </request>
	 	 <request id="60" node="61">
	 	 	 <quantity>5</quantity>
	 	 </request>
	 	 <request id="61" node="62">
	 	 	 <quantity>6</quantity>
	 	 </request>
	 	 <request id="62" node="63">
	 	 	 <quantity>6</quantity>
	 	 </request>
	 	 <request id="63" node="64">
	 	 	 <quantity>5</quantity>
	 	 </request>
	 	 <request id="64" node="65">
	 	 	 <quantity>9</quantity>
	 	 </request>
	 	 <request id="65" node="66">
	 	 	 <quantity>9</quantity>
	 	 </request>
	 	 <request id="66" node="67">
	 	 	 <quantity>6</quantity>
	 	 </request>
	 	 <request id="67" node="68">
	 	 	 <quantity>8</quantity>
	 	 </request>
	 	 <request id="68" node="69">
	 	 	 <quantity>9</quantity>
	 	 </request>
	 	 <request id="69" node="70">
	 	 	 <quantity>10</quantity>
	 	 </request>
	 	 <request id="70" node="71">
	 	 	 <quantity>5</quantity>
	 	 </request>
	 	 <request id="71" node="72">
	 	 	 <quantity>9</quantity>
	 	 </request>
	 	 <request id="72" node="73">
	 	 	 <quantity>5</quantity>
	 	 </request>
	 	 <request id="73" node="74">
	 	 	 <quantity>10</quantity>
	 	 </request>
	 	 <request id="74" node="75">
	 	 	 <quantity>7</quantity>
	 	 </request>
	 	 <request id="75" node="76">
	 	 	 <quantity>7</quantity>
	 	 </request>
	 	 <request id="76" node="77">
	 	 	 <quantity>6</quantity>
	 	 </request>
	 	 <request id="77" node="78">
	 	 	 <quantity>10</quantity>
	 	 </request>
	 	 <request id="78" node="79">
	 	 	 <quantity>10</quantity>
	 	 </request>
	 	 <request id="79" node="80">
	 	 	 <quantity>5</quantity>
	 	 </request>
	 	 <request id="80" node="81">
	 	 	 <quantity>6</quantity>
	 	 </request>
	 	 <request id="81" node="82">
	 	 	 <quantity>10</quantity>
	 	 </request>
	 	 <request id="82" node="83">
	 	 	 <quantity>8</quantity>
	 	 </request>
	 	 <request id="83" node="84">
	 	 	 <quantity>5</quantity>
	 	 </request>
	 	 <request id="84" node="85">
	 	 	 <quantity>7</quantity>
	 	 </request>
	 	 <request id="85" node="86">
	 	 	 <quantity>5</quantity>
	 	 </request>
	 	 <request id="86" node="87">
	 	 	 <quantity>5</quantity>
	 	 </request>
	 	 <request id="87" node="88">
	 	 	 <quantity>5</quantity>
	 	 </request>
	 	 <request id="88" node="89">
	 	 	 <quantity>7</quantity>
	 	 </request>
	 	 <request id="89" node="90">
	 	 	 <quantity>7</quantity>
	 	 </request>
	 	 <request id="90" node="91">
	 	 	 <quantity>9</quantity>
	 	 </request>
	 	 <request id="91" node="92">
	 	 	 <quantity>10</quantity>
	 	 </request>
	 	 <request id="92" node="93">
	 	 	 <quantity>9</quantity>
	 	 </request>
	 	 <request id="93" node="94">
	 	 	 <quantity>6</quantity>
	 	 </request>
	 	 <request id="94" node="95">
	 	 	 <quantity>6</quantity>
	 	 </request>
	 	 <request id="95" node="96">
	 	 	 <quantity>10</quantity>
	 	 </request>
	 	 <request id="96" node="97">
	 	 	 <quantity>7</quantity>
	 	 </request>
	 	 <request id="97" node="98">
	 	 	 <quantity>6</quantity>
	 	 </request>
	 	 <request id="98" node="99">
	 	 	 <quantity>10</quantity>
	 	 </request>
	 	 <request id="99" node="100">
	 	 	 <quantity>8</quantity>
	 	 </request>
	 	 <request id="100" node="101">
	 	 	 <quantity>5</quantity>
	 	 </request>
	 	 <request id="101" node="102">
	 	 	 <quantity>8</quantity>
	 	 </request>
	 	 <request id="102" node="103">
	 	 	 <quantity>6</quantity>
	 	 </request>
	 	 <request id="103" node="104">
	 	 	 <quantity>8</quantity>
	 	 </request>
	 	 <request id="104" node="105">
	 	 	 <quantity>6</quantity>
	 	 </request>
	 	 <request id="105" node="106">
	 	 	 <quantity>9</quantity>
	 	 </request>
	 	 <request id="106" node="107">
	 	 	 <quantity>10</quantity>
	 	 </request>
	 	 <request id="107" node="108">
	 	 	 <quantity>10</quantity>
	 	 </request>
	 	 <request id="108" node="109">
	 	 	 <quantity>8</quantity>
	 	 </request>
	 	 <request id="109" node="110">
	 	 	 <quantity>10</quantity>
	 	 </request>
	 	 <request id="110" node="111">
	 	 	 <quantity>7</quantity>
	 	 </request>
	 	 <request id="111" node="112">
	 	 	 <quantity>6</quantity>
	 	 </request>
	 	 <request id="112" node="113">
	 	 	 <quantity>6</quantity>
	 	 </request>
	 	 <request id="113" node="114">
	 	 	 <quantity>5</quantity>
	 	 </request>
	 	 <request id="114" node="115">
	 	 	 <quantity>8</quantity>
	 	 </request>
	 	 <request id="115" node="116">
	 	 	 <quantity>7</quantity>
	 	 </request>
	 	 <request id="116" node="117">
	 	 	 <quantity>8</quantity>
	 	 </request>
	 	 <request id="117" node="118">
	 	 	 <quantity>8</quantity>
	 	 </request>
	 	 <request id="118" node="119">
	 	 	 <quantity>7</quantity>
	 	 </request>
	 	 <request id="119" node="120">
	 	 	 <quantity>6</quantity>
	 	 </request>
	 	 <request id="120" node="121">
	 	 	 <quantity>7</quantity>
	 	 </request>
	 	 <request id="121" node="122">
	 	 	 <quantity>9</quantity>
	 	 </request>
	 	 <request id="122" node="123">
	 	 	 <quantity>7</quantity>
	 	 </request>
	 	 <request id="123" node="124">
	 	 	 <quantity>7</quantity>
	 	 </request>
	 	 <request id="124" node="125">
	 	 	 <quantity>5</quantity>
	 	 </request>
	 	 <request id="125" node="126">
	 	 	 <quantity>6</quantity>
	 	 </request>
	 	 <request id="126" node="127">
	 	 	 <quantity>5</quantity>
	 	 </request>
	 	 <request id="127" node="128">
	 	 	 <quantity>9</quantity>
	 	 </request>
	 	 <request id="128" node="129">
	 	 	 <quantity>5</quantity>
	 	 </request>
	 	 <request id="129" node="130">
	 	 	 <quantity>8</quantity>
	 	 </request>
	 	 <request id="130" node="131">
	 	 	 <quantity>5</quantity>
	 	 </request>
	 	 <request id="131" node="132">
	 	 	 <quantity>10</quantity>
	 	 </request>
	 	 <request id="132" node="133">
	 	 	 <quantity>7</quantity>
	 	 </request>
	 	 <request id="133" node="134">
	 	 	 <quantity>5</quantity>
	 	 </request>
	 	 <request id="134" node="135">
	 	 	 <quantity>8</quantity>
	 	 </request>
	 	 <request id="135" node="136">
	 	 	 <quantity>7</quantity>
	 	 </request>
	 	 <request id="136" node="137">
	 	 	 <quantity>10</quantity>
	 	 </request>
	 	 <request id="137" node="138">
	 	 	 <quantity>7</quantity>
	 	 </request>
	 	 <request id="138" node="139">
	 	 	 <quantity>8</quantity>
	 	 </request>
	 	 <request id="139" node="140">
	 	 	 <quantity>7</quantity>
	 	 </request>
	 	 <request id="140" node="141">
	 	 	 <quantity>9</quantity>
	 	 </request>
	 	 <request id="141" node="142">
	 	 	 <quantity>9</quantity>
	 	 </request>
	 	 <request id="142" node="143">
	 	 	 <quantity>8</quantity>
	 	 </request>
	 	 <request id="143" node="144">
	 	 	 <quantity>8</quantity>
	 	 </request>
	 	 <request id="144" node="145">
	 	 	 <quantity>6</quantity>
	 	 </request>
	 	 <request id="145" node="146">
	 	 	 <quantity>9</quantity>
	 	 </request>
	 	 <request id="146" node="147">
	 	 	 <quantity>10</quantity>
	 	 </request>
	 	 <request id="147" node="148">
	 	 	 <quantity>5</quantity>
	 	 </request>
	 	 <request id="148" node="149">
	 	 	 <quantity>6</quantity>
	 	 </request>
	 	 <request id="149" node="150">
	 	 	 <quantity>6</quantity>
	 	 </request>
	 	 <request id="150" node="151">
	 	 	 <quantity>7</quantity>
	 	 </request>
	 	 <request id="151" node="152">
	 	 	 <quantity>9</quantity>
	 	 </request>
	 	 <request id="152" node="153">
	 	 	 <quantity>9</quantity>
	 	 </request>
	 	 <request id="153" node="154">
	 	 	 <quantity>8</quantity>
	 	 </request>
	 	 <request id="154" node="155">
	 	 	 <quantity>8</quantity>
	 	 </request>
	 	 <request id="155" node="156">
	 	 	 <quantity>6</quantity>
	 	 </request>
	 	 <request id="156" node="157">
	 	 	 <quantity>6</quantity>
	 	 </request>
	 	 <request id="157" node="158">
	 	 	 <quantity>10</quantity>
	 	 </request>
	 	 <request id="158" node="159">
	 	 	 <quantity>10</quantity>
	 	 </request>
	 	 <request id="159" node="160">
	 	 	 <quantity>8</quantity>
	 	 </request>
	 	 <request id="160" node="161">
	 	 	 <quantity>6</quantity>
	 	 </request>
	 	 <request id="161" node="162">
	 	 	 <quantity>8</quantity>
	 	 </request>
	 	 <request id="162" node="163">
	 	 	 <quantity>6</quantity>
	 	 </request>
	 	 <request id="163" node="164">
	 	 	 <quantity>10</quantity>
	 	 </request>
	 	 <request id="164" node="165">
	 	 	 <quantity>10</quantity>
	 	 </request>
	 	 <request id="165" node="166">
	 	 	 <quantity>5</quantity>
	 	 </request>
	 	 <request id="166" node="167">
	 	 	 <quantity>10</quantity>
	 	 </request>
	 	 <request id="167" node="168">
	 	 	 <quantity>5</quantity>
	 	 </request>
	 	 <request id="168" node="169">
	 	 	 <quantity>8</quantity>
	 	 </request>
	 	 <request id="169" node="170">
	 	 	 <quantity>7</quantity>
	 	 </request>
	 	 <request id="170" node="171">
	 	 	 <quantity>7</quantity>
	 	 </request>
	 	 <request id="171" node="172">
	 	 	 <quantity>10</quantity>
	 	 </request>
	 	 <request id="172" node="173">
	 	 	 <quantity>9</quantity>
	 	 </request>
	 	 <request id="173" node="174">
	 	 	 <quantity>5</quantity>
	 	 </request>
	 	 <request id="174" node="175">
	 	 	 <quantity>7</quantity>
	 	 </request>
	 	 <request id="175" node="176">
	 	 	 <quantity>8</quantity>
	 	 </request>
	 	 <request id="176" node="177">
	 	 	 <quantity>6</quantity>
	 	 </request>
	 	 <request id="177" node="178">
	 	 	 <quantity>5</quantity>
	 	 </request>
	 	 <request id="178" node="179">
	 	 	 <quantity>7</quantity>
	 	 </request>
	 	 <request id="179" node="180">
	 	 	 <quantity>9</quantity>
	 	 </request>
	 	 <request id="180" node="181">
	 	 	 <quantity>9</quantity>
	 	 </request>
	 	 <request id="181" node="182">
	 	 	 <quantity>8</quantity>
	 	 </request>
	 	 <request id="182" node="183">
	 	 	 <quantity>7</quantity>
	 	 </request>
	 	 <request id="183" node="184">
	 	 	 <quantity>7</quantity>
	 	 </request>
	 	 <request id="184" node="185">
	 	 	 <quantity>10</quantity>
	 	 </request>
	 	 <request id="185" node="186">
	 	 	 <quantity>10</quantity>
	 	 </request>
	 	 <request id="186" node="187">
	 	 	 <quantity>7</quantity>
	 	 </request>
	 	 <request id="187" node="188">
	 	 	 <quantity>10</quantity>
	 	 </request>
	 	 <request id="188" node="189">
	 	 	 <quantity>7</quantity>
	 	 </request>
	 	 <request id="189" node="190">
	 	 	 <quantity>10</quantity>
	 	 </request>
	 	 <request id="190" node="191">
	 	 	 <quantity>6</quantity>
	 	 </request>
	 	 <request id="191" node="192">
	 	 	 <quantity>5</quantity>
	 	 </request>
	 	 <request id="192" node="193">
	 	 	 <quantity>8</quantity>
	 	 </request>
	 	 <request id="193" node="194">
	 	 	 <quantity>6</quantity>
	 	 </request>
	 	 <request id="194" node="195">
	 	 	 <quantity>8</quantity>
	 	 </request>
	 	 <request id="195" node="196">
	 	 	 <quantity>10</quantity>
	 	 </request>
	 	 <request id="196" node="197">
	 	 	 <quantity>10</quantity>
	 	 </request>
	 	 <request id="197" node="198">
	 	 	 <quantity>6</quantity>
	 	 </request>
	 	 <request id="198" node="199">
	 	 	 <quantity>8</quantity>
	 	 </request>
	 	 <request id="199" node="200">
	 	 	 <quantity>5</quantity>
	 	 </request>
	 	 <request id="200" node="201">
	 	 	 <quantity>10</quantity>
	 	 </request>
	 	 <request id="201" node="202">
	 	 	 <quantity>6</quantity>
	 	 </request>
	 	 <request id="202" node="203">
	 	 	 <quantity>5</quantity>
	 	 </request>
	 	 <request id="203" node="204">
	 	 	 <quantity>9</quantity>
	 	 </request>
	 	 <request id="204" node="205">
	 	 	 <quantity>9</quantity>
	 	 </request>
	 	 <request id="205" node="206">
	 	 	 <quantity>7</quantity>
	 	 </request>
	 	 <request id="206" node="207">
	 	 	 <quantity>7</quantity>
	 	 </request>
	 	 <request id="207" node="208">
	 	 	 <quantity>6</quantity>
	 	 </request>
	 	 <request id="208" node="209">
	 	 	 <quantity>10</quantity>
	 	 </request>
	 	 <request id="209" node="210">
	 	 	 <quantity>6</quantity>
	 	 </request>
	 	 <request id="210" node="211">
	 	 	 <quantity>9</quantity>
	 	 </request>
	 	 <request id="211" node="212">
	 	 	 <quantity>7</quantity>
	 	 </request>
	 	 <request id="212" node="213">
	 	 	 <quantity>6</quantity>
	 	 </request>
	 	 <request id="213" node="214">
	 	 	 <quantity>6</quantity>
	 	 </request>
	 	 <request id="214" node="215">
	 	 	 <quantity>10</quantity>
	 	 </request>
	 	 <request id="215" node="216">
	 	 	 <quantity>10</quantity>
	 	 </request>
	 	 <request id="216" node="217">
	 	 	 <quantity>9</quantity>
	 	 </request>
	 	 <request id="217" node="218">
	 	 	 <quantity>10</quantity>
	 	 </request>
	 	 <request id="218" node="219">
	 	 	 <quantity>8</quantity>
	 	 </request>
	 	 <request id="219" node="220">
	 	 	 <quantity>9</quantity>
	 	 </request>
	 	 <request id="220" node="221">
	 	 	 <quantity>9</quantity>
	 	 </request>
	 	 <request id="221" node="222">
	 	 	 <quantity>9</quantity>
	 	 </request>
	 	 <request id="222" node="223">
	 	 	 <quantity>8</quantity>
	 	 </request>
	 	 <request id="223" node="224">
	 	 	 <quantity>5</quantity>
	 	 </request>
	 	 <request id="224" node="225">
	 	 	 <quantity>8</quantity>
	 	 </request>
	 	 <request id="225" node="226">
	 	 	 <quantity>8</quantity>
	 	 </request>
	 	 <request id="226" node="227">
	 	 	 <quantity>10</quantity>
	 	 </request>
	 	 <request id="227" node="228">
	 	 	 <quantity>6</quantity>
	 	 </request>
	 	 <request id="228" node="229">
	 	 	 <quantity>8</quantity>
	 	 </request>
	 	 <request id="229" node="230">
	 	 	 <quantity>9</quantity>
	 	 </request>
	 	 <request id="230" node="231">
	 	 	 <quantity>9</quantity>
	 	 </request>
	 	 <request id="231" node="232">
	 	 	 <quantity>7</quantity>
	 	 </request>
	 	 <request id="232" node="233">
	 	 	 <quantity>9</quantity>
	 	 </request>
	 	 <request id="233" node="234">
	 	 	 <quantity>7</quantity>
	 	 </request>
	 	 <request id="234" node="235">
	 	 	 <quantity>9</quantity>
	 	 </request>
	 	 <request id="235" node="236">
	 	 	 <quantity>7</quantity>
	 	 </request>
	 	 <request id="236" node="237">
	 	 	 <quantity>6</quantity>
	 	 </request>
	 	 <request id="237" node="238">
	 	 	 <quantity>6</quantity>
	 	 </request>
	 	 <request id="238" node="239">
	 	 	 <quantity>5</quantity>
	 	 </request>
	 	 <request id="239" node="240">
	 	 	 <quantity>6</quantity>
	 	 </request>
	 	 <request id="240" node="241">
	 	 	 <quantity>8</quantity>
	 	 </request>
	 	 <request id="241" node="242">
	 	 	 <quantity>6</quantity>
	 	 </request>
	 	 <request id="242" node="243">
	 	 	 <quantity>6</quantity>
	 	 </request>
	 	 <request id="243" node="244">
	 	 	 <quantity>8</quantity>
	 	 </request>
	 	 <request id="244" node="245">
	 	 	 <quantity>10</quantity>
	 	 </request>
	 	 <request id="245" node="246">
	 	 	 <quantity>8</quantity>
	 	 </request>
	 	 <request id="246" node="247">
	 	 	 <quantity>6</quantity>
	 	 </request>
	 	 <request id="247" node="248">
	 	 	 <quantity>5</quantity>
	 	 </request>
	 	 <request id="248" node="249">
	 	 	 <quantity>8</quantity>
	 	 </request>
	 	 <request id="249" node="250">
	 	 	 <quantity>8</quantity>
	 	 </request>
	 	 <request id="250" node="251">
	 	 	 <quantity>5</quantity>
	 	 </request>
	 	 <request id="251" node="252">
	 	 	 <quantity>9</quantity>
	 	 </request>
	 	 <request id="252" node="253">
	 	 	 <quantity>7</quantity>
	 	 </request>
	 	 <request id="253" node="254">
	 	 	 <quantity>10</quantity>
	 	 </request>
	 	 <request id="254" node="255">
	 	 	 <quantity>6</quantity>
	 	 </request>
	 	 <request id="255" node="256">
	 	 	 <quantity>7</quantity>
	 	 </request>
	 	 <request id="256" node="257">
	 	 	 <quantity>6</quantity>
	 	 </request>
	 	 <request id="257" node="258">
	 	 	 <quantity>9</quantity>
	 	 </request>
	 	 <request id="258" node="259">
	 	 	 <quantity>6</quantity>
	 	 </request>
	 	 <request id="259" node="260">
	 	 	 <quantity>10</quantity>
	 	 </request>
	 	 <request id="260" node="261">
	 	 	 <quantity>10</quantity>
	 	 </request>
	 	 <request id="261" node="262">
	 	 	 <quantity>7</quantity>
	 	 </request>
	 	 <request id="262" node="263">
	 	 	 <quantity>5</quantity>
	 	 </request>
	 	 <request id="263" node="264">
	 	 	 <quantity>10</quantity>
	 	 </request>
	 	 <request id="264" node="265">
	 	 	 <quantity>7</quantity>
	 	 </request>
	 	 <request id="265" node="266">
	 	 	 <quantity>9</quantity>
	 	 </request>
	 	 <request id="266" node="267">
	 	 	 <quantity>5</quantity>
	 	 </request>
	 	 <request id="267" node="268">
	 	 	 <quantity>10</quantity>
	 	 </request>
	 	 <request id="268" node="269">
	 	 	 <quantity>10</quantity>
	 	 </request>
	 	 <request id="269" node="270">
	 	 	 <quantity>5</quantity>
	 	 </request>
	 	 <request id="270" node="271">
	 	 	 <quantity>10</quantity>
	 	 </request>
	 	 <request id="271" node="272">
	 	 	 <quantity>7</quantity>
	 	 </request>
	 	 <request id="272" node="273">
	 	 	 <quantity>10</quantity>
	 	 </request>
	 	 <request id="273" node="274">
	 	 	 <quantity>10</quantity>
	 	 </request>
	 	 <request id="274" node="275">
	 	 	 <quantity>8</quantity>
	 	 </request>
	 	 <request id="275" node="276">
	 	 	 <quantity>6</quantity>
	 	 </request>
	 	 <request id="276" node="277">
	 	 	 <quantity>10</quantity>
	 	 </request>
	 	 <request id="277" node="278">
	 	 	 <quantity>7</quantity>
	 	 </request>
	 	 <request id="278" node="279">
	 	 	 <quantity>10</quantity>
	 	 </request>
	 	 <request id="279" node="280">
	 	 	 <quantity>9</quantity>
	 	 </request>
	 	 <request id="280" node="281">
	 	 	 <quantity>7</quantity>
	 	 </request>
	 	 <request id="281" node="282">
	 	 	 <quantity>10</quantity>
	 	 </request>
	 	 <request id="282" node="283">
	 	 	 <quantity>9</quantity>
	 	 </request>
	 	 <request id="283" node="284">
	 	 	 <quantity>6</quantity>
	 	 </request>
	 	 <request id="284" node="285">
	 	 	 <quantity>8</quantity>
	 	 </request>
	 	 <request id="285" node="286">
	 	 	 <quantity>9</quantity>
	 	 </request>
	 	 <request id="286" node="287">
	 	 	 <quantity>9</quantity>
	 	 </request>
	 	 <request id="287" node="288">
	 	 	 <quantity>8</quantity>
	 	 </request>
	 	 <request id="288" node="289">
	 	 	 <quantity>5</quantity>
	 	 </request>
	 	 <request id="289" node="290">
	 	 	 <quantity>9</quantity>
	 	 </request>
	 	 <request id="290" node="291">
	 	 	 <quantity>6</quantity>
	 	 </request>
	 	 <request id="291" node="292">
	 	 	 <quantity>7</quantity>
	 	 </request>
	 	 <request id="292" node="293">
	 	 	 <quantity>5</quantity>
	 	 </request>
	 	 <request id="293" node="294">
	 	 	 <quantity>9</quantity>
	 	 </request>
	 	 <request id="294" node="295">
	 	 	 <quantity>9</quantity>
	 	 </request>
	 	 <request id="295" node="296">
	 	 	 <quantity>6</quantity>
	 	 </request>
	 	 <request id="296" node="297">
	 	 	 <quantity>10</quantity>
	 	 </request>
	 	 <request id="297" node="298">
	 	 	 <quantity>5</quantity>
	 	 </request>
	 	 <request id="298" node="299">
	 	 	 <quantity>5</quantity>
	 	 </request>
	 	 <request id="299" node="300">
	 	 	 <quantity>8</quantity>
	 	 </request>
	 	 <request id="300" node="301">
	 	 	 <quantity>6</quantity>
	 	 </request>
	 	 <request id="301" node="302">
	 	 	 <quantity>9</quantity>
	 	 </request>
	 	 <request id="302" node="303">
	 	 	 <quantity>5</quantity>
	 	 </request>
	 	 <request id="303" node="304">
	 	 	 <quantity>7</quantity>
	 	 </request>
	 	 <request id="304" node="305">
	 	 	 <quantity>10</quantity>
	 	 </request>
	 	 <request id="305" node="306">
	 	 	 <quantity>7</quantity>
	 	 </request>
	 	 <request id="306" node="307">
	 	 	 <quantity>8</quantity>
	 	 </request>
	 	 <request id="307" node="308">
	 	 	 <quantity>10</quantity>
	 	 </request>
	 	 <request id="308" node="309">
	 	 	 <quantity>7</quantity>
	 	 </request>
	 	 <request id="309" node="310">
	 	 	 <quantity>5</quantity>
	 	 </request>
	 	 <request id="310" node="311">
	 	 	 <quantity>5</quantity>
	 	 </request>
	 	 <request id="311" node="312">
	 	 	 <quantity>8</quantity>
	 	 </request>
	 	 <request id="312" node="313">
	 	 	 <quantity>9</quantity>
	 	 </request>
	 	 <request id="313" node="314">
	 	 	 <quantity>5</quantity>
	 	 </request>
	 	 <request id="314" node="315">
	 	 	 <quantity>8</quantity>
	 	 </request>
	 	 <request id="315" node="316">
	 	 	 <quantity>9</quantity>
	 	 </request>
	 	 <request id="316" node="317">
	 	 	 <quantity>6</quantity>
	 	 </request>
	 	 <request id="317" node="318">
	 	 	 <quantity>5</quantity>
	 	 </request>
	 	 <request id="318" node="319">
	 	 	 <quantity>6</quantity>
	 	 </request>
	 	 <request id="319" node="320">
	 	 	 <quantity>9</quantity>
	 	 </request>
	 	 <request id="320" node="321">
	 	 	 <quantity>8</quantity>
	 	 </request>
	 	 <request id="321" node="322">
	 	 	 <quantity>8</quantity>
	 	 </request>
	 	 <request id="322" node="323">
	 	 	 <quantity>5</quantity>
	 	 </request>
	 	 <request id="323" node="324">
	 	 	 <quantity>5</quantity>
	 	 </request>
	 	 <request id="324" node="325">
	 	 	 <quantity>6</quantity>
	 	 </request>
	 	 <request id="325" node="326">
	 	 	 <quantity>5</quantity>
	 	 </request>
	 	 <request id="326" node="327">
	 	 	 <quantity>7</quantity>
	 	 </request>
	 </requests>
</instance>
