<?xml version="1.0" encoding="UTF-8" standalone="yes"?>
<instance>
    <info>
        <dataset>Christofides et al. 1979 — Set M</dataset>
        <name>M-n121-k07</name>
    </info>
    <network>
        <nodes>
            <node id="1" type="0">
                <cx>10.0</cx>
                <cy>45.0</cy>
            </node>
            <node id="2" type="1">
                <cx>25.0</cx>
                <cy>1.0</cy>
            </node>
            <node id="3" type="1">
                <cx>25.0</cx>
                <cy>3.0</cy>
            </node>
            <node id="4" type="1">
                <cx>31.0</cx>
                <cy>5.0</cy>
            </node>
            <node id="5" type="1">
                <cx>32.0</cx>
                <cy>5.0</cy>
            </node>
            <node id="6" type="1">
                <cx>31.0</cx>
                <cy>7.0</cy>
            </node>
            <node id="7" type="1">
                <cx>32.0</cx>
                <cy>9.0</cy>
            </node>
            <node id="8" type="1">
                <cx>34.0</cx>
                <cy>9.0</cy>
            </node>
            <node id="9" type="1">
                <cx>46.0</cx>
                <cy>9.0</cy>
            </node>
            <node id="10" type="1">
                <cx>35.0</cx>
                <cy>7.0</cy>
            </node>
            <node id="11" type="1">
                <cx>34.0</cx>
                <cy>6.0</cy>
            </node>
            <node id="12" type="1">
                <cx>35.0</cx>
                <cy>5.0</cy>
            </node>
            <node id="13" type="1">
                <cx>47.0</cx>
                <cy>6.0</cy>
            </node>
            <node id="14" type="1">
                <cx>40.0</cx>
                <cy>5.0</cy>
            </node>
            <node id="15" type="1">
                <cx>39.0</cx>
                <cy>3.0</cy>
            </node>
            <node id="16" type="1">
                <cx>36.0</cx>
                <cy>3.0</cy>
            </node>
            <node id="17" type="1">
                <cx>73.0</cx>
                <cy>6.0</cy>
            </node>
            <node id="18" type="1">
                <cx>73.0</cx>
                <cy>8.0</cy>
            </node>
            <node id="19" type="1">
                <cx>24.0</cx>
                <cy>36.0</cy>
            </node>
            <node id="20" type="1">
                <cx>76.0</cx>
                <cy>6.0</cy>
            </node>
            <node id="21" type="1">
                <cx>76.0</cx>
                <cy>10.0</cy>
            </node>
            <node id="22" type="1">
                <cx>76.0</cx>
                <cy>13.0</cy>
            </node>
            <node id="23" type="1">
                <cx>78.0</cx>
                <cy>3.0</cy>
            </node>
            <node id="24" type="1">
                <cx>78.0</cx>
                <cy>9.0</cy>
            </node>
            <node id="25" type="1">
                <cx>79.0</cx>
                <cy>3.0</cy>
            </node>
            <node id="26" type="1">
                <cx>79.0</cx>
                <cy>5.0</cy>
            </node>
            <node id="27" type="1">
                <cx>79.0</cx>
                <cy>11.0</cy>
            </node>
            <node id="28" type="1">
                <cx>82.0</cx>
                <cy>3.0</cy>
            </node>
            <node id="29" type="1">
                <cx>82.0</cx>
                <cy>7.0</cy>
            </node>
            <node id="30" type="1">
                <cx>90.0</cx>
                <cy>15.0</cy>
            </node>
            <node id="31" type="1">
                <cx>84.0</cx>
                <cy>3.0</cy>
            </node>
            <node id="32" type="1">
                <cx>84.0</cx>
                <cy>5.0</cy>
            </node>
            <node id="33" type="1">
                <cx>84.0</cx>
                <cy>9.0</cy>
            </node>
            <node id="34" type="1">
                <cx>85.0</cx>
                <cy>1.0</cy>
            </node>
            <node id="35" type="1">
                <cx>87.0</cx>
                <cy>5.0</cy>
            </node>
            <node id="36" type="1">
                <cx>85.0</cx>
                <cy>8.0</cy>
            </node>
            <node id="37" type="1">
                <cx>87.0</cx>
                <cy>7.0</cy>
            </node>
            <node id="38" type="1">
                <cx>86.0</cx>
                <cy>41.0</cy>
            </node>
            <node id="39" type="1">
                <cx>86.0</cx>
                <cy>44.0</cy>
            </node>
            <node id="40" type="1">
                <cx>86.0</cx>
                <cy>46.0</cy>
            </node>
            <node id="41" type="1">
                <cx>85.0</cx>
                <cy>55.0</cy>
            </node>
            <node id="42" type="1">
                <cx>89.0</cx>
                <cy>43.0</cy>
            </node>
            <node id="43" type="1">
                <cx>89.0</cx>
                <cy>46.0</cy>
            </node>
            <node id="44" type="1">
                <cx>89.0</cx>
                <cy>52.0</cy>
            </node>
            <node id="45" type="1">
                <cx>92.0</cx>
                <cy>42.0</cy>
            </node>
            <node id="46" type="1">
                <cx>92.0</cx>
                <cy>52.0</cy>
            </node>
            <node id="47" type="1">
                <cx>94.0</cx>
                <cy>42.0</cy>
            </node>
            <node id="48" type="1">
                <cx>94.0</cx>
                <cy>44.0</cy>
            </node>
            <node id="49" type="1">
                <cx>94.0</cx>
                <cy>48.0</cy>
            </node>
            <node id="50" type="1">
                <cx>96.0</cx>
                <cy>42.0</cy>
            </node>
            <node id="51" type="1">
                <cx>99.0</cx>
                <cy>46.0</cy>
            </node>
            <node id="52" type="1">
                <cx>99.0</cx>
                <cy>50.0</cy>
            </node>
            <node id="53" type="1">
                <cx>83.0</cx>
                <cy>80.0</cy>
            </node>
            <node id="54" type="1">
                <cx>83.0</cx>
                <cy>83.0</cy>
            </node>
            <node id="55" type="1">
                <cx>85.0</cx>
                <cy>81.0</cy>
            </node>
            <node id="56" type="1">
                <cx>85.0</cx>
                <cy>85.0</cy>
            </node>
            <node id="57" type="1">
                <cx>85.0</cx>
                <cy>89.0</cy>
            </node>
            <node id="58" type="1">
                <cx>87.0</cx>
                <cy>80.0</cy>
            </node>
            <node id="59" type="1">
                <cx>87.0</cx>
                <cy>86.0</cy>
            </node>
            <node id="60" type="1">
                <cx>90.0</cx>
                <cy>77.0</cy>
            </node>
            <node id="61" type="1">
                <cx>90.0</cx>
                <cy>88.0</cy>
            </node>
            <node id="62" type="1">
                <cx>93.0</cx>
                <cy>82.0</cy>
            </node>
            <node id="63" type="1">
                <cx>93.0</cx>
                <cy>84.0</cy>
            </node>
            <node id="64" type="1">
                <cx>93.0</cx>
                <cy>89.0</cy>
            </node>
            <node id="65" type="1">
                <cx>94.0</cx>
                <cy>86.0</cy>
            </node>
            <node id="66" type="1">
                <cx>95.0</cx>
                <cy>80.0</cy>
            </node>
            <node id="67" type="1">
                <cx>99.0</cx>
                <cy>89.0</cy>
            </node>
            <node id="68" type="1">
                <cx>37.0</cx>
                <cy>83.0</cy>
            </node>
            <node id="69" type="1">
                <cx>50.0</cx>
                <cy>80.0</cy>
            </node>
            <node id="70" type="1">
                <cx>35.0</cx>
                <cy>85.0</cy>
            </node>
            <node id="71" type="1">
                <cx>35.0</cx>
                <cy>87.0</cy>
            </node>
            <node id="72" type="1">
                <cx>44.0</cx>
                <cy>86.0</cy>
            </node>
            <node id="73" type="1">
                <cx>46.0</cx>
                <cy>89.0</cy>
            </node>
            <node id="74" type="1">
                <cx>46.0</cx>
                <cy>83.0</cy>
            </node>
            <node id="75" type="1">
                <cx>46.0</cx>
                <cy>87.0</cy>
            </node>
            <node id="76" type="1">
                <cx>46.0</cx>
                <cy>89.0</cy>
            </node>
            <node id="77" type="1">
                <cx>48.0</cx>
                <cy>83.0</cy>
            </node>
            <node id="78" type="1">
                <cx>50.0</cx>
                <cy>85.0</cy>
            </node>
            <node id="79" type="1">
                <cx>50.0</cx>
                <cy>88.0</cy>
            </node>
            <node id="80" type="1">
                <cx>54.0</cx>
                <cy>86.0</cy>
            </node>
            <node id="81" type="1">
                <cx>54.0</cx>
                <cy>90.0</cy>
            </node>
            <node id="82" type="1">
                <cx>10.0</cx>
                <cy>35.0</cy>
            </node>
            <node id="83" type="1">
                <cx>10.0</cx>
                <cy>40.0</cy>
            </node>
            <node id="84" type="1">
                <cx>18.0</cx>
                <cy>30.0</cy>
            </node>
            <node id="85" type="1">
                <cx>17.0</cx>
                <cy>35.0</cy>
            </node>
            <node id="86" type="1">
                <cx>16.0</cx>
                <cy>38.0</cy>
            </node>
            <node id="87" type="1">
                <cx>14.0</cx>
                <cy>40.0</cy>
            </node>
            <node id="88" type="1">
                <cx>15.0</cx>
                <cy>42.0</cy>
            </node>
            <node id="89" type="1">
                <cx>11.0</cx>
                <cy>42.0</cy>
            </node>
            <node id="90" type="1">
                <cx>18.0</cx>
                <cy>40.0</cy>
            </node>
            <node id="91" type="1">
                <cx>21.0</cx>
                <cy>39.0</cy>
            </node>
            <node id="92" type="1">
                <cx>20.0</cx>
                <cy>40.0</cy>
            </node>
            <node id="93" type="1">
                <cx>18.0</cx>
                <cy>41.0</cy>
            </node>
            <node id="94" type="1">
                <cx>20.0</cx>
                <cy>44.0</cy>
            </node>
            <node id="95" type="1">
                <cx>22.0</cx>
                <cy>44.0</cy>
            </node>
            <node id="96" type="1">
                <cx>16.0</cx>
                <cy>45.0</cy>
            </node>
            <node id="97" type="1">
                <cx>20.0</cx>
                <cy>45.0</cy>
            </node>
            <node id="98" type="1">
                <cx>25.0</cx>
                <cy>45.0</cy>
            </node>
            <node id="99" type="1">
                <cx>30.0</cx>
                <cy>55.0</cy>
            </node>
            <node id="100" type="1">
                <cx>20.0</cx>
                <cy>50.0</cy>
            </node>
            <node id="101" type="1">
                <cx>22.0</cx>
                <cy>51.0</cy>
            </node>
            <node id="102" type="1">
                <cx>18.0</cx>
                <cy>49.0</cy>
            </node>
            <node id="103" type="1">
                <cx>16.0</cx>
                <cy>48.0</cy>
            </node>
            <node id="104" type="1">
                <cx>20.0</cx>
                <cy>55.0</cy>
            </node>
            <node id="105" type="1">
                <cx>18.0</cx>
                <cy>53.0</cy>
            </node>
            <node id="106" type="1">
                <cx>14.0</cx>
                <cy>50.0</cy>
            </node>
            <node id="107" type="1">
                <cx>15.0</cx>
                <cy>51.0</cy>
            </node>
            <node id="108" type="1">
                <cx>16.0</cx>
                <cy>54.0</cy>
            </node>
            <node id="109" type="1">
                <cx>28.0</cx>
                <cy>33.0</cy>
            </node>
            <node id="110" type="1">
                <cx>33.0</cx>
                <cy>38.0</cy>
            </node>
            <node id="111" type="1">
                <cx>30.0</cx>
                <cy>50.0</cy>
            </node>
            <node id="112" type="1">
                <cx>13.0</cx>
                <cy>40.0</cy>
            </node>
            <node id="113" type="1">
                <cx>15.0</cx>
                <cy>36.0</cy>
            </node>
            <node id="114" type="1">
                <cx>18.0</cx>
                <cy>31.0</cy>
            </node>
            <node id="115" type="1">
                <cx>25.0</cx>
                <cy>37.0</cy>
            </node>
            <node id="116" type="1">
                <cx>30.0</cx>
                <cy>46.0</cy>
            </node>
            <node id="117" type="1">
                <cx>25.0</cx>
                <cy>52.0</cy>
            </node>
            <node id="118" type="1">
                <cx>16.0</cx>
                <cy>33.0</cy>
            </node>
            <node id="119" type="1">
                <cx>25.0</cx>
                <cy>35.0</cy>
            </node>
            <node id="120" type="1">
                <cx>5.0</cx>
                <cy>40.0</cy>
            </node>
            <node id="121" type="1">
                <cx>5.0</cx>
                <cy>50.0</cy>
            </node>
        </nodes>
        <euclidean/>
        <decimals>0</decimals>
    </network>
    <fleet>
        <vehicle_profile type="0">
            <departure_node>1</departure_node>
            <arrival_node>1</arrival_node>
            <capacity>200.0</capacity>
        </vehicle_profile>
    </fleet>
    <requests>
        <request id="1" node="2">
            <quantity>25.0</quantity>
        </request>
        <request id="2" node="3">
            <quantity>7.0</quantity>
        </request>
        <request id="3" node="4">
            <quantity>13.0</quantity>
        </request>
        <request id="4" node="5">
            <quantity>6.0</quantity>
        </request>
        <request id="5" node="6">
            <quantity>14.0</quantity>
        </request>
        <request id="6" node="7">
            <quantity>5.0</quantity>
        </request>
        <request id="7" node="8">
            <quantity>11.0</quantity>
        </request>
        <request id="8" node="9">
            <quantity>19.0</quantity>
        </request>
        <request id="9" node="10">
            <quantity>5.0</quantity>
        </request>
        <request id="10" node="11">
            <quantity>15.0</quantity>
        </request>
        <request id="11" node="12">
            <quantity>15.0</quantity>
        </request>
        <request id="12" node="13">
            <quantity>17.0</quantity>
        </request>
        <request id="13" node="14">
            <quantity>13.0</quantity>
        </request>
        <request id="14" node="15">
            <quantity>12.0</quantity>
        </request>
        <request id="15" node="16">
            <quantity>18.0</quantity>
        </request>
        <request id="16" node="17">
            <quantity>13.0</quantity>
        </request>
        <request id="17" node="18">
            <quantity>18.0</quantity>
        </request>
        <request id="18" node="19">
            <quantity>12.0</quantity>
        </request>
        <request id="19" node="20">
            <quantity>17.0</quantity>
        </request>
        <request id="20" node="21">
            <quantity>4.0</quantity>
        </request>
        <request id="21" node="22">
            <quantity>7.0</quantity>
        </request>
        <request id="22" node="23">
            <quantity>12.0</quantity>
        </request>
        <request id="23" node="24">
            <quantity>13.0</quantity>
        </request>
        <request id="24" node="25">
            <quantity>8.0</quantity>
        </request>
        <request id="25" node="26">
            <quantity>16.0</quantity>
        </request>
        <request id="26" node="27">
            <quantity>15.0</quantity>
        </request>
        <request id="27" node="28">
            <quantity>6.0</quantity>
        </request>
        <request id="28" node="29">
            <quantity>5.0</quantity>
        </request>
        <request id="29" node="30">
            <quantity>9.0</quantity>
        </request>
        <request id="30" node="31">
            <quantity>11.0</quantity>
        </request>
        <request id="31" node="32">
            <quantity>10.0</quantity>
        </request>
        <request id="32" node="33">
            <quantity>3.0</quantity>
        </request>
        <request id="33" node="34">
            <quantity>7.0</quantity>
        </request>
        <request id="34" node="35">
            <quantity>2.0</quantity>
        </request>
        <request id="35" node="36">
            <quantity>4.0</quantity>
        </request>
        <request id="36" node="37">
            <quantity>4.0</quantity>
        </request>
        <request id="37" node="38">
            <quantity>18.0</quantity>
        </request>
        <request id="38" node="39">
            <quantity>14.0</quantity>
        </request>
        <request id="39" node="40">
            <quantity>12.0</quantity>
        </request>
        <request id="40" node="41">
            <quantity>17.0</quantity>
        </request>
        <request id="41" node="42">
            <quantity>20.0</quantity>
        </request>
        <request id="42" node="43">
            <quantity>14.0</quantity>
        </request>
        <request id="43" node="44">
            <quantity>16.0</quantity>
        </request>
        <request id="44" node="45">
            <quantity>10.0</quantity>
        </request>
        <request id="45" node="46">
            <quantity>9.0</quantity>
        </request>
        <request id="46" node="47">
            <quantity>11.0</quantity>
        </request>
        <request id="47" node="48">
            <quantity>7.0</quantity>
        </request>
        <request id="48" node="49">
            <quantity>13.0</quantity>
        </request>
        <request id="49" node="50">
            <quantity>5.0</quantity>
        </request>
        <request id="50" node="51">
            <quantity>4.0</quantity>
        </request>
        <request id="51" node="52">
            <quantity>21.0</quantity>
        </request>
        <request id="52" node="53">
            <quantity>13.0</quantity>
        </request>
        <request id="53" node="54">
            <quantity>11.0</quantity>
        </request>
        <request id="54" node="55">
            <quantity>12.0</quantity>
        </request>
        <request id="55" node="56">
            <quantity>14.0</quantity>
        </request>
        <request id="56" node="57">
            <quantity>10.0</quantity>
        </request>
        <request id="57" node="58">
            <quantity>8.0</quantity>
        </request>
        <request id="58" node="59">
            <quantity>16.0</quantity>
        </request>
        <request id="59" node="60">
            <quantity>19.0</quantity>
        </request>
        <request id="60" node="61">
            <quantity>5.0</quantity>
        </request>
        <request id="61" node="62">
            <quantity>17.0</quantity>
        </request>
        <request id="62" node="63">
            <quantity>7.0</quantity>
        </request>
        <request id="63" node="64">
            <quantity>16.0</quantity>
        </request>
        <request id="64" node="65">
            <quantity>14.0</quantity>
        </request>
        <request id="65" node="66">
            <quantity>17.0</quantity>
        </request>
        <request id="66" node="67">
            <quantity>13.0</quantity>
        </request>
        <request id="67" node="68">
            <quantity>17.0</quantity>
        </request>
        <request id="68" node="69">
            <quantity>13.0</quantity>
        </request>
        <request id="69" node="70">
            <quantity>14.0</quantity>
        </request>
        <request id="70" node="71">
            <quantity>16.0</quantity>
        </request>
        <request id="71" node="72">
            <quantity>7.0</quantity>
        </request>
        <request id="72" node="73">
            <quantity>13.0</quantity>
        </request>
        <request id="73" node="74">
            <quantity>9.0</quantity>
        </request>
        <request id="74" node="75">
            <quantity>11.0</quantity>
        </request>
        <request id="75" node="76">
            <quantity>35.0</quantity>
        </request>
        <request id="76" node="77">
            <quantity>5.0</quantity>
        </request>
        <request id="77" node="78">
            <quantity>28.0</quantity>
        </request>
        <request id="78" node="79">
            <quantity>7.0</quantity>
        </request>
        <request id="79" node="80">
            <quantity>3.0</quantity>
        </request>
        <request id="80" node="81">
            <quantity>10.0</quantity>
        </request>
        <request id="81" node="82">
            <quantity>7.0</quantity>
        </request>
        <request id="82" node="83">
            <quantity>12.0</quantity>
        </request>
        <request id="83" node="84">
            <quantity>11.0</quantity>
        </request>
        <request id="84" node="85">
            <quantity>10.0</quantity>
        </request>
        <request id="85" node="86">
            <quantity>8.0</quantity>
        </request>
        <request id="86" node="87">
            <quantity>11.0</quantity>
        </request>
        <request id="87" node="88">
            <quantity>21.0</quantity>
        </request>
        <request id="88" node="89">
            <quantity>4.0</quantity>
        </request>
        <request id="89" node="90">
            <quantity>15.0</quantity>
        </request>
        <request id="90" node="91">
            <quantity>16.0</quantity>
        </request>
        <request id="91" node="92">
            <quantity>4.0</quantity>
        </request>
        <request id="92" node="93">
            <quantity>16.0</quantity>
        </request>
        <request id="93" node="94">
            <quantity>7.0</quantity>
        </request>
        <request id="94" node="95">
            <quantity>10.0</quantity>
        </request>
        <request id="95" node="96">
            <quantity>9.0</quantity>
        </request>
        <request id="96" node="97">
            <quantity>11.0</quantity>
        </request>
        <request id="97" node="98">
            <quantity>17.0</quantity>
        </request>
        <request id="98" node="99">
            <quantity>12.0</quantity>
        </request>
        <request id="99" node="100">
            <quantity>11.0</quantity>
        </request>
        <request id="100" node="101">
            <quantity>7.0</quantity>
        </request>
        <request id="101" node="102">
            <quantity>9.0</quantity>
        </request>
        <request id="102" node="103">
            <quantity>11.0</quantity>
        </request>
        <request id="103" node="104">
            <quantity>12.0</quantity>
        </request>
        <request id="104" node="105">
            <quantity>7.0</quantity>
        </request>
        <request id="105" node="106">
            <quantity>8.0</quantity>
        </request>
        <request id="106" node="107">
            <quantity>6.0</quantity>
        </request>
        <request id="107" node="108">
            <quantity>5.0</quantity>
        </request>
        <request id="108" node="109">
            <quantity>12.0</quantity>
        </request>
        <request id="109" node="110">
            <quantity>13.0</quantity>
        </request>
        <request id="110" node="111">
            <quantity>7.0</quantity>
        </request>
        <request id="111" node="112">
            <quantity>7.0</quantity>
        </request>
        <request id="112" node="113">
            <quantity>8.0</quantity>
        </request>
        <request id="113" node="114">
            <quantity>11.0</quantity>
        </request>
        <request id="114" node="115">
            <quantity>13.0</quantity>
        </request>
        <request id="115" node="116">
            <quantity>11.0</quantity>
        </request>
        <request id="116" node="117">
            <quantity>10.0</quantity>
        </request>
        <request id="117" node="118">
            <quantity>7.0</quantity>
        </request>
        <request id="118" node="119">
            <quantity>4.0</quantity>
        </request>
        <request id="119" node="120">
            <quantity>20.0</quantity>
        </request>
        <request id="120" node="121">
            <quantity>13.0</quantity>
        </request>
    </requests>
</instance>
