<?xml version="1.0" encoding="UTF-8" standalone="yes"?>
<instance>
	<info>
	 	<dataset>Uchoa 2014 — Set X</dataset>
	 	<name>X-n256-k16</name>
	</info>
	<network>
	 	<nodes>
	 	 	<node id="1" type="1">
	 	 	 	<cx>500</cx>
	 	 	 	<cy>500</cy>
	 	 	</node>
	 	 	<node id="2" type="1">
	 	 	 	<cx>878</cx>
	 	 	 	<cy>606</cy>
	 	 	</node>
	 	 	<node id="3" type="1">
	 	 	 	<cx>35</cx>
	 	 	 	<cy>593</cy>
	 	 	</node>
	 	 	<node id="4" type="1">
	 	 	 	<cx>320</cx>
	 	 	 	<cy>125</cy>
	 	 	</node>
	 	 	<node id="5" type="1">
	 	 	 	<cx>189</cx>
	 	 	 	<cy>244</cy>
	 	 	</node>
	 	 	<node id="6" type="1">
	 	 	 	<cx>274</cx>
	 	 	 	<cy>784</cy>
	 	 	</node>
	 	 	<node id="7" type="1">
	 	 	 	<cx>900</cx>
	 	 	 	<cy>310</cy>
	 	 	</node>
	 	 	<node id="8" type="1">
	 	 	 	<cx>742</cx>
	 	 	 	<cy>640</cy>
	 	 	</node>
	 	 	<node id="9" type="1">
	 	 	 	<cx>800</cx>
	 	 	 	<cy>448</cy>
	 	 	</node>
	 	 	<node id="10" type="1">
	 	 	 	<cx>66</cx>
	 	 	 	<cy>599</cy>
	 	 	</node>
	 	 	<node id="11" type="1">
	 	 	 	<cx>829</cx>
	 	 	 	<cy>588</cy>
	 	 	</node>
	 	 	<node id="12" type="1">
	 	 	 	<cx>660</cx>
	 	 	 	<cy>698</cy>
	 	 	</node>
	 	 	<node id="13" type="1">
	 	 	 	<cx>290</cx>
	 	 	 	<cy>673</cy>
	 	 	</node>
	 	 	<node id="14" type="1">
	 	 	 	<cx>669</cx>
	 	 	 	<cy>619</cy>
	 	 	</node>
	 	 	<node id="15" type="1">
	 	 	 	<cx>252</cx>
	 	 	 	<cy>742</cy>
	 	 	</node>
	 	 	<node id="16" type="1">
	 	 	 	<cx>425</cx>
	 	 	 	<cy>160</cy>
	 	 	</node>
	 	 	<node id="17" type="1">
	 	 	 	<cx>291</cx>
	 	 	 	<cy>114</cy>
	 	 	</node>
	 	 	<node id="18" type="1">
	 	 	 	<cx>289</cx>
	 	 	 	<cy>90</cy>
	 	 	</node>
	 	 	<node id="19" type="1">
	 	 	 	<cx>813</cx>
	 	 	 	<cy>663</cy>
	 	 	</node>
	 	 	<node id="20" type="1">
	 	 	 	<cx>847</cx>
	 	 	 	<cy>528</cy>
	 	 	</node>
	 	 	<node id="21" type="1">
	 	 	 	<cx>589</cx>
	 	 	 	<cy>738</cy>
	 	 	</node>
	 	 	<node id="22" type="1">
	 	 	 	<cx>756</cx>
	 	 	 	<cy>687</cy>
	 	 	</node>
	 	 	<node id="23" type="1">
	 	 	 	<cx>777</cx>
	 	 	 	<cy>547</cy>
	 	 	</node>
	 	 	<node id="24" type="1">
	 	 	 	<cx>810</cx>
	 	 	 	<cy>554</cy>
	 	 	</node>
	 	 	<node id="25" type="1">
	 	 	 	<cx>823</cx>
	 	 	 	<cy>501</cy>
	 	 	</node>
	 	 	<node id="26" type="1">
	 	 	 	<cx>5</cx>
	 	 	 	<cy>179</cy>
	 	 	</node>
	 	 	<node id="27" type="1">
	 	 	 	<cx>357</cx>
	 	 	 	<cy>774</cy>
	 	 	</node>
	 	 	<node id="28" type="1">
	 	 	 	<cx>39</cx>
	 	 	 	<cy>419</cy>
	 	 	</node>
	 	 	<node id="29" type="1">
	 	 	 	<cx>277</cx>
	 	 	 	<cy>59</cy>
	 	 	</node>
	 	 	<node id="30" type="1">
	 	 	 	<cx>76</cx>
	 	 	 	<cy>127</cy>
	 	 	</node>
	 	 	<node id="31" type="1">
	 	 	 	<cx>229</cx>
	 	 	 	<cy>65</cy>
	 	 	</node>
	 	 	<node id="32" type="1">
	 	 	 	<cx>868</cx>
	 	 	 	<cy>256</cy>
	 	 	</node>
	 	 	<node id="33" type="1">
	 	 	 	<cx>388</cx>
	 	 	 	<cy>914</cy>
	 	 	</node>
	 	 	<node id="34" type="1">
	 	 	 	<cx>303</cx>
	 	 	 	<cy>352</cy>
	 	 	</node>
	 	 	<node id="35" type="1">
	 	 	 	<cx>713</cx>
	 	 	 	<cy>640</cy>
	 	 	</node>
	 	 	<node id="36" type="1">
	 	 	 	<cx>692</cx>
	 	 	 	<cy>668</cy>
	 	 	</node>
	 	 	<node id="37" type="1">
	 	 	 	<cx>332</cx>
	 	 	 	<cy>773</cy>
	 	 	</node>
	 	 	<node id="38" type="1">
	 	 	 	<cx>404</cx>
	 	 	 	<cy>833</cy>
	 	 	</node>
	 	 	<node id="39" type="1">
	 	 	 	<cx>782</cx>
	 	 	 	<cy>719</cy>
	 	 	</node>
	 	 	<node id="40" type="1">
	 	 	 	<cx>230</cx>
	 	 	 	<cy>680</cy>
	 	 	</node>
	 	 	<node id="41" type="1">
	 	 	 	<cx>711</cx>
	 	 	 	<cy>559</cy>
	 	 	</node>
	 	 	<node id="42" type="1">
	 	 	 	<cx>383</cx>
	 	 	 	<cy>851</cy>
	 	 	</node>
	 	 	<node id="43" type="1">
	 	 	 	<cx>366</cx>
	 	 	 	<cy>42</cy>
	 	 	</node>
	 	 	<node id="44" type="1">
	 	 	 	<cx>80</cx>
	 	 	 	<cy>322</cy>
	 	 	</node>
	 	 	<node id="45" type="1">
	 	 	 	<cx>22</cx>
	 	 	 	<cy>338</cy>
	 	 	</node>
	 	 	<node id="46" type="1">
	 	 	 	<cx>447</cx>
	 	 	 	<cy>107</cy>
	 	 	</node>
	 	 	<node id="47" type="1">
	 	 	 	<cx>357</cx>
	 	 	 	<cy>24</cy>
	 	 	</node>
	 	 	<node id="48" type="1">
	 	 	 	<cx>120</cx>
	 	 	 	<cy>255</cy>
	 	 	</node>
	 	 	<node id="49" type="1">
	 	 	 	<cx>155</cx>
	 	 	 	<cy>252</cy>
	 	 	</node>
	 	 	<node id="50" type="1">
	 	 	 	<cx>793</cx>
	 	 	 	<cy>605</cy>
	 	 	</node>
	 	 	<node id="51" type="1">
	 	 	 	<cx>248</cx>
	 	 	 	<cy>236</cy>
	 	 	</node>
	 	 	<node id="52" type="1">
	 	 	 	<cx>273</cx>
	 	 	 	<cy>163</cy>
	 	 	</node>
	 	 	<node id="53" type="1">
	 	 	 	<cx>741</cx>
	 	 	 	<cy>596</cy>
	 	 	</node>
	 	 	<node id="54" type="1">
	 	 	 	<cx>324</cx>
	 	 	 	<cy>753</cy>
	 	 	</node>
	 	 	<node id="55" type="1">
	 	 	 	<cx>195</cx>
	 	 	 	<cy>632</cy>
	 	 	</node>
	 	 	<node id="56" type="1">
	 	 	 	<cx>848</cx>
	 	 	 	<cy>380</cy>
	 	 	</node>
	 	 	<node id="57" type="1">
	 	 	 	<cx>728</cx>
	 	 	 	<cy>460</cy>
	 	 	</node>
	 	 	<node id="58" type="1">
	 	 	 	<cx>296</cx>
	 	 	 	<cy>66</cy>
	 	 	</node>
	 	 	<node id="59" type="1">
	 	 	 	<cx>885</cx>
	 	 	 	<cy>203</cy>
	 	 	</node>
	 	 	<node id="60" type="1">
	 	 	 	<cx>330</cx>
	 	 	 	<cy>780</cy>
	 	 	</node>
	 	 	<node id="61" type="1">
	 	 	 	<cx>204</cx>
	 	 	 	<cy>177</cy>
	 	 	</node>
	 	 	<node id="62" type="1">
	 	 	 	<cx>659</cx>
	 	 	 	<cy>553</cy>
	 	 	</node>
	 	 	<node id="63" type="1">
	 	 	 	<cx>426</cx>
	 	 	 	<cy>102</cy>
	 	 	</node>
	 	 	<node id="64" type="1">
	 	 	 	<cx>309</cx>
	 	 	 	<cy>755</cy>
	 	 	</node>
	 	 	<node id="65" type="1">
	 	 	 	<cx>215</cx>
	 	 	 	<cy>242</cy>
	 	 	</node>
	 	 	<node id="66" type="1">
	 	 	 	<cx>938</cx>
	 	 	 	<cy>514</cy>
	 	 	</node>
	 	 	<node id="67" type="1">
	 	 	 	<cx>24</cx>
	 	 	 	<cy>547</cy>
	 	 	</node>
	 	 	<node id="68" type="1">
	 	 	 	<cx>373</cx>
	 	 	 	<cy>110</cy>
	 	 	</node>
	 	 	<node id="69" type="1">
	 	 	 	<cx>1000</cx>
	 	 	 	<cy>475</cy>
	 	 	</node>
	 	 	<node id="70" type="1">
	 	 	 	<cx>862</cx>
	 	 	 	<cy>596</cy>
	 	 	</node>
	 	 	<node id="71" type="1">
	 	 	 	<cx>974</cx>
	 	 	 	<cy>551</cy>
	 	 	</node>
	 	 	<node id="72" type="1">
	 	 	 	<cx>83</cx>
	 	 	 	<cy>155</cy>
	 	 	</node>
	 	 	<node id="73" type="1">
	 	 	 	<cx>816</cx>
	 	 	 	<cy>433</cy>
	 	 	</node>
	 	 	<node id="74" type="1">
	 	 	 	<cx>917</cx>
	 	 	 	<cy>345</cy>
	 	 	</node>
	 	 	<node id="75" type="1">
	 	 	 	<cx>62</cx>
	 	 	 	<cy>661</cy>
	 	 	</node>
	 	 	<node id="76" type="1">
	 	 	 	<cx>981</cx>
	 	 	 	<cy>720</cy>
	 	 	</node>
	 	 	<node id="77" type="1">
	 	 	 	<cx>874</cx>
	 	 	 	<cy>602</cy>
	 	 	</node>
	 	 	<node id="78" type="1">
	 	 	 	<cx>247</cx>
	 	 	 	<cy>231</cy>
	 	 	</node>
	 	 	<node id="79" type="1">
	 	 	 	<cx>248</cx>
	 	 	 	<cy>946</cy>
	 	 	</node>
	 	 	<node id="80" type="1">
	 	 	 	<cx>908</cx>
	 	 	 	<cy>590</cy>
	 	 	</node>
	 	 	<node id="81" type="1">
	 	 	 	<cx>812</cx>
	 	 	 	<cy>701</cy>
	 	 	</node>
	 	 	<node id="82" type="1">
	 	 	 	<cx>959</cx>
	 	 	 	<cy>401</cy>
	 	 	</node>
	 	 	<node id="83" type="1">
	 	 	 	<cx>270</cx>
	 	 	 	<cy>347</cy>
	 	 	</node>
	 	 	<node id="84" type="1">
	 	 	 	<cx>714</cx>
	 	 	 	<cy>567</cy>
	 	 	</node>
	 	 	<node id="85" type="1">
	 	 	 	<cx>796</cx>
	 	 	 	<cy>520</cy>
	 	 	</node>
	 	 	<node id="86" type="1">
	 	 	 	<cx>367</cx>
	 	 	 	<cy>947</cy>
	 	 	</node>
	 	 	<node id="87" type="1">
	 	 	 	<cx>88</cx>
	 	 	 	<cy>235</cy>
	 	 	</node>
	 	 	<node id="88" type="1">
	 	 	 	<cx>30</cx>
	 	 	 	<cy>230</cy>
	 	 	</node>
	 	 	<node id="89" type="1">
	 	 	 	<cx>189</cx>
	 	 	 	<cy>199</cy>
	 	 	</node>
	 	 	<node id="90" type="1">
	 	 	 	<cx>774</cx>
	 	 	 	<cy>664</cy>
	 	 	</node>
	 	 	<node id="91" type="1">
	 	 	 	<cx>732</cx>
	 	 	 	<cy>579</cy>
	 	 	</node>
	 	 	<node id="92" type="1">
	 	 	 	<cx>146</cx>
	 	 	 	<cy>730</cy>
	 	 	</node>
	 	 	<node id="93" type="1">
	 	 	 	<cx>188</cx>
	 	 	 	<cy>748</cy>
	 	 	</node>
	 	 	<node id="94" type="1">
	 	 	 	<cx>958</cx>
	 	 	 	<cy>533</cy>
	 	 	</node>
	 	 	<node id="95" type="1">
	 	 	 	<cx>954</cx>
	 	 	 	<cy>296</cy>
	 	 	</node>
	 	 	<node id="96" type="1">
	 	 	 	<cx>279</cx>
	 	 	 	<cy>160</cy>
	 	 	</node>
	 	 	<node id="97" type="1">
	 	 	 	<cx>956</cx>
	 	 	 	<cy>608</cy>
	 	 	</node>
	 	 	<node id="98" type="1">
	 	 	 	<cx>882</cx>
	 	 	 	<cy>389</cy>
	 	 	</node>
	 	 	<node id="99" type="1">
	 	 	 	<cx>853</cx>
	 	 	 	<cy>195</cy>
	 	 	</node>
	 	 	<node id="100" type="1">
	 	 	 	<cx>730</cx>
	 	 	 	<cy>640</cy>
	 	 	</node>
	 	 	<node id="101" type="1">
	 	 	 	<cx>56</cx>
	 	 	 	<cy>562</cy>
	 	 	</node>
	 	 	<node id="102" type="1">
	 	 	 	<cx>136</cx>
	 	 	 	<cy>499</cy>
	 	 	</node>
	 	 	<node id="103" type="1">
	 	 	 	<cx>819</cx>
	 	 	 	<cy>427</cy>
	 	 	</node>
	 	 	<node id="104" type="1">
	 	 	 	<cx>873</cx>
	 	 	 	<cy>663</cy>
	 	 	</node>
	 	 	<node id="105" type="1">
	 	 	 	<cx>308</cx>
	 	 	 	<cy>101</cy>
	 	 	</node>
	 	 	<node id="106" type="1">
	 	 	 	<cx>256</cx>
	 	 	 	<cy>669</cy>
	 	 	</node>
	 	 	<node id="107" type="1">
	 	 	 	<cx>272</cx>
	 	 	 	<cy>320</cy>
	 	 	</node>
	 	 	<node id="108" type="1">
	 	 	 	<cx>280</cx>
	 	 	 	<cy>122</cy>
	 	 	</node>
	 	 	<node id="109" type="1">
	 	 	 	<cx>800</cx>
	 	 	 	<cy>663</cy>
	 	 	</node>
	 	 	<node id="110" type="1">
	 	 	 	<cx>193</cx>
	 	 	 	<cy>65</cy>
	 	 	</node>
	 	 	<node id="111" type="1">
	 	 	 	<cx>951</cx>
	 	 	 	<cy>676</cy>
	 	 	</node>
	 	 	<node id="112" type="1">
	 	 	 	<cx>334</cx>
	 	 	 	<cy>987</cy>
	 	 	</node>
	 	 	<node id="113" type="1">
	 	 	 	<cx>583</cx>
	 	 	 	<cy>843</cy>
	 	 	</node>
	 	 	<node id="114" type="1">
	 	 	 	<cx>940</cx>
	 	 	 	<cy>363</cy>
	 	 	</node>
	 	 	<node id="115" type="1">
	 	 	 	<cx>523</cx>
	 	 	 	<cy>797</cy>
	 	 	</node>
	 	 	<node id="116" type="1">
	 	 	 	<cx>753</cx>
	 	 	 	<cy>415</cy>
	 	 	</node>
	 	 	<node id="117" type="1">
	 	 	 	<cx>786</cx>
	 	 	 	<cy>576</cy>
	 	 	</node>
	 	 	<node id="118" type="1">
	 	 	 	<cx>60</cx>
	 	 	 	<cy>623</cy>
	 	 	</node>
	 	 	<node id="119" type="1">
	 	 	 	<cx>512</cx>
	 	 	 	<cy>166</cy>
	 	 	</node>
	 	 	<node id="120" type="1">
	 	 	 	<cx>945</cx>
	 	 	 	<cy>499</cy>
	 	 	</node>
	 	 	<node id="121" type="1">
	 	 	 	<cx>928</cx>
	 	 	 	<cy>312</cy>
	 	 	</node>
	 	 	<node id="122" type="1">
	 	 	 	<cx>823</cx>
	 	 	 	<cy>802</cy>
	 	 	</node>
	 	 	<node id="123" type="1">
	 	 	 	<cx>249</cx>
	 	 	 	<cy>288</cy>
	 	 	</node>
	 	 	<node id="124" type="1">
	 	 	 	<cx>266</cx>
	 	 	 	<cy>776</cy>
	 	 	</node>
	 	 	<node id="125" type="1">
	 	 	 	<cx>166</cx>
	 	 	 	<cy>204</cy>
	 	 	</node>
	 	 	<node id="126" type="1">
	 	 	 	<cx>793</cx>
	 	 	 	<cy>691</cy>
	 	 	</node>
	 	 	<node id="127" type="1">
	 	 	 	<cx>906</cx>
	 	 	 	<cy>599</cy>
	 	 	</node>
	 	 	<node id="128" type="1">
	 	 	 	<cx>217</cx>
	 	 	 	<cy>20</cy>
	 	 	</node>
	 	 	<node id="129" type="1">
	 	 	 	<cx>124</cx>
	 	 	 	<cy>271</cy>
	 	 	</node>
	 	 	<node id="130" type="1">
	 	 	 	<cx>880</cx>
	 	 	 	<cy>572</cy>
	 	 	</node>
	 	 	<node id="131" type="1">
	 	 	 	<cx>708</cx>
	 	 	 	<cy>428</cy>
	 	 	</node>
	 	 	<node id="132" type="1">
	 	 	 	<cx>53</cx>
	 	 	 	<cy>561</cy>
	 	 	</node>
	 	 	<node id="133" type="1">
	 	 	 	<cx>386</cx>
	 	 	 	<cy>713</cy>
	 	 	</node>
	 	 	<node id="134" type="1">
	 	 	 	<cx>764</cx>
	 	 	 	<cy>423</cy>
	 	 	</node>
	 	 	<node id="135" type="1">
	 	 	 	<cx>98</cx>
	 	 	 	<cy>577</cy>
	 	 	</node>
	 	 	<node id="136" type="1">
	 	 	 	<cx>77</cx>
	 	 	 	<cy>608</cy>
	 	 	</node>
	 	 	<node id="137" type="1">
	 	 	 	<cx>875</cx>
	 	 	 	<cy>607</cy>
	 	 	</node>
	 	 	<node id="138" type="1">
	 	 	 	<cx>266</cx>
	 	 	 	<cy>847</cy>
	 	 	</node>
	 	 	<node id="139" type="1">
	 	 	 	<cx>861</cx>
	 	 	 	<cy>673</cy>
	 	 	</node>
	 	 	<node id="140" type="1">
	 	 	 	<cx>79</cx>
	 	 	 	<cy>525</cy>
	 	 	</node>
	 	 	<node id="141" type="1">
	 	 	 	<cx>634</cx>
	 	 	 	<cy>279</cy>
	 	 	</node>
	 	 	<node id="142" type="1">
	 	 	 	<cx>657</cx>
	 	 	 	<cy>665</cy>
	 	 	</node>
	 	 	<node id="143" type="1">
	 	 	 	<cx>784</cx>
	 	 	 	<cy>424</cy>
	 	 	</node>
	 	 	<node id="144" type="1">
	 	 	 	<cx>116</cx>
	 	 	 	<cy>834</cy>
	 	 	</node>
	 	 	<node id="145" type="1">
	 	 	 	<cx>882</cx>
	 	 	 	<cy>574</cy>
	 	 	</node>
	 	 	<node id="146" type="1">
	 	 	 	<cx>349</cx>
	 	 	 	<cy>113</cy>
	 	 	</node>
	 	 	<node id="147" type="1">
	 	 	 	<cx>519</cx>
	 	 	 	<cy>674</cy>
	 	 	</node>
	 	 	<node id="148" type="1">
	 	 	 	<cx>568</cx>
	 	 	 	<cy>693</cy>
	 	 	</node>
	 	 	<node id="149" type="1">
	 	 	 	<cx>412</cx>
	 	 	 	<cy>715</cy>
	 	 	</node>
	 	 	<node id="150" type="1">
	 	 	 	<cx>681</cx>
	 	 	 	<cy>739</cy>
	 	 	</node>
	 	 	<node id="151" type="1">
	 	 	 	<cx>710</cx>
	 	 	 	<cy>603</cy>
	 	 	</node>
	 	 	<node id="152" type="1">
	 	 	 	<cx>132</cx>
	 	 	 	<cy>317</cy>
	 	 	</node>
	 	 	<node id="153" type="1">
	 	 	 	<cx>243</cx>
	 	 	 	<cy>887</cy>
	 	 	</node>
	 	 	<node id="154" type="1">
	 	 	 	<cx>328</cx>
	 	 	 	<cy>130</cy>
	 	 	</node>
	 	 	<node id="155" type="1">
	 	 	 	<cx>682</cx>
	 	 	 	<cy>184</cy>
	 	 	</node>
	 	 	<node id="156" type="1">
	 	 	 	<cx>907</cx>
	 	 	 	<cy>505</cy>
	 	 	</node>
	 	 	<node id="157" type="1">
	 	 	 	<cx>25</cx>
	 	 	 	<cy>513</cy>
	 	 	</node>
	 	 	<node id="158" type="1">
	 	 	 	<cx>952</cx>
	 	 	 	<cy>672</cy>
	 	 	</node>
	 	 	<node id="159" type="1">
	 	 	 	<cx>364</cx>
	 	 	 	<cy>107</cy>
	 	 	</node>
	 	 	<node id="160" type="1">
	 	 	 	<cx>746</cx>
	 	 	 	<cy>331</cy>
	 	 	</node>
	 	 	<node id="161" type="1">
	 	 	 	<cx>47</cx>
	 	 	 	<cy>524</cy>
	 	 	</node>
	 	 	<node id="162" type="1">
	 	 	 	<cx>809</cx>
	 	 	 	<cy>640</cy>
	 	 	</node>
	 	 	<node id="163" type="1">
	 	 	 	<cx>950</cx>
	 	 	 	<cy>586</cy>
	 	 	</node>
	 	 	<node id="164" type="1">
	 	 	 	<cx>873</cx>
	 	 	 	<cy>414</cy>
	 	 	</node>
	 	 	<node id="165" type="1">
	 	 	 	<cx>97</cx>
	 	 	 	<cy>278</cy>
	 	 	</node>
	 	 	<node id="166" type="1">
	 	 	 	<cx>775</cx>
	 	 	 	<cy>601</cy>
	 	 	</node>
	 	 	<node id="167" type="1">
	 	 	 	<cx>194</cx>
	 	 	 	<cy>309</cy>
	 	 	</node>
	 	 	<node id="168" type="1">
	 	 	 	<cx>266</cx>
	 	 	 	<cy>276</cy>
	 	 	</node>
	 	 	<node id="169" type="1">
	 	 	 	<cx>739</cx>
	 	 	 	<cy>361</cy>
	 	 	</node>
	 	 	<node id="170" type="1">
	 	 	 	<cx>825</cx>
	 	 	 	<cy>357</cy>
	 	 	</node>
	 	 	<node id="171" type="1">
	 	 	 	<cx>246</cx>
	 	 	 	<cy>850</cy>
	 	 	</node>
	 	 	<node id="172" type="1">
	 	 	 	<cx>268</cx>
	 	 	 	<cy>168</cy>
	 	 	</node>
	 	 	<node id="173" type="1">
	 	 	 	<cx>181</cx>
	 	 	 	<cy>782</cy>
	 	 	</node>
	 	 	<node id="174" type="1">
	 	 	 	<cx>700</cx>
	 	 	 	<cy>492</cy>
	 	 	</node>
	 	 	<node id="175" type="1">
	 	 	 	<cx>695</cx>
	 	 	 	<cy>698</cy>
	 	 	</node>
	 	 	<node id="176" type="1">
	 	 	 	<cx>708</cx>
	 	 	 	<cy>454</cy>
	 	 	</node>
	 	 	<node id="177" type="1">
	 	 	 	<cx>213</cx>
	 	 	 	<cy>701</cy>
	 	 	</node>
	 	 	<node id="178" type="1">
	 	 	 	<cx>147</cx>
	 	 	 	<cy>72</cy>
	 	 	</node>
	 	 	<node id="179" type="1">
	 	 	 	<cx>940</cx>
	 	 	 	<cy>661</cy>
	 	 	</node>
	 	 	<node id="180" type="1">
	 	 	 	<cx>213</cx>
	 	 	 	<cy>214</cy>
	 	 	</node>
	 	 	<node id="181" type="1">
	 	 	 	<cx>931</cx>
	 	 	 	<cy>586</cy>
	 	 	</node>
	 	 	<node id="182" type="1">
	 	 	 	<cx>175</cx>
	 	 	 	<cy>243</cy>
	 	 	</node>
	 	 	<node id="183" type="1">
	 	 	 	<cx>466</cx>
	 	 	 	<cy>38</cy>
	 	 	</node>
	 	 	<node id="184" type="1">
	 	 	 	<cx>39</cx>
	 	 	 	<cy>521</cy>
	 	 	</node>
	 	 	<node id="185" type="1">
	 	 	 	<cx>697</cx>
	 	 	 	<cy>594</cy>
	 	 	</node>
	 	 	<node id="186" type="1">
	 	 	 	<cx>307</cx>
	 	 	 	<cy>170</cy>
	 	 	</node>
	 	 	<node id="187" type="1">
	 	 	 	<cx>76</cx>
	 	 	 	<cy>554</cy>
	 	 	</node>
	 	 	<node id="188" type="1">
	 	 	 	<cx>991</cx>
	 	 	 	<cy>434</cy>
	 	 	</node>
	 	 	<node id="189" type="1">
	 	 	 	<cx>797</cx>
	 	 	 	<cy>286</cy>
	 	 	</node>
	 	 	<node id="190" type="1">
	 	 	 	<cx>84</cx>
	 	 	 	<cy>346</cy>
	 	 	</node>
	 	 	<node id="191" type="1">
	 	 	 	<cx>794</cx>
	 	 	 	<cy>695</cy>
	 	 	</node>
	 	 	<node id="192" type="1">
	 	 	 	<cx>24</cx>
	 	 	 	<cy>575</cy>
	 	 	</node>
	 	 	<node id="193" type="1">
	 	 	 	<cx>184</cx>
	 	 	 	<cy>367</cy>
	 	 	</node>
	 	 	<node id="194" type="1">
	 	 	 	<cx>231</cx>
	 	 	 	<cy>285</cy>
	 	 	</node>
	 	 	<node id="195" type="1">
	 	 	 	<cx>775</cx>
	 	 	 	<cy>559</cy>
	 	 	</node>
	 	 	<node id="196" type="1">
	 	 	 	<cx>989</cx>
	 	 	 	<cy>420</cy>
	 	 	</node>
	 	 	<node id="197" type="1">
	 	 	 	<cx>897</cx>
	 	 	 	<cy>309</cy>
	 	 	</node>
	 	 	<node id="198" type="1">
	 	 	 	<cx>415</cx>
	 	 	 	<cy>180</cy>
	 	 	</node>
	 	 	<node id="199" type="1">
	 	 	 	<cx>201</cx>
	 	 	 	<cy>293</cy>
	 	 	</node>
	 	 	<node id="200" type="1">
	 	 	 	<cx>42</cx>
	 	 	 	<cy>891</cy>
	 	 	</node>
	 	 	<node id="201" type="1">
	 	 	 	<cx>39</cx>
	 	 	 	<cy>267</cy>
	 	 	</node>
	 	 	<node id="202" type="1">
	 	 	 	<cx>366</cx>
	 	 	 	<cy>205</cy>
	 	 	</node>
	 	 	<node id="203" type="1">
	 	 	 	<cx>265</cx>
	 	 	 	<cy>765</cy>
	 	 	</node>
	 	 	<node id="204" type="1">
	 	 	 	<cx>17</cx>
	 	 	 	<cy>290</cy>
	 	 	</node>
	 	 	<node id="205" type="1">
	 	 	 	<cx>729</cx>
	 	 	 	<cy>846</cy>
	 	 	</node>
	 	 	<node id="206" type="1">
	 	 	 	<cx>707</cx>
	 	 	 	<cy>632</cy>
	 	 	</node>
	 	 	<node id="207" type="1">
	 	 	 	<cx>825</cx>
	 	 	 	<cy>342</cy>
	 	 	</node>
	 	 	<node id="208" type="1">
	 	 	 	<cx>274</cx>
	 	 	 	<cy>809</cy>
	 	 	</node>
	 	 	<node id="209" type="1">
	 	 	 	<cx>961</cx>
	 	 	 	<cy>401</cy>
	 	 	</node>
	 	 	<node id="210" type="1">
	 	 	 	<cx>901</cx>
	 	 	 	<cy>604</cy>
	 	 	</node>
	 	 	<node id="211" type="1">
	 	 	 	<cx>685</cx>
	 	 	 	<cy>725</cy>
	 	 	</node>
	 	 	<node id="212" type="1">
	 	 	 	<cx>860</cx>
	 	 	 	<cy>244</cy>
	 	 	</node>
	 	 	<node id="213" type="1">
	 	 	 	<cx>37</cx>
	 	 	 	<cy>367</cy>
	 	 	</node>
	 	 	<node id="214" type="1">
	 	 	 	<cx>209</cx>
	 	 	 	<cy>189</cy>
	 	 	</node>
	 	 	<node id="215" type="1">
	 	 	 	<cx>319</cx>
	 	 	 	<cy>167</cy>
	 	 	</node>
	 	 	<node id="216" type="1">
	 	 	 	<cx>234</cx>
	 	 	 	<cy>177</cy>
	 	 	</node>
	 	 	<node id="217" type="1">
	 	 	 	<cx>221</cx>
	 	 	 	<cy>697</cy>
	 	 	</node>
	 	 	<node id="218" type="1">
	 	 	 	<cx>379</cx>
	 	 	 	<cy>190</cy>
	 	 	</node>
	 	 	<node id="219" type="1">
	 	 	 	<cx>629</cx>
	 	 	 	<cy>657</cy>
	 	 	</node>
	 	 	<node id="220" type="1">
	 	 	 	<cx>740</cx>
	 	 	 	<cy>486</cy>
	 	 	</node>
	 	 	<node id="221" type="1">
	 	 	 	<cx>94</cx>
	 	 	 	<cy>552</cy>
	 	 	</node>
	 	 	<node id="222" type="1">
	 	 	 	<cx>272</cx>
	 	 	 	<cy>173</cy>
	 	 	</node>
	 	 	<node id="223" type="1">
	 	 	 	<cx>884</cx>
	 	 	 	<cy>628</cy>
	 	 	</node>
	 	 	<node id="224" type="1">
	 	 	 	<cx>967</cx>
	 	 	 	<cy>297</cy>
	 	 	</node>
	 	 	<node id="225" type="1">
	 	 	 	<cx>913</cx>
	 	 	 	<cy>279</cy>
	 	 	</node>
	 	 	<node id="226" type="1">
	 	 	 	<cx>196</cx>
	 	 	 	<cy>313</cy>
	 	 	</node>
	 	 	<node id="227" type="1">
	 	 	 	<cx>276</cx>
	 	 	 	<cy>84</cy>
	 	 	</node>
	 	 	<node id="228" type="1">
	 	 	 	<cx>692</cx>
	 	 	 	<cy>632</cy>
	 	 	</node>
	 	 	<node id="229" type="1">
	 	 	 	<cx>824</cx>
	 	 	 	<cy>348</cy>
	 	 	</node>
	 	 	<node id="230" type="1">
	 	 	 	<cx>284</cx>
	 	 	 	<cy>743</cy>
	 	 	</node>
	 	 	<node id="231" type="1">
	 	 	 	<cx>253</cx>
	 	 	 	<cy>739</cy>
	 	 	</node>
	 	 	<node id="232" type="1">
	 	 	 	<cx>874</cx>
	 	 	 	<cy>303</cy>
	 	 	</node>
	 	 	<node id="233" type="1">
	 	 	 	<cx>695</cx>
	 	 	 	<cy>657</cy>
	 	 	</node>
	 	 	<node id="234" type="1">
	 	 	 	<cx>124</cx>
	 	 	 	<cy>313</cy>
	 	 	</node>
	 	 	<node id="235" type="1">
	 	 	 	<cx>705</cx>
	 	 	 	<cy>456</cy>
	 	 	</node>
	 	 	<node id="236" type="1">
	 	 	 	<cx>248</cx>
	 	 	 	<cy>819</cy>
	 	 	</node>
	 	 	<node id="237" type="1">
	 	 	 	<cx>781</cx>
	 	 	 	<cy>843</cy>
	 	 	</node>
	 	 	<node id="238" type="1">
	 	 	 	<cx>866</cx>
	 	 	 	<cy>544</cy>
	 	 	</node>
	 	 	<node id="239" type="1">
	 	 	 	<cx>364</cx>
	 	 	 	<cy>870</cy>
	 	 	</node>
	 	 	<node id="240" type="1">
	 	 	 	<cx>884</cx>
	 	 	 	<cy>375</cy>
	 	 	</node>
	 	 	<node id="241" type="1">
	 	 	 	<cx>686</cx>
	 	 	 	<cy>590</cy>
	 	 	</node>
	 	 	<node id="242" type="1">
	 	 	 	<cx>482</cx>
	 	 	 	<cy>177</cy>
	 	 	</node>
	 	 	<node id="243" type="1">
	 	 	 	<cx>912</cx>
	 	 	 	<cy>176</cy>
	 	 	</node>
	 	 	<node id="244" type="1">
	 	 	 	<cx>287</cx>
	 	 	 	<cy>794</cy>
	 	 	</node>
	 	 	<node id="245" type="1">
	 	 	 	<cx>764</cx>
	 	 	 	<cy>592</cy>
	 	 	</node>
	 	 	<node id="246" type="1">
	 	 	 	<cx>944</cx>
	 	 	 	<cy>112</cy>
	 	 	</node>
	 	 	<node id="247" type="1">
	 	 	 	<cx>351</cx>
	 	 	 	<cy>260</cy>
	 	 	</node>
	 	 	<node id="248" type="1">
	 	 	 	<cx>254</cx>
	 	 	 	<cy>616</cy>
	 	 	</node>
	 	 	<node id="249" type="1">
	 	 	 	<cx>790</cx>
	 	 	 	<cy>281</cy>
	 	 	</node>
	 	 	<node id="250" type="1">
	 	 	 	<cx>352</cx>
	 	 	 	<cy>320</cy>
	 	 	</node>
	 	 	<node id="251" type="1">
	 	 	 	<cx>653</cx>
	 	 	 	<cy>224</cy>
	 	 	</node>
	 	 	<node id="252" type="1">
	 	 	 	<cx>827</cx>
	 	 	 	<cy>593</cy>
	 	 	</node>
	 	 	<node id="253" type="1">
	 	 	 	<cx>98</cx>
	 	 	 	<cy>906</cy>
	 	 	</node>
	 	 	<node id="254" type="1">
	 	 	 	<cx>920</cx>
	 	 	 	<cy>321</cy>
	 	 	</node>
	 	 	<node id="255" type="1">
	 	 	 	<cx>98</cx>
	 	 	 	<cy>555</cy>
	 	 	</node>
	 	 	<node id="256" type="1">
	 	 	 	<cx>18</cx>
	 	 	 	<cy>534</cy>
	 	 	</node>
	 	</nodes>
	 	<euclidean/>
	 	<decimals>0</decimals>
	 </network>
	 <fleet>
	 	 <vehicle_profile type="0">
	 	  	 <departure_node>1</departure_node>
	 	  	 <arrival_node>1</arrival_node>
	 	  	 <capacity>1225</capacity>
	 	 </vehicle_profile>
	 </fleet>
	 <requests>
	 	 <request id="1" node="2">
	 	 	 <quantity>83</quantity>
	 	 </request>
	 	 <request id="2" node="3">
	 	 	 <quantity>68</quantity>
	 	 </request>
	 	 <request id="3" node="4">
	 	 	 <quantity>78</quantity>
	 	 </request>
	 	 <request id="4" node="5">
	 	 	 <quantity>76</quantity>
	 	 </request>
	 	 <request id="5" node="6">
	 	 	 <quantity>79</quantity>
	 	 </request>
	 	 <request id="6" node="7">
	 	 	 <quantity>76</quantity>
	 	 </request>
	 	 <request id="7" node="8">
	 	 	 <quantity>78</quantity>
	 	 </request>
	 	 <request id="8" node="9">
	 	 	 <quantity>61</quantity>
	 	 </request>
	 	 <request id="9" node="10">
	 	 	 <quantity>78</quantity>
	 	 </request>
	 	 <request id="10" node="11">
	 	 	 <quantity>79</quantity>
	 	 </request>
	 	 <request id="11" node="12">
	 	 	 <quantity>86</quantity>
	 	 </request>
	 	 <request id="12" node="13">
	 	 	 <quantity>53</quantity>
	 	 </request>
	 	 <request id="13" node="14">
	 	 	 <quantity>66</quantity>
	 	 </request>
	 	 <request id="14" node="15">
	 	 	 <quantity>81</quantity>
	 	 </request>
	 	 <request id="15" node="16">
	 	 	 <quantity>87</quantity>
	 	 </request>
	 	 <request id="16" node="17">
	 	 	 <quantity>88</quantity>
	 	 </request>
	 	 <request id="17" node="18">
	 	 	 <quantity>66</quantity>
	 	 </request>
	 	 <request id="18" node="19">
	 	 	 <quantity>84</quantity>
	 	 </request>
	 	 <request id="19" node="20">
	 	 	 <quantity>86</quantity>
	 	 </request>
	 	 <request id="20" node="21">
	 	 	 <quantity>89</quantity>
	 	 </request>
	 	 <request id="21" node="22">
	 	 	 <quantity>84</quantity>
	 	 </request>
	 	 <request id="22" node="23">
	 	 	 <quantity>84</quantity>
	 	 </request>
	 	 <request id="23" node="24">
	 	 	 <quantity>88</quantity>
	 	 </request>
	 	 <request id="24" node="25">
	 	 	 <quantity>83</quantity>
	 	 </request>
	 	 <request id="25" node="26">
	 	 	 <quantity>66</quantity>
	 	 </request>
	 	 <request id="26" node="27">
	 	 	 <quantity>53</quantity>
	 	 </request>
	 	 <request id="27" node="28">
	 	 	 <quantity>88</quantity>
	 	 </request>
	 	 <request id="28" node="29">
	 	 	 <quantity>74</quantity>
	 	 </request>
	 	 <request id="29" node="30">
	 	 	 <quantity>81</quantity>
	 	 </request>
	 	 <request id="30" node="31">
	 	 	 <quantity>61</quantity>
	 	 </request>
	 	 <request id="31" node="32">
	 	 	 <quantity>76</quantity>
	 	 </request>
	 	 <request id="32" node="33">
	 	 	 <quantity>83</quantity>
	 	 </request>
	 	 <request id="33" node="34">
	 	 	 <quantity>92</quantity>
	 	 </request>
	 	 <request id="34" node="35">
	 	 	 <quantity>76</quantity>
	 	 </request>
	 	 <request id="35" node="36">
	 	 	 <quantity>54</quantity>
	 	 </request>
	 	 <request id="36" node="37">
	 	 	 <quantity>99</quantity>
	 	 </request>
	 	 <request id="37" node="38">
	 	 	 <quantity>64</quantity>
	 	 </request>
	 	 <request id="38" node="39">
	 	 	 <quantity>67</quantity>
	 	 </request>
	 	 <request id="39" node="40">
	 	 	 <quantity>62</quantity>
	 	 </request>
	 	 <request id="40" node="41">
	 	 	 <quantity>87</quantity>
	 	 </request>
	 	 <request id="41" node="42">
	 	 	 <quantity>72</quantity>
	 	 </request>
	 	 <request id="42" node="43">
	 	 	 <quantity>80</quantity>
	 	 </request>
	 	 <request id="43" node="44">
	 	 	 <quantity>72</quantity>
	 	 </request>
	 	 <request id="44" node="45">
	 	 	 <quantity>74</quantity>
	 	 </request>
	 	 <request id="45" node="46">
	 	 	 <quantity>72</quantity>
	 	 </request>
	 	 <request id="46" node="47">
	 	 	 <quantity>62</quantity>
	 	 </request>
	 	 <request id="47" node="48">
	 	 	 <quantity>92</quantity>
	 	 </request>
	 	 <request id="48" node="49">
	 	 	 <quantity>77</quantity>
	 	 </request>
	 	 <request id="49" node="50">
	 	 	 <quantity>87</quantity>
	 	 </request>
	 	 <request id="50" node="51">
	 	 	 <quantity>62</quantity>
	 	 </request>
	 	 <request id="51" node="52">
	 	 	 <quantity>81</quantity>
	 	 </request>
	 	 <request id="52" node="53">
	 	 	 <quantity>60</quantity>
	 	 </request>
	 	 <request id="53" node="54">
	 	 	 <quantity>51</quantity>
	 	 </request>
	 	 <request id="54" node="55">
	 	 	 <quantity>84</quantity>
	 	 </request>
	 	 <request id="55" node="56">
	 	 	 <quantity>77</quantity>
	 	 </request>
	 	 <request id="56" node="57">
	 	 	 <quantity>96</quantity>
	 	 </request>
	 	 <request id="57" node="58">
	 	 	 <quantity>79</quantity>
	 	 </request>
	 	 <request id="58" node="59">
	 	 	 <quantity>58</quantity>
	 	 </request>
	 	 <request id="59" node="60">
	 	 	 <quantity>94</quantity>
	 	 </request>
	 	 <request id="60" node="61">
	 	 	 <quantity>91</quantity>
	 	 </request>
	 	 <request id="61" node="62">
	 	 	 <quantity>79</quantity>
	 	 </request>
	 	 <request id="62" node="63">
	 	 	 <quantity>74</quantity>
	 	 </request>
	 	 <request id="63" node="64">
	 	 	 <quantity>66</quantity>
	 	 </request>
	 	 <request id="64" node="65">
	 	 	 <quantity>73</quantity>
	 	 </request>
	 	 <request id="65" node="66">
	 	 	 <quantity>91</quantity>
	 	 </request>
	 	 <request id="66" node="67">
	 	 	 <quantity>73</quantity>
	 	 </request>
	 	 <request id="67" node="68">
	 	 	 <quantity>76</quantity>
	 	 </request>
	 	 <request id="68" node="69">
	 	 	 <quantity>95</quantity>
	 	 </request>
	 	 <request id="69" node="70">
	 	 	 <quantity>89</quantity>
	 	 </request>
	 	 <request id="70" node="71">
	 	 	 <quantity>54</quantity>
	 	 </request>
	 	 <request id="71" node="72">
	 	 	 <quantity>72</quantity>
	 	 </request>
	 	 <request id="72" node="73">
	 	 	 <quantity>95</quantity>
	 	 </request>
	 	 <request id="73" node="74">
	 	 	 <quantity>83</quantity>
	 	 </request>
	 	 <request id="74" node="75">
	 	 	 <quantity>100</quantity>
	 	 </request>
	 	 <request id="75" node="76">
	 	 	 <quantity>68</quantity>
	 	 </request>
	 	 <request id="76" node="77">
	 	 	 <quantity>75</quantity>
	 	 </request>
	 	 <request id="77" node="78">
	 	 	 <quantity>99</quantity>
	 	 </request>
	 	 <request id="78" node="79">
	 	 	 <quantity>99</quantity>
	 	 </request>
	 	 <request id="79" node="80">
	 	 	 <quantity>95</quantity>
	 	 </request>
	 	 <request id="80" node="81">
	 	 	 <quantity>86</quantity>
	 	 </request>
	 	 <request id="81" node="82">
	 	 	 <quantity>58</quantity>
	 	 </request>
	 	 <request id="82" node="83">
	 	 	 <quantity>100</quantity>
	 	 </request>
	 	 <request id="83" node="84">
	 	 	 <quantity>63</quantity>
	 	 </request>
	 	 <request id="84" node="85">
	 	 	 <quantity>82</quantity>
	 	 </request>
	 	 <request id="85" node="86">
	 	 	 <quantity>81</quantity>
	 	 </request>
	 	 <request id="86" node="87">
	 	 	 <quantity>61</quantity>
	 	 </request>
	 	 <request id="87" node="88">
	 	 	 <quantity>98</quantity>
	 	 </request>
	 	 <request id="88" node="89">
	 	 	 <quantity>80</quantity>
	 	 </request>
	 	 <request id="89" node="90">
	 	 	 <quantity>92</quantity>
	 	 </request>
	 	 <request id="90" node="91">
	 	 	 <quantity>76</quantity>
	 	 </request>
	 	 <request id="91" node="92">
	 	 	 <quantity>76</quantity>
	 	 </request>
	 	 <request id="92" node="93">
	 	 	 <quantity>89</quantity>
	 	 </request>
	 	 <request id="93" node="94">
	 	 	 <quantity>94</quantity>
	 	 </request>
	 	 <request id="94" node="95">
	 	 	 <quantity>100</quantity>
	 	 </request>
	 	 <request id="95" node="96">
	 	 	 <quantity>83</quantity>
	 	 </request>
	 	 <request id="96" node="97">
	 	 	 <quantity>96</quantity>
	 	 </request>
	 	 <request id="97" node="98">
	 	 	 <quantity>52</quantity>
	 	 </request>
	 	 <request id="98" node="99">
	 	 	 <quantity>98</quantity>
	 	 </request>
	 	 <request id="99" node="100">
	 	 	 <quantity>77</quantity>
	 	 </request>
	 	 <request id="100" node="101">
	 	 	 <quantity>67</quantity>
	 	 </request>
	 	 <request id="101" node="102">
	 	 	 <quantity>98</quantity>
	 	 </request>
	 	 <request id="102" node="103">
	 	 	 <quantity>50</quantity>
	 	 </request>
	 	 <request id="103" node="104">
	 	 	 <quantity>67</quantity>
	 	 </request>
	 	 <request id="104" node="105">
	 	 	 <quantity>61</quantity>
	 	 </request>
	 	 <request id="105" node="106">
	 	 	 <quantity>78</quantity>
	 	 </request>
	 	 <request id="106" node="107">
	 	 	 <quantity>75</quantity>
	 	 </request>
	 	 <request id="107" node="108">
	 	 	 <quantity>58</quantity>
	 	 </request>
	 	 <request id="108" node="109">
	 	 	 <quantity>58</quantity>
	 	 </request>
	 	 <request id="109" node="110">
	 	 	 <quantity>88</quantity>
	 	 </request>
	 	 <request id="110" node="111">
	 	 	 <quantity>53</quantity>
	 	 </request>
	 	 <request id="111" node="112">
	 	 	 <quantity>52</quantity>
	 	 </request>
	 	 <request id="112" node="113">
	 	 	 <quantity>93</quantity>
	 	 </request>
	 	 <request id="113" node="114">
	 	 	 <quantity>51</quantity>
	 	 </request>
	 	 <request id="114" node="115">
	 	 	 <quantity>84</quantity>
	 	 </request>
	 	 <request id="115" node="116">
	 	 	 <quantity>65</quantity>
	 	 </request>
	 	 <request id="116" node="117">
	 	 	 <quantity>55</quantity>
	 	 </request>
	 	 <request id="117" node="118">
	 	 	 <quantity>68</quantity>
	 	 </request>
	 	 <request id="118" node="119">
	 	 	 <quantity>80</quantity>
	 	 </request>
	 	 <request id="119" node="120">
	 	 	 <quantity>56</quantity>
	 	 </request>
	 	 <request id="120" node="121">
	 	 	 <quantity>61</quantity>
	 	 </request>
	 	 <request id="121" node="122">
	 	 	 <quantity>75</quantity>
	 	 </request>
	 	 <request id="122" node="123">
	 	 	 <quantity>94</quantity>
	 	 </request>
	 	 <request id="123" node="124">
	 	 	 <quantity>68</quantity>
	 	 </request>
	 	 <request id="124" node="125">
	 	 	 <quantity>71</quantity>
	 	 </request>
	 	 <request id="125" node="126">
	 	 	 <quantity>70</quantity>
	 	 </request>
	 	 <request id="126" node="127">
	 	 	 <quantity>50</quantity>
	 	 </request>
	 	 <request id="127" node="128">
	 	 	 <quantity>84</quantity>
	 	 </request>
	 	 <request id="128" node="129">
	 	 	 <quantity>79</quantity>
	 	 </request>
	 	 <request id="129" node="130">
	 	 	 <quantity>96</quantity>
	 	 </request>
	 	 <request id="130" node="131">
	 	 	 <quantity>89</quantity>
	 	 </request>
	 	 <request id="131" node="132">
	 	 	 <quantity>89</quantity>
	 	 </request>
	 	 <request id="132" node="133">
	 	 	 <quantity>67</quantity>
	 	 </request>
	 	 <request id="133" node="134">
	 	 	 <quantity>86</quantity>
	 	 </request>
	 	 <request id="134" node="135">
	 	 	 <quantity>70</quantity>
	 	 </request>
	 	 <request id="135" node="136">
	 	 	 <quantity>54</quantity>
	 	 </request>
	 	 <request id="136" node="137">
	 	 	 <quantity>64</quantity>
	 	 </request>
	 	 <request id="137" node="138">
	 	 	 <quantity>79</quantity>
	 	 </request>
	 	 <request id="138" node="139">
	 	 	 <quantity>96</quantity>
	 	 </request>
	 	 <request id="139" node="140">
	 	 	 <quantity>74</quantity>
	 	 </request>
	 	 <request id="140" node="141">
	 	 	 <quantity>77</quantity>
	 	 </request>
	 	 <request id="141" node="142">
	 	 	 <quantity>88</quantity>
	 	 </request>
	 	 <request id="142" node="143">
	 	 	 <quantity>93</quantity>
	 	 </request>
	 	 <request id="143" node="144">
	 	 	 <quantity>73</quantity>
	 	 </request>
	 	 <request id="144" node="145">
	 	 	 <quantity>72</quantity>
	 	 </request>
	 	 <request id="145" node="146">
	 	 	 <quantity>87</quantity>
	 	 </request>
	 	 <request id="146" node="147">
	 	 	 <quantity>55</quantity>
	 	 </request>
	 	 <request id="147" node="148">
	 	 	 <quantity>71</quantity>
	 	 </request>
	 	 <request id="148" node="149">
	 	 	 <quantity>82</quantity>
	 	 </request>
	 	 <request id="149" node="150">
	 	 	 <quantity>56</quantity>
	 	 </request>
	 	 <request id="150" node="151">
	 	 	 <quantity>53</quantity>
	 	 </request>
	 	 <request id="151" node="152">
	 	 	 <quantity>61</quantity>
	 	 </request>
	 	 <request id="152" node="153">
	 	 	 <quantity>67</quantity>
	 	 </request>
	 	 <request id="153" node="154">
	 	 	 <quantity>99</quantity>
	 	 </request>
	 	 <request id="154" node="155">
	 	 	 <quantity>52</quantity>
	 	 </request>
	 	 <request id="155" node="156">
	 	 	 <quantity>53</quantity>
	 	 </request>
	 	 <request id="156" node="157">
	 	 	 <quantity>88</quantity>
	 	 </request>
	 	 <request id="157" node="158">
	 	 	 <quantity>54</quantity>
	 	 </request>
	 	 <request id="158" node="159">
	 	 	 <quantity>93</quantity>
	 	 </request>
	 	 <request id="159" node="160">
	 	 	 <quantity>77</quantity>
	 	 </request>
	 	 <request id="160" node="161">
	 	 	 <quantity>100</quantity>
	 	 </request>
	 	 <request id="161" node="162">
	 	 	 <quantity>91</quantity>
	 	 </request>
	 	 <request id="162" node="163">
	 	 	 <quantity>87</quantity>
	 	 </request>
	 	 <request id="163" node="164">
	 	 	 <quantity>96</quantity>
	 	 </request>
	 	 <request id="164" node="165">
	 	 	 <quantity>96</quantity>
	 	 </request>
	 	 <request id="165" node="166">
	 	 	 <quantity>100</quantity>
	 	 </request>
	 	 <request id="166" node="167">
	 	 	 <quantity>77</quantity>
	 	 </request>
	 	 <request id="167" node="168">
	 	 	 <quantity>91</quantity>
	 	 </request>
	 	 <request id="168" node="169">
	 	 	 <quantity>79</quantity>
	 	 </request>
	 	 <request id="169" node="170">
	 	 	 <quantity>56</quantity>
	 	 </request>
	 	 <request id="170" node="171">
	 	 	 <quantity>50</quantity>
	 	 </request>
	 	 <request id="171" node="172">
	 	 	 <quantity>99</quantity>
	 	 </request>
	 	 <request id="172" node="173">
	 	 	 <quantity>81</quantity>
	 	 </request>
	 	 <request id="173" node="174">
	 	 	 <quantity>93</quantity>
	 	 </request>
	 	 <request id="174" node="175">
	 	 	 <quantity>78</quantity>
	 	 </request>
	 	 <request id="175" node="176">
	 	 	 <quantity>64</quantity>
	 	 </request>
	 	 <request id="176" node="177">
	 	 	 <quantity>51</quantity>
	 	 </request>
	 	 <request id="177" node="178">
	 	 	 <quantity>84</quantity>
	 	 </request>
	 	 <request id="178" node="179">
	 	 	 <quantity>51</quantity>
	 	 </request>
	 	 <request id="179" node="180">
	 	 	 <quantity>62</quantity>
	 	 </request>
	 	 <request id="180" node="181">
	 	 	 <quantity>64</quantity>
	 	 </request>
	 	 <request id="181" node="182">
	 	 	 <quantity>94</quantity>
	 	 </request>
	 	 <request id="182" node="183">
	 	 	 <quantity>97</quantity>
	 	 </request>
	 	 <request id="183" node="184">
	 	 	 <quantity>70</quantity>
	 	 </request>
	 	 <request id="184" node="185">
	 	 	 <quantity>73</quantity>
	 	 </request>
	 	 <request id="185" node="186">
	 	 	 <quantity>84</quantity>
	 	 </request>
	 	 <request id="186" node="187">
	 	 	 <quantity>90</quantity>
	 	 </request>
	 	 <request id="187" node="188">
	 	 	 <quantity>63</quantity>
	 	 </request>
	 	 <request id="188" node="189">
	 	 	 <quantity>92</quantity>
	 	 </request>
	 	 <request id="189" node="190">
	 	 	 <quantity>92</quantity>
	 	 </request>
	 	 <request id="190" node="191">
	 	 	 <quantity>88</quantity>
	 	 </request>
	 	 <request id="191" node="192">
	 	 	 <quantity>69</quantity>
	 	 </request>
	 	 <request id="192" node="193">
	 	 	 <quantity>83</quantity>
	 	 </request>
	 	 <request id="193" node="194">
	 	 	 <quantity>58</quantity>
	 	 </request>
	 	 <request id="194" node="195">
	 	 	 <quantity>80</quantity>
	 	 </request>
	 	 <request id="195" node="196">
	 	 	 <quantity>80</quantity>
	 	 </request>
	 	 <request id="196" node="197">
	 	 	 <quantity>55</quantity>
	 	 </request>
	 	 <request id="197" node="198">
	 	 	 <quantity>83</quantity>
	 	 </request>
	 	 <request id="198" node="199">
	 	 	 <quantity>85</quantity>
	 	 </request>
	 	 <request id="199" node="200">
	 	 	 <quantity>86</quantity>
	 	 </request>
	 	 <request id="200" node="201">
	 	 	 <quantity>83</quantity>
	 	 </request>
	 	 <request id="201" node="202">
	 	 	 <quantity>79</quantity>
	 	 </request>
	 	 <request id="202" node="203">
	 	 	 <quantity>80</quantity>
	 	 </request>
	 	 <request id="203" node="204">
	 	 	 <quantity>65</quantity>
	 	 </request>
	 	 <request id="204" node="205">
	 	 	 <quantity>72</quantity>
	 	 </request>
	 	 <request id="205" node="206">
	 	 	 <quantity>99</quantity>
	 	 </request>
	 	 <request id="206" node="207">
	 	 	 <quantity>75</quantity>
	 	 </request>
	 	 <request id="207" node="208">
	 	 	 <quantity>85</quantity>
	 	 </request>
	 	 <request id="208" node="209">
	 	 	 <quantity>58</quantity>
	 	 </request>
	 	 <request id="209" node="210">
	 	 	 <quantity>64</quantity>
	 	 </request>
	 	 <request id="210" node="211">
	 	 	 <quantity>63</quantity>
	 	 </request>
	 	 <request id="211" node="212">
	 	 	 <quantity>72</quantity>
	 	 </request>
	 	 <request id="212" node="213">
	 	 	 <quantity>52</quantity>
	 	 </request>
	 	 <request id="213" node="214">
	 	 	 <quantity>73</quantity>
	 	 </request>
	 	 <request id="214" node="215">
	 	 	 <quantity>74</quantity>
	 	 </request>
	 	 <request id="215" node="216">
	 	 	 <quantity>91</quantity>
	 	 </request>
	 	 <request id="216" node="217">
	 	 	 <quantity>55</quantity>
	 	 </request>
	 	 <request id="217" node="218">
	 	 	 <quantity>50</quantity>
	 	 </request>
	 	 <request id="218" node="219">
	 	 	 <quantity>95</quantity>
	 	 </request>
	 	 <request id="219" node="220">
	 	 	 <quantity>82</quantity>
	 	 </request>
	 	 <request id="220" node="221">
	 	 	 <quantity>83</quantity>
	 	 </request>
	 	 <request id="221" node="222">
	 	 	 <quantity>76</quantity>
	 	 </request>
	 	 <request id="222" node="223">
	 	 	 <quantity>52</quantity>
	 	 </request>
	 	 <request id="223" node="224">
	 	 	 <quantity>69</quantity>
	 	 </request>
	 	 <request id="224" node="225">
	 	 	 <quantity>56</quantity>
	 	 </request>
	 	 <request id="225" node="226">
	 	 	 <quantity>68</quantity>
	 	 </request>
	 	 <request id="226" node="227">
	 	 	 <quantity>56</quantity>
	 	 </request>
	 	 <request id="227" node="228">
	 	 	 <quantity>74</quantity>
	 	 </request>
	 	 <request id="228" node="229">
	 	 	 <quantity>98</quantity>
	 	 </request>
	 	 <request id="229" node="230">
	 	 	 <quantity>83</quantity>
	 	 </request>
	 	 <request id="230" node="231">
	 	 	 <quantity>59</quantity>
	 	 </request>
	 	 <request id="231" node="232">
	 	 	 <quantity>98</quantity>
	 	 </request>
	 	 <request id="232" node="233">
	 	 	 <quantity>51</quantity>
	 	 </request>
	 	 <request id="233" node="234">
	 	 	 <quantity>69</quantity>
	 	 </request>
	 	 <request id="234" node="235">
	 	 	 <quantity>71</quantity>
	 	 </request>
	 	 <request id="235" node="236">
	 	 	 <quantity>55</quantity>
	 	 </request>
	 	 <request id="236" node="237">
	 	 	 <quantity>51</quantity>
	 	 </request>
	 	 <request id="237" node="238">
	 	 	 <quantity>100</quantity>
	 	 </request>
	 	 <request id="238" node="239">
	 	 	 <quantity>98</quantity>
	 	 </request>
	 	 <request id="239" node="240">
	 	 	 <quantity>92</quantity>
	 	 </request>
	 	 <request id="240" node="241">
	 	 	 <quantity>67</quantity>
	 	 </request>
	 	 <request id="241" node="242">
	 	 	 <quantity>98</quantity>
	 	 </request>
	 	 <request id="242" node="243">
	 	 	 <quantity>78</quantity>
	 	 </request>
	 	 <request id="243" node="244">
	 	 	 <quantity>84</quantity>
	 	 </request>
	 	 <request id="244" node="245">
	 	 	 <quantity>99</quantity>
	 	 </request>
	 	 <request id="245" node="246">
	 	 	 <quantity>92</quantity>
	 	 </request>
	 	 <request id="246" node="247">
	 	 	 <quantity>99</quantity>
	 	 </request>
	 	 <request id="247" node="248">
	 	 	 <quantity>81</quantity>
	 	 </request>
	 	 <request id="248" node="249">
	 	 	 <quantity>92</quantity>
	 	 </request>
	 	 <request id="249" node="250">
	 	 	 <quantity>69</quantity>
	 	 </request>
	 	 <request id="250" node="251">
	 	 	 <quantity>57</quantity>
	 	 </request>
	 	 <request id="251" node="252">
	 	 	 <quantity>91</quantity>
	 	 </request>
	 	 <request id="252" node="253">
	 	 	 <quantity>65</quantity>
	 	 </request>
	 	 <request id="253" node="254">
	 	 	 <quantity>54</quantity>
	 	 </request>
	 	 <request id="254" node="255">
	 	 	 <quantity>99</quantity>
	 	 </request>
	 	 <request id="255" node="256">
	 	 	 <quantity>84</quantity>
	 	 </request>
	 </requests>
</instance>
