<?xml version="1.0" encoding="UTF-8" standalone="yes"?>
<instance>
	<info>
	 	<dataset>Uchoa 2014 — Set X</dataset>
	 	<name>X-n176-k26</name>
	</info>
	<network>
	 	<nodes>
	 	 	<node id="1" type="1">
	 	 	 	<cx>0</cx>
	 	 	 	<cy>0</cy>
	 	 	</node>
	 	 	<node id="2" type="1">
	 	 	 	<cx>628</cx>
	 	 	 	<cy>103</cy>
	 	 	</node>
	 	 	<node id="3" type="1">
	 	 	 	<cx>291</cx>
	 	 	 	<cy>573</cy>
	 	 	</node>
	 	 	<node id="4" type="1">
	 	 	 	<cx>129</cx>
	 	 	 	<cy>447</cy>
	 	 	</node>
	 	 	<node id="5" type="1">
	 	 	 	<cx>973</cx>
	 	 	 	<cy>643</cy>
	 	 	</node>
	 	 	<node id="6" type="1">
	 	 	 	<cx>830</cx>
	 	 	 	<cy>868</cy>
	 	 	</node>
	 	 	<node id="7" type="1">
	 	 	 	<cx>398</cx>
	 	 	 	<cy>563</cy>
	 	 	</node>
	 	 	<node id="8" type="1">
	 	 	 	<cx>731</cx>
	 	 	 	<cy>423</cy>
	 	 	</node>
	 	 	<node id="9" type="1">
	 	 	 	<cx>201</cx>
	 	 	 	<cy>995</cy>
	 	 	</node>
	 	 	<node id="10" type="1">
	 	 	 	<cx>167</cx>
	 	 	 	<cy>174</cy>
	 	 	</node>
	 	 	<node id="11" type="1">
	 	 	 	<cx>13</cx>
	 	 	 	<cy>605</cy>
	 	 	</node>
	 	 	<node id="12" type="1">
	 	 	 	<cx>446</cx>
	 	 	 	<cy>262</cy>
	 	 	</node>
	 	 	<node id="13" type="1">
	 	 	 	<cx>229</cx>
	 	 	 	<cy>774</cy>
	 	 	</node>
	 	 	<node id="14" type="1">
	 	 	 	<cx>740</cx>
	 	 	 	<cy>231</cy>
	 	 	</node>
	 	 	<node id="15" type="1">
	 	 	 	<cx>21</cx>
	 	 	 	<cy>546</cy>
	 	 	</node>
	 	 	<node id="16" type="1">
	 	 	 	<cx>224</cx>
	 	 	 	<cy>615</cy>
	 	 	</node>
	 	 	<node id="17" type="1">
	 	 	 	<cx>605</cx>
	 	 	 	<cy>837</cy>
	 	 	</node>
	 	 	<node id="18" type="1">
	 	 	 	<cx>473</cx>
	 	 	 	<cy>759</cy>
	 	 	</node>
	 	 	<node id="19" type="1">
	 	 	 	<cx>758</cx>
	 	 	 	<cy>880</cy>
	 	 	</node>
	 	 	<node id="20" type="1">
	 	 	 	<cx>93</cx>
	 	 	 	<cy>900</cy>
	 	 	</node>
	 	 	<node id="21" type="1">
	 	 	 	<cx>580</cx>
	 	 	 	<cy>935</cy>
	 	 	</node>
	 	 	<node id="22" type="1">
	 	 	 	<cx>622</cx>
	 	 	 	<cy>494</cy>
	 	 	</node>
	 	 	<node id="23" type="1">
	 	 	 	<cx>513</cx>
	 	 	 	<cy>236</cy>
	 	 	</node>
	 	 	<node id="24" type="1">
	 	 	 	<cx>659</cx>
	 	 	 	<cy>797</cy>
	 	 	</node>
	 	 	<node id="25" type="1">
	 	 	 	<cx>606</cx>
	 	 	 	<cy>204</cy>
	 	 	</node>
	 	 	<node id="26" type="1">
	 	 	 	<cx>267</cx>
	 	 	 	<cy>688</cy>
	 	 	</node>
	 	 	<node id="27" type="1">
	 	 	 	<cx>28</cx>
	 	 	 	<cy>888</cy>
	 	 	</node>
	 	 	<node id="28" type="1">
	 	 	 	<cx>606</cx>
	 	 	 	<cy>754</cy>
	 	 	</node>
	 	 	<node id="29" type="1">
	 	 	 	<cx>841</cx>
	 	 	 	<cy>676</cy>
	 	 	</node>
	 	 	<node id="30" type="1">
	 	 	 	<cx>823</cx>
	 	 	 	<cy>611</cy>
	 	 	</node>
	 	 	<node id="31" type="1">
	 	 	 	<cx>1</cx>
	 	 	 	<cy>247</cy>
	 	 	</node>
	 	 	<node id="32" type="1">
	 	 	 	<cx>195</cx>
	 	 	 	<cy>486</cy>
	 	 	</node>
	 	 	<node id="33" type="1">
	 	 	 	<cx>644</cx>
	 	 	 	<cy>771</cy>
	 	 	</node>
	 	 	<node id="34" type="1">
	 	 	 	<cx>524</cx>
	 	 	 	<cy>45</cy>
	 	 	</node>
	 	 	<node id="35" type="1">
	 	 	 	<cx>581</cx>
	 	 	 	<cy>366</cy>
	 	 	</node>
	 	 	<node id="36" type="1">
	 	 	 	<cx>769</cx>
	 	 	 	<cy>471</cy>
	 	 	</node>
	 	 	<node id="37" type="1">
	 	 	 	<cx>78</cx>
	 	 	 	<cy>800</cy>
	 	 	</node>
	 	 	<node id="38" type="1">
	 	 	 	<cx>940</cx>
	 	 	 	<cy>790</cy>
	 	 	</node>
	 	 	<node id="39" type="1">
	 	 	 	<cx>867</cx>
	 	 	 	<cy>441</cy>
	 	 	</node>
	 	 	<node id="40" type="1">
	 	 	 	<cx>243</cx>
	 	 	 	<cy>453</cy>
	 	 	</node>
	 	 	<node id="41" type="1">
	 	 	 	<cx>410</cx>
	 	 	 	<cy>464</cy>
	 	 	</node>
	 	 	<node id="42" type="1">
	 	 	 	<cx>465</cx>
	 	 	 	<cy>161</cy>
	 	 	</node>
	 	 	<node id="43" type="1">
	 	 	 	<cx>417</cx>
	 	 	 	<cy>304</cy>
	 	 	</node>
	 	 	<node id="44" type="1">
	 	 	 	<cx>616</cx>
	 	 	 	<cy>944</cy>
	 	 	</node>
	 	 	<node id="45" type="1">
	 	 	 	<cx>609</cx>
	 	 	 	<cy>356</cy>
	 	 	</node>
	 	 	<node id="46" type="1">
	 	 	 	<cx>822</cx>
	 	 	 	<cy>489</cy>
	 	 	</node>
	 	 	<node id="47" type="1">
	 	 	 	<cx>738</cx>
	 	 	 	<cy>932</cy>
	 	 	</node>
	 	 	<node id="48" type="1">
	 	 	 	<cx>462</cx>
	 	 	 	<cy>718</cy>
	 	 	</node>
	 	 	<node id="49" type="1">
	 	 	 	<cx>847</cx>
	 	 	 	<cy>459</cy>
	 	 	</node>
	 	 	<node id="50" type="1">
	 	 	 	<cx>563</cx>
	 	 	 	<cy>619</cy>
	 	 	</node>
	 	 	<node id="51" type="1">
	 	 	 	<cx>792</cx>
	 	 	 	<cy>940</cy>
	 	 	</node>
	 	 	<node id="52" type="1">
	 	 	 	<cx>434</cx>
	 	 	 	<cy>318</cy>
	 	 	</node>
	 	 	<node id="53" type="1">
	 	 	 	<cx>1000</cx>
	 	 	 	<cy>647</cy>
	 	 	</node>
	 	 	<node id="54" type="1">
	 	 	 	<cx>566</cx>
	 	 	 	<cy>413</cy>
	 	 	</node>
	 	 	<node id="55" type="1">
	 	 	 	<cx>492</cx>
	 	 	 	<cy>83</cy>
	 	 	</node>
	 	 	<node id="56" type="1">
	 	 	 	<cx>764</cx>
	 	 	 	<cy>550</cy>
	 	 	</node>
	 	 	<node id="57" type="1">
	 	 	 	<cx>145</cx>
	 	 	 	<cy>182</cy>
	 	 	</node>
	 	 	<node id="58" type="1">
	 	 	 	<cx>540</cx>
	 	 	 	<cy>249</cy>
	 	 	</node>
	 	 	<node id="59" type="1">
	 	 	 	<cx>208</cx>
	 	 	 	<cy>760</cy>
	 	 	</node>
	 	 	<node id="60" type="1">
	 	 	 	<cx>759</cx>
	 	 	 	<cy>988</cy>
	 	 	</node>
	 	 	<node id="61" type="1">
	 	 	 	<cx>66</cx>
	 	 	 	<cy>221</cy>
	 	 	</node>
	 	 	<node id="62" type="1">
	 	 	 	<cx>520</cx>
	 	 	 	<cy>521</cy>
	 	 	</node>
	 	 	<node id="63" type="1">
	 	 	 	<cx>260</cx>
	 	 	 	<cy>508</cy>
	 	 	</node>
	 	 	<node id="64" type="1">
	 	 	 	<cx>307</cx>
	 	 	 	<cy>468</cy>
	 	 	</node>
	 	 	<node id="65" type="1">
	 	 	 	<cx>747</cx>
	 	 	 	<cy>308</cy>
	 	 	</node>
	 	 	<node id="66" type="1">
	 	 	 	<cx>370</cx>
	 	 	 	<cy>136</cy>
	 	 	</node>
	 	 	<node id="67" type="1">
	 	 	 	<cx>421</cx>
	 	 	 	<cy>505</cy>
	 	 	</node>
	 	 	<node id="68" type="1">
	 	 	 	<cx>373</cx>
	 	 	 	<cy>597</cy>
	 	 	</node>
	 	 	<node id="69" type="1">
	 	 	 	<cx>876</cx>
	 	 	 	<cy>881</cy>
	 	 	</node>
	 	 	<node id="70" type="1">
	 	 	 	<cx>281</cx>
	 	 	 	<cy>18</cy>
	 	 	</node>
	 	 	<node id="71" type="1">
	 	 	 	<cx>419</cx>
	 	 	 	<cy>69</cy>
	 	 	</node>
	 	 	<node id="72" type="1">
	 	 	 	<cx>502</cx>
	 	 	 	<cy>242</cy>
	 	 	</node>
	 	 	<node id="73" type="1">
	 	 	 	<cx>343</cx>
	 	 	 	<cy>764</cy>
	 	 	</node>
	 	 	<node id="74" type="1">
	 	 	 	<cx>275</cx>
	 	 	 	<cy>610</cy>
	 	 	</node>
	 	 	<node id="75" type="1">
	 	 	 	<cx>434</cx>
	 	 	 	<cy>161</cy>
	 	 	</node>
	 	 	<node id="76" type="1">
	 	 	 	<cx>314</cx>
	 	 	 	<cy>40</cy>
	 	 	</node>
	 	 	<node id="77" type="1">
	 	 	 	<cx>744</cx>
	 	 	 	<cy>675</cy>
	 	 	</node>
	 	 	<node id="78" type="1">
	 	 	 	<cx>698</cx>
	 	 	 	<cy>364</cy>
	 	 	</node>
	 	 	<node id="79" type="1">
	 	 	 	<cx>600</cx>
	 	 	 	<cy>881</cy>
	 	 	</node>
	 	 	<node id="80" type="1">
	 	 	 	<cx>9</cx>
	 	 	 	<cy>893</cy>
	 	 	</node>
	 	 	<node id="81" type="1">
	 	 	 	<cx>875</cx>
	 	 	 	<cy>724</cy>
	 	 	</node>
	 	 	<node id="82" type="1">
	 	 	 	<cx>728</cx>
	 	 	 	<cy>253</cy>
	 	 	</node>
	 	 	<node id="83" type="1">
	 	 	 	<cx>502</cx>
	 	 	 	<cy>969</cy>
	 	 	</node>
	 	 	<node id="84" type="1">
	 	 	 	<cx>867</cx>
	 	 	 	<cy>464</cy>
	 	 	</node>
	 	 	<node id="85" type="1">
	 	 	 	<cx>237</cx>
	 	 	 	<cy>907</cy>
	 	 	</node>
	 	 	<node id="86" type="1">
	 	 	 	<cx>868</cx>
	 	 	 	<cy>263</cy>
	 	 	</node>
	 	 	<node id="87" type="1">
	 	 	 	<cx>680</cx>
	 	 	 	<cy>306</cy>
	 	 	</node>
	 	 	<node id="88" type="1">
	 	 	 	<cx>740</cx>
	 	 	 	<cy>688</cy>
	 	 	</node>
	 	 	<node id="89" type="1">
	 	 	 	<cx>534</cx>
	 	 	 	<cy>615</cy>
	 	 	</node>
	 	 	<node id="90" type="1">
	 	 	 	<cx>450</cx>
	 	 	 	<cy>898</cy>
	 	 	</node>
	 	 	<node id="91" type="1">
	 	 	 	<cx>126</cx>
	 	 	 	<cy>415</cy>
	 	 	</node>
	 	 	<node id="92" type="1">
	 	 	 	<cx>565</cx>
	 	 	 	<cy>260</cy>
	 	 	</node>
	 	 	<node id="93" type="1">
	 	 	 	<cx>172</cx>
	 	 	 	<cy>126</cy>
	 	 	</node>
	 	 	<node id="94" type="1">
	 	 	 	<cx>137</cx>
	 	 	 	<cy>674</cy>
	 	 	</node>
	 	 	<node id="95" type="1">
	 	 	 	<cx>789</cx>
	 	 	 	<cy>958</cy>
	 	 	</node>
	 	 	<node id="96" type="1">
	 	 	 	<cx>853</cx>
	 	 	 	<cy>147</cy>
	 	 	</node>
	 	 	<node id="97" type="1">
	 	 	 	<cx>762</cx>
	 	 	 	<cy>111</cy>
	 	 	</node>
	 	 	<node id="98" type="1">
	 	 	 	<cx>416</cx>
	 	 	 	<cy>626</cy>
	 	 	</node>
	 	 	<node id="99" type="1">
	 	 	 	<cx>63</cx>
	 	 	 	<cy>237</cy>
	 	 	</node>
	 	 	<node id="100" type="1">
	 	 	 	<cx>194</cx>
	 	 	 	<cy>75</cy>
	 	 	</node>
	 	 	<node id="101" type="1">
	 	 	 	<cx>616</cx>
	 	 	 	<cy>133</cy>
	 	 	</node>
	 	 	<node id="102" type="1">
	 	 	 	<cx>104</cx>
	 	 	 	<cy>804</cy>
	 	 	</node>
	 	 	<node id="103" type="1">
	 	 	 	<cx>304</cx>
	 	 	 	<cy>699</cy>
	 	 	</node>
	 	 	<node id="104" type="1">
	 	 	 	<cx>758</cx>
	 	 	 	<cy>40</cy>
	 	 	</node>
	 	 	<node id="105" type="1">
	 	 	 	<cx>249</cx>
	 	 	 	<cy>141</cy>
	 	 	</node>
	 	 	<node id="106" type="1">
	 	 	 	<cx>848</cx>
	 	 	 	<cy>770</cy>
	 	 	</node>
	 	 	<node id="107" type="1">
	 	 	 	<cx>316</cx>
	 	 	 	<cy>426</cy>
	 	 	</node>
	 	 	<node id="108" type="1">
	 	 	 	<cx>791</cx>
	 	 	 	<cy>803</cy>
	 	 	</node>
	 	 	<node id="109" type="1">
	 	 	 	<cx>884</cx>
	 	 	 	<cy>980</cy>
	 	 	</node>
	 	 	<node id="110" type="1">
	 	 	 	<cx>618</cx>
	 	 	 	<cy>107</cy>
	 	 	</node>
	 	 	<node id="111" type="1">
	 	 	 	<cx>858</cx>
	 	 	 	<cy>644</cy>
	 	 	</node>
	 	 	<node id="112" type="1">
	 	 	 	<cx>116</cx>
	 	 	 	<cy>388</cy>
	 	 	</node>
	 	 	<node id="113" type="1">
	 	 	 	<cx>939</cx>
	 	 	 	<cy>880</cy>
	 	 	</node>
	 	 	<node id="114" type="1">
	 	 	 	<cx>217</cx>
	 	 	 	<cy>912</cy>
	 	 	</node>
	 	 	<node id="115" type="1">
	 	 	 	<cx>138</cx>
	 	 	 	<cy>217</cy>
	 	 	</node>
	 	 	<node id="116" type="1">
	 	 	 	<cx>639</cx>
	 	 	 	<cy>588</cy>
	 	 	</node>
	 	 	<node id="117" type="1">
	 	 	 	<cx>542</cx>
	 	 	 	<cy>965</cy>
	 	 	</node>
	 	 	<node id="118" type="1">
	 	 	 	<cx>775</cx>
	 	 	 	<cy>294</cy>
	 	 	</node>
	 	 	<node id="119" type="1">
	 	 	 	<cx>325</cx>
	 	 	 	<cy>154</cy>
	 	 	</node>
	 	 	<node id="120" type="1">
	 	 	 	<cx>839</cx>
	 	 	 	<cy>459</cy>
	 	 	</node>
	 	 	<node id="121" type="1">
	 	 	 	<cx>21</cx>
	 	 	 	<cy>751</cy>
	 	 	</node>
	 	 	<node id="122" type="1">
	 	 	 	<cx>248</cx>
	 	 	 	<cy>883</cy>
	 	 	</node>
	 	 	<node id="123" type="1">
	 	 	 	<cx>34</cx>
	 	 	 	<cy>101</cy>
	 	 	</node>
	 	 	<node id="124" type="1">
	 	 	 	<cx>274</cx>
	 	 	 	<cy>824</cy>
	 	 	</node>
	 	 	<node id="125" type="1">
	 	 	 	<cx>408</cx>
	 	 	 	<cy>641</cy>
	 	 	</node>
	 	 	<node id="126" type="1">
	 	 	 	<cx>923</cx>
	 	 	 	<cy>320</cy>
	 	 	</node>
	 	 	<node id="127" type="1">
	 	 	 	<cx>838</cx>
	 	 	 	<cy>846</cy>
	 	 	</node>
	 	 	<node id="128" type="1">
	 	 	 	<cx>83</cx>
	 	 	 	<cy>772</cy>
	 	 	</node>
	 	 	<node id="129" type="1">
	 	 	 	<cx>938</cx>
	 	 	 	<cy>432</cy>
	 	 	</node>
	 	 	<node id="130" type="1">
	 	 	 	<cx>913</cx>
	 	 	 	<cy>766</cy>
	 	 	</node>
	 	 	<node id="131" type="1">
	 	 	 	<cx>758</cx>
	 	 	 	<cy>816</cy>
	 	 	</node>
	 	 	<node id="132" type="1">
	 	 	 	<cx>481</cx>
	 	 	 	<cy>156</cy>
	 	 	</node>
	 	 	<node id="133" type="1">
	 	 	 	<cx>548</cx>
	 	 	 	<cy>809</cy>
	 	 	</node>
	 	 	<node id="134" type="1">
	 	 	 	<cx>660</cx>
	 	 	 	<cy>393</cy>
	 	 	</node>
	 	 	<node id="135" type="1">
	 	 	 	<cx>773</cx>
	 	 	 	<cy>579</cy>
	 	 	</node>
	 	 	<node id="136" type="1">
	 	 	 	<cx>261</cx>
	 	 	 	<cy>97</cy>
	 	 	</node>
	 	 	<node id="137" type="1">
	 	 	 	<cx>380</cx>
	 	 	 	<cy>849</cy>
	 	 	</node>
	 	 	<node id="138" type="1">
	 	 	 	<cx>433</cx>
	 	 	 	<cy>893</cy>
	 	 	</node>
	 	 	<node id="139" type="1">
	 	 	 	<cx>312</cx>
	 	 	 	<cy>347</cy>
	 	 	</node>
	 	 	<node id="140" type="1">
	 	 	 	<cx>295</cx>
	 	 	 	<cy>480</cy>
	 	 	</node>
	 	 	<node id="141" type="1">
	 	 	 	<cx>277</cx>
	 	 	 	<cy>519</cy>
	 	 	</node>
	 	 	<node id="142" type="1">
	 	 	 	<cx>833</cx>
	 	 	 	<cy>970</cy>
	 	 	</node>
	 	 	<node id="143" type="1">
	 	 	 	<cx>760</cx>
	 	 	 	<cy>470</cy>
	 	 	</node>
	 	 	<node id="144" type="1">
	 	 	 	<cx>33</cx>
	 	 	 	<cy>455</cy>
	 	 	</node>
	 	 	<node id="145" type="1">
	 	 	 	<cx>289</cx>
	 	 	 	<cy>176</cy>
	 	 	</node>
	 	 	<node id="146" type="1">
	 	 	 	<cx>283</cx>
	 	 	 	<cy>845</cy>
	 	 	</node>
	 	 	<node id="147" type="1">
	 	 	 	<cx>953</cx>
	 	 	 	<cy>937</cy>
	 	 	</node>
	 	 	<node id="148" type="1">
	 	 	 	<cx>2</cx>
	 	 	 	<cy>939</cy>
	 	 	</node>
	 	 	<node id="149" type="1">
	 	 	 	<cx>164</cx>
	 	 	 	<cy>71</cy>
	 	 	</node>
	 	 	<node id="150" type="1">
	 	 	 	<cx>539</cx>
	 	 	 	<cy>756</cy>
	 	 	</node>
	 	 	<node id="151" type="1">
	 	 	 	<cx>679</cx>
	 	 	 	<cy>880</cy>
	 	 	</node>
	 	 	<node id="152" type="1">
	 	 	 	<cx>309</cx>
	 	 	 	<cy>113</cy>
	 	 	</node>
	 	 	<node id="153" type="1">
	 	 	 	<cx>857</cx>
	 	 	 	<cy>842</cy>
	 	 	</node>
	 	 	<node id="154" type="1">
	 	 	 	<cx>184</cx>
	 	 	 	<cy>455</cy>
	 	 	</node>
	 	 	<node id="155" type="1">
	 	 	 	<cx>181</cx>
	 	 	 	<cy>70</cy>
	 	 	</node>
	 	 	<node id="156" type="1">
	 	 	 	<cx>136</cx>
	 	 	 	<cy>928</cy>
	 	 	</node>
	 	 	<node id="157" type="1">
	 	 	 	<cx>23</cx>
	 	 	 	<cy>17</cy>
	 	 	</node>
	 	 	<node id="158" type="1">
	 	 	 	<cx>127</cx>
	 	 	 	<cy>710</cy>
	 	 	</node>
	 	 	<node id="159" type="1">
	 	 	 	<cx>657</cx>
	 	 	 	<cy>422</cy>
	 	 	</node>
	 	 	<node id="160" type="1">
	 	 	 	<cx>248</cx>
	 	 	 	<cy>593</cy>
	 	 	</node>
	 	 	<node id="161" type="1">
	 	 	 	<cx>525</cx>
	 	 	 	<cy>519</cy>
	 	 	</node>
	 	 	<node id="162" type="1">
	 	 	 	<cx>109</cx>
	 	 	 	<cy>805</cy>
	 	 	</node>
	 	 	<node id="163" type="1">
	 	 	 	<cx>754</cx>
	 	 	 	<cy>487</cy>
	 	 	</node>
	 	 	<node id="164" type="1">
	 	 	 	<cx>484</cx>
	 	 	 	<cy>90</cy>
	 	 	</node>
	 	 	<node id="165" type="1">
	 	 	 	<cx>923</cx>
	 	 	 	<cy>157</cy>
	 	 	</node>
	 	 	<node id="166" type="1">
	 	 	 	<cx>195</cx>
	 	 	 	<cy>38</cy>
	 	 	</node>
	 	 	<node id="167" type="1">
	 	 	 	<cx>74</cx>
	 	 	 	<cy>961</cy>
	 	 	</node>
	 	 	<node id="168" type="1">
	 	 	 	<cx>261</cx>
	 	 	 	<cy>663</cy>
	 	 	</node>
	 	 	<node id="169" type="1">
	 	 	 	<cx>984</cx>
	 	 	 	<cy>135</cy>
	 	 	</node>
	 	 	<node id="170" type="1">
	 	 	 	<cx>281</cx>
	 	 	 	<cy>227</cy>
	 	 	</node>
	 	 	<node id="171" type="1">
	 	 	 	<cx>673</cx>
	 	 	 	<cy>176</cy>
	 	 	</node>
	 	 	<node id="172" type="1">
	 	 	 	<cx>78</cx>
	 	 	 	<cy>322</cy>
	 	 	</node>
	 	 	<node id="173" type="1">
	 	 	 	<cx>177</cx>
	 	 	 	<cy>543</cy>
	 	 	</node>
	 	 	<node id="174" type="1">
	 	 	 	<cx>590</cx>
	 	 	 	<cy>199</cy>
	 	 	</node>
	 	 	<node id="175" type="1">
	 	 	 	<cx>559</cx>
	 	 	 	<cy>609</cy>
	 	 	</node>
	 	 	<node id="176" type="1">
	 	 	 	<cx>9</cx>
	 	 	 	<cy>343</cy>
	 	 	</node>
	 	</nodes>
	 	<euclidean/>
	 	<decimals>0</decimals>
	 </network>
	 <fleet>
	 	 <vehicle_profile type="0">
	 	  	 <departure_node>1</departure_node>
	 	  	 <arrival_node>1</arrival_node>
	 	  	 <capacity>142</capacity>
	 	 </vehicle_profile>
	 </fleet>
	 <requests>
	 	 <request id="1" node="2">
	 	 	 <quantity>94</quantity>
	 	 </request>
	 	 <request id="2" node="3">
	 	 	 <quantity>65</quantity>
	 	 </request>
	 	 <request id="3" node="4">
	 	 	 <quantity>69</quantity>
	 	 </request>
	 	 <request id="4" node="5">
	 	 	 <quantity>89</quantity>
	 	 </request>
	 	 <request id="5" node="6">
	 	 	 <quantity>74</quantity>
	 	 </request>
	 	 <request id="6" node="7">
	 	 	 <quantity>95</quantity>
	 	 </request>
	 	 <request id="7" node="8">
	 	 	 <quantity>87</quantity>
	 	 </request>
	 	 <request id="8" node="9">
	 	 	 <quantity>96</quantity>
	 	 </request>
	 	 <request id="9" node="10">
	 	 	 <quantity>56</quantity>
	 	 </request>
	 	 <request id="10" node="11">
	 	 	 <quantity>94</quantity>
	 	 </request>
	 	 <request id="11" node="12">
	 	 	 <quantity>79</quantity>
	 	 </request>
	 	 <request id="12" node="13">
	 	 	 <quantity>91</quantity>
	 	 </request>
	 	 <request id="13" node="14">
	 	 	 <quantity>75</quantity>
	 	 </request>
	 	 <request id="14" node="15">
	 	 	 <quantity>54</quantity>
	 	 </request>
	 	 <request id="15" node="16">
	 	 	 <quantity>97</quantity>
	 	 </request>
	 	 <request id="16" node="17">
	 	 	 <quantity>93</quantity>
	 	 </request>
	 	 <request id="17" node="18">
	 	 	 <quantity>81</quantity>
	 	 </request>
	 	 <request id="18" node="19">
	 	 	 <quantity>100</quantity>
	 	 </request>
	 	 <request id="19" node="20">
	 	 	 <quantity>75</quantity>
	 	 </request>
	 	 <request id="20" node="21">
	 	 	 <quantity>56</quantity>
	 	 </request>
	 	 <request id="21" node="22">
	 	 	 <quantity>71</quantity>
	 	 </request>
	 	 <request id="22" node="23">
	 	 	 <quantity>100</quantity>
	 	 </request>
	 	 <request id="23" node="24">
	 	 	 <quantity>54</quantity>
	 	 </request>
	 	 <request id="24" node="25">
	 	 	 <quantity>100</quantity>
	 	 </request>
	 	 <request id="25" node="26">
	 	 	 <quantity>62</quantity>
	 	 </request>
	 	 <request id="26" node="27">
	 	 	 <quantity>51</quantity>
	 	 </request>
	 	 <request id="27" node="28">
	 	 	 <quantity>58</quantity>
	 	 </request>
	 	 <request id="28" node="29">
	 	 	 <quantity>79</quantity>
	 	 </request>
	 	 <request id="29" node="30">
	 	 	 <quantity>65</quantity>
	 	 </request>
	 	 <request id="30" node="31">
	 	 	 <quantity>52</quantity>
	 	 </request>
	 	 <request id="31" node="32">
	 	 	 <quantity>65</quantity>
	 	 </request>
	 	 <request id="32" node="33">
	 	 	 <quantity>65</quantity>
	 	 </request>
	 	 <request id="33" node="34">
	 	 	 <quantity>59</quantity>
	 	 </request>
	 	 <request id="34" node="35">
	 	 	 <quantity>77</quantity>
	 	 </request>
	 	 <request id="35" node="36">
	 	 	 <quantity>89</quantity>
	 	 </request>
	 	 <request id="36" node="37">
	 	 	 <quantity>66</quantity>
	 	 </request>
	 	 <request id="37" node="38">
	 	 	 <quantity>71</quantity>
	 	 </request>
	 	 <request id="38" node="39">
	 	 	 <quantity>10</quantity>
	 	 </request>
	 	 <request id="39" node="40">
	 	 	 <quantity>10</quantity>
	 	 </request>
	 	 <request id="40" node="41">
	 	 	 <quantity>1</quantity>
	 	 </request>
	 	 <request id="41" node="42">
	 	 	 <quantity>9</quantity>
	 	 </request>
	 	 <request id="42" node="43">
	 	 	 <quantity>4</quantity>
	 	 </request>
	 	 <request id="43" node="44">
	 	 	 <quantity>9</quantity>
	 	 </request>
	 	 <request id="44" node="45">
	 	 	 <quantity>8</quantity>
	 	 </request>
	 	 <request id="45" node="46">
	 	 	 <quantity>4</quantity>
	 	 </request>
	 	 <request id="46" node="47">
	 	 	 <quantity>8</quantity>
	 	 </request>
	 	 <request id="47" node="48">
	 	 	 <quantity>7</quantity>
	 	 </request>
	 	 <request id="48" node="49">
	 	 	 <quantity>9</quantity>
	 	 </request>
	 	 <request id="49" node="50">
	 	 	 <quantity>10</quantity>
	 	 </request>
	 	 <request id="50" node="51">
	 	 	 <quantity>6</quantity>
	 	 </request>
	 	 <request id="51" node="52">
	 	 	 <quantity>2</quantity>
	 	 </request>
	 	 <request id="52" node="53">
	 	 	 <quantity>6</quantity>
	 	 </request>
	 	 <request id="53" node="54">
	 	 	 <quantity>9</quantity>
	 	 </request>
	 	 <request id="54" node="55">
	 	 	 <quantity>5</quantity>
	 	 </request>
	 	 <request id="55" node="56">
	 	 	 <quantity>3</quantity>
	 	 </request>
	 	 <request id="56" node="57">
	 	 	 <quantity>4</quantity>
	 	 </request>
	 	 <request id="57" node="58">
	 	 	 <quantity>5</quantity>
	 	 </request>
	 	 <request id="58" node="59">
	 	 	 <quantity>6</quantity>
	 	 </request>
	 	 <request id="59" node="60">
	 	 	 <quantity>6</quantity>
	 	 </request>
	 	 <request id="60" node="61">
	 	 	 <quantity>6</quantity>
	 	 </request>
	 	 <request id="61" node="62">
	 	 	 <quantity>1</quantity>
	 	 </request>
	 	 <request id="62" node="63">
	 	 	 <quantity>8</quantity>
	 	 </request>
	 	 <request id="63" node="64">
	 	 	 <quantity>9</quantity>
	 	 </request>
	 	 <request id="64" node="65">
	 	 	 <quantity>6</quantity>
	 	 </request>
	 	 <request id="65" node="66">
	 	 	 <quantity>5</quantity>
	 	 </request>
	 	 <request id="66" node="67">
	 	 	 <quantity>8</quantity>
	 	 </request>
	 	 <request id="67" node="68">
	 	 	 <quantity>5</quantity>
	 	 </request>
	 	 <request id="68" node="69">
	 	 	 <quantity>9</quantity>
	 	 </request>
	 	 <request id="69" node="70">
	 	 	 <quantity>2</quantity>
	 	 </request>
	 	 <request id="70" node="71">
	 	 	 <quantity>3</quantity>
	 	 </request>
	 	 <request id="71" node="72">
	 	 	 <quantity>9</quantity>
	 	 </request>
	 	 <request id="72" node="73">
	 	 	 <quantity>9</quantity>
	 	 </request>
	 	 <request id="73" node="74">
	 	 	 <quantity>4</quantity>
	 	 </request>
	 	 <request id="74" node="75">
	 	 	 <quantity>2</quantity>
	 	 </request>
	 	 <request id="75" node="76">
	 	 	 <quantity>2</quantity>
	 	 </request>
	 	 <request id="76" node="77">
	 	 	 <quantity>10</quantity>
	 	 </request>
	 	 <request id="77" node="78">
	 	 	 <quantity>9</quantity>
	 	 </request>
	 	 <request id="78" node="79">
	 	 	 <quantity>9</quantity>
	 	 </request>
	 	 <request id="79" node="80">
	 	 	 <quantity>8</quantity>
	 	 </request>
	 	 <request id="80" node="81">
	 	 	 <quantity>8</quantity>
	 	 </request>
	 	 <request id="81" node="82">
	 	 	 <quantity>9</quantity>
	 	 </request>
	 	 <request id="82" node="83">
	 	 	 <quantity>9</quantity>
	 	 </request>
	 	 <request id="83" node="84">
	 	 	 <quantity>6</quantity>
	 	 </request>
	 	 <request id="84" node="85">
	 	 	 <quantity>6</quantity>
	 	 </request>
	 	 <request id="85" node="86">
	 	 	 <quantity>8</quantity>
	 	 </request>
	 	 <request id="86" node="87">
	 	 	 <quantity>9</quantity>
	 	 </request>
	 	 <request id="87" node="88">
	 	 	 <quantity>7</quantity>
	 	 </request>
	 	 <request id="88" node="89">
	 	 	 <quantity>10</quantity>
	 	 </request>
	 	 <request id="89" node="90">
	 	 	 <quantity>10</quantity>
	 	 </request>
	 	 <request id="90" node="91">
	 	 	 <quantity>1</quantity>
	 	 </request>
	 	 <request id="91" node="92">
	 	 	 <quantity>7</quantity>
	 	 </request>
	 	 <request id="92" node="93">
	 	 	 <quantity>4</quantity>
	 	 </request>
	 	 <request id="93" node="94">
	 	 	 <quantity>1</quantity>
	 	 </request>
	 	 <request id="94" node="95">
	 	 	 <quantity>6</quantity>
	 	 </request>
	 	 <request id="95" node="96">
	 	 	 <quantity>5</quantity>
	 	 </request>
	 	 <request id="96" node="97">
	 	 	 <quantity>5</quantity>
	 	 </request>
	 	 <request id="97" node="98">
	 	 	 <quantity>8</quantity>
	 	 </request>
	 	 <request id="98" node="99">
	 	 	 <quantity>4</quantity>
	 	 </request>
	 	 <request id="99" node="100">
	 	 	 <quantity>6</quantity>
	 	 </request>
	 	 <request id="100" node="101">
	 	 	 <quantity>7</quantity>
	 	 </request>
	 	 <request id="101" node="102">
	 	 	 <quantity>10</quantity>
	 	 </request>
	 	 <request id="102" node="103">
	 	 	 <quantity>10</quantity>
	 	 </request>
	 	 <request id="103" node="104">
	 	 	 <quantity>6</quantity>
	 	 </request>
	 	 <request id="104" node="105">
	 	 	 <quantity>6</quantity>
	 	 </request>
	 	 <request id="105" node="106">
	 	 	 <quantity>8</quantity>
	 	 </request>
	 	 <request id="106" node="107">
	 	 	 <quantity>7</quantity>
	 	 </request>
	 	 <request id="107" node="108">
	 	 	 <quantity>8</quantity>
	 	 </request>
	 	 <request id="108" node="109">
	 	 	 <quantity>8</quantity>
	 	 </request>
	 	 <request id="109" node="110">
	 	 	 <quantity>2</quantity>
	 	 </request>
	 	 <request id="110" node="111">
	 	 	 <quantity>8</quantity>
	 	 </request>
	 	 <request id="111" node="112">
	 	 	 <quantity>7</quantity>
	 	 </request>
	 	 <request id="112" node="113">
	 	 	 <quantity>9</quantity>
	 	 </request>
	 	 <request id="113" node="114">
	 	 	 <quantity>6</quantity>
	 	 </request>
	 	 <request id="114" node="115">
	 	 	 <quantity>10</quantity>
	 	 </request>
	 	 <request id="115" node="116">
	 	 	 <quantity>2</quantity>
	 	 </request>
	 	 <request id="116" node="117">
	 	 	 <quantity>4</quantity>
	 	 </request>
	 	 <request id="117" node="118">
	 	 	 <quantity>3</quantity>
	 	 </request>
	 	 <request id="118" node="119">
	 	 	 <quantity>2</quantity>
	 	 </request>
	 	 <request id="119" node="120">
	 	 	 <quantity>5</quantity>
	 	 </request>
	 	 <request id="120" node="121">
	 	 	 <quantity>1</quantity>
	 	 </request>
	 	 <request id="121" node="122">
	 	 	 <quantity>1</quantity>
	 	 </request>
	 	 <request id="122" node="123">
	 	 	 <quantity>7</quantity>
	 	 </request>
	 	 <request id="123" node="124">
	 	 	 <quantity>6</quantity>
	 	 </request>
	 	 <request id="124" node="125">
	 	 	 <quantity>4</quantity>
	 	 </request>
	 	 <request id="125" node="126">
	 	 	 <quantity>5</quantity>
	 	 </request>
	 	 <request id="126" node="127">
	 	 	 <quantity>9</quantity>
	 	 </request>
	 	 <request id="127" node="128">
	 	 	 <quantity>4</quantity>
	 	 </request>
	 	 <request id="128" node="129">
	 	 	 <quantity>2</quantity>
	 	 </request>
	 	 <request id="129" node="130">
	 	 	 <quantity>6</quantity>
	 	 </request>
	 	 <request id="130" node="131">
	 	 	 <quantity>4</quantity>
	 	 </request>
	 	 <request id="131" node="132">
	 	 	 <quantity>4</quantity>
	 	 </request>
	 	 <request id="132" node="133">
	 	 	 <quantity>9</quantity>
	 	 </request>
	 	 <request id="133" node="134">
	 	 	 <quantity>1</quantity>
	 	 </request>
	 	 <request id="134" node="135">
	 	 	 <quantity>3</quantity>
	 	 </request>
	 	 <request id="135" node="136">
	 	 	 <quantity>4</quantity>
	 	 </request>
	 	 <request id="136" node="137">
	 	 	 <quantity>4</quantity>
	 	 </request>
	 	 <request id="137" node="138">
	 	 	 <quantity>4</quantity>
	 	 </request>
	 	 <request id="138" node="139">
	 	 	 <quantity>9</quantity>
	 	 </request>
	 	 <request id="139" node="140">
	 	 	 <quantity>9</quantity>
	 	 </request>
	 	 <request id="140" node="141">
	 	 	 <quantity>3</quantity>
	 	 </request>
	 	 <request id="141" node="142">
	 	 	 <quantity>6</quantity>
	 	 </request>
	 	 <request id="142" node="143">
	 	 	 <quantity>6</quantity>
	 	 </request>
	 	 <request id="143" node="144">
	 	 	 <quantity>4</quantity>
	 	 </request>
	 	 <request id="144" node="145">
	 	 	 <quantity>4</quantity>
	 	 </request>
	 	 <request id="145" node="146">
	 	 	 <quantity>3</quantity>
	 	 </request>
	 	 <request id="146" node="147">
	 	 	 <quantity>3</quantity>
	 	 </request>
	 	 <request id="147" node="148">
	 	 	 <quantity>1</quantity>
	 	 </request>
	 	 <request id="148" node="149">
	 	 	 <quantity>3</quantity>
	 	 </request>
	 	 <request id="149" node="150">
	 	 	 <quantity>8</quantity>
	 	 </request>
	 	 <request id="150" node="151">
	 	 	 <quantity>9</quantity>
	 	 </request>
	 	 <request id="151" node="152">
	 	 	 <quantity>2</quantity>
	 	 </request>
	 	 <request id="152" node="153">
	 	 	 <quantity>9</quantity>
	 	 </request>
	 	 <request id="153" node="154">
	 	 	 <quantity>1</quantity>
	 	 </request>
	 	 <request id="154" node="155">
	 	 	 <quantity>9</quantity>
	 	 </request>
	 	 <request id="155" node="156">
	 	 	 <quantity>7</quantity>
	 	 </request>
	 	 <request id="156" node="157">
	 	 	 <quantity>8</quantity>
	 	 </request>
	 	 <request id="157" node="158">
	 	 	 <quantity>7</quantity>
	 	 </request>
	 	 <request id="158" node="159">
	 	 	 <quantity>7</quantity>
	 	 </request>
	 	 <request id="159" node="160">
	 	 	 <quantity>8</quantity>
	 	 </request>
	 	 <request id="160" node="161">
	 	 	 <quantity>9</quantity>
	 	 </request>
	 	 <request id="161" node="162">
	 	 	 <quantity>10</quantity>
	 	 </request>
	 	 <request id="162" node="163">
	 	 	 <quantity>3</quantity>
	 	 </request>
	 	 <request id="163" node="164">
	 	 	 <quantity>2</quantity>
	 	 </request>
	 	 <request id="164" node="165">
	 	 	 <quantity>9</quantity>
	 	 </request>
	 	 <request id="165" node="166">
	 	 	 <quantity>8</quantity>
	 	 </request>
	 	 <request id="166" node="167">
	 	 	 <quantity>6</quantity>
	 	 </request>
	 	 <request id="167" node="168">
	 	 	 <quantity>7</quantity>
	 	 </request>
	 	 <request id="168" node="169">
	 	 	 <quantity>7</quantity>
	 	 </request>
	 	 <request id="169" node="170">
	 	 	 <quantity>5</quantity>
	 	 </request>
	 	 <request id="170" node="171">
	 	 	 <quantity>3</quantity>
	 	 </request>
	 	 <request id="171" node="172">
	 	 	 <quantity>9</quantity>
	 	 </request>
	 	 <request id="172" node="173">
	 	 	 <quantity>9</quantity>
	 	 </request>
	 	 <request id="173" node="174">
	 	 	 <quantity>4</quantity>
	 	 </request>
	 	 <request id="174" node="175">
	 	 	 <quantity>7</quantity>
	 	 </request>
	 	 <request id="175" node="176">
	 	 	 <quantity>4</quantity>
	 	 </request>
	 </requests>
</instance>
