<?xml version="1.0" encoding="UTF-8" standalone="yes"?>
<instance>
	<info>
	 	<dataset>Uchoa 2014 — Set X</dataset>
	 	<name>X-n101-k25</name>
	</info>
	<network>
	 	<nodes>
	 	 	<node id="1" type="1">
	 	 	 	<cx>365</cx>
	 	 	 	<cy>689</cy>
	 	 	</node>
	 	 	<node id="2" type="1">
	 	 	 	<cx>146</cx>
	 	 	 	<cy>180</cy>
	 	 	</node>
	 	 	<node id="3" type="1">
	 	 	 	<cx>792</cx>
	 	 	 	<cy>5</cy>
	 	 	</node>
	 	 	<node id="4" type="1">
	 	 	 	<cx>658</cx>
	 	 	 	<cy>510</cy>
	 	 	</node>
	 	 	<node id="5" type="1">
	 	 	 	<cx>461</cx>
	 	 	 	<cy>270</cy>
	 	 	</node>
	 	 	<node id="6" type="1">
	 	 	 	<cx>299</cx>
	 	 	 	<cy>531</cy>
	 	 	</node>
	 	 	<node id="7" type="1">
	 	 	 	<cx>812</cx>
	 	 	 	<cy>228</cy>
	 	 	</node>
	 	 	<node id="8" type="1">
	 	 	 	<cx>643</cx>
	 	 	 	<cy>90</cy>
	 	 	</node>
	 	 	<node id="9" type="1">
	 	 	 	<cx>615</cx>
	 	 	 	<cy>630</cy>
	 	 	</node>
	 	 	<node id="10" type="1">
	 	 	 	<cx>258</cx>
	 	 	 	<cy>42</cy>
	 	 	</node>
	 	 	<node id="11" type="1">
	 	 	 	<cx>616</cx>
	 	 	 	<cy>299</cy>
	 	 	</node>
	 	 	<node id="12" type="1">
	 	 	 	<cx>475</cx>
	 	 	 	<cy>957</cy>
	 	 	</node>
	 	 	<node id="13" type="1">
	 	 	 	<cx>425</cx>
	 	 	 	<cy>473</cy>
	 	 	</node>
	 	 	<node id="14" type="1">
	 	 	 	<cx>406</cx>
	 	 	 	<cy>64</cy>
	 	 	</node>
	 	 	<node id="15" type="1">
	 	 	 	<cx>656</cx>
	 	 	 	<cy>369</cy>
	 	 	</node>
	 	 	<node id="16" type="1">
	 	 	 	<cx>202</cx>
	 	 	 	<cy>467</cy>
	 	 	</node>
	 	 	<node id="17" type="1">
	 	 	 	<cx>318</cx>
	 	 	 	<cy>21</cy>
	 	 	</node>
	 	 	<node id="18" type="1">
	 	 	 	<cx>579</cx>
	 	 	 	<cy>587</cy>
	 	 	</node>
	 	 	<node id="19" type="1">
	 	 	 	<cx>458</cx>
	 	 	 	<cy>354</cy>
	 	 	</node>
	 	 	<node id="20" type="1">
	 	 	 	<cx>575</cx>
	 	 	 	<cy>871</cy>
	 	 	</node>
	 	 	<node id="21" type="1">
	 	 	 	<cx>47</cx>
	 	 	 	<cy>512</cy>
	 	 	</node>
	 	 	<node id="22" type="1">
	 	 	 	<cx>568</cx>
	 	 	 	<cy>742</cy>
	 	 	</node>
	 	 	<node id="23" type="1">
	 	 	 	<cx>128</cx>
	 	 	 	<cy>436</cy>
	 	 	</node>
	 	 	<node id="24" type="1">
	 	 	 	<cx>546</cx>
	 	 	 	<cy>806</cy>
	 	 	</node>
	 	 	<node id="25" type="1">
	 	 	 	<cx>197</cx>
	 	 	 	<cy>696</cy>
	 	 	</node>
	 	 	<node id="26" type="1">
	 	 	 	<cx>615</cx>
	 	 	 	<cy>300</cy>
	 	 	</node>
	 	 	<node id="27" type="1">
	 	 	 	<cx>852</cx>
	 	 	 	<cy>563</cy>
	 	 	</node>
	 	 	<node id="28" type="1">
	 	 	 	<cx>772</cx>
	 	 	 	<cy>803</cy>
	 	 	</node>
	 	 	<node id="29" type="1">
	 	 	 	<cx>678</cx>
	 	 	 	<cy>342</cy>
	 	 	</node>
	 	 	<node id="30" type="1">
	 	 	 	<cx>916</cx>
	 	 	 	<cy>176</cy>
	 	 	</node>
	 	 	<node id="31" type="1">
	 	 	 	<cx>390</cx>
	 	 	 	<cy>949</cy>
	 	 	</node>
	 	 	<node id="32" type="1">
	 	 	 	<cx>113</cx>
	 	 	 	<cy>782</cy>
	 	 	</node>
	 	 	<node id="33" type="1">
	 	 	 	<cx>226</cx>
	 	 	 	<cy>736</cy>
	 	 	</node>
	 	 	<node id="34" type="1">
	 	 	 	<cx>119</cx>
	 	 	 	<cy>923</cy>
	 	 	</node>
	 	 	<node id="35" type="1">
	 	 	 	<cx>584</cx>
	 	 	 	<cy>572</cy>
	 	 	</node>
	 	 	<node id="36" type="1">
	 	 	 	<cx>134</cx>
	 	 	 	<cy>554</cy>
	 	 	</node>
	 	 	<node id="37" type="1">
	 	 	 	<cx>912</cx>
	 	 	 	<cy>173</cy>
	 	 	</node>
	 	 	<node id="38" type="1">
	 	 	 	<cx>827</cx>
	 	 	 	<cy>233</cy>
	 	 	</node>
	 	 	<node id="39" type="1">
	 	 	 	<cx>851</cx>
	 	 	 	<cy>677</cy>
	 	 	</node>
	 	 	<node id="40" type="1">
	 	 	 	<cx>598</cx>
	 	 	 	<cy>322</cy>
	 	 	</node>
	 	 	<node id="41" type="1">
	 	 	 	<cx>627</cx>
	 	 	 	<cy>472</cy>
	 	 	</node>
	 	 	<node id="42" type="1">
	 	 	 	<cx>94</cx>
	 	 	 	<cy>442</cy>
	 	 	</node>
	 	 	<node id="43" type="1">
	 	 	 	<cx>688</cx>
	 	 	 	<cy>274</cy>
	 	 	</node>
	 	 	<node id="44" type="1">
	 	 	 	<cx>977</cx>
	 	 	 	<cy>176</cy>
	 	 	</node>
	 	 	<node id="45" type="1">
	 	 	 	<cx>597</cx>
	 	 	 	<cy>461</cy>
	 	 	</node>
	 	 	<node id="46" type="1">
	 	 	 	<cx>931</cx>
	 	 	 	<cy>23</cy>
	 	 	</node>
	 	 	<node id="47" type="1">
	 	 	 	<cx>170</cx>
	 	 	 	<cy>640</cy>
	 	 	</node>
	 	 	<node id="48" type="1">
	 	 	 	<cx>941</cx>
	 	 	 	<cy>601</cy>
	 	 	</node>
	 	 	<node id="49" type="1">
	 	 	 	<cx>873</cx>
	 	 	 	<cy>487</cy>
	 	 	</node>
	 	 	<node id="50" type="1">
	 	 	 	<cx>797</cx>
	 	 	 	<cy>95</cy>
	 	 	</node>
	 	 	<node id="51" type="1">
	 	 	 	<cx>451</cx>
	 	 	 	<cy>816</cy>
	 	 	</node>
	 	 	<node id="52" type="1">
	 	 	 	<cx>866</cx>
	 	 	 	<cy>970</cy>
	 	 	</node>
	 	 	<node id="53" type="1">
	 	 	 	<cx>833</cx>
	 	 	 	<cy>912</cy>
	 	 	</node>
	 	 	<node id="54" type="1">
	 	 	 	<cx>106</cx>
	 	 	 	<cy>913</cy>
	 	 	</node>
	 	 	<node id="55" type="1">
	 	 	 	<cx>260</cx>
	 	 	 	<cy>107</cy>
	 	 	</node>
	 	 	<node id="56" type="1">
	 	 	 	<cx>332</cx>
	 	 	 	<cy>45</cy>
	 	 	</node>
	 	 	<node id="57" type="1">
	 	 	 	<cx>685</cx>
	 	 	 	<cy>613</cy>
	 	 	</node>
	 	 	<node id="58" type="1">
	 	 	 	<cx>728</cx>
	 	 	 	<cy>372</cy>
	 	 	</node>
	 	 	<node id="59" type="1">
	 	 	 	<cx>487</cx>
	 	 	 	<cy>497</cy>
	 	 	</node>
	 	 	<node id="60" type="1">
	 	 	 	<cx>702</cx>
	 	 	 	<cy>440</cy>
	 	 	</node>
	 	 	<node id="61" type="1">
	 	 	 	<cx>717</cx>
	 	 	 	<cy>412</cy>
	 	 	</node>
	 	 	<node id="62" type="1">
	 	 	 	<cx>635</cx>
	 	 	 	<cy>794</cy>
	 	 	</node>
	 	 	<node id="63" type="1">
	 	 	 	<cx>927</cx>
	 	 	 	<cy>972</cy>
	 	 	</node>
	 	 	<node id="64" type="1">
	 	 	 	<cx>635</cx>
	 	 	 	<cy>356</cy>
	 	 	</node>
	 	 	<node id="65" type="1">
	 	 	 	<cx>634</cx>
	 	 	 	<cy>540</cy>
	 	 	</node>
	 	 	<node id="66" type="1">
	 	 	 	<cx>658</cx>
	 	 	 	<cy>261</cy>
	 	 	</node>
	 	 	<node id="67" type="1">
	 	 	 	<cx>303</cx>
	 	 	 	<cy>168</cy>
	 	 	</node>
	 	 	<node id="68" type="1">
	 	 	 	<cx>707</cx>
	 	 	 	<cy>410</cy>
	 	 	</node>
	 	 	<node id="69" type="1">
	 	 	 	<cx>254</cx>
	 	 	 	<cy>135</cy>
	 	 	</node>
	 	 	<node id="70" type="1">
	 	 	 	<cx>346</cx>
	 	 	 	<cy>29</cy>
	 	 	</node>
	 	 	<node id="71" type="1">
	 	 	 	<cx>75</cx>
	 	 	 	<cy>79</cy>
	 	 	</node>
	 	 	<node id="72" type="1">
	 	 	 	<cx>893</cx>
	 	 	 	<cy>987</cy>
	 	 	</node>
	 	 	<node id="73" type="1">
	 	 	 	<cx>729</cx>
	 	 	 	<cy>372</cy>
	 	 	</node>
	 	 	<node id="74" type="1">
	 	 	 	<cx>29</cx>
	 	 	 	<cy>910</cy>
	 	 	</node>
	 	 	<node id="75" type="1">
	 	 	 	<cx>356</cx>
	 	 	 	<cy>39</cy>
	 	 	</node>
	 	 	<node id="76" type="1">
	 	 	 	<cx>274</cx>
	 	 	 	<cy>943</cy>
	 	 	</node>
	 	 	<node id="77" type="1">
	 	 	 	<cx>322</cx>
	 	 	 	<cy>96</cy>
	 	 	</node>
	 	 	<node id="78" type="1">
	 	 	 	<cx>664</cx>
	 	 	 	<cy>396</cy>
	 	 	</node>
	 	 	<node id="79" type="1">
	 	 	 	<cx>704</cx>
	 	 	 	<cy>236</cy>
	 	 	</node>
	 	 	<node id="80" type="1">
	 	 	 	<cx>415</cx>
	 	 	 	<cy>837</cy>
	 	 	</node>
	 	 	<node id="81" type="1">
	 	 	 	<cx>576</cx>
	 	 	 	<cy>587</cy>
	 	 	</node>
	 	 	<node id="82" type="1">
	 	 	 	<cx>750</cx>
	 	 	 	<cy>977</cy>
	 	 	</node>
	 	 	<node id="83" type="1">
	 	 	 	<cx>726</cx>
	 	 	 	<cy>363</cy>
	 	 	</node>
	 	 	<node id="84" type="1">
	 	 	 	<cx>861</cx>
	 	 	 	<cy>948</cy>
	 	 	</node>
	 	 	<node id="85" type="1">
	 	 	 	<cx>302</cx>
	 	 	 	<cy>129</cy>
	 	 	</node>
	 	 	<node id="86" type="1">
	 	 	 	<cx>415</cx>
	 	 	 	<cy>989</cy>
	 	 	</node>
	 	 	<node id="87" type="1">
	 	 	 	<cx>199</cx>
	 	 	 	<cy>135</cy>
	 	 	</node>
	 	 	<node id="88" type="1">
	 	 	 	<cx>801</cx>
	 	 	 	<cy>405</cy>
	 	 	</node>
	 	 	<node id="89" type="1">
	 	 	 	<cx>679</cx>
	 	 	 	<cy>426</cy>
	 	 	</node>
	 	 	<node id="90" type="1">
	 	 	 	<cx>994</cx>
	 	 	 	<cy>804</cy>
	 	 	</node>
	 	 	<node id="91" type="1">
	 	 	 	<cx>311</cx>
	 	 	 	<cy>116</cy>
	 	 	</node>
	 	 	<node id="92" type="1">
	 	 	 	<cx>739</cx>
	 	 	 	<cy>898</cy>
	 	 	</node>
	 	 	<node id="93" type="1">
	 	 	 	<cx>268</cx>
	 	 	 	<cy>97</cy>
	 	 	</node>
	 	 	<node id="94" type="1">
	 	 	 	<cx>176</cx>
	 	 	 	<cy>991</cy>
	 	 	</node>
	 	 	<node id="95" type="1">
	 	 	 	<cx>688</cx>
	 	 	 	<cy>588</cy>
	 	 	</node>
	 	 	<node id="96" type="1">
	 	 	 	<cx>107</cx>
	 	 	 	<cy>836</cy>
	 	 	</node>
	 	 	<node id="97" type="1">
	 	 	 	<cx>708</cx>
	 	 	 	<cy>522</cy>
	 	 	</node>
	 	 	<node id="98" type="1">
	 	 	 	<cx>679</cx>
	 	 	 	<cy>864</cy>
	 	 	</node>
	 	 	<node id="99" type="1">
	 	 	 	<cx>985</cx>
	 	 	 	<cy>877</cy>
	 	 	</node>
	 	 	<node id="100" type="1">
	 	 	 	<cx>954</cx>
	 	 	 	<cy>950</cy>
	 	 	</node>
	 	 	<node id="101" type="1">
	 	 	 	<cx>615</cx>
	 	 	 	<cy>750</cy>
	 	 	</node>
	 	</nodes>
	 	<euclidean/>
	 	<decimals>0</decimals>
	 </network>
	 <fleet>
	 	 <vehicle_profile type="0">
	 	  	 <departure_node>1</departure_node>
	 	  	 <arrival_node>1</arrival_node>
	 	  	 <capacity>206</capacity>
	 	 </vehicle_profile>
	 </fleet>
	 <requests>
	 	 <request id="1" node="2">
	 	 	 <quantity>38</quantity>
	 	 </request>
	 	 <request id="2" node="3">
	 	 	 <quantity>51</quantity>
	 	 </request>
	 	 <request id="3" node="4">
	 	 	 <quantity>73</quantity>
	 	 </request>
	 	 <request id="4" node="5">
	 	 	 <quantity>70</quantity>
	 	 </request>
	 	 <request id="5" node="6">
	 	 	 <quantity>58</quantity>
	 	 </request>
	 	 <request id="6" node="7">
	 	 	 <quantity>54</quantity>
	 	 </request>
	 	 <request id="7" node="8">
	 	 	 <quantity>1</quantity>
	 	 </request>
	 	 <request id="8" node="9">
	 	 	 <quantity>98</quantity>
	 	 </request>
	 	 <request id="9" node="10">
	 	 	 <quantity>62</quantity>
	 	 </request>
	 	 <request id="10" node="11">
	 	 	 <quantity>98</quantity>
	 	 </request>
	 	 <request id="11" node="12">
	 	 	 <quantity>25</quantity>
	 	 </request>
	 	 <request id="12" node="13">
	 	 	 <quantity>86</quantity>
	 	 </request>
	 	 <request id="13" node="14">
	 	 	 <quantity>46</quantity>
	 	 </request>
	 	 <request id="14" node="15">
	 	 	 <quantity>27</quantity>
	 	 </request>
	 	 <request id="15" node="16">
	 	 	 <quantity>17</quantity>
	 	 </request>
	 	 <request id="16" node="17">
	 	 	 <quantity>97</quantity>
	 	 </request>
	 	 <request id="17" node="18">
	 	 	 <quantity>74</quantity>
	 	 </request>
	 	 <request id="18" node="19">
	 	 	 <quantity>81</quantity>
	 	 </request>
	 	 <request id="19" node="20">
	 	 	 <quantity>62</quantity>
	 	 </request>
	 	 <request id="20" node="21">
	 	 	 <quantity>59</quantity>
	 	 </request>
	 	 <request id="21" node="22">
	 	 	 <quantity>23</quantity>
	 	 </request>
	 	 <request id="22" node="23">
	 	 	 <quantity>62</quantity>
	 	 </request>
	 	 <request id="23" node="24">
	 	 	 <quantity>66</quantity>
	 	 </request>
	 	 <request id="24" node="25">
	 	 	 <quantity>35</quantity>
	 	 </request>
	 	 <request id="25" node="26">
	 	 	 <quantity>53</quantity>
	 	 </request>
	 	 <request id="26" node="27">
	 	 	 <quantity>18</quantity>
	 	 </request>
	 	 <request id="27" node="28">
	 	 	 <quantity>87</quantity>
	 	 </request>
	 	 <request id="28" node="29">
	 	 	 <quantity>32</quantity>
	 	 </request>
	 	 <request id="29" node="30">
	 	 	 <quantity>4</quantity>
	 	 </request>
	 	 <request id="30" node="31">
	 	 	 <quantity>61</quantity>
	 	 </request>
	 	 <request id="31" node="32">
	 	 	 <quantity>95</quantity>
	 	 </request>
	 	 <request id="32" node="33">
	 	 	 <quantity>23</quantity>
	 	 </request>
	 	 <request id="33" node="34">
	 	 	 <quantity>15</quantity>
	 	 </request>
	 	 <request id="34" node="35">
	 	 	 <quantity>5</quantity>
	 	 </request>
	 	 <request id="35" node="36">
	 	 	 <quantity>53</quantity>
	 	 </request>
	 	 <request id="36" node="37">
	 	 	 <quantity>97</quantity>
	 	 </request>
	 	 <request id="37" node="38">
	 	 	 <quantity>70</quantity>
	 	 </request>
	 	 <request id="38" node="39">
	 	 	 <quantity>32</quantity>
	 	 </request>
	 	 <request id="39" node="40">
	 	 	 <quantity>27</quantity>
	 	 </request>
	 	 <request id="40" node="41">
	 	 	 <quantity>42</quantity>
	 	 </request>
	 	 <request id="41" node="42">
	 	 	 <quantity>67</quantity>
	 	 </request>
	 	 <request id="42" node="43">
	 	 	 <quantity>76</quantity>
	 	 </request>
	 	 <request id="43" node="44">
	 	 	 <quantity>15</quantity>
	 	 </request>
	 	 <request id="44" node="45">
	 	 	 <quantity>39</quantity>
	 	 </request>
	 	 <request id="45" node="46">
	 	 	 <quantity>14</quantity>
	 	 </request>
	 	 <request id="46" node="47">
	 	 	 <quantity>43</quantity>
	 	 </request>
	 	 <request id="47" node="48">
	 	 	 <quantity>11</quantity>
	 	 </request>
	 	 <request id="48" node="49">
	 	 	 <quantity>93</quantity>
	 	 </request>
	 	 <request id="49" node="50">
	 	 	 <quantity>53</quantity>
	 	 </request>
	 	 <request id="50" node="51">
	 	 	 <quantity>44</quantity>
	 	 </request>
	 	 <request id="51" node="52">
	 	 	 <quantity>80</quantity>
	 	 </request>
	 	 <request id="52" node="53">
	 	 	 <quantity>87</quantity>
	 	 </request>
	 	 <request id="53" node="54">
	 	 	 <quantity>97</quantity>
	 	 </request>
	 	 <request id="54" node="55">
	 	 	 <quantity>67</quantity>
	 	 </request>
	 	 <request id="55" node="56">
	 	 	 <quantity>72</quantity>
	 	 </request>
	 	 <request id="56" node="57">
	 	 	 <quantity>50</quantity>
	 	 </request>
	 	 <request id="57" node="58">
	 	 	 <quantity>8</quantity>
	 	 </request>
	 	 <request id="58" node="59">
	 	 	 <quantity>58</quantity>
	 	 </request>
	 	 <request id="59" node="60">
	 	 	 <quantity>55</quantity>
	 	 </request>
	 	 <request id="60" node="61">
	 	 	 <quantity>67</quantity>
	 	 </request>
	 	 <request id="61" node="62">
	 	 	 <quantity>89</quantity>
	 	 </request>
	 	 <request id="62" node="63">
	 	 	 <quantity>38</quantity>
	 	 </request>
	 	 <request id="63" node="64">
	 	 	 <quantity>65</quantity>
	 	 </request>
	 	 <request id="64" node="65">
	 	 	 <quantity>3</quantity>
	 	 </request>
	 	 <request id="65" node="66">
	 	 	 <quantity>5</quantity>
	 	 </request>
	 	 <request id="66" node="67">
	 	 	 <quantity>46</quantity>
	 	 </request>
	 	 <request id="67" node="68">
	 	 	 <quantity>100</quantity>
	 	 </request>
	 	 <request id="68" node="69">
	 	 	 <quantity>52</quantity>
	 	 </request>
	 	 <request id="69" node="70">
	 	 	 <quantity>28</quantity>
	 	 </request>
	 	 <request id="70" node="71">
	 	 	 <quantity>96</quantity>
	 	 </request>
	 	 <request id="71" node="72">
	 	 	 <quantity>18</quantity>
	 	 </request>
	 	 <request id="72" node="73">
	 	 	 <quantity>16</quantity>
	 	 </request>
	 	 <request id="73" node="74">
	 	 	 <quantity>7</quantity>
	 	 </request>
	 	 <request id="74" node="75">
	 	 	 <quantity>73</quantity>
	 	 </request>
	 	 <request id="75" node="76">
	 	 	 <quantity>76</quantity>
	 	 </request>
	 	 <request id="76" node="77">
	 	 	 <quantity>6</quantity>
	 	 </request>
	 	 <request id="77" node="78">
	 	 	 <quantity>64</quantity>
	 	 </request>
	 	 <request id="78" node="79">
	 	 	 <quantity>39</quantity>
	 	 </request>
	 	 <request id="79" node="80">
	 	 	 <quantity>86</quantity>
	 	 </request>
	 	 <request id="80" node="81">
	 	 	 <quantity>70</quantity>
	 	 </request>
	 	 <request id="81" node="82">
	 	 	 <quantity>14</quantity>
	 	 </request>
	 	 <request id="82" node="83">
	 	 	 <quantity>83</quantity>
	 	 </request>
	 	 <request id="83" node="84">
	 	 	 <quantity>96</quantity>
	 	 </request>
	 	 <request id="84" node="85">
	 	 	 <quantity>43</quantity>
	 	 </request>
	 	 <request id="85" node="86">
	 	 	 <quantity>12</quantity>
	 	 </request>
	 	 <request id="86" node="87">
	 	 	 <quantity>73</quantity>
	 	 </request>
	 	 <request id="87" node="88">
	 	 	 <quantity>2</quantity>
	 	 </request>
	 	 <request id="88" node="89">
	 	 	 <quantity>21</quantity>
	 	 </request>
	 	 <request id="89" node="90">
	 	 	 <quantity>18</quantity>
	 	 </request>
	 	 <request id="90" node="91">
	 	 	 <quantity>55</quantity>
	 	 </request>
	 	 <request id="91" node="92">
	 	 	 <quantity>75</quantity>
	 	 </request>
	 	 <request id="92" node="93">
	 	 	 <quantity>68</quantity>
	 	 </request>
	 	 <request id="93" node="94">
	 	 	 <quantity>100</quantity>
	 	 </request>
	 	 <request id="94" node="95">
	 	 	 <quantity>61</quantity>
	 	 </request>
	 	 <request id="95" node="96">
	 	 	 <quantity>24</quantity>
	 	 </request>
	 	 <request id="96" node="97">
	 	 	 <quantity>40</quantity>
	 	 </request>
	 	 <request id="97" node="98">
	 	 	 <quantity>48</quantity>
	 	 </request>
	 	 <request id="98" node="99">
	 	 	 <quantity>51</quantity>
	 	 </request>
	 	 <request id="99" node="100">
	 	 	 <quantity>78</quantity>
	 	 </request>
	 	 <request id="100" node="101">
	 	 	 <quantity>35</quantity>
	 	 </request>
	 </requests>
</instance>
