<?xml version="1.0" encoding="UTF-8" standalone="yes"?>
<instance>
	<info>
	 	<dataset>Uchoa 2014 — Set X</dataset>
	 	<name>X-n129-k18</name>
	</info>
	<network>
	 	<nodes>
	 	 	<node id="1" type="1">
	 	 	 	<cx>0</cx>
	 	 	 	<cy>0</cy>
	 	 	</node>
	 	 	<node id="2" type="1">
	 	 	 	<cx>51</cx>
	 	 	 	<cy>570</cy>
	 	 	</node>
	 	 	<node id="3" type="1">
	 	 	 	<cx>691</cx>
	 	 	 	<cy>985</cy>
	 	 	</node>
	 	 	<node id="4" type="1">
	 	 	 	<cx>66</cx>
	 	 	 	<cy>119</cy>
	 	 	</node>
	 	 	<node id="5" type="1">
	 	 	 	<cx>502</cx>
	 	 	 	<cy>415</cy>
	 	 	</node>
	 	 	<node id="6" type="1">
	 	 	 	<cx>434</cx>
	 	 	 	<cy>289</cy>
	 	 	</node>
	 	 	<node id="7" type="1">
	 	 	 	<cx>427</cx>
	 	 	 	<cy>584</cy>
	 	 	</node>
	 	 	<node id="8" type="1">
	 	 	 	<cx>342</cx>
	 	 	 	<cy>576</cy>
	 	 	</node>
	 	 	<node id="9" type="1">
	 	 	 	<cx>790</cx>
	 	 	 	<cy>87</cy>
	 	 	</node>
	 	 	<node id="10" type="1">
	 	 	 	<cx>312</cx>
	 	 	 	<cy>475</cy>
	 	 	</node>
	 	 	<node id="11" type="1">
	 	 	 	<cx>908</cx>
	 	 	 	<cy>531</cy>
	 	 	</node>
	 	 	<node id="12" type="1">
	 	 	 	<cx>840</cx>
	 	 	 	<cy>566</cy>
	 	 	</node>
	 	 	<node id="13" type="1">
	 	 	 	<cx>863</cx>
	 	 	 	<cy>232</cy>
	 	 	</node>
	 	 	<node id="14" type="1">
	 	 	 	<cx>284</cx>
	 	 	 	<cy>833</cy>
	 	 	</node>
	 	 	<node id="15" type="1">
	 	 	 	<cx>515</cx>
	 	 	 	<cy>175</cy>
	 	 	</node>
	 	 	<node id="16" type="1">
	 	 	 	<cx>9</cx>
	 	 	 	<cy>243</cy>
	 	 	</node>
	 	 	<node id="17" type="1">
	 	 	 	<cx>768</cx>
	 	 	 	<cy>209</cy>
	 	 	</node>
	 	 	<node id="18" type="1">
	 	 	 	<cx>777</cx>
	 	 	 	<cy>582</cy>
	 	 	</node>
	 	 	<node id="19" type="1">
	 	 	 	<cx>84</cx>
	 	 	 	<cy>508</cy>
	 	 	</node>
	 	 	<node id="20" type="1">
	 	 	 	<cx>380</cx>
	 	 	 	<cy>523</cy>
	 	 	</node>
	 	 	<node id="21" type="1">
	 	 	 	<cx>255</cx>
	 	 	 	<cy>267</cy>
	 	 	</node>
	 	 	<node id="22" type="1">
	 	 	 	<cx>544</cx>
	 	 	 	<cy>961</cy>
	 	 	</node>
	 	 	<node id="23" type="1">
	 	 	 	<cx>408</cx>
	 	 	 	<cy>661</cy>
	 	 	</node>
	 	 	<node id="24" type="1">
	 	 	 	<cx>57</cx>
	 	 	 	<cy>588</cy>
	 	 	</node>
	 	 	<node id="25" type="1">
	 	 	 	<cx>278</cx>
	 	 	 	<cy>44</cy>
	 	 	</node>
	 	 	<node id="26" type="1">
	 	 	 	<cx>168</cx>
	 	 	 	<cy>722</cy>
	 	 	</node>
	 	 	<node id="27" type="1">
	 	 	 	<cx>726</cx>
	 	 	 	<cy>406</cy>
	 	 	</node>
	 	 	<node id="28" type="1">
	 	 	 	<cx>223</cx>
	 	 	 	<cy>385</cy>
	 	 	</node>
	 	 	<node id="29" type="1">
	 	 	 	<cx>495</cx>
	 	 	 	<cy>70</cy>
	 	 	</node>
	 	 	<node id="30" type="1">
	 	 	 	<cx>560</cx>
	 	 	 	<cy>632</cy>
	 	 	</node>
	 	 	<node id="31" type="1">
	 	 	 	<cx>235</cx>
	 	 	 	<cy>655</cy>
	 	 	</node>
	 	 	<node id="32" type="1">
	 	 	 	<cx>643</cx>
	 	 	 	<cy>127</cy>
	 	 	</node>
	 	 	<node id="33" type="1">
	 	 	 	<cx>765</cx>
	 	 	 	<cy>267</cy>
	 	 	</node>
	 	 	<node id="34" type="1">
	 	 	 	<cx>459</cx>
	 	 	 	<cy>976</cy>
	 	 	</node>
	 	 	<node id="35" type="1">
	 	 	 	<cx>585</cx>
	 	 	 	<cy>962</cy>
	 	 	</node>
	 	 	<node id="36" type="1">
	 	 	 	<cx>154</cx>
	 	 	 	<cy>796</cy>
	 	 	</node>
	 	 	<node id="37" type="1">
	 	 	 	<cx>650</cx>
	 	 	 	<cy>444</cy>
	 	 	</node>
	 	 	<node id="38" type="1">
	 	 	 	<cx>931</cx>
	 	 	 	<cy>52</cy>
	 	 	</node>
	 	 	<node id="39" type="1">
	 	 	 	<cx>377</cx>
	 	 	 	<cy>19</cy>
	 	 	</node>
	 	 	<node id="40" type="1">
	 	 	 	<cx>178</cx>
	 	 	 	<cy>633</cy>
	 	 	</node>
	 	 	<node id="41" type="1">
	 	 	 	<cx>917</cx>
	 	 	 	<cy>803</cy>
	 	 	</node>
	 	 	<node id="42" type="1">
	 	 	 	<cx>871</cx>
	 	 	 	<cy>677</cy>
	 	 	</node>
	 	 	<node id="43" type="1">
	 	 	 	<cx>667</cx>
	 	 	 	<cy>164</cy>
	 	 	</node>
	 	 	<node id="44" type="1">
	 	 	 	<cx>208</cx>
	 	 	 	<cy>651</cy>
	 	 	</node>
	 	 	<node id="45" type="1">
	 	 	 	<cx>35</cx>
	 	 	 	<cy>437</cy>
	 	 	</node>
	 	 	<node id="46" type="1">
	 	 	 	<cx>503</cx>
	 	 	 	<cy>680</cy>
	 	 	</node>
	 	 	<node id="47" type="1">
	 	 	 	<cx>462</cx>
	 	 	 	<cy>870</cy>
	 	 	</node>
	 	 	<node id="48" type="1">
	 	 	 	<cx>322</cx>
	 	 	 	<cy>123</cy>
	 	 	</node>
	 	 	<node id="49" type="1">
	 	 	 	<cx>677</cx>
	 	 	 	<cy>829</cy>
	 	 	</node>
	 	 	<node id="50" type="1">
	 	 	 	<cx>878</cx>
	 	 	 	<cy>407</cy>
	 	 	</node>
	 	 	<node id="51" type="1">
	 	 	 	<cx>223</cx>
	 	 	 	<cy>251</cy>
	 	 	</node>
	 	 	<node id="52" type="1">
	 	 	 	<cx>671</cx>
	 	 	 	<cy>94</cy>
	 	 	</node>
	 	 	<node id="53" type="1">
	 	 	 	<cx>218</cx>
	 	 	 	<cy>351</cy>
	 	 	</node>
	 	 	<node id="54" type="1">
	 	 	 	<cx>375</cx>
	 	 	 	<cy>220</cy>
	 	 	</node>
	 	 	<node id="55" type="1">
	 	 	 	<cx>367</cx>
	 	 	 	<cy>567</cy>
	 	 	</node>
	 	 	<node id="56" type="1">
	 	 	 	<cx>986</cx>
	 	 	 	<cy>869</cy>
	 	 	</node>
	 	 	<node id="57" type="1">
	 	 	 	<cx>236</cx>
	 	 	 	<cy>769</cy>
	 	 	</node>
	 	 	<node id="58" type="1">
	 	 	 	<cx>202</cx>
	 	 	 	<cy>998</cy>
	 	 	</node>
	 	 	<node id="59" type="1">
	 	 	 	<cx>761</cx>
	 	 	 	<cy>712</cy>
	 	 	</node>
	 	 	<node id="60" type="1">
	 	 	 	<cx>75</cx>
	 	 	 	<cy>520</cy>
	 	 	</node>
	 	 	<node id="61" type="1">
	 	 	 	<cx>14</cx>
	 	 	 	<cy>737</cy>
	 	 	</node>
	 	 	<node id="62" type="1">
	 	 	 	<cx>895</cx>
	 	 	 	<cy>632</cy>
	 	 	</node>
	 	 	<node id="63" type="1">
	 	 	 	<cx>224</cx>
	 	 	 	<cy>725</cy>
	 	 	</node>
	 	 	<node id="64" type="1">
	 	 	 	<cx>328</cx>
	 	 	 	<cy>387</cy>
	 	 	</node>
	 	 	<node id="65" type="1">
	 	 	 	<cx>36</cx>
	 	 	 	<cy>300</cy>
	 	 	</node>
	 	 	<node id="66" type="1">
	 	 	 	<cx>817</cx>
	 	 	 	<cy>531</cy>
	 	 	</node>
	 	 	<node id="67" type="1">
	 	 	 	<cx>31</cx>
	 	 	 	<cy>283</cy>
	 	 	</node>
	 	 	<node id="68" type="1">
	 	 	 	<cx>209</cx>
	 	 	 	<cy>574</cy>
	 	 	</node>
	 	 	<node id="69" type="1">
	 	 	 	<cx>490</cx>
	 	 	 	<cy>395</cy>
	 	 	</node>
	 	 	<node id="70" type="1">
	 	 	 	<cx>659</cx>
	 	 	 	<cy>121</cy>
	 	 	</node>
	 	 	<node id="71" type="1">
	 	 	 	<cx>410</cx>
	 	 	 	<cy>207</cy>
	 	 	</node>
	 	 	<node id="72" type="1">
	 	 	 	<cx>761</cx>
	 	 	 	<cy>450</cy>
	 	 	</node>
	 	 	<node id="73" type="1">
	 	 	 	<cx>768</cx>
	 	 	 	<cy>348</cy>
	 	 	</node>
	 	 	<node id="74" type="1">
	 	 	 	<cx>873</cx>
	 	 	 	<cy>349</cy>
	 	 	</node>
	 	 	<node id="75" type="1">
	 	 	 	<cx>439</cx>
	 	 	 	<cy>179</cy>
	 	 	</node>
	 	 	<node id="76" type="1">
	 	 	 	<cx>51</cx>
	 	 	 	<cy>269</cy>
	 	 	</node>
	 	 	<node id="77" type="1">
	 	 	 	<cx>886</cx>
	 	 	 	<cy>558</cy>
	 	 	</node>
	 	 	<node id="78" type="1">
	 	 	 	<cx>151</cx>
	 	 	 	<cy>752</cy>
	 	 	</node>
	 	 	<node id="79" type="1">
	 	 	 	<cx>208</cx>
	 	 	 	<cy>186</cy>
	 	 	</node>
	 	 	<node id="80" type="1">
	 	 	 	<cx>897</cx>
	 	 	 	<cy>547</cy>
	 	 	</node>
	 	 	<node id="81" type="1">
	 	 	 	<cx>469</cx>
	 	 	 	<cy>396</cy>
	 	 	</node>
	 	 	<node id="82" type="1">
	 	 	 	<cx>607</cx>
	 	 	 	<cy>437</cy>
	 	 	</node>
	 	 	<node id="83" type="1">
	 	 	 	<cx>202</cx>
	 	 	 	<cy>433</cy>
	 	 	</node>
	 	 	<node id="84" type="1">
	 	 	 	<cx>642</cx>
	 	 	 	<cy>100</cy>
	 	 	</node>
	 	 	<node id="85" type="1">
	 	 	 	<cx>180</cx>
	 	 	 	<cy>703</cy>
	 	 	</node>
	 	 	<node id="86" type="1">
	 	 	 	<cx>873</cx>
	 	 	 	<cy>595</cy>
	 	 	</node>
	 	 	<node id="87" type="1">
	 	 	 	<cx>103</cx>
	 	 	 	<cy>184</cy>
	 	 	</node>
	 	 	<node id="88" type="1">
	 	 	 	<cx>466</cx>
	 	 	 	<cy>416</cy>
	 	 	</node>
	 	 	<node id="89" type="1">
	 	 	 	<cx>124</cx>
	 	 	 	<cy>311</cy>
	 	 	</node>
	 	 	<node id="90" type="1">
	 	 	 	<cx>71</cx>
	 	 	 	<cy>321</cy>
	 	 	</node>
	 	 	<node id="91" type="1">
	 	 	 	<cx>8</cx>
	 	 	 	<cy>357</cy>
	 	 	</node>
	 	 	<node id="92" type="1">
	 	 	 	<cx>51</cx>
	 	 	 	<cy>200</cy>
	 	 	</node>
	 	 	<node id="93" type="1">
	 	 	 	<cx>899</cx>
	 	 	 	<cy>471</cy>
	 	 	</node>
	 	 	<node id="94" type="1">
	 	 	 	<cx>67</cx>
	 	 	 	<cy>236</cy>
	 	 	</node>
	 	 	<node id="95" type="1">
	 	 	 	<cx>482</cx>
	 	 	 	<cy>432</cy>
	 	 	</node>
	 	 	<node id="96" type="1">
	 	 	 	<cx>991</cx>
	 	 	 	<cy>388</cy>
	 	 	</node>
	 	 	<node id="97" type="1">
	 	 	 	<cx>933</cx>
	 	 	 	<cy>309</cy>
	 	 	</node>
	 	 	<node id="98" type="1">
	 	 	 	<cx>649</cx>
	 	 	 	<cy>131</cy>
	 	 	</node>
	 	 	<node id="99" type="1">
	 	 	 	<cx>497</cx>
	 	 	 	<cy>404</cy>
	 	 	</node>
	 	 	<node id="100" type="1">
	 	 	 	<cx>626</cx>
	 	 	 	<cy>195</cy>
	 	 	</node>
	 	 	<node id="101" type="1">
	 	 	 	<cx>807</cx>
	 	 	 	<cy>375</cy>
	 	 	</node>
	 	 	<node id="102" type="1">
	 	 	 	<cx>776</cx>
	 	 	 	<cy>626</cy>
	 	 	</node>
	 	 	<node id="103" type="1">
	 	 	 	<cx>624</cx>
	 	 	 	<cy>275</cy>
	 	 	</node>
	 	 	<node id="104" type="1">
	 	 	 	<cx>55</cx>
	 	 	 	<cy>288</cy>
	 	 	</node>
	 	 	<node id="105" type="1">
	 	 	 	<cx>877</cx>
	 	 	 	<cy>515</cy>
	 	 	</node>
	 	 	<node id="106" type="1">
	 	 	 	<cx>821</cx>
	 	 	 	<cy>533</cy>
	 	 	</node>
	 	 	<node id="107" type="1">
	 	 	 	<cx>456</cx>
	 	 	 	<cy>317</cy>
	 	 	</node>
	 	 	<node id="108" type="1">
	 	 	 	<cx>625</cx>
	 	 	 	<cy>410</cy>
	 	 	</node>
	 	 	<node id="109" type="1">
	 	 	 	<cx>783</cx>
	 	 	 	<cy>403</cy>
	 	 	</node>
	 	 	<node id="110" type="1">
	 	 	 	<cx>662</cx>
	 	 	 	<cy>97</cy>
	 	 	</node>
	 	 	<node id="111" type="1">
	 	 	 	<cx>733</cx>
	 	 	 	<cy>533</cy>
	 	 	</node>
	 	 	<node id="112" type="1">
	 	 	 	<cx>499</cx>
	 	 	 	<cy>470</cy>
	 	 	</node>
	 	 	<node id="113" type="1">
	 	 	 	<cx>766</cx>
	 	 	 	<cy>340</cy>
	 	 	</node>
	 	 	<node id="114" type="1">
	 	 	 	<cx>206</cx>
	 	 	 	<cy>385</cy>
	 	 	</node>
	 	 	<node id="115" type="1">
	 	 	 	<cx>822</cx>
	 	 	 	<cy>285</cy>
	 	 	</node>
	 	 	<node id="116" type="1">
	 	 	 	<cx>571</cx>
	 	 	 	<cy>304</cy>
	 	 	</node>
	 	 	<node id="117" type="1">
	 	 	 	<cx>934</cx>
	 	 	 	<cy>461</cy>
	 	 	</node>
	 	 	<node id="118" type="1">
	 	 	 	<cx>533</cx>
	 	 	 	<cy>242</cy>
	 	 	</node>
	 	 	<node id="119" type="1">
	 	 	 	<cx>442</cx>
	 	 	 	<cy>24</cy>
	 	 	</node>
	 	 	<node id="120" type="1">
	 	 	 	<cx>303</cx>
	 	 	 	<cy>249</cy>
	 	 	</node>
	 	 	<node id="121" type="1">
	 	 	 	<cx>675</cx>
	 	 	 	<cy>92</cy>
	 	 	</node>
	 	 	<node id="122" type="1">
	 	 	 	<cx>467</cx>
	 	 	 	<cy>432</cy>
	 	 	</node>
	 	 	<node id="123" type="1">
	 	 	 	<cx>575</cx>
	 	 	 	<cy>338</cy>
	 	 	</node>
	 	 	<node id="124" type="1">
	 	 	 	<cx>385</cx>
	 	 	 	<cy>239</cy>
	 	 	</node>
	 	 	<node id="125" type="1">
	 	 	 	<cx>272</cx>
	 	 	 	<cy>512</cy>
	 	 	</node>
	 	 	<node id="126" type="1">
	 	 	 	<cx>567</cx>
	 	 	 	<cy>124</cy>
	 	 	</node>
	 	 	<node id="127" type="1">
	 	 	 	<cx>738</cx>
	 	 	 	<cy>447</cy>
	 	 	</node>
	 	 	<node id="128" type="1">
	 	 	 	<cx>379</cx>
	 	 	 	<cy>165</cy>
	 	 	</node>
	 	 	<node id="129" type="1">
	 	 	 	<cx>610</cx>
	 	 	 	<cy>408</cy>
	 	 	</node>
	 	</nodes>
	 	<euclidean/>
	 	<decimals>0</decimals>
	 </network>
	 <fleet>
	 	 <vehicle_profile type="0">
	 	  	 <departure_node>1</departure_node>
	 	  	 <arrival_node>1</arrival_node>
	 	  	 <capacity>39</capacity>
	 	 </vehicle_profile>
	 </fleet>
	 <requests>
	 	 <request id="1" node="2">
	 	 	 <quantity>9</quantity>
	 	 </request>
	 	 <request id="2" node="3">
	 	 	 <quantity>8</quantity>
	 	 </request>
	 	 <request id="3" node="4">
	 	 	 <quantity>8</quantity>
	 	 </request>
	 	 <request id="4" node="5">
	 	 	 <quantity>4</quantity>
	 	 </request>
	 	 <request id="5" node="6">
	 	 	 <quantity>4</quantity>
	 	 </request>
	 	 <request id="6" node="7">
	 	 	 <quantity>3</quantity>
	 	 </request>
	 	 <request id="7" node="8">
	 	 	 <quantity>6</quantity>
	 	 </request>
	 	 <request id="8" node="9">
	 	 	 <quantity>10</quantity>
	 	 </request>
	 	 <request id="9" node="10">
	 	 	 <quantity>8</quantity>
	 	 </request>
	 	 <request id="10" node="11">
	 	 	 <quantity>8</quantity>
	 	 </request>
	 	 <request id="11" node="12">
	 	 	 <quantity>3</quantity>
	 	 </request>
	 	 <request id="12" node="13">
	 	 	 <quantity>2</quantity>
	 	 </request>
	 	 <request id="13" node="14">
	 	 	 <quantity>8</quantity>
	 	 </request>
	 	 <request id="14" node="15">
	 	 	 <quantity>4</quantity>
	 	 </request>
	 	 <request id="15" node="16">
	 	 	 <quantity>9</quantity>
	 	 </request>
	 	 <request id="16" node="17">
	 	 	 <quantity>4</quantity>
	 	 </request>
	 	 <request id="17" node="18">
	 	 	 <quantity>6</quantity>
	 	 </request>
	 	 <request id="18" node="19">
	 	 	 <quantity>5</quantity>
	 	 </request>
	 	 <request id="19" node="20">
	 	 	 <quantity>1</quantity>
	 	 </request>
	 	 <request id="20" node="21">
	 	 	 <quantity>2</quantity>
	 	 </request>
	 	 <request id="21" node="22">
	 	 	 <quantity>2</quantity>
	 	 </request>
	 	 <request id="22" node="23">
	 	 	 <quantity>4</quantity>
	 	 </request>
	 	 <request id="23" node="24">
	 	 	 <quantity>2</quantity>
	 	 </request>
	 	 <request id="24" node="25">
	 	 	 <quantity>3</quantity>
	 	 </request>
	 	 <request id="25" node="26">
	 	 	 <quantity>6</quantity>
	 	 </request>
	 	 <request id="26" node="27">
	 	 	 <quantity>7</quantity>
	 	 </request>
	 	 <request id="27" node="28">
	 	 	 <quantity>8</quantity>
	 	 </request>
	 	 <request id="28" node="29">
	 	 	 <quantity>9</quantity>
	 	 </request>
	 	 <request id="29" node="30">
	 	 	 <quantity>8</quantity>
	 	 </request>
	 	 <request id="30" node="31">
	 	 	 <quantity>7</quantity>
	 	 </request>
	 	 <request id="31" node="32">
	 	 	 <quantity>9</quantity>
	 	 </request>
	 	 <request id="32" node="33">
	 	 	 <quantity>5</quantity>
	 	 </request>
	 	 <request id="33" node="34">
	 	 	 <quantity>4</quantity>
	 	 </request>
	 	 <request id="34" node="35">
	 	 	 <quantity>8</quantity>
	 	 </request>
	 	 <request id="35" node="36">
	 	 	 <quantity>2</quantity>
	 	 </request>
	 	 <request id="36" node="37">
	 	 	 <quantity>8</quantity>
	 	 </request>
	 	 <request id="37" node="38">
	 	 	 <quantity>8</quantity>
	 	 </request>
	 	 <request id="38" node="39">
	 	 	 <quantity>9</quantity>
	 	 </request>
	 	 <request id="39" node="40">
	 	 	 <quantity>10</quantity>
	 	 </request>
	 	 <request id="40" node="41">
	 	 	 <quantity>9</quantity>
	 	 </request>
	 	 <request id="41" node="42">
	 	 	 <quantity>5</quantity>
	 	 </request>
	 	 <request id="42" node="43">
	 	 	 <quantity>1</quantity>
	 	 </request>
	 	 <request id="43" node="44">
	 	 	 <quantity>3</quantity>
	 	 </request>
	 	 <request id="44" node="45">
	 	 	 <quantity>10</quantity>
	 	 </request>
	 	 <request id="45" node="46">
	 	 	 <quantity>10</quantity>
	 	 </request>
	 	 <request id="46" node="47">
	 	 	 <quantity>2</quantity>
	 	 </request>
	 	 <request id="47" node="48">
	 	 	 <quantity>10</quantity>
	 	 </request>
	 	 <request id="48" node="49">
	 	 	 <quantity>4</quantity>
	 	 </request>
	 	 <request id="49" node="50">
	 	 	 <quantity>6</quantity>
	 	 </request>
	 	 <request id="50" node="51">
	 	 	 <quantity>7</quantity>
	 	 </request>
	 	 <request id="51" node="52">
	 	 	 <quantity>3</quantity>
	 	 </request>
	 	 <request id="52" node="53">
	 	 	 <quantity>7</quantity>
	 	 </request>
	 	 <request id="53" node="54">
	 	 	 <quantity>3</quantity>
	 	 </request>
	 	 <request id="54" node="55">
	 	 	 <quantity>3</quantity>
	 	 </request>
	 	 <request id="55" node="56">
	 	 	 <quantity>6</quantity>
	 	 </request>
	 	 <request id="56" node="57">
	 	 	 <quantity>5</quantity>
	 	 </request>
	 	 <request id="57" node="58">
	 	 	 <quantity>4</quantity>
	 	 </request>
	 	 <request id="58" node="59">
	 	 	 <quantity>1</quantity>
	 	 </request>
	 	 <request id="59" node="60">
	 	 	 <quantity>6</quantity>
	 	 </request>
	 	 <request id="60" node="61">
	 	 	 <quantity>10</quantity>
	 	 </request>
	 	 <request id="61" node="62">
	 	 	 <quantity>3</quantity>
	 	 </request>
	 	 <request id="62" node="63">
	 	 	 <quantity>5</quantity>
	 	 </request>
	 	 <request id="63" node="64">
	 	 	 <quantity>3</quantity>
	 	 </request>
	 	 <request id="64" node="65">
	 	 	 <quantity>1</quantity>
	 	 </request>
	 	 <request id="65" node="66">
	 	 	 <quantity>9</quantity>
	 	 </request>
	 	 <request id="66" node="67">
	 	 	 <quantity>2</quantity>
	 	 </request>
	 	 <request id="67" node="68">
	 	 	 <quantity>8</quantity>
	 	 </request>
	 	 <request id="68" node="69">
	 	 	 <quantity>9</quantity>
	 	 </request>
	 	 <request id="69" node="70">
	 	 	 <quantity>2</quantity>
	 	 </request>
	 	 <request id="70" node="71">
	 	 	 <quantity>4</quantity>
	 	 </request>
	 	 <request id="71" node="72">
	 	 	 <quantity>7</quantity>
	 	 </request>
	 	 <request id="72" node="73">
	 	 	 <quantity>10</quantity>
	 	 </request>
	 	 <request id="73" node="74">
	 	 	 <quantity>7</quantity>
	 	 </request>
	 	 <request id="74" node="75">
	 	 	 <quantity>1</quantity>
	 	 </request>
	 	 <request id="75" node="76">
	 	 	 <quantity>7</quantity>
	 	 </request>
	 	 <request id="76" node="77">
	 	 	 <quantity>1</quantity>
	 	 </request>
	 	 <request id="77" node="78">
	 	 	 <quantity>5</quantity>
	 	 </request>
	 	 <request id="78" node="79">
	 	 	 <quantity>4</quantity>
	 	 </request>
	 	 <request id="79" node="80">
	 	 	 <quantity>1</quantity>
	 	 </request>
	 	 <request id="80" node="81">
	 	 	 <quantity>5</quantity>
	 	 </request>
	 	 <request id="81" node="82">
	 	 	 <quantity>10</quantity>
	 	 </request>
	 	 <request id="82" node="83">
	 	 	 <quantity>10</quantity>
	 	 </request>
	 	 <request id="83" node="84">
	 	 	 <quantity>2</quantity>
	 	 </request>
	 	 <request id="84" node="85">
	 	 	 <quantity>4</quantity>
	 	 </request>
	 	 <request id="85" node="86">
	 	 	 <quantity>2</quantity>
	 	 </request>
	 	 <request id="86" node="87">
	 	 	 <quantity>2</quantity>
	 	 </request>
	 	 <request id="87" node="88">
	 	 	 <quantity>2</quantity>
	 	 </request>
	 	 <request id="88" node="89">
	 	 	 <quantity>6</quantity>
	 	 </request>
	 	 <request id="89" node="90">
	 	 	 <quantity>7</quantity>
	 	 </request>
	 	 <request id="90" node="91">
	 	 	 <quantity>6</quantity>
	 	 </request>
	 	 <request id="91" node="92">
	 	 	 <quantity>8</quantity>
	 	 </request>
	 	 <request id="92" node="93">
	 	 	 <quantity>3</quantity>
	 	 </request>
	 	 <request id="93" node="94">
	 	 	 <quantity>1</quantity>
	 	 </request>
	 	 <request id="94" node="95">
	 	 	 <quantity>2</quantity>
	 	 </request>
	 	 <request id="95" node="96">
	 	 	 <quantity>1</quantity>
	 	 </request>
	 	 <request id="96" node="97">
	 	 	 <quantity>9</quantity>
	 	 </request>
	 	 <request id="97" node="98">
	 	 	 <quantity>1</quantity>
	 	 </request>
	 	 <request id="98" node="99">
	 	 	 <quantity>6</quantity>
	 	 </request>
	 	 <request id="99" node="100">
	 	 	 <quantity>5</quantity>
	 	 </request>
	 	 <request id="100" node="101">
	 	 	 <quantity>6</quantity>
	 	 </request>
	 	 <request id="101" node="102">
	 	 	 <quantity>1</quantity>
	 	 </request>
	 	 <request id="102" node="103">
	 	 	 <quantity>1</quantity>
	 	 </request>
	 	 <request id="103" node="104">
	 	 	 <quantity>3</quantity>
	 	 </request>
	 	 <request id="104" node="105">
	 	 	 <quantity>7</quantity>
	 	 </request>
	 	 <request id="105" node="106">
	 	 	 <quantity>2</quantity>
	 	 </request>
	 	 <request id="106" node="107">
	 	 	 <quantity>4</quantity>
	 	 </request>
	 	 <request id="107" node="108">
	 	 	 <quantity>4</quantity>
	 	 </request>
	 	 <request id="108" node="109">
	 	 	 <quantity>4</quantity>
	 	 </request>
	 	 <request id="109" node="110">
	 	 	 <quantity>6</quantity>
	 	 </request>
	 	 <request id="110" node="111">
	 	 	 <quantity>2</quantity>
	 	 </request>
	 	 <request id="111" node="112">
	 	 	 <quantity>9</quantity>
	 	 </request>
	 	 <request id="112" node="113">
	 	 	 <quantity>9</quantity>
	 	 </request>
	 	 <request id="113" node="114">
	 	 	 <quantity>5</quantity>
	 	 </request>
	 	 <request id="114" node="115">
	 	 	 <quantity>1</quantity>
	 	 </request>
	 	 <request id="115" node="116">
	 	 	 <quantity>9</quantity>
	 	 </request>
	 	 <request id="116" node="117">
	 	 	 <quantity>1</quantity>
	 	 </request>
	 	 <request id="117" node="118">
	 	 	 <quantity>10</quantity>
	 	 </request>
	 	 <request id="118" node="119">
	 	 	 <quantity>4</quantity>
	 	 </request>
	 	 <request id="119" node="120">
	 	 	 <quantity>4</quantity>
	 	 </request>
	 	 <request id="120" node="121">
	 	 	 <quantity>10</quantity>
	 	 </request>
	 	 <request id="121" node="122">
	 	 	 <quantity>1</quantity>
	 	 </request>
	 	 <request id="122" node="123">
	 	 	 <quantity>6</quantity>
	 	 </request>
	 	 <request id="123" node="124">
	 	 	 <quantity>2</quantity>
	 	 </request>
	 	 <request id="124" node="125">
	 	 	 <quantity>9</quantity>
	 	 </request>
	 	 <request id="125" node="126">
	 	 	 <quantity>7</quantity>
	 	 </request>
	 	 <request id="126" node="127">
	 	 	 <quantity>1</quantity>
	 	 </request>
	 	 <request id="127" node="128">
	 	 	 <quantity>7</quantity>
	 	 </request>
	 	 <request id="128" node="129">
	 	 	 <quantity>3</quantity>
	 	 </request>
	 </requests>
</instance>
