<?xml version="1.0" encoding="UTF-8" standalone="yes"?>
<instance>
	<info>
	 	<dataset>Uchoa 2014 — Set X</dataset>
	 	<name>X-n214-k11</name>
	</info>
	<network>
	 	<nodes>
	 	 	<node id="1" type="1">
	 	 	 	<cx>500</cx>
	 	 	 	<cy>500</cy>
	 	 	</node>
	 	 	<node id="2" type="1">
	 	 	 	<cx>753</cx>
	 	 	 	<cy>355</cy>
	 	 	</node>
	 	 	<node id="3" type="1">
	 	 	 	<cx>663</cx>
	 	 	 	<cy>83</cy>
	 	 	</node>
	 	 	<node id="4" type="1">
	 	 	 	<cx>725</cx>
	 	 	 	<cy>286</cy>
	 	 	</node>
	 	 	<node id="5" type="1">
	 	 	 	<cx>581</cx>
	 	 	 	<cy>444</cy>
	 	 	</node>
	 	 	<node id="6" type="1">
	 	 	 	<cx>700</cx>
	 	 	 	<cy>205</cy>
	 	 	</node>
	 	 	<node id="7" type="1">
	 	 	 	<cx>630</cx>
	 	 	 	<cy>475</cy>
	 	 	</node>
	 	 	<node id="8" type="1">
	 	 	 	<cx>560</cx>
	 	 	 	<cy>407</cy>
	 	 	</node>
	 	 	<node id="9" type="1">
	 	 	 	<cx>848</cx>
	 	 	 	<cy>374</cy>
	 	 	</node>
	 	 	<node id="10" type="1">
	 	 	 	<cx>752</cx>
	 	 	 	<cy>315</cy>
	 	 	</node>
	 	 	<node id="11" type="1">
	 	 	 	<cx>454</cx>
	 	 	 	<cy>310</cy>
	 	 	</node>
	 	 	<node id="12" type="1">
	 	 	 	<cx>685</cx>
	 	 	 	<cy>227</cy>
	 	 	</node>
	 	 	<node id="13" type="1">
	 	 	 	<cx>747</cx>
	 	 	 	<cy>468</cy>
	 	 	</node>
	 	 	<node id="14" type="1">
	 	 	 	<cx>540</cx>
	 	 	 	<cy>348</cy>
	 	 	</node>
	 	 	<node id="15" type="1">
	 	 	 	<cx>882</cx>
	 	 	 	<cy>346</cy>
	 	 	</node>
	 	 	<node id="16" type="1">
	 	 	 	<cx>762</cx>
	 	 	 	<cy>228</cy>
	 	 	</node>
	 	 	<node id="17" type="1">
	 	 	 	<cx>884</cx>
	 	 	 	<cy>307</cy>
	 	 	</node>
	 	 	<node id="18" type="1">
	 	 	 	<cx>681</cx>
	 	 	 	<cy>274</cy>
	 	 	</node>
	 	 	<node id="19" type="1">
	 	 	 	<cx>761</cx>
	 	 	 	<cy>254</cy>
	 	 	</node>
	 	 	<node id="20" type="1">
	 	 	 	<cx>791</cx>
	 	 	 	<cy>205</cy>
	 	 	</node>
	 	 	<node id="21" type="1">
	 	 	 	<cx>699</cx>
	 	 	 	<cy>559</cy>
	 	 	</node>
	 	 	<node id="22" type="1">
	 	 	 	<cx>694</cx>
	 	 	 	<cy>352</cy>
	 	 	</node>
	 	 	<node id="23" type="1">
	 	 	 	<cx>679</cx>
	 	 	 	<cy>11</cy>
	 	 	</node>
	 	 	<node id="24" type="1">
	 	 	 	<cx>656</cx>
	 	 	 	<cy>446</cy>
	 	 	</node>
	 	 	<node id="25" type="1">
	 	 	 	<cx>428</cx>
	 	 	 	<cy>487</cy>
	 	 	</node>
	 	 	<node id="26" type="1">
	 	 	 	<cx>838</cx>
	 	 	 	<cy>395</cy>
	 	 	</node>
	 	 	<node id="27" type="1">
	 	 	 	<cx>554</cx>
	 	 	 	<cy>590</cy>
	 	 	</node>
	 	 	<node id="28" type="1">
	 	 	 	<cx>567</cx>
	 	 	 	<cy>250</cy>
	 	 	</node>
	 	 	<node id="29" type="1">
	 	 	 	<cx>769</cx>
	 	 	 	<cy>381</cy>
	 	 	</node>
	 	 	<node id="30" type="1">
	 	 	 	<cx>753</cx>
	 	 	 	<cy>20</cy>
	 	 	</node>
	 	 	<node id="31" type="1">
	 	 	 	<cx>710</cx>
	 	 	 	<cy>296</cy>
	 	 	</node>
	 	 	<node id="32" type="1">
	 	 	 	<cx>653</cx>
	 	 	 	<cy>489</cy>
	 	 	</node>
	 	 	<node id="33" type="1">
	 	 	 	<cx>711</cx>
	 	 	 	<cy>447</cy>
	 	 	</node>
	 	 	<node id="34" type="1">
	 	 	 	<cx>516</cx>
	 	 	 	<cy>322</cy>
	 	 	</node>
	 	 	<node id="35" type="1">
	 	 	 	<cx>704</cx>
	 	 	 	<cy>265</cy>
	 	 	</node>
	 	 	<node id="36" type="1">
	 	 	 	<cx>742</cx>
	 	 	 	<cy>358</cy>
	 	 	</node>
	 	 	<node id="37" type="1">
	 	 	 	<cx>578</cx>
	 	 	 	<cy>423</cy>
	 	 	</node>
	 	 	<node id="38" type="1">
	 	 	 	<cx>923</cx>
	 	 	 	<cy>378</cy>
	 	 	</node>
	 	 	<node id="39" type="1">
	 	 	 	<cx>451</cx>
	 	 	 	<cy>120</cy>
	 	 	</node>
	 	 	<node id="40" type="1">
	 	 	 	<cx>449</cx>
	 	 	 	<cy>254</cy>
	 	 	</node>
	 	 	<node id="41" type="1">
	 	 	 	<cx>626</cx>
	 	 	 	<cy>264</cy>
	 	 	</node>
	 	 	<node id="42" type="1">
	 	 	 	<cx>701</cx>
	 	 	 	<cy>203</cy>
	 	 	</node>
	 	 	<node id="43" type="1">
	 	 	 	<cx>751</cx>
	 	 	 	<cy>293</cy>
	 	 	</node>
	 	 	<node id="44" type="1">
	 	 	 	<cx>835</cx>
	 	 	 	<cy>0</cy>
	 	 	</node>
	 	 	<node id="45" type="1">
	 	 	 	<cx>810</cx>
	 	 	 	<cy>318</cy>
	 	 	</node>
	 	 	<node id="46" type="1">
	 	 	 	<cx>640</cx>
	 	 	 	<cy>218</cy>
	 	 	</node>
	 	 	<node id="47" type="1">
	 	 	 	<cx>493</cx>
	 	 	 	<cy>226</cy>
	 	 	</node>
	 	 	<node id="48" type="1">
	 	 	 	<cx>483</cx>
	 	 	 	<cy>445</cy>
	 	 	</node>
	 	 	<node id="49" type="1">
	 	 	 	<cx>671</cx>
	 	 	 	<cy>134</cy>
	 	 	</node>
	 	 	<node id="50" type="1">
	 	 	 	<cx>465</cx>
	 	 	 	<cy>361</cy>
	 	 	</node>
	 	 	<node id="51" type="1">
	 	 	 	<cx>521</cx>
	 	 	 	<cy>69</cy>
	 	 	</node>
	 	 	<node id="52" type="1">
	 	 	 	<cx>894</cx>
	 	 	 	<cy>399</cy>
	 	 	</node>
	 	 	<node id="53" type="1">
	 	 	 	<cx>824</cx>
	 	 	 	<cy>388</cy>
	 	 	</node>
	 	 	<node id="54" type="1">
	 	 	 	<cx>605</cx>
	 	 	 	<cy>238</cy>
	 	 	</node>
	 	 	<node id="55" type="1">
	 	 	 	<cx>848</cx>
	 	 	 	<cy>251</cy>
	 	 	</node>
	 	 	<node id="56" type="1">
	 	 	 	<cx>561</cx>
	 	 	 	<cy>443</cy>
	 	 	</node>
	 	 	<node id="57" type="1">
	 	 	 	<cx>663</cx>
	 	 	 	<cy>9</cy>
	 	 	</node>
	 	 	<node id="58" type="1">
	 	 	 	<cx>768</cx>
	 	 	 	<cy>339</cy>
	 	 	</node>
	 	 	<node id="59" type="1">
	 	 	 	<cx>634</cx>
	 	 	 	<cy>426</cy>
	 	 	</node>
	 	 	<node id="60" type="1">
	 	 	 	<cx>590</cx>
	 	 	 	<cy>60</cy>
	 	 	</node>
	 	 	<node id="61" type="1">
	 	 	 	<cx>735</cx>
	 	 	 	<cy>280</cy>
	 	 	</node>
	 	 	<node id="62" type="1">
	 	 	 	<cx>842</cx>
	 	 	 	<cy>365</cy>
	 	 	</node>
	 	 	<node id="63" type="1">
	 	 	 	<cx>671</cx>
	 	 	 	<cy>124</cy>
	 	 	</node>
	 	 	<node id="64" type="1">
	 	 	 	<cx>680</cx>
	 	 	 	<cy>251</cy>
	 	 	</node>
	 	 	<node id="65" type="1">
	 	 	 	<cx>615</cx>
	 	 	 	<cy>361</cy>
	 	 	</node>
	 	 	<node id="66" type="1">
	 	 	 	<cx>558</cx>
	 	 	 	<cy>451</cy>
	 	 	</node>
	 	 	<node id="67" type="1">
	 	 	 	<cx>884</cx>
	 	 	 	<cy>356</cy>
	 	 	</node>
	 	 	<node id="68" type="1">
	 	 	 	<cx>746</cx>
	 	 	 	<cy>384</cy>
	 	 	</node>
	 	 	<node id="69" type="1">
	 	 	 	<cx>687</cx>
	 	 	 	<cy>227</cy>
	 	 	</node>
	 	 	<node id="70" type="1">
	 	 	 	<cx>855</cx>
	 	 	 	<cy>350</cy>
	 	 	</node>
	 	 	<node id="71" type="1">
	 	 	 	<cx>656</cx>
	 	 	 	<cy>450</cy>
	 	 	</node>
	 	 	<node id="72" type="1">
	 	 	 	<cx>560</cx>
	 	 	 	<cy>459</cy>
	 	 	</node>
	 	 	<node id="73" type="1">
	 	 	 	<cx>591</cx>
	 	 	 	<cy>433</cy>
	 	 	</node>
	 	 	<node id="74" type="1">
	 	 	 	<cx>451</cx>
	 	 	 	<cy>36</cy>
	 	 	</node>
	 	 	<node id="75" type="1">
	 	 	 	<cx>747</cx>
	 	 	 	<cy>26</cy>
	 	 	</node>
	 	 	<node id="76" type="1">
	 	 	 	<cx>753</cx>
	 	 	 	<cy>384</cy>
	 	 	</node>
	 	 	<node id="77" type="1">
	 	 	 	<cx>530</cx>
	 	 	 	<cy>259</cy>
	 	 	</node>
	 	 	<node id="78" type="1">
	 	 	 	<cx>739</cx>
	 	 	 	<cy>215</cy>
	 	 	</node>
	 	 	<node id="79" type="1">
	 	 	 	<cx>537</cx>
	 	 	 	<cy>267</cy>
	 	 	</node>
	 	 	<node id="80" type="1">
	 	 	 	<cx>742</cx>
	 	 	 	<cy>304</cy>
	 	 	</node>
	 	 	<node id="81" type="1">
	 	 	 	<cx>509</cx>
	 	 	 	<cy>418</cy>
	 	 	</node>
	 	 	<node id="82" type="1">
	 	 	 	<cx>667</cx>
	 	 	 	<cy>17</cy>
	 	 	</node>
	 	 	<node id="83" type="1">
	 	 	 	<cx>534</cx>
	 	 	 	<cy>297</cy>
	 	 	</node>
	 	 	<node id="84" type="1">
	 	 	 	<cx>605</cx>
	 	 	 	<cy>382</cy>
	 	 	</node>
	 	 	<node id="85" type="1">
	 	 	 	<cx>470</cx>
	 	 	 	<cy>482</cy>
	 	 	</node>
	 	 	<node id="86" type="1">
	 	 	 	<cx>817</cx>
	 	 	 	<cy>366</cy>
	 	 	</node>
	 	 	<node id="87" type="1">
	 	 	 	<cx>815</cx>
	 	 	 	<cy>268</cy>
	 	 	</node>
	 	 	<node id="88" type="1">
	 	 	 	<cx>728</cx>
	 	 	 	<cy>264</cy>
	 	 	</node>
	 	 	<node id="89" type="1">
	 	 	 	<cx>778</cx>
	 	 	 	<cy>44</cy>
	 	 	</node>
	 	 	<node id="90" type="1">
	 	 	 	<cx>856</cx>
	 	 	 	<cy>360</cy>
	 	 	</node>
	 	 	<node id="91" type="1">
	 	 	 	<cx>818</cx>
	 	 	 	<cy>284</cy>
	 	 	</node>
	 	 	<node id="92" type="1">
	 	 	 	<cx>666</cx>
	 	 	 	<cy>107</cy>
	 	 	</node>
	 	 	<node id="93" type="1">
	 	 	 	<cx>628</cx>
	 	 	 	<cy>378</cy>
	 	 	</node>
	 	 	<node id="94" type="1">
	 	 	 	<cx>538</cx>
	 	 	 	<cy>317</cy>
	 	 	</node>
	 	 	<node id="95" type="1">
	 	 	 	<cx>715</cx>
	 	 	 	<cy>34</cy>
	 	 	</node>
	 	 	<node id="96" type="1">
	 	 	 	<cx>875</cx>
	 	 	 	<cy>290</cy>
	 	 	</node>
	 	 	<node id="97" type="1">
	 	 	 	<cx>495</cx>
	 	 	 	<cy>468</cy>
	 	 	</node>
	 	 	<node id="98" type="1">
	 	 	 	<cx>584</cx>
	 	 	 	<cy>145</cy>
	 	 	</node>
	 	 	<node id="99" type="1">
	 	 	 	<cx>725</cx>
	 	 	 	<cy>237</cy>
	 	 	</node>
	 	 	<node id="100" type="1">
	 	 	 	<cx>563</cx>
	 	 	 	<cy>394</cy>
	 	 	</node>
	 	 	<node id="101" type="1">
	 	 	 	<cx>775</cx>
	 	 	 	<cy>378</cy>
	 	 	</node>
	 	 	<node id="102" type="1">
	 	 	 	<cx>587</cx>
	 	 	 	<cy>443</cy>
	 	 	</node>
	 	 	<node id="103" type="1">
	 	 	 	<cx>535</cx>
	 	 	 	<cy>665</cy>
	 	 	</node>
	 	 	<node id="104" type="1">
	 	 	 	<cx>696</cx>
	 	 	 	<cy>387</cy>
	 	 	</node>
	 	 	<node id="105" type="1">
	 	 	 	<cx>704</cx>
	 	 	 	<cy>153</cy>
	 	 	</node>
	 	 	<node id="106" type="1">
	 	 	 	<cx>667</cx>
	 	 	 	<cy>448</cy>
	 	 	</node>
	 	 	<node id="107" type="1">
	 	 	 	<cx>557</cx>
	 	 	 	<cy>440</cy>
	 	 	</node>
	 	 	<node id="108" type="1">
	 	 	 	<cx>682</cx>
	 	 	 	<cy>461</cy>
	 	 	</node>
	 	 	<node id="109" type="1">
	 	 	 	<cx>762</cx>
	 	 	 	<cy>279</cy>
	 	 	</node>
	 	 	<node id="110" type="1">
	 	 	 	<cx>824</cx>
	 	 	 	<cy>522</cy>
	 	 	</node>
	 	 	<node id="111" type="1">
	 	 	 	<cx>764</cx>
	 	 	 	<cy>259</cy>
	 	 	</node>
	 	 	<node id="112" type="1">
	 	 	 	<cx>759</cx>
	 	 	 	<cy>334</cy>
	 	 	</node>
	 	 	<node id="113" type="1">
	 	 	 	<cx>750</cx>
	 	 	 	<cy>391</cy>
	 	 	</node>
	 	 	<node id="114" type="1">
	 	 	 	<cx>893</cx>
	 	 	 	<cy>283</cy>
	 	 	</node>
	 	 	<node id="115" type="1">
	 	 	 	<cx>900</cx>
	 	 	 	<cy>308</cy>
	 	 	</node>
	 	 	<node id="116" type="1">
	 	 	 	<cx>595</cx>
	 	 	 	<cy>73</cy>
	 	 	</node>
	 	 	<node id="117" type="1">
	 	 	 	<cx>641</cx>
	 	 	 	<cy>474</cy>
	 	 	</node>
	 	 	<node id="118" type="1">
	 	 	 	<cx>597</cx>
	 	 	 	<cy>236</cy>
	 	 	</node>
	 	 	<node id="119" type="1">
	 	 	 	<cx>294</cx>
	 	 	 	<cy>448</cy>
	 	 	</node>
	 	 	<node id="120" type="1">
	 	 	 	<cx>852</cx>
	 	 	 	<cy>182</cy>
	 	 	</node>
	 	 	<node id="121" type="1">
	 	 	 	<cx>526</cx>
	 	 	 	<cy>330</cy>
	 	 	</node>
	 	 	<node id="122" type="1">
	 	 	 	<cx>735</cx>
	 	 	 	<cy>460</cy>
	 	 	</node>
	 	 	<node id="123" type="1">
	 	 	 	<cx>901</cx>
	 	 	 	<cy>303</cy>
	 	 	</node>
	 	 	<node id="124" type="1">
	 	 	 	<cx>639</cx>
	 	 	 	<cy>390</cy>
	 	 	</node>
	 	 	<node id="125" type="1">
	 	 	 	<cx>545</cx>
	 	 	 	<cy>395</cy>
	 	 	</node>
	 	 	<node id="126" type="1">
	 	 	 	<cx>494</cx>
	 	 	 	<cy>2</cy>
	 	 	</node>
	 	 	<node id="127" type="1">
	 	 	 	<cx>741</cx>
	 	 	 	<cy>339</cy>
	 	 	</node>
	 	 	<node id="128" type="1">
	 	 	 	<cx>795</cx>
	 	 	 	<cy>456</cy>
	 	 	</node>
	 	 	<node id="129" type="1">
	 	 	 	<cx>783</cx>
	 	 	 	<cy>343</cy>
	 	 	</node>
	 	 	<node id="130" type="1">
	 	 	 	<cx>694</cx>
	 	 	 	<cy>224</cy>
	 	 	</node>
	 	 	<node id="131" type="1">
	 	 	 	<cx>756</cx>
	 	 	 	<cy>99</cy>
	 	 	</node>
	 	 	<node id="132" type="1">
	 	 	 	<cx>698</cx>
	 	 	 	<cy>323</cy>
	 	 	</node>
	 	 	<node id="133" type="1">
	 	 	 	<cx>683</cx>
	 	 	 	<cy>222</cy>
	 	 	</node>
	 	 	<node id="134" type="1">
	 	 	 	<cx>704</cx>
	 	 	 	<cy>269</cy>
	 	 	</node>
	 	 	<node id="135" type="1">
	 	 	 	<cx>769</cx>
	 	 	 	<cy>321</cy>
	 	 	</node>
	 	 	<node id="136" type="1">
	 	 	 	<cx>596</cx>
	 	 	 	<cy>321</cy>
	 	 	</node>
	 	 	<node id="137" type="1">
	 	 	 	<cx>605</cx>
	 	 	 	<cy>103</cy>
	 	 	</node>
	 	 	<node id="138" type="1">
	 	 	 	<cx>507</cx>
	 	 	 	<cy>448</cy>
	 	 	</node>
	 	 	<node id="139" type="1">
	 	 	 	<cx>567</cx>
	 	 	 	<cy>464</cy>
	 	 	</node>
	 	 	<node id="140" type="1">
	 	 	 	<cx>743</cx>
	 	 	 	<cy>205</cy>
	 	 	</node>
	 	 	<node id="141" type="1">
	 	 	 	<cx>622</cx>
	 	 	 	<cy>449</cy>
	 	 	</node>
	 	 	<node id="142" type="1">
	 	 	 	<cx>767</cx>
	 	 	 	<cy>116</cy>
	 	 	</node>
	 	 	<node id="143" type="1">
	 	 	 	<cx>745</cx>
	 	 	 	<cy>269</cy>
	 	 	</node>
	 	 	<node id="144" type="1">
	 	 	 	<cx>603</cx>
	 	 	 	<cy>447</cy>
	 	 	</node>
	 	 	<node id="145" type="1">
	 	 	 	<cx>634</cx>
	 	 	 	<cy>194</cy>
	 	 	</node>
	 	 	<node id="146" type="1">
	 	 	 	<cx>832</cx>
	 	 	 	<cy>312</cy>
	 	 	</node>
	 	 	<node id="147" type="1">
	 	 	 	<cx>796</cx>
	 	 	 	<cy>292</cy>
	 	 	</node>
	 	 	<node id="148" type="1">
	 	 	 	<cx>662</cx>
	 	 	 	<cy>86</cy>
	 	 	</node>
	 	 	<node id="149" type="1">
	 	 	 	<cx>608</cx>
	 	 	 	<cy>618</cy>
	 	 	</node>
	 	 	<node id="150" type="1">
	 	 	 	<cx>489</cx>
	 	 	 	<cy>267</cy>
	 	 	</node>
	 	 	<node id="151" type="1">
	 	 	 	<cx>837</cx>
	 	 	 	<cy>289</cy>
	 	 	</node>
	 	 	<node id="152" type="1">
	 	 	 	<cx>478</cx>
	 	 	 	<cy>510</cy>
	 	 	</node>
	 	 	<node id="153" type="1">
	 	 	 	<cx>569</cx>
	 	 	 	<cy>497</cy>
	 	 	</node>
	 	 	<node id="154" type="1">
	 	 	 	<cx>611</cx>
	 	 	 	<cy>550</cy>
	 	 	</node>
	 	 	<node id="155" type="1">
	 	 	 	<cx>749</cx>
	 	 	 	<cy>387</cy>
	 	 	</node>
	 	 	<node id="156" type="1">
	 	 	 	<cx>683</cx>
	 	 	 	<cy>355</cy>
	 	 	</node>
	 	 	<node id="157" type="1">
	 	 	 	<cx>682</cx>
	 	 	 	<cy>81</cy>
	 	 	</node>
	 	 	<node id="158" type="1">
	 	 	 	<cx>701</cx>
	 	 	 	<cy>170</cy>
	 	 	</node>
	 	 	<node id="159" type="1">
	 	 	 	<cx>653</cx>
	 	 	 	<cy>414</cy>
	 	 	</node>
	 	 	<node id="160" type="1">
	 	 	 	<cx>584</cx>
	 	 	 	<cy>21</cy>
	 	 	</node>
	 	 	<node id="161" type="1">
	 	 	 	<cx>683</cx>
	 	 	 	<cy>308</cy>
	 	 	</node>
	 	 	<node id="162" type="1">
	 	 	 	<cx>659</cx>
	 	 	 	<cy>582</cy>
	 	 	</node>
	 	 	<node id="163" type="1">
	 	 	 	<cx>668</cx>
	 	 	 	<cy>329</cy>
	 	 	</node>
	 	 	<node id="164" type="1">
	 	 	 	<cx>662</cx>
	 	 	 	<cy>288</cy>
	 	 	</node>
	 	 	<node id="165" type="1">
	 	 	 	<cx>897</cx>
	 	 	 	<cy>399</cy>
	 	 	</node>
	 	 	<node id="166" type="1">
	 	 	 	<cx>770</cx>
	 	 	 	<cy>366</cy>
	 	 	</node>
	 	 	<node id="167" type="1">
	 	 	 	<cx>540</cx>
	 	 	 	<cy>212</cy>
	 	 	</node>
	 	 	<node id="168" type="1">
	 	 	 	<cx>606</cx>
	 	 	 	<cy>309</cy>
	 	 	</node>
	 	 	<node id="169" type="1">
	 	 	 	<cx>581</cx>
	 	 	 	<cy>254</cy>
	 	 	</node>
	 	 	<node id="170" type="1">
	 	 	 	<cx>582</cx>
	 	 	 	<cy>485</cy>
	 	 	</node>
	 	 	<node id="171" type="1">
	 	 	 	<cx>848</cx>
	 	 	 	<cy>381</cy>
	 	 	</node>
	 	 	<node id="172" type="1">
	 	 	 	<cx>828</cx>
	 	 	 	<cy>150</cy>
	 	 	</node>
	 	 	<node id="173" type="1">
	 	 	 	<cx>536</cx>
	 	 	 	<cy>445</cy>
	 	 	</node>
	 	 	<node id="174" type="1">
	 	 	 	<cx>531</cx>
	 	 	 	<cy>56</cy>
	 	 	</node>
	 	 	<node id="175" type="1">
	 	 	 	<cx>707</cx>
	 	 	 	<cy>424</cy>
	 	 	</node>
	 	 	<node id="176" type="1">
	 	 	 	<cx>587</cx>
	 	 	 	<cy>191</cy>
	 	 	</node>
	 	 	<node id="177" type="1">
	 	 	 	<cx>770</cx>
	 	 	 	<cy>259</cy>
	 	 	</node>
	 	 	<node id="178" type="1">
	 	 	 	<cx>702</cx>
	 	 	 	<cy>94</cy>
	 	 	</node>
	 	 	<node id="179" type="1">
	 	 	 	<cx>823</cx>
	 	 	 	<cy>162</cy>
	 	 	</node>
	 	 	<node id="180" type="1">
	 	 	 	<cx>644</cx>
	 	 	 	<cy>364</cy>
	 	 	</node>
	 	 	<node id="181" type="1">
	 	 	 	<cx>570</cx>
	 	 	 	<cy>186</cy>
	 	 	</node>
	 	 	<node id="182" type="1">
	 	 	 	<cx>552</cx>
	 	 	 	<cy>317</cy>
	 	 	</node>
	 	 	<node id="183" type="1">
	 	 	 	<cx>626</cx>
	 	 	 	<cy>88</cy>
	 	 	</node>
	 	 	<node id="184" type="1">
	 	 	 	<cx>999</cx>
	 	 	 	<cy>631</cy>
	 	 	</node>
	 	 	<node id="185" type="1">
	 	 	 	<cx>860</cx>
	 	 	 	<cy>274</cy>
	 	 	</node>
	 	 	<node id="186" type="1">
	 	 	 	<cx>354</cx>
	 	 	 	<cy>662</cy>
	 	 	</node>
	 	 	<node id="187" type="1">
	 	 	 	<cx>625</cx>
	 	 	 	<cy>323</cy>
	 	 	</node>
	 	 	<node id="188" type="1">
	 	 	 	<cx>654</cx>
	 	 	 	<cy>285</cy>
	 	 	</node>
	 	 	<node id="189" type="1">
	 	 	 	<cx>785</cx>
	 	 	 	<cy>82</cy>
	 	 	</node>
	 	 	<node id="190" type="1">
	 	 	 	<cx>650</cx>
	 	 	 	<cy>335</cy>
	 	 	</node>
	 	 	<node id="191" type="1">
	 	 	 	<cx>637</cx>
	 	 	 	<cy>568</cy>
	 	 	</node>
	 	 	<node id="192" type="1">
	 	 	 	<cx>449</cx>
	 	 	 	<cy>359</cy>
	 	 	</node>
	 	 	<node id="193" type="1">
	 	 	 	<cx>885</cx>
	 	 	 	<cy>77</cy>
	 	 	</node>
	 	 	<node id="194" type="1">
	 	 	 	<cx>552</cx>
	 	 	 	<cy>440</cy>
	 	 	</node>
	 	 	<node id="195" type="1">
	 	 	 	<cx>810</cx>
	 	 	 	<cy>205</cy>
	 	 	</node>
	 	 	<node id="196" type="1">
	 	 	 	<cx>628</cx>
	 	 	 	<cy>24</cy>
	 	 	</node>
	 	 	<node id="197" type="1">
	 	 	 	<cx>728</cx>
	 	 	 	<cy>294</cy>
	 	 	</node>
	 	 	<node id="198" type="1">
	 	 	 	<cx>733</cx>
	 	 	 	<cy>311</cy>
	 	 	</node>
	 	 	<node id="199" type="1">
	 	 	 	<cx>750</cx>
	 	 	 	<cy>327</cy>
	 	 	</node>
	 	 	<node id="200" type="1">
	 	 	 	<cx>727</cx>
	 	 	 	<cy>278</cy>
	 	 	</node>
	 	 	<node id="201" type="1">
	 	 	 	<cx>618</cx>
	 	 	 	<cy>336</cy>
	 	 	</node>
	 	 	<node id="202" type="1">
	 	 	 	<cx>537</cx>
	 	 	 	<cy>137</cy>
	 	 	</node>
	 	 	<node id="203" type="1">
	 	 	 	<cx>718</cx>
	 	 	 	<cy>413</cy>
	 	 	</node>
	 	 	<node id="204" type="1">
	 	 	 	<cx>725</cx>
	 	 	 	<cy>355</cy>
	 	 	</node>
	 	 	<node id="205" type="1">
	 	 	 	<cx>710</cx>
	 	 	 	<cy>139</cy>
	 	 	</node>
	 	 	<node id="206" type="1">
	 	 	 	<cx>723</cx>
	 	 	 	<cy>556</cy>
	 	 	</node>
	 	 	<node id="207" type="1">
	 	 	 	<cx>449</cx>
	 	 	 	<cy>346</cy>
	 	 	</node>
	 	 	<node id="208" type="1">
	 	 	 	<cx>731</cx>
	 	 	 	<cy>373</cy>
	 	 	</node>
	 	 	<node id="209" type="1">
	 	 	 	<cx>349</cx>
	 	 	 	<cy>465</cy>
	 	 	</node>
	 	 	<node id="210" type="1">
	 	 	 	<cx>572</cx>
	 	 	 	<cy>542</cy>
	 	 	</node>
	 	 	<node id="211" type="1">
	 	 	 	<cx>612</cx>
	 	 	 	<cy>377</cy>
	 	 	</node>
	 	 	<node id="212" type="1">
	 	 	 	<cx>711</cx>
	 	 	 	<cy>417</cy>
	 	 	</node>
	 	 	<node id="213" type="1">
	 	 	 	<cx>678</cx>
	 	 	 	<cy>44</cy>
	 	 	</node>
	 	 	<node id="214" type="1">
	 	 	 	<cx>604</cx>
	 	 	 	<cy>593</cy>
	 	 	</node>
	 	</nodes>
	 	<euclidean/>
	 	<decimals>0</decimals>
	 </network>
	 <fleet>
	 	 <vehicle_profile type="0">
	 	  	 <departure_node>1</departure_node>
	 	  	 <arrival_node>1</arrival_node>
	 	  	 <capacity>944</capacity>
	 	 </vehicle_profile>
	 </fleet>
	 <requests>
	 	 <request id="1" node="2">
	 	 	 <quantity>83</quantity>
	 	 </request>
	 	 <request id="2" node="3">
	 	 	 <quantity>84</quantity>
	 	 </request>
	 	 <request id="3" node="4">
	 	 	 <quantity>34</quantity>
	 	 </request>
	 	 <request id="4" node="5">
	 	 	 <quantity>17</quantity>
	 	 </request>
	 	 <request id="5" node="6">
	 	 	 <quantity>88</quantity>
	 	 </request>
	 	 <request id="6" node="7">
	 	 	 <quantity>59</quantity>
	 	 </request>
	 	 <request id="7" node="8">
	 	 	 <quantity>56</quantity>
	 	 </request>
	 	 <request id="8" node="9">
	 	 	 <quantity>33</quantity>
	 	 </request>
	 	 <request id="9" node="10">
	 	 	 <quantity>21</quantity>
	 	 </request>
	 	 <request id="10" node="11">
	 	 	 <quantity>37</quantity>
	 	 </request>
	 	 <request id="11" node="12">
	 	 	 <quantity>15</quantity>
	 	 </request>
	 	 <request id="12" node="13">
	 	 	 <quantity>97</quantity>
	 	 </request>
	 	 <request id="13" node="14">
	 	 	 <quantity>23</quantity>
	 	 </request>
	 	 <request id="14" node="15">
	 	 	 <quantity>76</quantity>
	 	 </request>
	 	 <request id="15" node="16">
	 	 	 <quantity>94</quantity>
	 	 </request>
	 	 <request id="16" node="17">
	 	 	 <quantity>99</quantity>
	 	 </request>
	 	 <request id="17" node="18">
	 	 	 <quantity>30</quantity>
	 	 </request>
	 	 <request id="18" node="19">
	 	 	 <quantity>44</quantity>
	 	 </request>
	 	 <request id="19" node="20">
	 	 	 <quantity>45</quantity>
	 	 </request>
	 	 <request id="20" node="21">
	 	 	 <quantity>8</quantity>
	 	 </request>
	 	 <request id="21" node="22">
	 	 	 <quantity>37</quantity>
	 	 </request>
	 	 <request id="22" node="23">
	 	 	 <quantity>43</quantity>
	 	 </request>
	 	 <request id="23" node="24">
	 	 	 <quantity>15</quantity>
	 	 </request>
	 	 <request id="24" node="25">
	 	 	 <quantity>18</quantity>
	 	 </request>
	 	 <request id="25" node="26">
	 	 	 <quantity>73</quantity>
	 	 </request>
	 	 <request id="26" node="27">
	 	 	 <quantity>65</quantity>
	 	 </request>
	 	 <request id="27" node="28">
	 	 	 <quantity>89</quantity>
	 	 </request>
	 	 <request id="28" node="29">
	 	 	 <quantity>5</quantity>
	 	 </request>
	 	 <request id="29" node="30">
	 	 	 <quantity>13</quantity>
	 	 </request>
	 	 <request id="30" node="31">
	 	 	 <quantity>64</quantity>
	 	 </request>
	 	 <request id="31" node="32">
	 	 	 <quantity>60</quantity>
	 	 </request>
	 	 <request id="32" node="33">
	 	 	 <quantity>20</quantity>
	 	 </request>
	 	 <request id="33" node="34">
	 	 	 <quantity>12</quantity>
	 	 </request>
	 	 <request id="34" node="35">
	 	 	 <quantity>59</quantity>
	 	 </request>
	 	 <request id="35" node="36">
	 	 	 <quantity>25</quantity>
	 	 </request>
	 	 <request id="36" node="37">
	 	 	 <quantity>2</quantity>
	 	 </request>
	 	 <request id="37" node="38">
	 	 	 <quantity>60</quantity>
	 	 </request>
	 	 <request id="38" node="39">
	 	 	 <quantity>61</quantity>
	 	 </request>
	 	 <request id="39" node="40">
	 	 	 <quantity>6</quantity>
	 	 </request>
	 	 <request id="40" node="41">
	 	 	 <quantity>17</quantity>
	 	 </request>
	 	 <request id="41" node="42">
	 	 	 <quantity>65</quantity>
	 	 </request>
	 	 <request id="42" node="43">
	 	 	 <quantity>26</quantity>
	 	 </request>
	 	 <request id="43" node="44">
	 	 	 <quantity>96</quantity>
	 	 </request>
	 	 <request id="44" node="45">
	 	 	 <quantity>21</quantity>
	 	 </request>
	 	 <request id="45" node="46">
	 	 	 <quantity>63</quantity>
	 	 </request>
	 	 <request id="46" node="47">
	 	 	 <quantity>29</quantity>
	 	 </request>
	 	 <request id="47" node="48">
	 	 	 <quantity>24</quantity>
	 	 </request>
	 	 <request id="48" node="49">
	 	 	 <quantity>51</quantity>
	 	 </request>
	 	 <request id="49" node="50">
	 	 	 <quantity>48</quantity>
	 	 </request>
	 	 <request id="50" node="51">
	 	 	 <quantity>65</quantity>
	 	 </request>
	 	 <request id="51" node="52">
	 	 	 <quantity>58</quantity>
	 	 </request>
	 	 <request id="52" node="53">
	 	 	 <quantity>40</quantity>
	 	 </request>
	 	 <request id="53" node="54">
	 	 	 <quantity>34</quantity>
	 	 </request>
	 	 <request id="54" node="55">
	 	 	 <quantity>81</quantity>
	 	 </request>
	 	 <request id="55" node="56">
	 	 	 <quantity>21</quantity>
	 	 </request>
	 	 <request id="56" node="57">
	 	 	 <quantity>51</quantity>
	 	 </request>
	 	 <request id="57" node="58">
	 	 	 <quantity>31</quantity>
	 	 </request>
	 	 <request id="58" node="59">
	 	 	 <quantity>20</quantity>
	 	 </request>
	 	 <request id="59" node="60">
	 	 	 <quantity>34</quantity>
	 	 </request>
	 	 <request id="60" node="61">
	 	 	 <quantity>47</quantity>
	 	 </request>
	 	 <request id="61" node="62">
	 	 	 <quantity>61</quantity>
	 	 </request>
	 	 <request id="62" node="63">
	 	 	 <quantity>2</quantity>
	 	 </request>
	 	 <request id="63" node="64">
	 	 	 <quantity>93</quantity>
	 	 </request>
	 	 <request id="64" node="65">
	 	 	 <quantity>75</quantity>
	 	 </request>
	 	 <request id="65" node="66">
	 	 	 <quantity>85</quantity>
	 	 </request>
	 	 <request id="66" node="67">
	 	 	 <quantity>27</quantity>
	 	 </request>
	 	 <request id="67" node="68">
	 	 	 <quantity>57</quantity>
	 	 </request>
	 	 <request id="68" node="69">
	 	 	 <quantity>86</quantity>
	 	 </request>
	 	 <request id="69" node="70">
	 	 	 <quantity>61</quantity>
	 	 </request>
	 	 <request id="70" node="71">
	 	 	 <quantity>98</quantity>
	 	 </request>
	 	 <request id="71" node="72">
	 	 	 <quantity>76</quantity>
	 	 </request>
	 	 <request id="72" node="73">
	 	 	 <quantity>68</quantity>
	 	 </request>
	 	 <request id="73" node="74">
	 	 	 <quantity>30</quantity>
	 	 </request>
	 	 <request id="74" node="75">
	 	 	 <quantity>72</quantity>
	 	 </request>
	 	 <request id="75" node="76">
	 	 	 <quantity>28</quantity>
	 	 </request>
	 	 <request id="76" node="77">
	 	 	 <quantity>12</quantity>
	 	 </request>
	 	 <request id="77" node="78">
	 	 	 <quantity>24</quantity>
	 	 </request>
	 	 <request id="78" node="79">
	 	 	 <quantity>42</quantity>
	 	 </request>
	 	 <request id="79" node="80">
	 	 	 <quantity>95</quantity>
	 	 </request>
	 	 <request id="80" node="81">
	 	 	 <quantity>3</quantity>
	 	 </request>
	 	 <request id="81" node="82">
	 	 	 <quantity>92</quantity>
	 	 </request>
	 	 <request id="82" node="83">
	 	 	 <quantity>32</quantity>
	 	 </request>
	 	 <request id="83" node="84">
	 	 	 <quantity>59</quantity>
	 	 </request>
	 	 <request id="84" node="85">
	 	 	 <quantity>33</quantity>
	 	 </request>
	 	 <request id="85" node="86">
	 	 	 <quantity>68</quantity>
	 	 </request>
	 	 <request id="86" node="87">
	 	 	 <quantity>30</quantity>
	 	 </request>
	 	 <request id="87" node="88">
	 	 	 <quantity>15</quantity>
	 	 </request>
	 	 <request id="88" node="89">
	 	 	 <quantity>40</quantity>
	 	 </request>
	 	 <request id="89" node="90">
	 	 	 <quantity>45</quantity>
	 	 </request>
	 	 <request id="90" node="91">
	 	 	 <quantity>33</quantity>
	 	 </request>
	 	 <request id="91" node="92">
	 	 	 <quantity>26</quantity>
	 	 </request>
	 	 <request id="92" node="93">
	 	 	 <quantity>70</quantity>
	 	 </request>
	 	 <request id="93" node="94">
	 	 	 <quantity>89</quantity>
	 	 </request>
	 	 <request id="94" node="95">
	 	 	 <quantity>29</quantity>
	 	 </request>
	 	 <request id="95" node="96">
	 	 	 <quantity>88</quantity>
	 	 </request>
	 	 <request id="96" node="97">
	 	 	 <quantity>69</quantity>
	 	 </request>
	 	 <request id="97" node="98">
	 	 	 <quantity>67</quantity>
	 	 </request>
	 	 <request id="98" node="99">
	 	 	 <quantity>94</quantity>
	 	 </request>
	 	 <request id="99" node="100">
	 	 	 <quantity>23</quantity>
	 	 </request>
	 	 <request id="100" node="101">
	 	 	 <quantity>97</quantity>
	 	 </request>
	 	 <request id="101" node="102">
	 	 	 <quantity>7</quantity>
	 	 </request>
	 	 <request id="102" node="103">
	 	 	 <quantity>23</quantity>
	 	 </request>
	 	 <request id="103" node="104">
	 	 	 <quantity>6</quantity>
	 	 </request>
	 	 <request id="104" node="105">
	 	 	 <quantity>65</quantity>
	 	 </request>
	 	 <request id="105" node="106">
	 	 	 <quantity>84</quantity>
	 	 </request>
	 	 <request id="106" node="107">
	 	 	 <quantity>79</quantity>
	 	 </request>
	 	 <request id="107" node="108">
	 	 	 <quantity>3</quantity>
	 	 </request>
	 	 <request id="108" node="109">
	 	 	 <quantity>99</quantity>
	 	 </request>
	 	 <request id="109" node="110">
	 	 	 <quantity>22</quantity>
	 	 </request>
	 	 <request id="110" node="111">
	 	 	 <quantity>69</quantity>
	 	 </request>
	 	 <request id="111" node="112">
	 	 	 <quantity>49</quantity>
	 	 </request>
	 	 <request id="112" node="113">
	 	 	 <quantity>33</quantity>
	 	 </request>
	 	 <request id="113" node="114">
	 	 	 <quantity>28</quantity>
	 	 </request>
	 	 <request id="114" node="115">
	 	 	 <quantity>49</quantity>
	 	 </request>
	 	 <request id="115" node="116">
	 	 	 <quantity>37</quantity>
	 	 </request>
	 	 <request id="116" node="117">
	 	 	 <quantity>18</quantity>
	 	 </request>
	 	 <request id="117" node="118">
	 	 	 <quantity>56</quantity>
	 	 </request>
	 	 <request id="118" node="119">
	 	 	 <quantity>44</quantity>
	 	 </request>
	 	 <request id="119" node="120">
	 	 	 <quantity>40</quantity>
	 	 </request>
	 	 <request id="120" node="121">
	 	 	 <quantity>64</quantity>
	 	 </request>
	 	 <request id="121" node="122">
	 	 	 <quantity>80</quantity>
	 	 </request>
	 	 <request id="122" node="123">
	 	 	 <quantity>9</quantity>
	 	 </request>
	 	 <request id="123" node="124">
	 	 	 <quantity>57</quantity>
	 	 </request>
	 	 <request id="124" node="125">
	 	 	 <quantity>3</quantity>
	 	 </request>
	 	 <request id="125" node="126">
	 	 	 <quantity>11</quantity>
	 	 </request>
	 	 <request id="126" node="127">
	 	 	 <quantity>95</quantity>
	 	 </request>
	 	 <request id="127" node="128">
	 	 	 <quantity>86</quantity>
	 	 </request>
	 	 <request id="128" node="129">
	 	 	 <quantity>79</quantity>
	 	 </request>
	 	 <request id="129" node="130">
	 	 	 <quantity>23</quantity>
	 	 </request>
	 	 <request id="130" node="131">
	 	 	 <quantity>60</quantity>
	 	 </request>
	 	 <request id="131" node="132">
	 	 	 <quantity>12</quantity>
	 	 </request>
	 	 <request id="132" node="133">
	 	 	 <quantity>62</quantity>
	 	 </request>
	 	 <request id="133" node="134">
	 	 	 <quantity>15</quantity>
	 	 </request>
	 	 <request id="134" node="135">
	 	 	 <quantity>89</quantity>
	 	 </request>
	 	 <request id="135" node="136">
	 	 	 <quantity>35</quantity>
	 	 </request>
	 	 <request id="136" node="137">
	 	 	 <quantity>85</quantity>
	 	 </request>
	 	 <request id="137" node="138">
	 	 	 <quantity>92</quantity>
	 	 </request>
	 	 <request id="138" node="139">
	 	 	 <quantity>49</quantity>
	 	 </request>
	 	 <request id="139" node="140">
	 	 	 <quantity>12</quantity>
	 	 </request>
	 	 <request id="140" node="141">
	 	 	 <quantity>10</quantity>
	 	 </request>
	 	 <request id="141" node="142">
	 	 	 <quantity>72</quantity>
	 	 </request>
	 	 <request id="142" node="143">
	 	 	 <quantity>64</quantity>
	 	 </request>
	 	 <request id="143" node="144">
	 	 	 <quantity>27</quantity>
	 	 </request>
	 	 <request id="144" node="145">
	 	 	 <quantity>18</quantity>
	 	 </request>
	 	 <request id="145" node="146">
	 	 	 <quantity>22</quantity>
	 	 </request>
	 	 <request id="146" node="147">
	 	 	 <quantity>17</quantity>
	 	 </request>
	 	 <request id="147" node="148">
	 	 	 <quantity>84</quantity>
	 	 </request>
	 	 <request id="148" node="149">
	 	 	 <quantity>21</quantity>
	 	 </request>
	 	 <request id="149" node="150">
	 	 	 <quantity>13</quantity>
	 	 </request>
	 	 <request id="150" node="151">
	 	 	 <quantity>77</quantity>
	 	 </request>
	 	 <request id="151" node="152">
	 	 	 <quantity>35</quantity>
	 	 </request>
	 	 <request id="152" node="153">
	 	 	 <quantity>100</quantity>
	 	 </request>
	 	 <request id="153" node="154">
	 	 	 <quantity>2</quantity>
	 	 </request>
	 	 <request id="154" node="155">
	 	 	 <quantity>50</quantity>
	 	 </request>
	 	 <request id="155" node="156">
	 	 	 <quantity>17</quantity>
	 	 </request>
	 	 <request id="156" node="157">
	 	 	 <quantity>75</quantity>
	 	 </request>
	 	 <request id="157" node="158">
	 	 	 <quantity>44</quantity>
	 	 </request>
	 	 <request id="158" node="159">
	 	 	 <quantity>56</quantity>
	 	 </request>
	 	 <request id="159" node="160">
	 	 	 <quantity>27</quantity>
	 	 </request>
	 	 <request id="160" node="161">
	 	 	 <quantity>85</quantity>
	 	 </request>
	 	 <request id="161" node="162">
	 	 	 <quantity>20</quantity>
	 	 </request>
	 	 <request id="162" node="163">
	 	 	 <quantity>31</quantity>
	 	 </request>
	 	 <request id="163" node="164">
	 	 	 <quantity>15</quantity>
	 	 </request>
	 	 <request id="164" node="165">
	 	 	 <quantity>10</quantity>
	 	 </request>
	 	 <request id="165" node="166">
	 	 	 <quantity>100</quantity>
	 	 </request>
	 	 <request id="166" node="167">
	 	 	 <quantity>51</quantity>
	 	 </request>
	 	 <request id="167" node="168">
	 	 	 <quantity>6</quantity>
	 	 </request>
	 	 <request id="168" node="169">
	 	 	 <quantity>7</quantity>
	 	 </request>
	 	 <request id="169" node="170">
	 	 	 <quantity>19</quantity>
	 	 </request>
	 	 <request id="170" node="171">
	 	 	 <quantity>87</quantity>
	 	 </request>
	 	 <request id="171" node="172">
	 	 	 <quantity>46</quantity>
	 	 </request>
	 	 <request id="172" node="173">
	 	 	 <quantity>74</quantity>
	 	 </request>
	 	 <request id="173" node="174">
	 	 	 <quantity>91</quantity>
	 	 </request>
	 	 <request id="174" node="175">
	 	 	 <quantity>79</quantity>
	 	 </request>
	 	 <request id="175" node="176">
	 	 	 <quantity>67</quantity>
	 	 </request>
	 	 <request id="176" node="177">
	 	 	 <quantity>38</quantity>
	 	 </request>
	 	 <request id="177" node="178">
	 	 	 <quantity>39</quantity>
	 	 </request>
	 	 <request id="178" node="179">
	 	 	 <quantity>40</quantity>
	 	 </request>
	 	 <request id="179" node="180">
	 	 	 <quantity>91</quantity>
	 	 </request>
	 	 <request id="180" node="181">
	 	 	 <quantity>71</quantity>
	 	 </request>
	 	 <request id="181" node="182">
	 	 	 <quantity>54</quantity>
	 	 </request>
	 	 <request id="182" node="183">
	 	 	 <quantity>80</quantity>
	 	 </request>
	 	 <request id="183" node="184">
	 	 	 <quantity>42</quantity>
	 	 </request>
	 	 <request id="184" node="185">
	 	 	 <quantity>28</quantity>
	 	 </request>
	 	 <request id="185" node="186">
	 	 	 <quantity>76</quantity>
	 	 </request>
	 	 <request id="186" node="187">
	 	 	 <quantity>59</quantity>
	 	 </request>
	 	 <request id="187" node="188">
	 	 	 <quantity>97</quantity>
	 	 </request>
	 	 <request id="188" node="189">
	 	 	 <quantity>12</quantity>
	 	 </request>
	 	 <request id="189" node="190">
	 	 	 <quantity>2</quantity>
	 	 </request>
	 	 <request id="190" node="191">
	 	 	 <quantity>64</quantity>
	 	 </request>
	 	 <request id="191" node="192">
	 	 	 <quantity>52</quantity>
	 	 </request>
	 	 <request id="192" node="193">
	 	 	 <quantity>63</quantity>
	 	 </request>
	 	 <request id="193" node="194">
	 	 	 <quantity>24</quantity>
	 	 </request>
	 	 <request id="194" node="195">
	 	 	 <quantity>8</quantity>
	 	 </request>
	 	 <request id="195" node="196">
	 	 	 <quantity>23</quantity>
	 	 </request>
	 	 <request id="196" node="197">
	 	 	 <quantity>69</quantity>
	 	 </request>
	 	 <request id="197" node="198">
	 	 	 <quantity>77</quantity>
	 	 </request>
	 	 <request id="198" node="199">
	 	 	 <quantity>60</quantity>
	 	 </request>
	 	 <request id="199" node="200">
	 	 	 <quantity>59</quantity>
	 	 </request>
	 	 <request id="200" node="201">
	 	 	 <quantity>10</quantity>
	 	 </request>
	 	 <request id="201" node="202">
	 	 	 <quantity>31</quantity>
	 	 </request>
	 	 <request id="202" node="203">
	 	 	 <quantity>94</quantity>
	 	 </request>
	 	 <request id="203" node="204">
	 	 	 <quantity>94</quantity>
	 	 </request>
	 	 <request id="204" node="205">
	 	 	 <quantity>18</quantity>
	 	 </request>
	 	 <request id="205" node="206">
	 	 	 <quantity>93</quantity>
	 	 </request>
	 	 <request id="206" node="207">
	 	 	 <quantity>68</quantity>
	 	 </request>
	 	 <request id="207" node="208">
	 	 	 <quantity>12</quantity>
	 	 </request>
	 	 <request id="208" node="209">
	 	 	 <quantity>69</quantity>
	 	 </request>
	 	 <request id="209" node="210">
	 	 	 <quantity>45</quantity>
	 	 </request>
	 	 <request id="210" node="211">
	 	 	 <quantity>22</quantity>
	 	 </request>
	 	 <request id="211" node="212">
	 	 	 <quantity>48</quantity>
	 	 </request>
	 	 <request id="212" node="213">
	 	 	 <quantity>95</quantity>
	 	 </request>
	 	 <request id="213" node="214">
	 	 	 <quantity>95</quantity>
	 	 </request>
	 </requests>
</instance>
