<?xml version="1.0" encoding="UTF-8" standalone="yes"?>
<instance>
	<info>
	 	<dataset>Uchoa 2014 — Set X</dataset>
	 	<name>X-n411-k19</name>
	</info>
	<network>
	 	<nodes>
	 	 	<node id="1" type="1">
	 	 	 	<cx>175</cx>
	 	 	 	<cy>821</cy>
	 	 	</node>
	 	 	<node id="2" type="1">
	 	 	 	<cx>62</cx>
	 	 	 	<cy>495</cy>
	 	 	</node>
	 	 	<node id="3" type="1">
	 	 	 	<cx>662</cx>
	 	 	 	<cy>959</cy>
	 	 	</node>
	 	 	<node id="4" type="1">
	 	 	 	<cx>109</cx>
	 	 	 	<cy>216</cy>
	 	 	</node>
	 	 	<node id="5" type="1">
	 	 	 	<cx>156</cx>
	 	 	 	<cy>748</cy>
	 	 	</node>
	 	 	<node id="6" type="1">
	 	 	 	<cx>178</cx>
	 	 	 	<cy>957</cy>
	 	 	</node>
	 	 	<node id="7" type="1">
	 	 	 	<cx>120</cx>
	 	 	 	<cy>571</cy>
	 	 	</node>
	 	 	<node id="8" type="1">
	 	 	 	<cx>75</cx>
	 	 	 	<cy>480</cy>
	 	 	</node>
	 	 	<node id="9" type="1">
	 	 	 	<cx>44</cx>
	 	 	 	<cy>98</cy>
	 	 	</node>
	 	 	<node id="10" type="1">
	 	 	 	<cx>386</cx>
	 	 	 	<cy>1000</cy>
	 	 	</node>
	 	 	<node id="11" type="1">
	 	 	 	<cx>96</cx>
	 	 	 	<cy>465</cy>
	 	 	</node>
	 	 	<node id="12" type="1">
	 	 	 	<cx>98</cx>
	 	 	 	<cy>796</cy>
	 	 	</node>
	 	 	<node id="13" type="1">
	 	 	 	<cx>213</cx>
	 	 	 	<cy>642</cy>
	 	 	</node>
	 	 	<node id="14" type="1">
	 	 	 	<cx>642</cx>
	 	 	 	<cy>977</cy>
	 	 	</node>
	 	 	<node id="15" type="1">
	 	 	 	<cx>629</cx>
	 	 	 	<cy>893</cy>
	 	 	</node>
	 	 	<node id="16" type="1">
	 	 	 	<cx>36</cx>
	 	 	 	<cy>124</cy>
	 	 	</node>
	 	 	<node id="17" type="1">
	 	 	 	<cx>155</cx>
	 	 	 	<cy>172</cy>
	 	 	</node>
	 	 	<node id="18" type="1">
	 	 	 	<cx>6</cx>
	 	 	 	<cy>367</cy>
	 	 	</node>
	 	 	<node id="19" type="1">
	 	 	 	<cx>39</cx>
	 	 	 	<cy>198</cy>
	 	 	</node>
	 	 	<node id="20" type="1">
	 	 	 	<cx>40</cx>
	 	 	 	<cy>311</cy>
	 	 	</node>
	 	 	<node id="21" type="1">
	 	 	 	<cx>649</cx>
	 	 	 	<cy>801</cy>
	 	 	</node>
	 	 	<node id="22" type="1">
	 	 	 	<cx>208</cx>
	 	 	 	<cy>367</cy>
	 	 	</node>
	 	 	<node id="23" type="1">
	 	 	 	<cx>237</cx>
	 	 	 	<cy>944</cy>
	 	 	</node>
	 	 	<node id="24" type="1">
	 	 	 	<cx>282</cx>
	 	 	 	<cy>313</cy>
	 	 	</node>
	 	 	<node id="25" type="1">
	 	 	 	<cx>114</cx>
	 	 	 	<cy>684</cy>
	 	 	</node>
	 	 	<node id="26" type="1">
	 	 	 	<cx>69</cx>
	 	 	 	<cy>168</cy>
	 	 	</node>
	 	 	<node id="27" type="1">
	 	 	 	<cx>23</cx>
	 	 	 	<cy>553</cy>
	 	 	</node>
	 	 	<node id="28" type="1">
	 	 	 	<cx>137</cx>
	 	 	 	<cy>467</cy>
	 	 	</node>
	 	 	<node id="29" type="1">
	 	 	 	<cx>244</cx>
	 	 	 	<cy>971</cy>
	 	 	</node>
	 	 	<node id="30" type="1">
	 	 	 	<cx>86</cx>
	 	 	 	<cy>456</cy>
	 	 	</node>
	 	 	<node id="31" type="1">
	 	 	 	<cx>125</cx>
	 	 	 	<cy>681</cy>
	 	 	</node>
	 	 	<node id="32" type="1">
	 	 	 	<cx>77</cx>
	 	 	 	<cy>398</cy>
	 	 	</node>
	 	 	<node id="33" type="1">
	 	 	 	<cx>128</cx>
	 	 	 	<cy>820</cy>
	 	 	</node>
	 	 	<node id="34" type="1">
	 	 	 	<cx>166</cx>
	 	 	 	<cy>804</cy>
	 	 	</node>
	 	 	<node id="35" type="1">
	 	 	 	<cx>657</cx>
	 	 	 	<cy>959</cy>
	 	 	</node>
	 	 	<node id="36" type="1">
	 	 	 	<cx>160</cx>
	 	 	 	<cy>172</cy>
	 	 	</node>
	 	 	<node id="37" type="1">
	 	 	 	<cx>674</cx>
	 	 	 	<cy>882</cy>
	 	 	</node>
	 	 	<node id="38" type="1">
	 	 	 	<cx>255</cx>
	 	 	 	<cy>944</cy>
	 	 	</node>
	 	 	<node id="39" type="1">
	 	 	 	<cx>709</cx>
	 	 	 	<cy>691</cy>
	 	 	</node>
	 	 	<node id="40" type="1">
	 	 	 	<cx>167</cx>
	 	 	 	<cy>720</cy>
	 	 	</node>
	 	 	<node id="41" type="1">
	 	 	 	<cx>187</cx>
	 	 	 	<cy>995</cy>
	 	 	</node>
	 	 	<node id="42" type="1">
	 	 	 	<cx>246</cx>
	 	 	 	<cy>707</cy>
	 	 	</node>
	 	 	<node id="43" type="1">
	 	 	 	<cx>95</cx>
	 	 	 	<cy>518</cy>
	 	 	</node>
	 	 	<node id="44" type="1">
	 	 	 	<cx>44</cx>
	 	 	 	<cy>264</cy>
	 	 	</node>
	 	 	<node id="45" type="1">
	 	 	 	<cx>262</cx>
	 	 	 	<cy>940</cy>
	 	 	</node>
	 	 	<node id="46" type="1">
	 	 	 	<cx>739</cx>
	 	 	 	<cy>987</cy>
	 	 	</node>
	 	 	<node id="47" type="1">
	 	 	 	<cx>210</cx>
	 	 	 	<cy>586</cy>
	 	 	</node>
	 	 	<node id="48" type="1">
	 	 	 	<cx>240</cx>
	 	 	 	<cy>994</cy>
	 	 	</node>
	 	 	<node id="49" type="1">
	 	 	 	<cx>199</cx>
	 	 	 	<cy>564</cy>
	 	 	</node>
	 	 	<node id="50" type="1">
	 	 	 	<cx>108</cx>
	 	 	 	<cy>491</cy>
	 	 	</node>
	 	 	<node id="51" type="1">
	 	 	 	<cx>832</cx>
	 	 	 	<cy>933</cy>
	 	 	</node>
	 	 	<node id="52" type="1">
	 	 	 	<cx>715</cx>
	 	 	 	<cy>874</cy>
	 	 	</node>
	 	 	<node id="53" type="1">
	 	 	 	<cx>130</cx>
	 	 	 	<cy>426</cy>
	 	 	</node>
	 	 	<node id="54" type="1">
	 	 	 	<cx>518</cx>
	 	 	 	<cy>749</cy>
	 	 	</node>
	 	 	<node id="55" type="1">
	 	 	 	<cx>90</cx>
	 	 	 	<cy>209</cy>
	 	 	</node>
	 	 	<node id="56" type="1">
	 	 	 	<cx>760</cx>
	 	 	 	<cy>925</cy>
	 	 	</node>
	 	 	<node id="57" type="1">
	 	 	 	<cx>118</cx>
	 	 	 	<cy>92</cy>
	 	 	</node>
	 	 	<node id="58" type="1">
	 	 	 	<cx>72</cx>
	 	 	 	<cy>270</cy>
	 	 	</node>
	 	 	<node id="59" type="1">
	 	 	 	<cx>606</cx>
	 	 	 	<cy>976</cy>
	 	 	</node>
	 	 	<node id="60" type="1">
	 	 	 	<cx>129</cx>
	 	 	 	<cy>975</cy>
	 	 	</node>
	 	 	<node id="61" type="1">
	 	 	 	<cx>157</cx>
	 	 	 	<cy>787</cy>
	 	 	</node>
	 	 	<node id="62" type="1">
	 	 	 	<cx>626</cx>
	 	 	 	<cy>857</cy>
	 	 	</node>
	 	 	<node id="63" type="1">
	 	 	 	<cx>169</cx>
	 	 	 	<cy>712</cy>
	 	 	</node>
	 	 	<node id="64" type="1">
	 	 	 	<cx>105</cx>
	 	 	 	<cy>710</cy>
	 	 	</node>
	 	 	<node id="65" type="1">
	 	 	 	<cx>105</cx>
	 	 	 	<cy>233</cy>
	 	 	</node>
	 	 	<node id="66" type="1">
	 	 	 	<cx>65</cx>
	 	 	 	<cy>322</cy>
	 	 	</node>
	 	 	<node id="67" type="1">
	 	 	 	<cx>685</cx>
	 	 	 	<cy>804</cy>
	 	 	</node>
	 	 	<node id="68" type="1">
	 	 	 	<cx>215</cx>
	 	 	 	<cy>664</cy>
	 	 	</node>
	 	 	<node id="69" type="1">
	 	 	 	<cx>211</cx>
	 	 	 	<cy>996</cy>
	 	 	</node>
	 	 	<node id="70" type="1">
	 	 	 	<cx>336</cx>
	 	 	 	<cy>887</cy>
	 	 	</node>
	 	 	<node id="71" type="1">
	 	 	 	<cx>728</cx>
	 	 	 	<cy>533</cy>
	 	 	</node>
	 	 	<node id="72" type="1">
	 	 	 	<cx>649</cx>
	 	 	 	<cy>836</cy>
	 	 	</node>
	 	 	<node id="73" type="1">
	 	 	 	<cx>93</cx>
	 	 	 	<cy>905</cy>
	 	 	</node>
	 	 	<node id="74" type="1">
	 	 	 	<cx>143</cx>
	 	 	 	<cy>894</cy>
	 	 	</node>
	 	 	<node id="75" type="1">
	 	 	 	<cx>47</cx>
	 	 	 	<cy>136</cy>
	 	 	</node>
	 	 	<node id="76" type="1">
	 	 	 	<cx>198</cx>
	 	 	 	<cy>125</cy>
	 	 	</node>
	 	 	<node id="77" type="1">
	 	 	 	<cx>707</cx>
	 	 	 	<cy>977</cy>
	 	 	</node>
	 	 	<node id="78" type="1">
	 	 	 	<cx>682</cx>
	 	 	 	<cy>937</cy>
	 	 	</node>
	 	 	<node id="79" type="1">
	 	 	 	<cx>17</cx>
	 	 	 	<cy>858</cy>
	 	 	</node>
	 	 	<node id="80" type="1">
	 	 	 	<cx>370</cx>
	 	 	 	<cy>512</cy>
	 	 	</node>
	 	 	<node id="81" type="1">
	 	 	 	<cx>222</cx>
	 	 	 	<cy>825</cy>
	 	 	</node>
	 	 	<node id="82" type="1">
	 	 	 	<cx>55</cx>
	 	 	 	<cy>388</cy>
	 	 	</node>
	 	 	<node id="83" type="1">
	 	 	 	<cx>182</cx>
	 	 	 	<cy>905</cy>
	 	 	</node>
	 	 	<node id="84" type="1">
	 	 	 	<cx>41</cx>
	 	 	 	<cy>510</cy>
	 	 	</node>
	 	 	<node id="85" type="1">
	 	 	 	<cx>128</cx>
	 	 	 	<cy>221</cy>
	 	 	</node>
	 	 	<node id="86" type="1">
	 	 	 	<cx>266</cx>
	 	 	 	<cy>796</cy>
	 	 	</node>
	 	 	<node id="87" type="1">
	 	 	 	<cx>349</cx>
	 	 	 	<cy>821</cy>
	 	 	</node>
	 	 	<node id="88" type="1">
	 	 	 	<cx>108</cx>
	 	 	 	<cy>777</cy>
	 	 	</node>
	 	 	<node id="89" type="1">
	 	 	 	<cx>98</cx>
	 	 	 	<cy>842</cy>
	 	 	</node>
	 	 	<node id="90" type="1">
	 	 	 	<cx>225</cx>
	 	 	 	<cy>528</cy>
	 	 	</node>
	 	 	<node id="91" type="1">
	 	 	 	<cx>140</cx>
	 	 	 	<cy>920</cy>
	 	 	</node>
	 	 	<node id="92" type="1">
	 	 	 	<cx>132</cx>
	 	 	 	<cy>465</cy>
	 	 	</node>
	 	 	<node id="93" type="1">
	 	 	 	<cx>132</cx>
	 	 	 	<cy>478</cy>
	 	 	</node>
	 	 	<node id="94" type="1">
	 	 	 	<cx>126</cx>
	 	 	 	<cy>754</cy>
	 	 	</node>
	 	 	<node id="95" type="1">
	 	 	 	<cx>144</cx>
	 	 	 	<cy>476</cy>
	 	 	</node>
	 	 	<node id="96" type="1">
	 	 	 	<cx>138</cx>
	 	 	 	<cy>981</cy>
	 	 	</node>
	 	 	<node id="97" type="1">
	 	 	 	<cx>127</cx>
	 	 	 	<cy>302</cy>
	 	 	</node>
	 	 	<node id="98" type="1">
	 	 	 	<cx>163</cx>
	 	 	 	<cy>937</cy>
	 	 	</node>
	 	 	<node id="99" type="1">
	 	 	 	<cx>11</cx>
	 	 	 	<cy>794</cy>
	 	 	</node>
	 	 	<node id="100" type="1">
	 	 	 	<cx>663</cx>
	 	 	 	<cy>942</cy>
	 	 	</node>
	 	 	<node id="101" type="1">
	 	 	 	<cx>138</cx>
	 	 	 	<cy>464</cy>
	 	 	</node>
	 	 	<node id="102" type="1">
	 	 	 	<cx>27</cx>
	 	 	 	<cy>134</cy>
	 	 	</node>
	 	 	<node id="103" type="1">
	 	 	 	<cx>213</cx>
	 	 	 	<cy>819</cy>
	 	 	</node>
	 	 	<node id="104" type="1">
	 	 	 	<cx>150</cx>
	 	 	 	<cy>746</cy>
	 	 	</node>
	 	 	<node id="105" type="1">
	 	 	 	<cx>184</cx>
	 	 	 	<cy>760</cy>
	 	 	</node>
	 	 	<node id="106" type="1">
	 	 	 	<cx>122</cx>
	 	 	 	<cy>579</cy>
	 	 	</node>
	 	 	<node id="107" type="1">
	 	 	 	<cx>180</cx>
	 	 	 	<cy>670</cy>
	 	 	</node>
	 	 	<node id="108" type="1">
	 	 	 	<cx>166</cx>
	 	 	 	<cy>955</cy>
	 	 	</node>
	 	 	<node id="109" type="1">
	 	 	 	<cx>111</cx>
	 	 	 	<cy>284</cy>
	 	 	</node>
	 	 	<node id="110" type="1">
	 	 	 	<cx>222</cx>
	 	 	 	<cy>859</cy>
	 	 	</node>
	 	 	<node id="111" type="1">
	 	 	 	<cx>104</cx>
	 	 	 	<cy>951</cy>
	 	 	</node>
	 	 	<node id="112" type="1">
	 	 	 	<cx>162</cx>
	 	 	 	<cy>968</cy>
	 	 	</node>
	 	 	<node id="113" type="1">
	 	 	 	<cx>73</cx>
	 	 	 	<cy>394</cy>
	 	 	</node>
	 	 	<node id="114" type="1">
	 	 	 	<cx>620</cx>
	 	 	 	<cy>899</cy>
	 	 	</node>
	 	 	<node id="115" type="1">
	 	 	 	<cx>193</cx>
	 	 	 	<cy>257</cy>
	 	 	</node>
	 	 	<node id="116" type="1">
	 	 	 	<cx>52</cx>
	 	 	 	<cy>737</cy>
	 	 	</node>
	 	 	<node id="117" type="1">
	 	 	 	<cx>655</cx>
	 	 	 	<cy>914</cy>
	 	 	</node>
	 	 	<node id="118" type="1">
	 	 	 	<cx>110</cx>
	 	 	 	<cy>440</cy>
	 	 	</node>
	 	 	<node id="119" type="1">
	 	 	 	<cx>232</cx>
	 	 	 	<cy>648</cy>
	 	 	</node>
	 	 	<node id="120" type="1">
	 	 	 	<cx>645</cx>
	 	 	 	<cy>922</cy>
	 	 	</node>
	 	 	<node id="121" type="1">
	 	 	 	<cx>204</cx>
	 	 	 	<cy>708</cy>
	 	 	</node>
	 	 	<node id="122" type="1">
	 	 	 	<cx>52</cx>
	 	 	 	<cy>512</cy>
	 	 	</node>
	 	 	<node id="123" type="1">
	 	 	 	<cx>161</cx>
	 	 	 	<cy>887</cy>
	 	 	</node>
	 	 	<node id="124" type="1">
	 	 	 	<cx>46</cx>
	 	 	 	<cy>259</cy>
	 	 	</node>
	 	 	<node id="125" type="1">
	 	 	 	<cx>151</cx>
	 	 	 	<cy>777</cy>
	 	 	</node>
	 	 	<node id="126" type="1">
	 	 	 	<cx>191</cx>
	 	 	 	<cy>999</cy>
	 	 	</node>
	 	 	<node id="127" type="1">
	 	 	 	<cx>125</cx>
	 	 	 	<cy>766</cy>
	 	 	</node>
	 	 	<node id="128" type="1">
	 	 	 	<cx>247</cx>
	 	 	 	<cy>686</cy>
	 	 	</node>
	 	 	<node id="129" type="1">
	 	 	 	<cx>68</cx>
	 	 	 	<cy>464</cy>
	 	 	</node>
	 	 	<node id="130" type="1">
	 	 	 	<cx>5</cx>
	 	 	 	<cy>393</cy>
	 	 	</node>
	 	 	<node id="131" type="1">
	 	 	 	<cx>696</cx>
	 	 	 	<cy>937</cy>
	 	 	</node>
	 	 	<node id="132" type="1">
	 	 	 	<cx>642</cx>
	 	 	 	<cy>902</cy>
	 	 	</node>
	 	 	<node id="133" type="1">
	 	 	 	<cx>86</cx>
	 	 	 	<cy>905</cy>
	 	 	</node>
	 	 	<node id="134" type="1">
	 	 	 	<cx>132</cx>
	 	 	 	<cy>600</cy>
	 	 	</node>
	 	 	<node id="135" type="1">
	 	 	 	<cx>115</cx>
	 	 	 	<cy>788</cy>
	 	 	</node>
	 	 	<node id="136" type="1">
	 	 	 	<cx>126</cx>
	 	 	 	<cy>801</cy>
	 	 	</node>
	 	 	<node id="137" type="1">
	 	 	 	<cx>58</cx>
	 	 	 	<cy>479</cy>
	 	 	</node>
	 	 	<node id="138" type="1">
	 	 	 	<cx>637</cx>
	 	 	 	<cy>926</cy>
	 	 	</node>
	 	 	<node id="139" type="1">
	 	 	 	<cx>147</cx>
	 	 	 	<cy>765</cy>
	 	 	</node>
	 	 	<node id="140" type="1">
	 	 	 	<cx>145</cx>
	 	 	 	<cy>772</cy>
	 	 	</node>
	 	 	<node id="141" type="1">
	 	 	 	<cx>592</cx>
	 	 	 	<cy>971</cy>
	 	 	</node>
	 	 	<node id="142" type="1">
	 	 	 	<cx>58</cx>
	 	 	 	<cy>195</cy>
	 	 	</node>
	 	 	<node id="143" type="1">
	 	 	 	<cx>236</cx>
	 	 	 	<cy>969</cy>
	 	 	</node>
	 	 	<node id="144" type="1">
	 	 	 	<cx>729</cx>
	 	 	 	<cy>986</cy>
	 	 	</node>
	 	 	<node id="145" type="1">
	 	 	 	<cx>204</cx>
	 	 	 	<cy>931</cy>
	 	 	</node>
	 	 	<node id="146" type="1">
	 	 	 	<cx>731</cx>
	 	 	 	<cy>958</cy>
	 	 	</node>
	 	 	<node id="147" type="1">
	 	 	 	<cx>616</cx>
	 	 	 	<cy>999</cy>
	 	 	</node>
	 	 	<node id="148" type="1">
	 	 	 	<cx>234</cx>
	 	 	 	<cy>458</cy>
	 	 	</node>
	 	 	<node id="149" type="1">
	 	 	 	<cx>0</cx>
	 	 	 	<cy>48</cy>
	 	 	</node>
	 	 	<node id="150" type="1">
	 	 	 	<cx>138</cx>
	 	 	 	<cy>215</cy>
	 	 	</node>
	 	 	<node id="151" type="1">
	 	 	 	<cx>82</cx>
	 	 	 	<cy>268</cy>
	 	 	</node>
	 	 	<node id="152" type="1">
	 	 	 	<cx>661</cx>
	 	 	 	<cy>893</cy>
	 	 	</node>
	 	 	<node id="153" type="1">
	 	 	 	<cx>828</cx>
	 	 	 	<cy>769</cy>
	 	 	</node>
	 	 	<node id="154" type="1">
	 	 	 	<cx>587</cx>
	 	 	 	<cy>942</cy>
	 	 	</node>
	 	 	<node id="155" type="1">
	 	 	 	<cx>631</cx>
	 	 	 	<cy>978</cy>
	 	 	</node>
	 	 	<node id="156" type="1">
	 	 	 	<cx>64</cx>
	 	 	 	<cy>297</cy>
	 	 	</node>
	 	 	<node id="157" type="1">
	 	 	 	<cx>257</cx>
	 	 	 	<cy>671</cy>
	 	 	</node>
	 	 	<node id="158" type="1">
	 	 	 	<cx>158</cx>
	 	 	 	<cy>185</cy>
	 	 	</node>
	 	 	<node id="159" type="1">
	 	 	 	<cx>190</cx>
	 	 	 	<cy>183</cy>
	 	 	</node>
	 	 	<node id="160" type="1">
	 	 	 	<cx>127</cx>
	 	 	 	<cy>166</cy>
	 	 	</node>
	 	 	<node id="161" type="1">
	 	 	 	<cx>75</cx>
	 	 	 	<cy>564</cy>
	 	 	</node>
	 	 	<node id="162" type="1">
	 	 	 	<cx>26</cx>
	 	 	 	<cy>818</cy>
	 	 	</node>
	 	 	<node id="163" type="1">
	 	 	 	<cx>157</cx>
	 	 	 	<cy>888</cy>
	 	 	</node>
	 	 	<node id="164" type="1">
	 	 	 	<cx>97</cx>
	 	 	 	<cy>174</cy>
	 	 	</node>
	 	 	<node id="165" type="1">
	 	 	 	<cx>53</cx>
	 	 	 	<cy>210</cy>
	 	 	</node>
	 	 	<node id="166" type="1">
	 	 	 	<cx>255</cx>
	 	 	 	<cy>551</cy>
	 	 	</node>
	 	 	<node id="167" type="1">
	 	 	 	<cx>93</cx>
	 	 	 	<cy>135</cy>
	 	 	</node>
	 	 	<node id="168" type="1">
	 	 	 	<cx>303</cx>
	 	 	 	<cy>976</cy>
	 	 	</node>
	 	 	<node id="169" type="1">
	 	 	 	<cx>139</cx>
	 	 	 	<cy>824</cy>
	 	 	</node>
	 	 	<node id="170" type="1">
	 	 	 	<cx>144</cx>
	 	 	 	<cy>824</cy>
	 	 	</node>
	 	 	<node id="171" type="1">
	 	 	 	<cx>166</cx>
	 	 	 	<cy>971</cy>
	 	 	</node>
	 	 	<node id="172" type="1">
	 	 	 	<cx>23</cx>
	 	 	 	<cy>468</cy>
	 	 	</node>
	 	 	<node id="173" type="1">
	 	 	 	<cx>195</cx>
	 	 	 	<cy>983</cy>
	 	 	</node>
	 	 	<node id="174" type="1">
	 	 	 	<cx>73</cx>
	 	 	 	<cy>379</cy>
	 	 	</node>
	 	 	<node id="175" type="1">
	 	 	 	<cx>182</cx>
	 	 	 	<cy>177</cy>
	 	 	</node>
	 	 	<node id="176" type="1">
	 	 	 	<cx>118</cx>
	 	 	 	<cy>595</cy>
	 	 	</node>
	 	 	<node id="177" type="1">
	 	 	 	<cx>192</cx>
	 	 	 	<cy>702</cy>
	 	 	</node>
	 	 	<node id="178" type="1">
	 	 	 	<cx>355</cx>
	 	 	 	<cy>701</cy>
	 	 	</node>
	 	 	<node id="179" type="1">
	 	 	 	<cx>63</cx>
	 	 	 	<cy>190</cy>
	 	 	</node>
	 	 	<node id="180" type="1">
	 	 	 	<cx>164</cx>
	 	 	 	<cy>489</cy>
	 	 	</node>
	 	 	<node id="181" type="1">
	 	 	 	<cx>228</cx>
	 	 	 	<cy>918</cy>
	 	 	</node>
	 	 	<node id="182" type="1">
	 	 	 	<cx>746</cx>
	 	 	 	<cy>859</cy>
	 	 	</node>
	 	 	<node id="183" type="1">
	 	 	 	<cx>190</cx>
	 	 	 	<cy>958</cy>
	 	 	</node>
	 	 	<node id="184" type="1">
	 	 	 	<cx>162</cx>
	 	 	 	<cy>797</cy>
	 	 	</node>
	 	 	<node id="185" type="1">
	 	 	 	<cx>587</cx>
	 	 	 	<cy>963</cy>
	 	 	</node>
	 	 	<node id="186" type="1">
	 	 	 	<cx>113</cx>
	 	 	 	<cy>97</cy>
	 	 	</node>
	 	 	<node id="187" type="1">
	 	 	 	<cx>119</cx>
	 	 	 	<cy>363</cy>
	 	 	</node>
	 	 	<node id="188" type="1">
	 	 	 	<cx>82</cx>
	 	 	 	<cy>200</cy>
	 	 	</node>
	 	 	<node id="189" type="1">
	 	 	 	<cx>93</cx>
	 	 	 	<cy>167</cy>
	 	 	</node>
	 	 	<node id="190" type="1">
	 	 	 	<cx>679</cx>
	 	 	 	<cy>707</cy>
	 	 	</node>
	 	 	<node id="191" type="1">
	 	 	 	<cx>139</cx>
	 	 	 	<cy>264</cy>
	 	 	</node>
	 	 	<node id="192" type="1">
	 	 	 	<cx>164</cx>
	 	 	 	<cy>569</cy>
	 	 	</node>
	 	 	<node id="193" type="1">
	 	 	 	<cx>751</cx>
	 	 	 	<cy>803</cy>
	 	 	</node>
	 	 	<node id="194" type="1">
	 	 	 	<cx>22</cx>
	 	 	 	<cy>100</cy>
	 	 	</node>
	 	 	<node id="195" type="1">
	 	 	 	<cx>143</cx>
	 	 	 	<cy>744</cy>
	 	 	</node>
	 	 	<node id="196" type="1">
	 	 	 	<cx>217</cx>
	 	 	 	<cy>890</cy>
	 	 	</node>
	 	 	<node id="197" type="1">
	 	 	 	<cx>55</cx>
	 	 	 	<cy>196</cy>
	 	 	</node>
	 	 	<node id="198" type="1">
	 	 	 	<cx>792</cx>
	 	 	 	<cy>923</cy>
	 	 	</node>
	 	 	<node id="199" type="1">
	 	 	 	<cx>226</cx>
	 	 	 	<cy>907</cy>
	 	 	</node>
	 	 	<node id="200" type="1">
	 	 	 	<cx>584</cx>
	 	 	 	<cy>877</cy>
	 	 	</node>
	 	 	<node id="201" type="1">
	 	 	 	<cx>786</cx>
	 	 	 	<cy>815</cy>
	 	 	</node>
	 	 	<node id="202" type="1">
	 	 	 	<cx>139</cx>
	 	 	 	<cy>121</cy>
	 	 	</node>
	 	 	<node id="203" type="1">
	 	 	 	<cx>179</cx>
	 	 	 	<cy>742</cy>
	 	 	</node>
	 	 	<node id="204" type="1">
	 	 	 	<cx>749</cx>
	 	 	 	<cy>909</cy>
	 	 	</node>
	 	 	<node id="205" type="1">
	 	 	 	<cx>198</cx>
	 	 	 	<cy>934</cy>
	 	 	</node>
	 	 	<node id="206" type="1">
	 	 	 	<cx>252</cx>
	 	 	 	<cy>809</cy>
	 	 	</node>
	 	 	<node id="207" type="1">
	 	 	 	<cx>70</cx>
	 	 	 	<cy>115</cy>
	 	 	</node>
	 	 	<node id="208" type="1">
	 	 	 	<cx>309</cx>
	 	 	 	<cy>976</cy>
	 	 	</node>
	 	 	<node id="209" type="1">
	 	 	 	<cx>191</cx>
	 	 	 	<cy>915</cy>
	 	 	</node>
	 	 	<node id="210" type="1">
	 	 	 	<cx>333</cx>
	 	 	 	<cy>77</cy>
	 	 	</node>
	 	 	<node id="211" type="1">
	 	 	 	<cx>82</cx>
	 	 	 	<cy>928</cy>
	 	 	</node>
	 	 	<node id="212" type="1">
	 	 	 	<cx>78</cx>
	 	 	 	<cy>497</cy>
	 	 	</node>
	 	 	<node id="213" type="1">
	 	 	 	<cx>11</cx>
	 	 	 	<cy>624</cy>
	 	 	</node>
	 	 	<node id="214" type="1">
	 	 	 	<cx>642</cx>
	 	 	 	<cy>915</cy>
	 	 	</node>
	 	 	<node id="215" type="1">
	 	 	 	<cx>71</cx>
	 	 	 	<cy>75</cy>
	 	 	</node>
	 	 	<node id="216" type="1">
	 	 	 	<cx>547</cx>
	 	 	 	<cy>981</cy>
	 	 	</node>
	 	 	<node id="217" type="1">
	 	 	 	<cx>271</cx>
	 	 	 	<cy>936</cy>
	 	 	</node>
	 	 	<node id="218" type="1">
	 	 	 	<cx>662</cx>
	 	 	 	<cy>981</cy>
	 	 	</node>
	 	 	<node id="219" type="1">
	 	 	 	<cx>214</cx>
	 	 	 	<cy>918</cy>
	 	 	</node>
	 	 	<node id="220" type="1">
	 	 	 	<cx>677</cx>
	 	 	 	<cy>991</cy>
	 	 	</node>
	 	 	<node id="221" type="1">
	 	 	 	<cx>8</cx>
	 	 	 	<cy>272</cy>
	 	 	</node>
	 	 	<node id="222" type="1">
	 	 	 	<cx>492</cx>
	 	 	 	<cy>817</cy>
	 	 	</node>
	 	 	<node id="223" type="1">
	 	 	 	<cx>49</cx>
	 	 	 	<cy>230</cy>
	 	 	</node>
	 	 	<node id="224" type="1">
	 	 	 	<cx>109</cx>
	 	 	 	<cy>241</cy>
	 	 	</node>
	 	 	<node id="225" type="1">
	 	 	 	<cx>33</cx>
	 	 	 	<cy>514</cy>
	 	 	</node>
	 	 	<node id="226" type="1">
	 	 	 	<cx>130</cx>
	 	 	 	<cy>276</cy>
	 	 	</node>
	 	 	<node id="227" type="1">
	 	 	 	<cx>178</cx>
	 	 	 	<cy>969</cy>
	 	 	</node>
	 	 	<node id="228" type="1">
	 	 	 	<cx>309</cx>
	 	 	 	<cy>966</cy>
	 	 	</node>
	 	 	<node id="229" type="1">
	 	 	 	<cx>100</cx>
	 	 	 	<cy>444</cy>
	 	 	</node>
	 	 	<node id="230" type="1">
	 	 	 	<cx>27</cx>
	 	 	 	<cy>507</cy>
	 	 	</node>
	 	 	<node id="231" type="1">
	 	 	 	<cx>702</cx>
	 	 	 	<cy>937</cy>
	 	 	</node>
	 	 	<node id="232" type="1">
	 	 	 	<cx>255</cx>
	 	 	 	<cy>943</cy>
	 	 	</node>
	 	 	<node id="233" type="1">
	 	 	 	<cx>123</cx>
	 	 	 	<cy>135</cy>
	 	 	</node>
	 	 	<node id="234" type="1">
	 	 	 	<cx>88</cx>
	 	 	 	<cy>408</cy>
	 	 	</node>
	 	 	<node id="235" type="1">
	 	 	 	<cx>124</cx>
	 	 	 	<cy>772</cy>
	 	 	</node>
	 	 	<node id="236" type="1">
	 	 	 	<cx>648</cx>
	 	 	 	<cy>973</cy>
	 	 	</node>
	 	 	<node id="237" type="1">
	 	 	 	<cx>662</cx>
	 	 	 	<cy>952</cy>
	 	 	</node>
	 	 	<node id="238" type="1">
	 	 	 	<cx>233</cx>
	 	 	 	<cy>834</cy>
	 	 	</node>
	 	 	<node id="239" type="1">
	 	 	 	<cx>280</cx>
	 	 	 	<cy>828</cy>
	 	 	</node>
	 	 	<node id="240" type="1">
	 	 	 	<cx>150</cx>
	 	 	 	<cy>753</cy>
	 	 	</node>
	 	 	<node id="241" type="1">
	 	 	 	<cx>70</cx>
	 	 	 	<cy>339</cy>
	 	 	</node>
	 	 	<node id="242" type="1">
	 	 	 	<cx>120</cx>
	 	 	 	<cy>919</cy>
	 	 	</node>
	 	 	<node id="243" type="1">
	 	 	 	<cx>572</cx>
	 	 	 	<cy>980</cy>
	 	 	</node>
	 	 	<node id="244" type="1">
	 	 	 	<cx>135</cx>
	 	 	 	<cy>814</cy>
	 	 	</node>
	 	 	<node id="245" type="1">
	 	 	 	<cx>3</cx>
	 	 	 	<cy>464</cy>
	 	 	</node>
	 	 	<node id="246" type="1">
	 	 	 	<cx>38</cx>
	 	 	 	<cy>618</cy>
	 	 	</node>
	 	 	<node id="247" type="1">
	 	 	 	<cx>76</cx>
	 	 	 	<cy>755</cy>
	 	 	</node>
	 	 	<node id="248" type="1">
	 	 	 	<cx>34</cx>
	 	 	 	<cy>399</cy>
	 	 	</node>
	 	 	<node id="249" type="1">
	 	 	 	<cx>88</cx>
	 	 	 	<cy>671</cy>
	 	 	</node>
	 	 	<node id="250" type="1">
	 	 	 	<cx>23</cx>
	 	 	 	<cy>336</cy>
	 	 	</node>
	 	 	<node id="251" type="1">
	 	 	 	<cx>201</cx>
	 	 	 	<cy>544</cy>
	 	 	</node>
	 	 	<node id="252" type="1">
	 	 	 	<cx>733</cx>
	 	 	 	<cy>850</cy>
	 	 	</node>
	 	 	<node id="253" type="1">
	 	 	 	<cx>38</cx>
	 	 	 	<cy>527</cy>
	 	 	</node>
	 	 	<node id="254" type="1">
	 	 	 	<cx>46</cx>
	 	 	 	<cy>502</cy>
	 	 	</node>
	 	 	<node id="255" type="1">
	 	 	 	<cx>686</cx>
	 	 	 	<cy>952</cy>
	 	 	</node>
	 	 	<node id="256" type="1">
	 	 	 	<cx>653</cx>
	 	 	 	<cy>958</cy>
	 	 	</node>
	 	 	<node id="257" type="1">
	 	 	 	<cx>770</cx>
	 	 	 	<cy>920</cy>
	 	 	</node>
	 	 	<node id="258" type="1">
	 	 	 	<cx>158</cx>
	 	 	 	<cy>769</cy>
	 	 	</node>
	 	 	<node id="259" type="1">
	 	 	 	<cx>211</cx>
	 	 	 	<cy>709</cy>
	 	 	</node>
	 	 	<node id="260" type="1">
	 	 	 	<cx>96</cx>
	 	 	 	<cy>761</cy>
	 	 	</node>
	 	 	<node id="261" type="1">
	 	 	 	<cx>190</cx>
	 	 	 	<cy>120</cy>
	 	 	</node>
	 	 	<node id="262" type="1">
	 	 	 	<cx>515</cx>
	 	 	 	<cy>841</cy>
	 	 	</node>
	 	 	<node id="263" type="1">
	 	 	 	<cx>107</cx>
	 	 	 	<cy>915</cy>
	 	 	</node>
	 	 	<node id="264" type="1">
	 	 	 	<cx>187</cx>
	 	 	 	<cy>932</cy>
	 	 	</node>
	 	 	<node id="265" type="1">
	 	 	 	<cx>34</cx>
	 	 	 	<cy>241</cy>
	 	 	</node>
	 	 	<node id="266" type="1">
	 	 	 	<cx>101</cx>
	 	 	 	<cy>968</cy>
	 	 	</node>
	 	 	<node id="267" type="1">
	 	 	 	<cx>228</cx>
	 	 	 	<cy>938</cy>
	 	 	</node>
	 	 	<node id="268" type="1">
	 	 	 	<cx>152</cx>
	 	 	 	<cy>397</cy>
	 	 	</node>
	 	 	<node id="269" type="1">
	 	 	 	<cx>163</cx>
	 	 	 	<cy>188</cy>
	 	 	</node>
	 	 	<node id="270" type="1">
	 	 	 	<cx>843</cx>
	 	 	 	<cy>942</cy>
	 	 	</node>
	 	 	<node id="271" type="1">
	 	 	 	<cx>208</cx>
	 	 	 	<cy>922</cy>
	 	 	</node>
	 	 	<node id="272" type="1">
	 	 	 	<cx>166</cx>
	 	 	 	<cy>931</cy>
	 	 	</node>
	 	 	<node id="273" type="1">
	 	 	 	<cx>455</cx>
	 	 	 	<cy>984</cy>
	 	 	</node>
	 	 	<node id="274" type="1">
	 	 	 	<cx>606</cx>
	 	 	 	<cy>962</cy>
	 	 	</node>
	 	 	<node id="275" type="1">
	 	 	 	<cx>553</cx>
	 	 	 	<cy>894</cy>
	 	 	</node>
	 	 	<node id="276" type="1">
	 	 	 	<cx>343</cx>
	 	 	 	<cy>894</cy>
	 	 	</node>
	 	 	<node id="277" type="1">
	 	 	 	<cx>223</cx>
	 	 	 	<cy>717</cy>
	 	 	</node>
	 	 	<node id="278" type="1">
	 	 	 	<cx>142</cx>
	 	 	 	<cy>957</cy>
	 	 	</node>
	 	 	<node id="279" type="1">
	 	 	 	<cx>693</cx>
	 	 	 	<cy>899</cy>
	 	 	</node>
	 	 	<node id="280" type="1">
	 	 	 	<cx>118</cx>
	 	 	 	<cy>725</cy>
	 	 	</node>
	 	 	<node id="281" type="1">
	 	 	 	<cx>353</cx>
	 	 	 	<cy>838</cy>
	 	 	</node>
	 	 	<node id="282" type="1">
	 	 	 	<cx>52</cx>
	 	 	 	<cy>328</cy>
	 	 	</node>
	 	 	<node id="283" type="1">
	 	 	 	<cx>14</cx>
	 	 	 	<cy>295</cy>
	 	 	</node>
	 	 	<node id="284" type="1">
	 	 	 	<cx>771</cx>
	 	 	 	<cy>850</cy>
	 	 	</node>
	 	 	<node id="285" type="1">
	 	 	 	<cx>151</cx>
	 	 	 	<cy>231</cy>
	 	 	</node>
	 	 	<node id="286" type="1">
	 	 	 	<cx>203</cx>
	 	 	 	<cy>330</cy>
	 	 	</node>
	 	 	<node id="287" type="1">
	 	 	 	<cx>79</cx>
	 	 	 	<cy>391</cy>
	 	 	</node>
	 	 	<node id="288" type="1">
	 	 	 	<cx>151</cx>
	 	 	 	<cy>387</cy>
	 	 	</node>
	 	 	<node id="289" type="1">
	 	 	 	<cx>97</cx>
	 	 	 	<cy>308</cy>
	 	 	</node>
	 	 	<node id="290" type="1">
	 	 	 	<cx>284</cx>
	 	 	 	<cy>14</cy>
	 	 	</node>
	 	 	<node id="291" type="1">
	 	 	 	<cx>159</cx>
	 	 	 	<cy>932</cy>
	 	 	</node>
	 	 	<node id="292" type="1">
	 	 	 	<cx>261</cx>
	 	 	 	<cy>204</cy>
	 	 	</node>
	 	 	<node id="293" type="1">
	 	 	 	<cx>60</cx>
	 	 	 	<cy>570</cy>
	 	 	</node>
	 	 	<node id="294" type="1">
	 	 	 	<cx>91</cx>
	 	 	 	<cy>607</cy>
	 	 	</node>
	 	 	<node id="295" type="1">
	 	 	 	<cx>14</cx>
	 	 	 	<cy>532</cy>
	 	 	</node>
	 	 	<node id="296" type="1">
	 	 	 	<cx>182</cx>
	 	 	 	<cy>728</cy>
	 	 	</node>
	 	 	<node id="297" type="1">
	 	 	 	<cx>204</cx>
	 	 	 	<cy>978</cy>
	 	 	</node>
	 	 	<node id="298" type="1">
	 	 	 	<cx>741</cx>
	 	 	 	<cy>786</cy>
	 	 	</node>
	 	 	<node id="299" type="1">
	 	 	 	<cx>119</cx>
	 	 	 	<cy>191</cy>
	 	 	</node>
	 	 	<node id="300" type="1">
	 	 	 	<cx>118</cx>
	 	 	 	<cy>904</cy>
	 	 	</node>
	 	 	<node id="301" type="1">
	 	 	 	<cx>146</cx>
	 	 	 	<cy>583</cy>
	 	 	</node>
	 	 	<node id="302" type="1">
	 	 	 	<cx>164</cx>
	 	 	 	<cy>263</cy>
	 	 	</node>
	 	 	<node id="303" type="1">
	 	 	 	<cx>50</cx>
	 	 	 	<cy>718</cy>
	 	 	</node>
	 	 	<node id="304" type="1">
	 	 	 	<cx>56</cx>
	 	 	 	<cy>420</cy>
	 	 	</node>
	 	 	<node id="305" type="1">
	 	 	 	<cx>50</cx>
	 	 	 	<cy>493</cy>
	 	 	</node>
	 	 	<node id="306" type="1">
	 	 	 	<cx>267</cx>
	 	 	 	<cy>934</cy>
	 	 	</node>
	 	 	<node id="307" type="1">
	 	 	 	<cx>740</cx>
	 	 	 	<cy>904</cy>
	 	 	</node>
	 	 	<node id="308" type="1">
	 	 	 	<cx>23</cx>
	 	 	 	<cy>212</cy>
	 	 	</node>
	 	 	<node id="309" type="1">
	 	 	 	<cx>42</cx>
	 	 	 	<cy>967</cy>
	 	 	</node>
	 	 	<node id="310" type="1">
	 	 	 	<cx>611</cx>
	 	 	 	<cy>889</cy>
	 	 	</node>
	 	 	<node id="311" type="1">
	 	 	 	<cx>236</cx>
	 	 	 	<cy>932</cy>
	 	 	</node>
	 	 	<node id="312" type="1">
	 	 	 	<cx>427</cx>
	 	 	 	<cy>892</cy>
	 	 	</node>
	 	 	<node id="313" type="1">
	 	 	 	<cx>9</cx>
	 	 	 	<cy>509</cy>
	 	 	</node>
	 	 	<node id="314" type="1">
	 	 	 	<cx>169</cx>
	 	 	 	<cy>271</cy>
	 	 	</node>
	 	 	<node id="315" type="1">
	 	 	 	<cx>197</cx>
	 	 	 	<cy>741</cy>
	 	 	</node>
	 	 	<node id="316" type="1">
	 	 	 	<cx>199</cx>
	 	 	 	<cy>789</cy>
	 	 	</node>
	 	 	<node id="317" type="1">
	 	 	 	<cx>82</cx>
	 	 	 	<cy>610</cy>
	 	 	</node>
	 	 	<node id="318" type="1">
	 	 	 	<cx>123</cx>
	 	 	 	<cy>468</cy>
	 	 	</node>
	 	 	<node id="319" type="1">
	 	 	 	<cx>70</cx>
	 	 	 	<cy>729</cy>
	 	 	</node>
	 	 	<node id="320" type="1">
	 	 	 	<cx>63</cx>
	 	 	 	<cy>443</cy>
	 	 	</node>
	 	 	<node id="321" type="1">
	 	 	 	<cx>142</cx>
	 	 	 	<cy>539</cy>
	 	 	</node>
	 	 	<node id="322" type="1">
	 	 	 	<cx>196</cx>
	 	 	 	<cy>229</cy>
	 	 	</node>
	 	 	<node id="323" type="1">
	 	 	 	<cx>602</cx>
	 	 	 	<cy>561</cy>
	 	 	</node>
	 	 	<node id="324" type="1">
	 	 	 	<cx>650</cx>
	 	 	 	<cy>992</cy>
	 	 	</node>
	 	 	<node id="325" type="1">
	 	 	 	<cx>663</cx>
	 	 	 	<cy>947</cy>
	 	 	</node>
	 	 	<node id="326" type="1">
	 	 	 	<cx>73</cx>
	 	 	 	<cy>790</cy>
	 	 	</node>
	 	 	<node id="327" type="1">
	 	 	 	<cx>135</cx>
	 	 	 	<cy>782</cy>
	 	 	</node>
	 	 	<node id="328" type="1">
	 	 	 	<cx>556</cx>
	 	 	 	<cy>1000</cy>
	 	 	</node>
	 	 	<node id="329" type="1">
	 	 	 	<cx>196</cx>
	 	 	 	<cy>361</cy>
	 	 	</node>
	 	 	<node id="330" type="1">
	 	 	 	<cx>240</cx>
	 	 	 	<cy>972</cy>
	 	 	</node>
	 	 	<node id="331" type="1">
	 	 	 	<cx>42</cx>
	 	 	 	<cy>552</cy>
	 	 	</node>
	 	 	<node id="332" type="1">
	 	 	 	<cx>72</cx>
	 	 	 	<cy>256</cy>
	 	 	</node>
	 	 	<node id="333" type="1">
	 	 	 	<cx>271</cx>
	 	 	 	<cy>641</cy>
	 	 	</node>
	 	 	<node id="334" type="1">
	 	 	 	<cx>69</cx>
	 	 	 	<cy>193</cy>
	 	 	</node>
	 	 	<node id="335" type="1">
	 	 	 	<cx>138</cx>
	 	 	 	<cy>389</cy>
	 	 	</node>
	 	 	<node id="336" type="1">
	 	 	 	<cx>140</cx>
	 	 	 	<cy>486</cy>
	 	 	</node>
	 	 	<node id="337" type="1">
	 	 	 	<cx>173</cx>
	 	 	 	<cy>996</cy>
	 	 	</node>
	 	 	<node id="338" type="1">
	 	 	 	<cx>138</cx>
	 	 	 	<cy>797</cy>
	 	 	</node>
	 	 	<node id="339" type="1">
	 	 	 	<cx>10</cx>
	 	 	 	<cy>520</cy>
	 	 	</node>
	 	 	<node id="340" type="1">
	 	 	 	<cx>297</cx>
	 	 	 	<cy>643</cy>
	 	 	</node>
	 	 	<node id="341" type="1">
	 	 	 	<cx>92</cx>
	 	 	 	<cy>946</cy>
	 	 	</node>
	 	 	<node id="342" type="1">
	 	 	 	<cx>104</cx>
	 	 	 	<cy>549</cy>
	 	 	</node>
	 	 	<node id="343" type="1">
	 	 	 	<cx>290</cx>
	 	 	 	<cy>691</cy>
	 	 	</node>
	 	 	<node id="344" type="1">
	 	 	 	<cx>213</cx>
	 	 	 	<cy>479</cy>
	 	 	</node>
	 	 	<node id="345" type="1">
	 	 	 	<cx>131</cx>
	 	 	 	<cy>996</cy>
	 	 	</node>
	 	 	<node id="346" type="1">
	 	 	 	<cx>233</cx>
	 	 	 	<cy>702</cy>
	 	 	</node>
	 	 	<node id="347" type="1">
	 	 	 	<cx>82</cx>
	 	 	 	<cy>351</cy>
	 	 	</node>
	 	 	<node id="348" type="1">
	 	 	 	<cx>177</cx>
	 	 	 	<cy>923</cy>
	 	 	</node>
	 	 	<node id="349" type="1">
	 	 	 	<cx>118</cx>
	 	 	 	<cy>903</cy>
	 	 	</node>
	 	 	<node id="350" type="1">
	 	 	 	<cx>69</cx>
	 	 	 	<cy>740</cy>
	 	 	</node>
	 	 	<node id="351" type="1">
	 	 	 	<cx>59</cx>
	 	 	 	<cy>163</cy>
	 	 	</node>
	 	 	<node id="352" type="1">
	 	 	 	<cx>48</cx>
	 	 	 	<cy>503</cy>
	 	 	</node>
	 	 	<node id="353" type="1">
	 	 	 	<cx>14</cx>
	 	 	 	<cy>424</cy>
	 	 	</node>
	 	 	<node id="354" type="1">
	 	 	 	<cx>147</cx>
	 	 	 	<cy>277</cy>
	 	 	</node>
	 	 	<node id="355" type="1">
	 	 	 	<cx>170</cx>
	 	 	 	<cy>717</cy>
	 	 	</node>
	 	 	<node id="356" type="1">
	 	 	 	<cx>129</cx>
	 	 	 	<cy>792</cy>
	 	 	</node>
	 	 	<node id="357" type="1">
	 	 	 	<cx>719</cx>
	 	 	 	<cy>946</cy>
	 	 	</node>
	 	 	<node id="358" type="1">
	 	 	 	<cx>176</cx>
	 	 	 	<cy>497</cy>
	 	 	</node>
	 	 	<node id="359" type="1">
	 	 	 	<cx>245</cx>
	 	 	 	<cy>503</cy>
	 	 	</node>
	 	 	<node id="360" type="1">
	 	 	 	<cx>174</cx>
	 	 	 	<cy>535</cy>
	 	 	</node>
	 	 	<node id="361" type="1">
	 	 	 	<cx>167</cx>
	 	 	 	<cy>891</cy>
	 	 	</node>
	 	 	<node id="362" type="1">
	 	 	 	<cx>668</cx>
	 	 	 	<cy>911</cy>
	 	 	</node>
	 	 	<node id="363" type="1">
	 	 	 	<cx>236</cx>
	 	 	 	<cy>621</cy>
	 	 	</node>
	 	 	<node id="364" type="1">
	 	 	 	<cx>197</cx>
	 	 	 	<cy>529</cy>
	 	 	</node>
	 	 	<node id="365" type="1">
	 	 	 	<cx>152</cx>
	 	 	 	<cy>714</cy>
	 	 	</node>
	 	 	<node id="366" type="1">
	 	 	 	<cx>585</cx>
	 	 	 	<cy>950</cy>
	 	 	</node>
	 	 	<node id="367" type="1">
	 	 	 	<cx>587</cx>
	 	 	 	<cy>930</cy>
	 	 	</node>
	 	 	<node id="368" type="1">
	 	 	 	<cx>182</cx>
	 	 	 	<cy>640</cy>
	 	 	</node>
	 	 	<node id="369" type="1">
	 	 	 	<cx>219</cx>
	 	 	 	<cy>944</cy>
	 	 	</node>
	 	 	<node id="370" type="1">
	 	 	 	<cx>98</cx>
	 	 	 	<cy>706</cy>
	 	 	</node>
	 	 	<node id="371" type="1">
	 	 	 	<cx>278</cx>
	 	 	 	<cy>544</cy>
	 	 	</node>
	 	 	<node id="372" type="1">
	 	 	 	<cx>216</cx>
	 	 	 	<cy>873</cy>
	 	 	</node>
	 	 	<node id="373" type="1">
	 	 	 	<cx>76</cx>
	 	 	 	<cy>744</cy>
	 	 	</node>
	 	 	<node id="374" type="1">
	 	 	 	<cx>189</cx>
	 	 	 	<cy>251</cy>
	 	 	</node>
	 	 	<node id="375" type="1">
	 	 	 	<cx>138</cx>
	 	 	 	<cy>183</cy>
	 	 	</node>
	 	 	<node id="376" type="1">
	 	 	 	<cx>12</cx>
	 	 	 	<cy>916</cy>
	 	 	</node>
	 	 	<node id="377" type="1">
	 	 	 	<cx>150</cx>
	 	 	 	<cy>954</cy>
	 	 	</node>
	 	 	<node id="378" type="1">
	 	 	 	<cx>20</cx>
	 	 	 	<cy>596</cy>
	 	 	</node>
	 	 	<node id="379" type="1">
	 	 	 	<cx>178</cx>
	 	 	 	<cy>189</cy>
	 	 	</node>
	 	 	<node id="380" type="1">
	 	 	 	<cx>144</cx>
	 	 	 	<cy>219</cy>
	 	 	</node>
	 	 	<node id="381" type="1">
	 	 	 	<cx>643</cx>
	 	 	 	<cy>943</cy>
	 	 	</node>
	 	 	<node id="382" type="1">
	 	 	 	<cx>728</cx>
	 	 	 	<cy>986</cy>
	 	 	</node>
	 	 	<node id="383" type="1">
	 	 	 	<cx>125</cx>
	 	 	 	<cy>874</cy>
	 	 	</node>
	 	 	<node id="384" type="1">
	 	 	 	<cx>158</cx>
	 	 	 	<cy>198</cy>
	 	 	</node>
	 	 	<node id="385" type="1">
	 	 	 	<cx>181</cx>
	 	 	 	<cy>289</cy>
	 	 	</node>
	 	 	<node id="386" type="1">
	 	 	 	<cx>215</cx>
	 	 	 	<cy>625</cy>
	 	 	</node>
	 	 	<node id="387" type="1">
	 	 	 	<cx>107</cx>
	 	 	 	<cy>321</cy>
	 	 	</node>
	 	 	<node id="388" type="1">
	 	 	 	<cx>571</cx>
	 	 	 	<cy>920</cy>
	 	 	</node>
	 	 	<node id="389" type="1">
	 	 	 	<cx>110</cx>
	 	 	 	<cy>461</cy>
	 	 	</node>
	 	 	<node id="390" type="1">
	 	 	 	<cx>101</cx>
	 	 	 	<cy>592</cy>
	 	 	</node>
	 	 	<node id="391" type="1">
	 	 	 	<cx>96</cx>
	 	 	 	<cy>684</cy>
	 	 	</node>
	 	 	<node id="392" type="1">
	 	 	 	<cx>579</cx>
	 	 	 	<cy>816</cy>
	 	 	</node>
	 	 	<node id="393" type="1">
	 	 	 	<cx>645</cx>
	 	 	 	<cy>947</cy>
	 	 	</node>
	 	 	<node id="394" type="1">
	 	 	 	<cx>777</cx>
	 	 	 	<cy>894</cy>
	 	 	</node>
	 	 	<node id="395" type="1">
	 	 	 	<cx>806</cx>
	 	 	 	<cy>973</cy>
	 	 	</node>
	 	 	<node id="396" type="1">
	 	 	 	<cx>118</cx>
	 	 	 	<cy>790</cy>
	 	 	</node>
	 	 	<node id="397" type="1">
	 	 	 	<cx>195</cx>
	 	 	 	<cy>927</cy>
	 	 	</node>
	 	 	<node id="398" type="1">
	 	 	 	<cx>157</cx>
	 	 	 	<cy>944</cy>
	 	 	</node>
	 	 	<node id="399" type="1">
	 	 	 	<cx>235</cx>
	 	 	 	<cy>784</cy>
	 	 	</node>
	 	 	<node id="400" type="1">
	 	 	 	<cx>256</cx>
	 	 	 	<cy>895</cy>
	 	 	</node>
	 	 	<node id="401" type="1">
	 	 	 	<cx>15</cx>
	 	 	 	<cy>431</cy>
	 	 	</node>
	 	 	<node id="402" type="1">
	 	 	 	<cx>233</cx>
	 	 	 	<cy>962</cy>
	 	 	</node>
	 	 	<node id="403" type="1">
	 	 	 	<cx>793</cx>
	 	 	 	<cy>774</cy>
	 	 	</node>
	 	 	<node id="404" type="1">
	 	 	 	<cx>127</cx>
	 	 	 	<cy>185</cy>
	 	 	</node>
	 	 	<node id="405" type="1">
	 	 	 	<cx>704</cx>
	 	 	 	<cy>965</cy>
	 	 	</node>
	 	 	<node id="406" type="1">
	 	 	 	<cx>234</cx>
	 	 	 	<cy>634</cy>
	 	 	</node>
	 	 	<node id="407" type="1">
	 	 	 	<cx>664</cx>
	 	 	 	<cy>948</cy>
	 	 	</node>
	 	 	<node id="408" type="1">
	 	 	 	<cx>29</cx>
	 	 	 	<cy>604</cy>
	 	 	</node>
	 	 	<node id="409" type="1">
	 	 	 	<cx>278</cx>
	 	 	 	<cy>697</cy>
	 	 	</node>
	 	 	<node id="410" type="1">
	 	 	 	<cx>686</cx>
	 	 	 	<cy>985</cy>
	 	 	</node>
	 	 	<node id="411" type="1">
	 	 	 	<cx>151</cx>
	 	 	 	<cy>795</cy>
	 	 	</node>
	 	</nodes>
	 	<euclidean/>
	 	<decimals>0</decimals>
	 </network>
	 <fleet>
	 	 <vehicle_profile type="0">
	 	  	 <departure_node>1</departure_node>
	 	  	 <arrival_node>1</arrival_node>
	 	  	 <capacity>216</capacity>
	 	 </vehicle_profile>
	 </fleet>
	 <requests>
	 	 <request id="1" node="2">
	 	 	 <quantity>95</quantity>
	 	 </request>
	 	 <request id="2" node="3">
	 	 	 <quantity>58</quantity>
	 	 </request>
	 	 <request id="3" node="4">
	 	 	 <quantity>80</quantity>
	 	 </request>
	 	 <request id="4" node="5">
	 	 	 <quantity>97</quantity>
	 	 </request>
	 	 <request id="5" node="6">
	 	 	 <quantity>100</quantity>
	 	 </request>
	 	 <request id="6" node="7">
	 	 	 <quantity>64</quantity>
	 	 </request>
	 	 <request id="7" node="8">
	 	 	 <quantity>63</quantity>
	 	 </request>
	 	 <request id="8" node="9">
	 	 	 <quantity>86</quantity>
	 	 </request>
	 	 <request id="9" node="10">
	 	 	 <quantity>61</quantity>
	 	 </request>
	 	 <request id="10" node="11">
	 	 	 <quantity>62</quantity>
	 	 </request>
	 	 <request id="11" node="12">
	 	 	 <quantity>56</quantity>
	 	 </request>
	 	 <request id="12" node="13">
	 	 	 <quantity>74</quantity>
	 	 </request>
	 	 <request id="13" node="14">
	 	 	 <quantity>78</quantity>
	 	 </request>
	 	 <request id="14" node="15">
	 	 	 <quantity>78</quantity>
	 	 </request>
	 	 <request id="15" node="16">
	 	 	 <quantity>91</quantity>
	 	 </request>
	 	 <request id="16" node="17">
	 	 	 <quantity>85</quantity>
	 	 </request>
	 	 <request id="17" node="18">
	 	 	 <quantity>69</quantity>
	 	 </request>
	 	 <request id="18" node="19">
	 	 	 <quantity>89</quantity>
	 	 </request>
	 	 <request id="19" node="20">
	 	 	 <quantity>83</quantity>
	 	 </request>
	 	 <request id="20" node="21">
	 	 	 <quantity>60</quantity>
	 	 </request>
	 	 <request id="21" node="22">
	 	 	 <quantity>51</quantity>
	 	 </request>
	 	 <request id="22" node="23">
	 	 	 <quantity>55</quantity>
	 	 </request>
	 	 <request id="23" node="24">
	 	 	 <quantity>57</quantity>
	 	 </request>
	 	 <request id="24" node="25">
	 	 	 <quantity>83</quantity>
	 	 </request>
	 	 <request id="25" node="26">
	 	 	 <quantity>67</quantity>
	 	 </request>
	 	 <request id="26" node="27">
	 	 	 <quantity>89</quantity>
	 	 </request>
	 	 <request id="27" node="28">
	 	 	 <quantity>6</quantity>
	 	 </request>
	 	 <request id="28" node="29">
	 	 	 <quantity>1</quantity>
	 	 </request>
	 	 <request id="29" node="30">
	 	 	 <quantity>1</quantity>
	 	 </request>
	 	 <request id="30" node="31">
	 	 	 <quantity>7</quantity>
	 	 </request>
	 	 <request id="31" node="32">
	 	 	 <quantity>2</quantity>
	 	 </request>
	 	 <request id="32" node="33">
	 	 	 <quantity>1</quantity>
	 	 </request>
	 	 <request id="33" node="34">
	 	 	 <quantity>4</quantity>
	 	 </request>
	 	 <request id="34" node="35">
	 	 	 <quantity>6</quantity>
	 	 </request>
	 	 <request id="35" node="36">
	 	 	 <quantity>3</quantity>
	 	 </request>
	 	 <request id="36" node="37">
	 	 	 <quantity>10</quantity>
	 	 </request>
	 	 <request id="37" node="38">
	 	 	 <quantity>5</quantity>
	 	 </request>
	 	 <request id="38" node="39">
	 	 	 <quantity>10</quantity>
	 	 </request>
	 	 <request id="39" node="40">
	 	 	 <quantity>1</quantity>
	 	 </request>
	 	 <request id="40" node="41">
	 	 	 <quantity>7</quantity>
	 	 </request>
	 	 <request id="41" node="42">
	 	 	 <quantity>10</quantity>
	 	 </request>
	 	 <request id="42" node="43">
	 	 	 <quantity>6</quantity>
	 	 </request>
	 	 <request id="43" node="44">
	 	 	 <quantity>8</quantity>
	 	 </request>
	 	 <request id="44" node="45">
	 	 	 <quantity>4</quantity>
	 	 </request>
	 	 <request id="45" node="46">
	 	 	 <quantity>5</quantity>
	 	 </request>
	 	 <request id="46" node="47">
	 	 	 <quantity>4</quantity>
	 	 </request>
	 	 <request id="47" node="48">
	 	 	 <quantity>4</quantity>
	 	 </request>
	 	 <request id="48" node="49">
	 	 	 <quantity>3</quantity>
	 	 </request>
	 	 <request id="49" node="50">
	 	 	 <quantity>10</quantity>
	 	 </request>
	 	 <request id="50" node="51">
	 	 	 <quantity>7</quantity>
	 	 </request>
	 	 <request id="51" node="52">
	 	 	 <quantity>10</quantity>
	 	 </request>
	 	 <request id="52" node="53">
	 	 	 <quantity>9</quantity>
	 	 </request>
	 	 <request id="53" node="54">
	 	 	 <quantity>4</quantity>
	 	 </request>
	 	 <request id="54" node="55">
	 	 	 <quantity>3</quantity>
	 	 </request>
	 	 <request id="55" node="56">
	 	 	 <quantity>7</quantity>
	 	 </request>
	 	 <request id="56" node="57">
	 	 	 <quantity>4</quantity>
	 	 </request>
	 	 <request id="57" node="58">
	 	 	 <quantity>2</quantity>
	 	 </request>
	 	 <request id="58" node="59">
	 	 	 <quantity>9</quantity>
	 	 </request>
	 	 <request id="59" node="60">
	 	 	 <quantity>3</quantity>
	 	 </request>
	 	 <request id="60" node="61">
	 	 	 <quantity>4</quantity>
	 	 </request>
	 	 <request id="61" node="62">
	 	 	 <quantity>8</quantity>
	 	 </request>
	 	 <request id="62" node="63">
	 	 	 <quantity>2</quantity>
	 	 </request>
	 	 <request id="63" node="64">
	 	 	 <quantity>9</quantity>
	 	 </request>
	 	 <request id="64" node="65">
	 	 	 <quantity>3</quantity>
	 	 </request>
	 	 <request id="65" node="66">
	 	 	 <quantity>1</quantity>
	 	 </request>
	 	 <request id="66" node="67">
	 	 	 <quantity>5</quantity>
	 	 </request>
	 	 <request id="67" node="68">
	 	 	 <quantity>3</quantity>
	 	 </request>
	 	 <request id="68" node="69">
	 	 	 <quantity>8</quantity>
	 	 </request>
	 	 <request id="69" node="70">
	 	 	 <quantity>7</quantity>
	 	 </request>
	 	 <request id="70" node="71">
	 	 	 <quantity>1</quantity>
	 	 </request>
	 	 <request id="71" node="72">
	 	 	 <quantity>3</quantity>
	 	 </request>
	 	 <request id="72" node="73">
	 	 	 <quantity>7</quantity>
	 	 </request>
	 	 <request id="73" node="74">
	 	 	 <quantity>10</quantity>
	 	 </request>
	 	 <request id="74" node="75">
	 	 	 <quantity>1</quantity>
	 	 </request>
	 	 <request id="75" node="76">
	 	 	 <quantity>7</quantity>
	 	 </request>
	 	 <request id="76" node="77">
	 	 	 <quantity>7</quantity>
	 	 </request>
	 	 <request id="77" node="78">
	 	 	 <quantity>2</quantity>
	 	 </request>
	 	 <request id="78" node="79">
	 	 	 <quantity>2</quantity>
	 	 </request>
	 	 <request id="79" node="80">
	 	 	 <quantity>3</quantity>
	 	 </request>
	 	 <request id="80" node="81">
	 	 	 <quantity>6</quantity>
	 	 </request>
	 	 <request id="81" node="82">
	 	 	 <quantity>8</quantity>
	 	 </request>
	 	 <request id="82" node="83">
	 	 	 <quantity>3</quantity>
	 	 </request>
	 	 <request id="83" node="84">
	 	 	 <quantity>7</quantity>
	 	 </request>
	 	 <request id="84" node="85">
	 	 	 <quantity>5</quantity>
	 	 </request>
	 	 <request id="85" node="86">
	 	 	 <quantity>5</quantity>
	 	 </request>
	 	 <request id="86" node="87">
	 	 	 <quantity>8</quantity>
	 	 </request>
	 	 <request id="87" node="88">
	 	 	 <quantity>6</quantity>
	 	 </request>
	 	 <request id="88" node="89">
	 	 	 <quantity>3</quantity>
	 	 </request>
	 	 <request id="89" node="90">
	 	 	 <quantity>4</quantity>
	 	 </request>
	 	 <request id="90" node="91">
	 	 	 <quantity>3</quantity>
	 	 </request>
	 	 <request id="91" node="92">
	 	 	 <quantity>5</quantity>
	 	 </request>
	 	 <request id="92" node="93">
	 	 	 <quantity>2</quantity>
	 	 </request>
	 	 <request id="93" node="94">
	 	 	 <quantity>5</quantity>
	 	 </request>
	 	 <request id="94" node="95">
	 	 	 <quantity>7</quantity>
	 	 </request>
	 	 <request id="95" node="96">
	 	 	 <quantity>1</quantity>
	 	 </request>
	 	 <request id="96" node="97">
	 	 	 <quantity>2</quantity>
	 	 </request>
	 	 <request id="97" node="98">
	 	 	 <quantity>2</quantity>
	 	 </request>
	 	 <request id="98" node="99">
	 	 	 <quantity>3</quantity>
	 	 </request>
	 	 <request id="99" node="100">
	 	 	 <quantity>8</quantity>
	 	 </request>
	 	 <request id="100" node="101">
	 	 	 <quantity>8</quantity>
	 	 </request>
	 	 <request id="101" node="102">
	 	 	 <quantity>9</quantity>
	 	 </request>
	 	 <request id="102" node="103">
	 	 	 <quantity>8</quantity>
	 	 </request>
	 	 <request id="103" node="104">
	 	 	 <quantity>1</quantity>
	 	 </request>
	 	 <request id="104" node="105">
	 	 	 <quantity>1</quantity>
	 	 </request>
	 	 <request id="105" node="106">
	 	 	 <quantity>5</quantity>
	 	 </request>
	 	 <request id="106" node="107">
	 	 	 <quantity>9</quantity>
	 	 </request>
	 	 <request id="107" node="108">
	 	 	 <quantity>3</quantity>
	 	 </request>
	 	 <request id="108" node="109">
	 	 	 <quantity>7</quantity>
	 	 </request>
	 	 <request id="109" node="110">
	 	 	 <quantity>9</quantity>
	 	 </request>
	 	 <request id="110" node="111">
	 	 	 <quantity>1</quantity>
	 	 </request>
	 	 <request id="111" node="112">
	 	 	 <quantity>9</quantity>
	 	 </request>
	 	 <request id="112" node="113">
	 	 	 <quantity>9</quantity>
	 	 </request>
	 	 <request id="113" node="114">
	 	 	 <quantity>2</quantity>
	 	 </request>
	 	 <request id="114" node="115">
	 	 	 <quantity>9</quantity>
	 	 </request>
	 	 <request id="115" node="116">
	 	 	 <quantity>1</quantity>
	 	 </request>
	 	 <request id="116" node="117">
	 	 	 <quantity>4</quantity>
	 	 </request>
	 	 <request id="117" node="118">
	 	 	 <quantity>8</quantity>
	 	 </request>
	 	 <request id="118" node="119">
	 	 	 <quantity>2</quantity>
	 	 </request>
	 	 <request id="119" node="120">
	 	 	 <quantity>3</quantity>
	 	 </request>
	 	 <request id="120" node="121">
	 	 	 <quantity>8</quantity>
	 	 </request>
	 	 <request id="121" node="122">
	 	 	 <quantity>3</quantity>
	 	 </request>
	 	 <request id="122" node="123">
	 	 	 <quantity>2</quantity>
	 	 </request>
	 	 <request id="123" node="124">
	 	 	 <quantity>5</quantity>
	 	 </request>
	 	 <request id="124" node="125">
	 	 	 <quantity>9</quantity>
	 	 </request>
	 	 <request id="125" node="126">
	 	 	 <quantity>3</quantity>
	 	 </request>
	 	 <request id="126" node="127">
	 	 	 <quantity>6</quantity>
	 	 </request>
	 	 <request id="127" node="128">
	 	 	 <quantity>2</quantity>
	 	 </request>
	 	 <request id="128" node="129">
	 	 	 <quantity>3</quantity>
	 	 </request>
	 	 <request id="129" node="130">
	 	 	 <quantity>9</quantity>
	 	 </request>
	 	 <request id="130" node="131">
	 	 	 <quantity>2</quantity>
	 	 </request>
	 	 <request id="131" node="132">
	 	 	 <quantity>2</quantity>
	 	 </request>
	 	 <request id="132" node="133">
	 	 	 <quantity>1</quantity>
	 	 </request>
	 	 <request id="133" node="134">
	 	 	 <quantity>2</quantity>
	 	 </request>
	 	 <request id="134" node="135">
	 	 	 <quantity>3</quantity>
	 	 </request>
	 	 <request id="135" node="136">
	 	 	 <quantity>7</quantity>
	 	 </request>
	 	 <request id="136" node="137">
	 	 	 <quantity>2</quantity>
	 	 </request>
	 	 <request id="137" node="138">
	 	 	 <quantity>7</quantity>
	 	 </request>
	 	 <request id="138" node="139">
	 	 	 <quantity>4</quantity>
	 	 </request>
	 	 <request id="139" node="140">
	 	 	 <quantity>8</quantity>
	 	 </request>
	 	 <request id="140" node="141">
	 	 	 <quantity>6</quantity>
	 	 </request>
	 	 <request id="141" node="142">
	 	 	 <quantity>8</quantity>
	 	 </request>
	 	 <request id="142" node="143">
	 	 	 <quantity>5</quantity>
	 	 </request>
	 	 <request id="143" node="144">
	 	 	 <quantity>4</quantity>
	 	 </request>
	 	 <request id="144" node="145">
	 	 	 <quantity>3</quantity>
	 	 </request>
	 	 <request id="145" node="146">
	 	 	 <quantity>4</quantity>
	 	 </request>
	 	 <request id="146" node="147">
	 	 	 <quantity>6</quantity>
	 	 </request>
	 	 <request id="147" node="148">
	 	 	 <quantity>5</quantity>
	 	 </request>
	 	 <request id="148" node="149">
	 	 	 <quantity>7</quantity>
	 	 </request>
	 	 <request id="149" node="150">
	 	 	 <quantity>3</quantity>
	 	 </request>
	 	 <request id="150" node="151">
	 	 	 <quantity>5</quantity>
	 	 </request>
	 	 <request id="151" node="152">
	 	 	 <quantity>9</quantity>
	 	 </request>
	 	 <request id="152" node="153">
	 	 	 <quantity>10</quantity>
	 	 </request>
	 	 <request id="153" node="154">
	 	 	 <quantity>9</quantity>
	 	 </request>
	 	 <request id="154" node="155">
	 	 	 <quantity>9</quantity>
	 	 </request>
	 	 <request id="155" node="156">
	 	 	 <quantity>5</quantity>
	 	 </request>
	 	 <request id="156" node="157">
	 	 	 <quantity>5</quantity>
	 	 </request>
	 	 <request id="157" node="158">
	 	 	 <quantity>5</quantity>
	 	 </request>
	 	 <request id="158" node="159">
	 	 	 <quantity>1</quantity>
	 	 </request>
	 	 <request id="159" node="160">
	 	 	 <quantity>2</quantity>
	 	 </request>
	 	 <request id="160" node="161">
	 	 	 <quantity>7</quantity>
	 	 </request>
	 	 <request id="161" node="162">
	 	 	 <quantity>6</quantity>
	 	 </request>
	 	 <request id="162" node="163">
	 	 	 <quantity>4</quantity>
	 	 </request>
	 	 <request id="163" node="164">
	 	 	 <quantity>6</quantity>
	 	 </request>
	 	 <request id="164" node="165">
	 	 	 <quantity>1</quantity>
	 	 </request>
	 	 <request id="165" node="166">
	 	 	 <quantity>1</quantity>
	 	 </request>
	 	 <request id="166" node="167">
	 	 	 <quantity>10</quantity>
	 	 </request>
	 	 <request id="167" node="168">
	 	 	 <quantity>4</quantity>
	 	 </request>
	 	 <request id="168" node="169">
	 	 	 <quantity>1</quantity>
	 	 </request>
	 	 <request id="169" node="170">
	 	 	 <quantity>9</quantity>
	 	 </request>
	 	 <request id="170" node="171">
	 	 	 <quantity>9</quantity>
	 	 </request>
	 	 <request id="171" node="172">
	 	 	 <quantity>4</quantity>
	 	 </request>
	 	 <request id="172" node="173">
	 	 	 <quantity>6</quantity>
	 	 </request>
	 	 <request id="173" node="174">
	 	 	 <quantity>3</quantity>
	 	 </request>
	 	 <request id="174" node="175">
	 	 	 <quantity>6</quantity>
	 	 </request>
	 	 <request id="175" node="176">
	 	 	 <quantity>1</quantity>
	 	 </request>
	 	 <request id="176" node="177">
	 	 	 <quantity>2</quantity>
	 	 </request>
	 	 <request id="177" node="178">
	 	 	 <quantity>6</quantity>
	 	 </request>
	 	 <request id="178" node="179">
	 	 	 <quantity>9</quantity>
	 	 </request>
	 	 <request id="179" node="180">
	 	 	 <quantity>10</quantity>
	 	 </request>
	 	 <request id="180" node="181">
	 	 	 <quantity>8</quantity>
	 	 </request>
	 	 <request id="181" node="182">
	 	 	 <quantity>5</quantity>
	 	 </request>
	 	 <request id="182" node="183">
	 	 	 <quantity>1</quantity>
	 	 </request>
	 	 <request id="183" node="184">
	 	 	 <quantity>8</quantity>
	 	 </request>
	 	 <request id="184" node="185">
	 	 	 <quantity>2</quantity>
	 	 </request>
	 	 <request id="185" node="186">
	 	 	 <quantity>7</quantity>
	 	 </request>
	 	 <request id="186" node="187">
	 	 	 <quantity>6</quantity>
	 	 </request>
	 	 <request id="187" node="188">
	 	 	 <quantity>8</quantity>
	 	 </request>
	 	 <request id="188" node="189">
	 	 	 <quantity>5</quantity>
	 	 </request>
	 	 <request id="189" node="190">
	 	 	 <quantity>3</quantity>
	 	 </request>
	 	 <request id="190" node="191">
	 	 	 <quantity>3</quantity>
	 	 </request>
	 	 <request id="191" node="192">
	 	 	 <quantity>6</quantity>
	 	 </request>
	 	 <request id="192" node="193">
	 	 	 <quantity>6</quantity>
	 	 </request>
	 	 <request id="193" node="194">
	 	 	 <quantity>5</quantity>
	 	 </request>
	 	 <request id="194" node="195">
	 	 	 <quantity>3</quantity>
	 	 </request>
	 	 <request id="195" node="196">
	 	 	 <quantity>3</quantity>
	 	 </request>
	 	 <request id="196" node="197">
	 	 	 <quantity>8</quantity>
	 	 </request>
	 	 <request id="197" node="198">
	 	 	 <quantity>6</quantity>
	 	 </request>
	 	 <request id="198" node="199">
	 	 	 <quantity>1</quantity>
	 	 </request>
	 	 <request id="199" node="200">
	 	 	 <quantity>5</quantity>
	 	 </request>
	 	 <request id="200" node="201">
	 	 	 <quantity>2</quantity>
	 	 </request>
	 	 <request id="201" node="202">
	 	 	 <quantity>4</quantity>
	 	 </request>
	 	 <request id="202" node="203">
	 	 	 <quantity>4</quantity>
	 	 </request>
	 	 <request id="203" node="204">
	 	 	 <quantity>4</quantity>
	 	 </request>
	 	 <request id="204" node="205">
	 	 	 <quantity>1</quantity>
	 	 </request>
	 	 <request id="205" node="206">
	 	 	 <quantity>5</quantity>
	 	 </request>
	 	 <request id="206" node="207">
	 	 	 <quantity>6</quantity>
	 	 </request>
	 	 <request id="207" node="208">
	 	 	 <quantity>2</quantity>
	 	 </request>
	 	 <request id="208" node="209">
	 	 	 <quantity>8</quantity>
	 	 </request>
	 	 <request id="209" node="210">
	 	 	 <quantity>2</quantity>
	 	 </request>
	 	 <request id="210" node="211">
	 	 	 <quantity>9</quantity>
	 	 </request>
	 	 <request id="211" node="212">
	 	 	 <quantity>10</quantity>
	 	 </request>
	 	 <request id="212" node="213">
	 	 	 <quantity>9</quantity>
	 	 </request>
	 	 <request id="213" node="214">
	 	 	 <quantity>5</quantity>
	 	 </request>
	 	 <request id="214" node="215">
	 	 	 <quantity>2</quantity>
	 	 </request>
	 	 <request id="215" node="216">
	 	 	 <quantity>1</quantity>
	 	 </request>
	 	 <request id="216" node="217">
	 	 	 <quantity>7</quantity>
	 	 </request>
	 	 <request id="217" node="218">
	 	 	 <quantity>9</quantity>
	 	 </request>
	 	 <request id="218" node="219">
	 	 	 <quantity>6</quantity>
	 	 </request>
	 	 <request id="219" node="220">
	 	 	 <quantity>6</quantity>
	 	 </request>
	 	 <request id="220" node="221">
	 	 	 <quantity>1</quantity>
	 	 </request>
	 	 <request id="221" node="222">
	 	 	 <quantity>10</quantity>
	 	 </request>
	 	 <request id="222" node="223">
	 	 	 <quantity>6</quantity>
	 	 </request>
	 	 <request id="223" node="224">
	 	 	 <quantity>4</quantity>
	 	 </request>
	 	 <request id="224" node="225">
	 	 	 <quantity>4</quantity>
	 	 </request>
	 	 <request id="225" node="226">
	 	 	 <quantity>8</quantity>
	 	 </request>
	 	 <request id="226" node="227">
	 	 	 <quantity>9</quantity>
	 	 </request>
	 	 <request id="227" node="228">
	 	 	 <quantity>6</quantity>
	 	 </request>
	 	 <request id="228" node="229">
	 	 	 <quantity>7</quantity>
	 	 </request>
	 	 <request id="229" node="230">
	 	 	 <quantity>1</quantity>
	 	 </request>
	 	 <request id="230" node="231">
	 	 	 <quantity>8</quantity>
	 	 </request>
	 	 <request id="231" node="232">
	 	 	 <quantity>2</quantity>
	 	 </request>
	 	 <request id="232" node="233">
	 	 	 <quantity>6</quantity>
	 	 </request>
	 	 <request id="233" node="234">
	 	 	 <quantity>3</quantity>
	 	 </request>
	 	 <request id="234" node="235">
	 	 	 <quantity>4</quantity>
	 	 </request>
	 	 <request id="235" node="236">
	 	 	 <quantity>10</quantity>
	 	 </request>
	 	 <request id="236" node="237">
	 	 	 <quantity>2</quantity>
	 	 </request>
	 	 <request id="237" node="238">
	 	 	 <quantity>8</quantity>
	 	 </request>
	 	 <request id="238" node="239">
	 	 	 <quantity>7</quantity>
	 	 </request>
	 	 <request id="239" node="240">
	 	 	 <quantity>9</quantity>
	 	 </request>
	 	 <request id="240" node="241">
	 	 	 <quantity>3</quantity>
	 	 </request>
	 	 <request id="241" node="242">
	 	 	 <quantity>3</quantity>
	 	 </request>
	 	 <request id="242" node="243">
	 	 	 <quantity>8</quantity>
	 	 </request>
	 	 <request id="243" node="244">
	 	 	 <quantity>7</quantity>
	 	 </request>
	 	 <request id="244" node="245">
	 	 	 <quantity>2</quantity>
	 	 </request>
	 	 <request id="245" node="246">
	 	 	 <quantity>5</quantity>
	 	 </request>
	 	 <request id="246" node="247">
	 	 	 <quantity>10</quantity>
	 	 </request>
	 	 <request id="247" node="248">
	 	 	 <quantity>2</quantity>
	 	 </request>
	 	 <request id="248" node="249">
	 	 	 <quantity>7</quantity>
	 	 </request>
	 	 <request id="249" node="250">
	 	 	 <quantity>7</quantity>
	 	 </request>
	 	 <request id="250" node="251">
	 	 	 <quantity>1</quantity>
	 	 </request>
	 	 <request id="251" node="252">
	 	 	 <quantity>1</quantity>
	 	 </request>
	 	 <request id="252" node="253">
	 	 	 <quantity>4</quantity>
	 	 </request>
	 	 <request id="253" node="254">
	 	 	 <quantity>9</quantity>
	 	 </request>
	 	 <request id="254" node="255">
	 	 	 <quantity>2</quantity>
	 	 </request>
	 	 <request id="255" node="256">
	 	 	 <quantity>1</quantity>
	 	 </request>
	 	 <request id="256" node="257">
	 	 	 <quantity>3</quantity>
	 	 </request>
	 	 <request id="257" node="258">
	 	 	 <quantity>7</quantity>
	 	 </request>
	 	 <request id="258" node="259">
	 	 	 <quantity>7</quantity>
	 	 </request>
	 	 <request id="259" node="260">
	 	 	 <quantity>7</quantity>
	 	 </request>
	 	 <request id="260" node="261">
	 	 	 <quantity>10</quantity>
	 	 </request>
	 	 <request id="261" node="262">
	 	 	 <quantity>8</quantity>
	 	 </request>
	 	 <request id="262" node="263">
	 	 	 <quantity>3</quantity>
	 	 </request>
	 	 <request id="263" node="264">
	 	 	 <quantity>7</quantity>
	 	 </request>
	 	 <request id="264" node="265">
	 	 	 <quantity>8</quantity>
	 	 </request>
	 	 <request id="265" node="266">
	 	 	 <quantity>10</quantity>
	 	 </request>
	 	 <request id="266" node="267">
	 	 	 <quantity>10</quantity>
	 	 </request>
	 	 <request id="267" node="268">
	 	 	 <quantity>4</quantity>
	 	 </request>
	 	 <request id="268" node="269">
	 	 	 <quantity>3</quantity>
	 	 </request>
	 	 <request id="269" node="270">
	 	 	 <quantity>3</quantity>
	 	 </request>
	 	 <request id="270" node="271">
	 	 	 <quantity>4</quantity>
	 	 </request>
	 	 <request id="271" node="272">
	 	 	 <quantity>5</quantity>
	 	 </request>
	 	 <request id="272" node="273">
	 	 	 <quantity>1</quantity>
	 	 </request>
	 	 <request id="273" node="274">
	 	 	 <quantity>2</quantity>
	 	 </request>
	 	 <request id="274" node="275">
	 	 	 <quantity>9</quantity>
	 	 </request>
	 	 <request id="275" node="276">
	 	 	 <quantity>3</quantity>
	 	 </request>
	 	 <request id="276" node="277">
	 	 	 <quantity>9</quantity>
	 	 </request>
	 	 <request id="277" node="278">
	 	 	 <quantity>9</quantity>
	 	 </request>
	 	 <request id="278" node="279">
	 	 	 <quantity>9</quantity>
	 	 </request>
	 	 <request id="279" node="280">
	 	 	 <quantity>2</quantity>
	 	 </request>
	 	 <request id="280" node="281">
	 	 	 <quantity>5</quantity>
	 	 </request>
	 	 <request id="281" node="282">
	 	 	 <quantity>3</quantity>
	 	 </request>
	 	 <request id="282" node="283">
	 	 	 <quantity>4</quantity>
	 	 </request>
	 	 <request id="283" node="284">
	 	 	 <quantity>6</quantity>
	 	 </request>
	 	 <request id="284" node="285">
	 	 	 <quantity>7</quantity>
	 	 </request>
	 	 <request id="285" node="286">
	 	 	 <quantity>2</quantity>
	 	 </request>
	 	 <request id="286" node="287">
	 	 	 <quantity>4</quantity>
	 	 </request>
	 	 <request id="287" node="288">
	 	 	 <quantity>8</quantity>
	 	 </request>
	 	 <request id="288" node="289">
	 	 	 <quantity>5</quantity>
	 	 </request>
	 	 <request id="289" node="290">
	 	 	 <quantity>6</quantity>
	 	 </request>
	 	 <request id="290" node="291">
	 	 	 <quantity>8</quantity>
	 	 </request>
	 	 <request id="291" node="292">
	 	 	 <quantity>9</quantity>
	 	 </request>
	 	 <request id="292" node="293">
	 	 	 <quantity>8</quantity>
	 	 </request>
	 	 <request id="293" node="294">
	 	 	 <quantity>9</quantity>
	 	 </request>
	 	 <request id="294" node="295">
	 	 	 <quantity>10</quantity>
	 	 </request>
	 	 <request id="295" node="296">
	 	 	 <quantity>3</quantity>
	 	 </request>
	 	 <request id="296" node="297">
	 	 	 <quantity>7</quantity>
	 	 </request>
	 	 <request id="297" node="298">
	 	 	 <quantity>7</quantity>
	 	 </request>
	 	 <request id="298" node="299">
	 	 	 <quantity>6</quantity>
	 	 </request>
	 	 <request id="299" node="300">
	 	 	 <quantity>1</quantity>
	 	 </request>
	 	 <request id="300" node="301">
	 	 	 <quantity>5</quantity>
	 	 </request>
	 	 <request id="301" node="302">
	 	 	 <quantity>4</quantity>
	 	 </request>
	 	 <request id="302" node="303">
	 	 	 <quantity>7</quantity>
	 	 </request>
	 	 <request id="303" node="304">
	 	 	 <quantity>3</quantity>
	 	 </request>
	 	 <request id="304" node="305">
	 	 	 <quantity>3</quantity>
	 	 </request>
	 	 <request id="305" node="306">
	 	 	 <quantity>1</quantity>
	 	 </request>
	 	 <request id="306" node="307">
	 	 	 <quantity>5</quantity>
	 	 </request>
	 	 <request id="307" node="308">
	 	 	 <quantity>1</quantity>
	 	 </request>
	 	 <request id="308" node="309">
	 	 	 <quantity>4</quantity>
	 	 </request>
	 	 <request id="309" node="310">
	 	 	 <quantity>9</quantity>
	 	 </request>
	 	 <request id="310" node="311">
	 	 	 <quantity>9</quantity>
	 	 </request>
	 	 <request id="311" node="312">
	 	 	 <quantity>5</quantity>
	 	 </request>
	 	 <request id="312" node="313">
	 	 	 <quantity>3</quantity>
	 	 </request>
	 	 <request id="313" node="314">
	 	 	 <quantity>1</quantity>
	 	 </request>
	 	 <request id="314" node="315">
	 	 	 <quantity>7</quantity>
	 	 </request>
	 	 <request id="315" node="316">
	 	 	 <quantity>4</quantity>
	 	 </request>
	 	 <request id="316" node="317">
	 	 	 <quantity>4</quantity>
	 	 </request>
	 	 <request id="317" node="318">
	 	 	 <quantity>1</quantity>
	 	 </request>
	 	 <request id="318" node="319">
	 	 	 <quantity>4</quantity>
	 	 </request>
	 	 <request id="319" node="320">
	 	 	 <quantity>8</quantity>
	 	 </request>
	 	 <request id="320" node="321">
	 	 	 <quantity>2</quantity>
	 	 </request>
	 	 <request id="321" node="322">
	 	 	 <quantity>7</quantity>
	 	 </request>
	 	 <request id="322" node="323">
	 	 	 <quantity>5</quantity>
	 	 </request>
	 	 <request id="323" node="324">
	 	 	 <quantity>4</quantity>
	 	 </request>
	 	 <request id="324" node="325">
	 	 	 <quantity>5</quantity>
	 	 </request>
	 	 <request id="325" node="326">
	 	 	 <quantity>8</quantity>
	 	 </request>
	 	 <request id="326" node="327">
	 	 	 <quantity>10</quantity>
	 	 </request>
	 	 <request id="327" node="328">
	 	 	 <quantity>3</quantity>
	 	 </request>
	 	 <request id="328" node="329">
	 	 	 <quantity>9</quantity>
	 	 </request>
	 	 <request id="329" node="330">
	 	 	 <quantity>6</quantity>
	 	 </request>
	 	 <request id="330" node="331">
	 	 	 <quantity>2</quantity>
	 	 </request>
	 	 <request id="331" node="332">
	 	 	 <quantity>1</quantity>
	 	 </request>
	 	 <request id="332" node="333">
	 	 	 <quantity>2</quantity>
	 	 </request>
	 	 <request id="333" node="334">
	 	 	 <quantity>2</quantity>
	 	 </request>
	 	 <request id="334" node="335">
	 	 	 <quantity>9</quantity>
	 	 </request>
	 	 <request id="335" node="336">
	 	 	 <quantity>6</quantity>
	 	 </request>
	 	 <request id="336" node="337">
	 	 	 <quantity>2</quantity>
	 	 </request>
	 	 <request id="337" node="338">
	 	 	 <quantity>4</quantity>
	 	 </request>
	 	 <request id="338" node="339">
	 	 	 <quantity>8</quantity>
	 	 </request>
	 	 <request id="339" node="340">
	 	 	 <quantity>4</quantity>
	 	 </request>
	 	 <request id="340" node="341">
	 	 	 <quantity>9</quantity>
	 	 </request>
	 	 <request id="341" node="342">
	 	 	 <quantity>7</quantity>
	 	 </request>
	 	 <request id="342" node="343">
	 	 	 <quantity>5</quantity>
	 	 </request>
	 	 <request id="343" node="344">
	 	 	 <quantity>2</quantity>
	 	 </request>
	 	 <request id="344" node="345">
	 	 	 <quantity>3</quantity>
	 	 </request>
	 	 <request id="345" node="346">
	 	 	 <quantity>2</quantity>
	 	 </request>
	 	 <request id="346" node="347">
	 	 	 <quantity>3</quantity>
	 	 </request>
	 	 <request id="347" node="348">
	 	 	 <quantity>7</quantity>
	 	 </request>
	 	 <request id="348" node="349">
	 	 	 <quantity>6</quantity>
	 	 </request>
	 	 <request id="349" node="350">
	 	 	 <quantity>9</quantity>
	 	 </request>
	 	 <request id="350" node="351">
	 	 	 <quantity>4</quantity>
	 	 </request>
	 	 <request id="351" node="352">
	 	 	 <quantity>3</quantity>
	 	 </request>
	 	 <request id="352" node="353">
	 	 	 <quantity>8</quantity>
	 	 </request>
	 	 <request id="353" node="354">
	 	 	 <quantity>2</quantity>
	 	 </request>
	 	 <request id="354" node="355">
	 	 	 <quantity>10</quantity>
	 	 </request>
	 	 <request id="355" node="356">
	 	 	 <quantity>5</quantity>
	 	 </request>
	 	 <request id="356" node="357">
	 	 	 <quantity>3</quantity>
	 	 </request>
	 	 <request id="357" node="358">
	 	 	 <quantity>6</quantity>
	 	 </request>
	 	 <request id="358" node="359">
	 	 	 <quantity>7</quantity>
	 	 </request>
	 	 <request id="359" node="360">
	 	 	 <quantity>9</quantity>
	 	 </request>
	 	 <request id="360" node="361">
	 	 	 <quantity>4</quantity>
	 	 </request>
	 	 <request id="361" node="362">
	 	 	 <quantity>10</quantity>
	 	 </request>
	 	 <request id="362" node="363">
	 	 	 <quantity>3</quantity>
	 	 </request>
	 	 <request id="363" node="364">
	 	 	 <quantity>7</quantity>
	 	 </request>
	 	 <request id="364" node="365">
	 	 	 <quantity>5</quantity>
	 	 </request>
	 	 <request id="365" node="366">
	 	 	 <quantity>1</quantity>
	 	 </request>
	 	 <request id="366" node="367">
	 	 	 <quantity>3</quantity>
	 	 </request>
	 	 <request id="367" node="368">
	 	 	 <quantity>4</quantity>
	 	 </request>
	 	 <request id="368" node="369">
	 	 	 <quantity>10</quantity>
	 	 </request>
	 	 <request id="369" node="370">
	 	 	 <quantity>2</quantity>
	 	 </request>
	 	 <request id="370" node="371">
	 	 	 <quantity>1</quantity>
	 	 </request>
	 	 <request id="371" node="372">
	 	 	 <quantity>3</quantity>
	 	 </request>
	 	 <request id="372" node="373">
	 	 	 <quantity>6</quantity>
	 	 </request>
	 	 <request id="373" node="374">
	 	 	 <quantity>6</quantity>
	 	 </request>
	 	 <request id="374" node="375">
	 	 	 <quantity>8</quantity>
	 	 </request>
	 	 <request id="375" node="376">
	 	 	 <quantity>7</quantity>
	 	 </request>
	 	 <request id="376" node="377">
	 	 	 <quantity>9</quantity>
	 	 </request>
	 	 <request id="377" node="378">
	 	 	 <quantity>9</quantity>
	 	 </request>
	 	 <request id="378" node="379">
	 	 	 <quantity>5</quantity>
	 	 </request>
	 	 <request id="379" node="380">
	 	 	 <quantity>7</quantity>
	 	 </request>
	 	 <request id="380" node="381">
	 	 	 <quantity>6</quantity>
	 	 </request>
	 	 <request id="381" node="382">
	 	 	 <quantity>8</quantity>
	 	 </request>
	 	 <request id="382" node="383">
	 	 	 <quantity>8</quantity>
	 	 </request>
	 	 <request id="383" node="384">
	 	 	 <quantity>6</quantity>
	 	 </request>
	 	 <request id="384" node="385">
	 	 	 <quantity>5</quantity>
	 	 </request>
	 	 <request id="385" node="386">
	 	 	 <quantity>4</quantity>
	 	 </request>
	 	 <request id="386" node="387">
	 	 	 <quantity>6</quantity>
	 	 </request>
	 	 <request id="387" node="388">
	 	 	 <quantity>4</quantity>
	 	 </request>
	 	 <request id="388" node="389">
	 	 	 <quantity>5</quantity>
	 	 </request>
	 	 <request id="389" node="390">
	 	 	 <quantity>6</quantity>
	 	 </request>
	 	 <request id="390" node="391">
	 	 	 <quantity>2</quantity>
	 	 </request>
	 	 <request id="391" node="392">
	 	 	 <quantity>3</quantity>
	 	 </request>
	 	 <request id="392" node="393">
	 	 	 <quantity>5</quantity>
	 	 </request>
	 	 <request id="393" node="394">
	 	 	 <quantity>1</quantity>
	 	 </request>
	 	 <request id="394" node="395">
	 	 	 <quantity>1</quantity>
	 	 </request>
	 	 <request id="395" node="396">
	 	 	 <quantity>2</quantity>
	 	 </request>
	 	 <request id="396" node="397">
	 	 	 <quantity>7</quantity>
	 	 </request>
	 	 <request id="397" node="398">
	 	 	 <quantity>2</quantity>
	 	 </request>
	 	 <request id="398" node="399">
	 	 	 <quantity>2</quantity>
	 	 </request>
	 	 <request id="399" node="400">
	 	 	 <quantity>2</quantity>
	 	 </request>
	 	 <request id="400" node="401">
	 	 	 <quantity>10</quantity>
	 	 </request>
	 	 <request id="401" node="402">
	 	 	 <quantity>8</quantity>
	 	 </request>
	 	 <request id="402" node="403">
	 	 	 <quantity>6</quantity>
	 	 </request>
	 	 <request id="403" node="404">
	 	 	 <quantity>2</quantity>
	 	 </request>
	 	 <request id="404" node="405">
	 	 	 <quantity>8</quantity>
	 	 </request>
	 	 <request id="405" node="406">
	 	 	 <quantity>8</quantity>
	 	 </request>
	 	 <request id="406" node="407">
	 	 	 <quantity>1</quantity>
	 	 </request>
	 	 <request id="407" node="408">
	 	 	 <quantity>1</quantity>
	 	 </request>
	 	 <request id="408" node="409">
	 	 	 <quantity>2</quantity>
	 	 </request>
	 	 <request id="409" node="410">
	 	 	 <quantity>5</quantity>
	 	 </request>
	 	 <request id="410" node="411">
	 	 	 <quantity>4</quantity>
	 	 </request>
	 </requests>
</instance>
