<?xml version="1.0" encoding="UTF-8" standalone="yes"?>
<instance>
	<info>
	 	<dataset>Uchoa 2014 — Set X</dataset>
	 	<name>X-n153-k22</name>
	</info>
	<network>
	 	<nodes>
	 	 	<node id="1" type="1">
	 	 	 	<cx>500</cx>
	 	 	 	<cy>500</cy>
	 	 	</node>
	 	 	<node id="2" type="1">
	 	 	 	<cx>238</cx>
	 	 	 	<cy>446</cy>
	 	 	</node>
	 	 	<node id="3" type="1">
	 	 	 	<cx>749</cx>
	 	 	 	<cy>750</cy>
	 	 	</node>
	 	 	<node id="4" type="1">
	 	 	 	<cx>960</cx>
	 	 	 	<cy>879</cy>
	 	 	</node>
	 	 	<node id="5" type="1">
	 	 	 	<cx>955</cx>
	 	 	 	<cy>866</cy>
	 	 	</node>
	 	 	<node id="6" type="1">
	 	 	 	<cx>202</cx>
	 	 	 	<cy>336</cy>
	 	 	</node>
	 	 	<node id="7" type="1">
	 	 	 	<cx>720</cx>
	 	 	 	<cy>788</cy>
	 	 	</node>
	 	 	<node id="8" type="1">
	 	 	 	<cx>695</cx>
	 	 	 	<cy>743</cy>
	 	 	</node>
	 	 	<node id="9" type="1">
	 	 	 	<cx>739</cx>
	 	 	 	<cy>603</cy>
	 	 	</node>
	 	 	<node id="10" type="1">
	 	 	 	<cx>217</cx>
	 	 	 	<cy>419</cy>
	 	 	</node>
	 	 	<node id="11" type="1">
	 	 	 	<cx>922</cx>
	 	 	 	<cy>870</cy>
	 	 	</node>
	 	 	<node id="12" type="1">
	 	 	 	<cx>703</cx>
	 	 	 	<cy>733</cy>
	 	 	</node>
	 	 	<node id="13" type="1">
	 	 	 	<cx>843</cx>
	 	 	 	<cy>856</cy>
	 	 	</node>
	 	 	<node id="14" type="1">
	 	 	 	<cx>233</cx>
	 	 	 	<cy>682</cy>
	 	 	</node>
	 	 	<node id="15" type="1">
	 	 	 	<cx>259</cx>
	 	 	 	<cy>459</cy>
	 	 	</node>
	 	 	<node id="16" type="1">
	 	 	 	<cx>226</cx>
	 	 	 	<cy>305</cy>
	 	 	</node>
	 	 	<node id="17" type="1">
	 	 	 	<cx>732</cx>
	 	 	 	<cy>722</cy>
	 	 	</node>
	 	 	<node id="18" type="1">
	 	 	 	<cx>747</cx>
	 	 	 	<cy>858</cy>
	 	 	</node>
	 	 	<node id="19" type="1">
	 	 	 	<cx>949</cx>
	 	 	 	<cy>784</cy>
	 	 	</node>
	 	 	<node id="20" type="1">
	 	 	 	<cx>904</cx>
	 	 	 	<cy>891</cy>
	 	 	</node>
	 	 	<node id="21" type="1">
	 	 	 	<cx>880</cx>
	 	 	 	<cy>795</cy>
	 	 	</node>
	 	 	<node id="22" type="1">
	 	 	 	<cx>591</cx>
	 	 	 	<cy>661</cy>
	 	 	</node>
	 	 	<node id="23" type="1">
	 	 	 	<cx>984</cx>
	 	 	 	<cy>926</cy>
	 	 	</node>
	 	 	<node id="24" type="1">
	 	 	 	<cx>246</cx>
	 	 	 	<cy>438</cy>
	 	 	</node>
	 	 	<node id="25" type="1">
	 	 	 	<cx>183</cx>
	 	 	 	<cy>501</cy>
	 	 	</node>
	 	 	<node id="26" type="1">
	 	 	 	<cx>546</cx>
	 	 	 	<cy>966</cy>
	 	 	</node>
	 	 	<node id="27" type="1">
	 	 	 	<cx>742</cx>
	 	 	 	<cy>771</cy>
	 	 	</node>
	 	 	<node id="28" type="1">
	 	 	 	<cx>110</cx>
	 	 	 	<cy>698</cy>
	 	 	</node>
	 	 	<node id="29" type="1">
	 	 	 	<cx>193</cx>
	 	 	 	<cy>441</cy>
	 	 	</node>
	 	 	<node id="30" type="1">
	 	 	 	<cx>215</cx>
	 	 	 	<cy>388</cy>
	 	 	</node>
	 	 	<node id="31" type="1">
	 	 	 	<cx>232</cx>
	 	 	 	<cy>516</cy>
	 	 	</node>
	 	 	<node id="32" type="1">
	 	 	 	<cx>907</cx>
	 	 	 	<cy>954</cy>
	 	 	</node>
	 	 	<node id="33" type="1">
	 	 	 	<cx>133</cx>
	 	 	 	<cy>526</cy>
	 	 	</node>
	 	 	<node id="34" type="1">
	 	 	 	<cx>750</cx>
	 	 	 	<cy>680</cy>
	 	 	</node>
	 	 	<node id="35" type="1">
	 	 	 	<cx>397</cx>
	 	 	 	<cy>553</cy>
	 	 	</node>
	 	 	<node id="36" type="1">
	 	 	 	<cx>103</cx>
	 	 	 	<cy>488</cy>
	 	 	</node>
	 	 	<node id="37" type="1">
	 	 	 	<cx>663</cx>
	 	 	 	<cy>731</cy>
	 	 	</node>
	 	 	<node id="38" type="1">
	 	 	 	<cx>784</cx>
	 	 	 	<cy>686</cy>
	 	 	</node>
	 	 	<node id="39" type="1">
	 	 	 	<cx>754</cx>
	 	 	 	<cy>821</cy>
	 	 	</node>
	 	 	<node id="40" type="1">
	 	 	 	<cx>280</cx>
	 	 	 	<cy>456</cy>
	 	 	</node>
	 	 	<node id="41" type="1">
	 	 	 	<cx>236</cx>
	 	 	 	<cy>424</cy>
	 	 	</node>
	 	 	<node id="42" type="1">
	 	 	 	<cx>287</cx>
	 	 	 	<cy>454</cy>
	 	 	</node>
	 	 	<node id="43" type="1">
	 	 	 	<cx>598</cx>
	 	 	 	<cy>728</cy>
	 	 	</node>
	 	 	<node id="44" type="1">
	 	 	 	<cx>996</cx>
	 	 	 	<cy>821</cy>
	 	 	</node>
	 	 	<node id="45" type="1">
	 	 	 	<cx>853</cx>
	 	 	 	<cy>710</cy>
	 	 	</node>
	 	 	<node id="46" type="1">
	 	 	 	<cx>744</cx>
	 	 	 	<cy>473</cy>
	 	 	</node>
	 	 	<node id="47" type="1">
	 	 	 	<cx>887</cx>
	 	 	 	<cy>907</cy>
	 	 	</node>
	 	 	<node id="48" type="1">
	 	 	 	<cx>286</cx>
	 	 	 	<cy>422</cy>
	 	 	</node>
	 	 	<node id="49" type="1">
	 	 	 	<cx>857</cx>
	 	 	 	<cy>633</cy>
	 	 	</node>
	 	 	<node id="50" type="1">
	 	 	 	<cx>272</cx>
	 	 	 	<cy>484</cy>
	 	 	</node>
	 	 	<node id="51" type="1">
	 	 	 	<cx>934</cx>
	 	 	 	<cy>625</cy>
	 	 	</node>
	 	 	<node id="52" type="1">
	 	 	 	<cx>939</cx>
	 	 	 	<cy>892</cy>
	 	 	</node>
	 	 	<node id="53" type="1">
	 	 	 	<cx>810</cx>
	 	 	 	<cy>732</cy>
	 	 	</node>
	 	 	<node id="54" type="1">
	 	 	 	<cx>631</cx>
	 	 	 	<cy>723</cy>
	 	 	</node>
	 	 	<node id="55" type="1">
	 	 	 	<cx>822</cx>
	 	 	 	<cy>694</cy>
	 	 	</node>
	 	 	<node id="56" type="1">
	 	 	 	<cx>769</cx>
	 	 	 	<cy>768</cy>
	 	 	</node>
	 	 	<node id="57" type="1">
	 	 	 	<cx>977</cx>
	 	 	 	<cy>840</cy>
	 	 	</node>
	 	 	<node id="58" type="1">
	 	 	 	<cx>639</cx>
	 	 	 	<cy>736</cy>
	 	 	</node>
	 	 	<node id="59" type="1">
	 	 	 	<cx>727</cx>
	 	 	 	<cy>765</cy>
	 	 	</node>
	 	 	<node id="60" type="1">
	 	 	 	<cx>950</cx>
	 	 	 	<cy>896</cy>
	 	 	</node>
	 	 	<node id="61" type="1">
	 	 	 	<cx>206</cx>
	 	 	 	<cy>433</cy>
	 	 	</node>
	 	 	<node id="62" type="1">
	 	 	 	<cx>207</cx>
	 	 	 	<cy>535</cy>
	 	 	</node>
	 	 	<node id="63" type="1">
	 	 	 	<cx>164</cx>
	 	 	 	<cy>586</cy>
	 	 	</node>
	 	 	<node id="64" type="1">
	 	 	 	<cx>754</cx>
	 	 	 	<cy>691</cy>
	 	 	</node>
	 	 	<node id="65" type="1">
	 	 	 	<cx>662</cx>
	 	 	 	<cy>768</cy>
	 	 	</node>
	 	 	<node id="66" type="1">
	 	 	 	<cx>348</cx>
	 	 	 	<cy>308</cy>
	 	 	</node>
	 	 	<node id="67" type="1">
	 	 	 	<cx>254</cx>
	 	 	 	<cy>455</cy>
	 	 	</node>
	 	 	<node id="68" type="1">
	 	 	 	<cx>130</cx>
	 	 	 	<cy>482</cy>
	 	 	</node>
	 	 	<node id="69" type="1">
	 	 	 	<cx>764</cx>
	 	 	 	<cy>726</cy>
	 	 	</node>
	 	 	<node id="70" type="1">
	 	 	 	<cx>713</cx>
	 	 	 	<cy>758</cy>
	 	 	</node>
	 	 	<node id="71" type="1">
	 	 	 	<cx>965</cx>
	 	 	 	<cy>934</cy>
	 	 	</node>
	 	 	<node id="72" type="1">
	 	 	 	<cx>693</cx>
	 	 	 	<cy>734</cy>
	 	 	</node>
	 	 	<node id="73" type="1">
	 	 	 	<cx>890</cx>
	 	 	 	<cy>801</cy>
	 	 	</node>
	 	 	<node id="74" type="1">
	 	 	 	<cx>808</cx>
	 	 	 	<cy>675</cy>
	 	 	</node>
	 	 	<node id="75" type="1">
	 	 	 	<cx>393</cx>
	 	 	 	<cy>484</cy>
	 	 	</node>
	 	 	<node id="76" type="1">
	 	 	 	<cx>727</cx>
	 	 	 	<cy>808</cy>
	 	 	</node>
	 	 	<node id="77" type="1">
	 	 	 	<cx>955</cx>
	 	 	 	<cy>756</cy>
	 	 	</node>
	 	 	<node id="78" type="1">
	 	 	 	<cx>854</cx>
	 	 	 	<cy>640</cy>
	 	 	</node>
	 	 	<node id="79" type="1">
	 	 	 	<cx>249</cx>
	 	 	 	<cy>552</cy>
	 	 	</node>
	 	 	<node id="80" type="1">
	 	 	 	<cx>188</cx>
	 	 	 	<cy>479</cy>
	 	 	</node>
	 	 	<node id="81" type="1">
	 	 	 	<cx>187</cx>
	 	 	 	<cy>506</cy>
	 	 	</node>
	 	 	<node id="82" type="1">
	 	 	 	<cx>901</cx>
	 	 	 	<cy>767</cy>
	 	 	</node>
	 	 	<node id="83" type="1">
	 	 	 	<cx>664</cx>
	 	 	 	<cy>770</cy>
	 	 	</node>
	 	 	<node id="84" type="1">
	 	 	 	<cx>558</cx>
	 	 	 	<cy>530</cy>
	 	 	</node>
	 	 	<node id="85" type="1">
	 	 	 	<cx>714</cx>
	 	 	 	<cy>742</cy>
	 	 	</node>
	 	 	<node id="86" type="1">
	 	 	 	<cx>979</cx>
	 	 	 	<cy>683</cy>
	 	 	</node>
	 	 	<node id="87" type="1">
	 	 	 	<cx>200</cx>
	 	 	 	<cy>416</cy>
	 	 	</node>
	 	 	<node id="88" type="1">
	 	 	 	<cx>294</cx>
	 	 	 	<cy>391</cy>
	 	 	</node>
	 	 	<node id="89" type="1">
	 	 	 	<cx>344</cx>
	 	 	 	<cy>471</cy>
	 	 	</node>
	 	 	<node id="90" type="1">
	 	 	 	<cx>240</cx>
	 	 	 	<cy>449</cy>
	 	 	</node>
	 	 	<node id="91" type="1">
	 	 	 	<cx>735</cx>
	 	 	 	<cy>633</cy>
	 	 	</node>
	 	 	<node id="92" type="1">
	 	 	 	<cx>944</cx>
	 	 	 	<cy>952</cy>
	 	 	</node>
	 	 	<node id="93" type="1">
	 	 	 	<cx>157</cx>
	 	 	 	<cy>421</cy>
	 	 	</node>
	 	 	<node id="94" type="1">
	 	 	 	<cx>768</cx>
	 	 	 	<cy>750</cy>
	 	 	</node>
	 	 	<node id="95" type="1">
	 	 	 	<cx>813</cx>
	 	 	 	<cy>936</cy>
	 	 	</node>
	 	 	<node id="96" type="1">
	 	 	 	<cx>534</cx>
	 	 	 	<cy>720</cy>
	 	 	</node>
	 	 	<node id="97" type="1">
	 	 	 	<cx>986</cx>
	 	 	 	<cy>914</cy>
	 	 	</node>
	 	 	<node id="98" type="1">
	 	 	 	<cx>963</cx>
	 	 	 	<cy>798</cy>
	 	 	</node>
	 	 	<node id="99" type="1">
	 	 	 	<cx>905</cx>
	 	 	 	<cy>579</cy>
	 	 	</node>
	 	 	<node id="100" type="1">
	 	 	 	<cx>175</cx>
	 	 	 	<cy>397</cy>
	 	 	</node>
	 	 	<node id="101" type="1">
	 	 	 	<cx>972</cx>
	 	 	 	<cy>940</cy>
	 	 	</node>
	 	 	<node id="102" type="1">
	 	 	 	<cx>184</cx>
	 	 	 	<cy>561</cy>
	 	 	</node>
	 	 	<node id="103" type="1">
	 	 	 	<cx>357</cx>
	 	 	 	<cy>399</cy>
	 	 	</node>
	 	 	<node id="104" type="1">
	 	 	 	<cx>859</cx>
	 	 	 	<cy>770</cy>
	 	 	</node>
	 	 	<node id="105" type="1">
	 	 	 	<cx>661</cx>
	 	 	 	<cy>762</cy>
	 	 	</node>
	 	 	<node id="106" type="1">
	 	 	 	<cx>298</cx>
	 	 	 	<cy>469</cy>
	 	 	</node>
	 	 	<node id="107" type="1">
	 	 	 	<cx>14</cx>
	 	 	 	<cy>438</cy>
	 	 	</node>
	 	 	<node id="108" type="1">
	 	 	 	<cx>275</cx>
	 	 	 	<cy>561</cy>
	 	 	</node>
	 	 	<node id="109" type="1">
	 	 	 	<cx>856</cx>
	 	 	 	<cy>919</cy>
	 	 	</node>
	 	 	<node id="110" type="1">
	 	 	 	<cx>219</cx>
	 	 	 	<cy>453</cy>
	 	 	</node>
	 	 	<node id="111" type="1">
	 	 	 	<cx>272</cx>
	 	 	 	<cy>465</cy>
	 	 	</node>
	 	 	<node id="112" type="1">
	 	 	 	<cx>294</cx>
	 	 	 	<cy>296</cy>
	 	 	</node>
	 	 	<node id="113" type="1">
	 	 	 	<cx>754</cx>
	 	 	 	<cy>775</cy>
	 	 	</node>
	 	 	<node id="114" type="1">
	 	 	 	<cx>229</cx>
	 	 	 	<cy>467</cy>
	 	 	</node>
	 	 	<node id="115" type="1">
	 	 	 	<cx>946</cx>
	 	 	 	<cy>778</cy>
	 	 	</node>
	 	 	<node id="116" type="1">
	 	 	 	<cx>711</cx>
	 	 	 	<cy>803</cy>
	 	 	</node>
	 	 	<node id="117" type="1">
	 	 	 	<cx>858</cx>
	 	 	 	<cy>879</cy>
	 	 	</node>
	 	 	<node id="118" type="1">
	 	 	 	<cx>665</cx>
	 	 	 	<cy>347</cy>
	 	 	</node>
	 	 	<node id="119" type="1">
	 	 	 	<cx>981</cx>
	 	 	 	<cy>802</cy>
	 	 	</node>
	 	 	<node id="120" type="1">
	 	 	 	<cx>924</cx>
	 	 	 	<cy>973</cy>
	 	 	</node>
	 	 	<node id="121" type="1">
	 	 	 	<cx>267</cx>
	 	 	 	<cy>545</cy>
	 	 	</node>
	 	 	<node id="122" type="1">
	 	 	 	<cx>760</cx>
	 	 	 	<cy>764</cy>
	 	 	</node>
	 	 	<node id="123" type="1">
	 	 	 	<cx>942</cx>
	 	 	 	<cy>894</cy>
	 	 	</node>
	 	 	<node id="124" type="1">
	 	 	 	<cx>219</cx>
	 	 	 	<cy>465</cy>
	 	 	</node>
	 	 	<node id="125" type="1">
	 	 	 	<cx>665</cx>
	 	 	 	<cy>756</cy>
	 	 	</node>
	 	 	<node id="126" type="1">
	 	 	 	<cx>92</cx>
	 	 	 	<cy>212</cy>
	 	 	</node>
	 	 	<node id="127" type="1">
	 	 	 	<cx>920</cx>
	 	 	 	<cy>940</cy>
	 	 	</node>
	 	 	<node id="128" type="1">
	 	 	 	<cx>937</cx>
	 	 	 	<cy>814</cy>
	 	 	</node>
	 	 	<node id="129" type="1">
	 	 	 	<cx>804</cx>
	 	 	 	<cy>654</cy>
	 	 	</node>
	 	 	<node id="130" type="1">
	 	 	 	<cx>281</cx>
	 	 	 	<cy>489</cy>
	 	 	</node>
	 	 	<node id="131" type="1">
	 	 	 	<cx>669</cx>
	 	 	 	<cy>647</cy>
	 	 	</node>
	 	 	<node id="132" type="1">
	 	 	 	<cx>308</cx>
	 	 	 	<cy>309</cy>
	 	 	</node>
	 	 	<node id="133" type="1">
	 	 	 	<cx>998</cx>
	 	 	 	<cy>876</cy>
	 	 	</node>
	 	 	<node id="134" type="1">
	 	 	 	<cx>900</cx>
	 	 	 	<cy>910</cy>
	 	 	</node>
	 	 	<node id="135" type="1">
	 	 	 	<cx>753</cx>
	 	 	 	<cy>900</cy>
	 	 	</node>
	 	 	<node id="136" type="1">
	 	 	 	<cx>873</cx>
	 	 	 	<cy>706</cy>
	 	 	</node>
	 	 	<node id="137" type="1">
	 	 	 	<cx>209</cx>
	 	 	 	<cy>467</cy>
	 	 	</node>
	 	 	<node id="138" type="1">
	 	 	 	<cx>991</cx>
	 	 	 	<cy>966</cy>
	 	 	</node>
	 	 	<node id="139" type="1">
	 	 	 	<cx>766</cx>
	 	 	 	<cy>729</cy>
	 	 	</node>
	 	 	<node id="140" type="1">
	 	 	 	<cx>341</cx>
	 	 	 	<cy>458</cy>
	 	 	</node>
	 	 	<node id="141" type="1">
	 	 	 	<cx>897</cx>
	 	 	 	<cy>957</cy>
	 	 	</node>
	 	 	<node id="142" type="1">
	 	 	 	<cx>224</cx>
	 	 	 	<cy>368</cy>
	 	 	</node>
	 	 	<node id="143" type="1">
	 	 	 	<cx>818</cx>
	 	 	 	<cy>679</cy>
	 	 	</node>
	 	 	<node id="144" type="1">
	 	 	 	<cx>707</cx>
	 	 	 	<cy>703</cy>
	 	 	</node>
	 	 	<node id="145" type="1">
	 	 	 	<cx>280</cx>
	 	 	 	<cy>450</cy>
	 	 	</node>
	 	 	<node id="146" type="1">
	 	 	 	<cx>252</cx>
	 	 	 	<cy>462</cy>
	 	 	</node>
	 	 	<node id="147" type="1">
	 	 	 	<cx>717</cx>
	 	 	 	<cy>683</cy>
	 	 	</node>
	 	 	<node id="148" type="1">
	 	 	 	<cx>458</cx>
	 	 	 	<cy>236</cy>
	 	 	</node>
	 	 	<node id="149" type="1">
	 	 	 	<cx>989</cx>
	 	 	 	<cy>489</cy>
	 	 	</node>
	 	 	<node id="150" type="1">
	 	 	 	<cx>278</cx>
	 	 	 	<cy>356</cy>
	 	 	</node>
	 	 	<node id="151" type="1">
	 	 	 	<cx>144</cx>
	 	 	 	<cy>446</cy>
	 	 	</node>
	 	 	<node id="152" type="1">
	 	 	 	<cx>991</cx>
	 	 	 	<cy>818</cy>
	 	 	</node>
	 	 	<node id="153" type="1">
	 	 	 	<cx>831</cx>
	 	 	 	<cy>812</cy>
	 	 	</node>
	 	</nodes>
	 	<euclidean/>
	 	<decimals>0</decimals>
	 </network>
	 <fleet>
	 	 <vehicle_profile type="0">
	 	  	 <departure_node>1</departure_node>
	 	  	 <arrival_node>1</arrival_node>
	 	  	 <capacity>144</capacity>
	 	 </vehicle_profile>
	 </fleet>
	 <requests>
	 	 <request id="1" node="2">
	 	 	 <quantity>92</quantity>
	 	 </request>
	 	 <request id="2" node="3">
	 	 	 <quantity>90</quantity>
	 	 </request>
	 	 <request id="3" node="4">
	 	 	 <quantity>65</quantity>
	 	 </request>
	 	 <request id="4" node="5">
	 	 	 <quantity>80</quantity>
	 	 </request>
	 	 <request id="5" node="6">
	 	 	 <quantity>69</quantity>
	 	 </request>
	 	 <request id="6" node="7">
	 	 	 <quantity>64</quantity>
	 	 </request>
	 	 <request id="7" node="8">
	 	 	 <quantity>73</quantity>
	 	 </request>
	 	 <request id="8" node="9">
	 	 	 <quantity>96</quantity>
	 	 </request>
	 	 <request id="9" node="10">
	 	 	 <quantity>74</quantity>
	 	 </request>
	 	 <request id="10" node="11">
	 	 	 <quantity>81</quantity>
	 	 </request>
	 	 <request id="11" node="12">
	 	 	 <quantity>67</quantity>
	 	 </request>
	 	 <request id="12" node="13">
	 	 	 <quantity>58</quantity>
	 	 </request>
	 	 <request id="13" node="14">
	 	 	 <quantity>79</quantity>
	 	 </request>
	 	 <request id="14" node="15">
	 	 	 <quantity>85</quantity>
	 	 </request>
	 	 <request id="15" node="16">
	 	 	 <quantity>57</quantity>
	 	 </request>
	 	 <request id="16" node="17">
	 	 	 <quantity>90</quantity>
	 	 </request>
	 	 <request id="17" node="18">
	 	 	 <quantity>84</quantity>
	 	 </request>
	 	 <request id="18" node="19">
	 	 	 <quantity>84</quantity>
	 	 </request>
	 	 <request id="19" node="20">
	 	 	 <quantity>92</quantity>
	 	 </request>
	 	 <request id="20" node="21">
	 	 	 <quantity>87</quantity>
	 	 </request>
	 	 <request id="21" node="22">
	 	 	 <quantity>95</quantity>
	 	 </request>
	 	 <request id="22" node="23">
	 	 	 <quantity>66</quantity>
	 	 </request>
	 	 <request id="23" node="24">
	 	 	 <quantity>86</quantity>
	 	 </request>
	 	 <request id="24" node="25">
	 	 	 <quantity>90</quantity>
	 	 </request>
	 	 <request id="25" node="26">
	 	 	 <quantity>94</quantity>
	 	 </request>
	 	 <request id="26" node="27">
	 	 	 <quantity>84</quantity>
	 	 </request>
	 	 <request id="27" node="28">
	 	 	 <quantity>98</quantity>
	 	 </request>
	 	 <request id="28" node="29">
	 	 	 <quantity>65</quantity>
	 	 </request>
	 	 <request id="29" node="30">
	 	 	 <quantity>68</quantity>
	 	 </request>
	 	 <request id="30" node="31">
	 	 	 <quantity>73</quantity>
	 	 </request>
	 	 <request id="31" node="32">
	 	 	 <quantity>51</quantity>
	 	 </request>
	 	 <request id="32" node="33">
	 	 	 <quantity>6</quantity>
	 	 </request>
	 	 <request id="33" node="34">
	 	 	 <quantity>7</quantity>
	 	 </request>
	 	 <request id="34" node="35">
	 	 	 <quantity>6</quantity>
	 	 </request>
	 	 <request id="35" node="36">
	 	 	 <quantity>3</quantity>
	 	 </request>
	 	 <request id="36" node="37">
	 	 	 <quantity>2</quantity>
	 	 </request>
	 	 <request id="37" node="38">
	 	 	 <quantity>3</quantity>
	 	 </request>
	 	 <request id="38" node="39">
	 	 	 <quantity>7</quantity>
	 	 </request>
	 	 <request id="39" node="40">
	 	 	 <quantity>2</quantity>
	 	 </request>
	 	 <request id="40" node="41">
	 	 	 <quantity>9</quantity>
	 	 </request>
	 	 <request id="41" node="42">
	 	 	 <quantity>1</quantity>
	 	 </request>
	 	 <request id="42" node="43">
	 	 	 <quantity>6</quantity>
	 	 </request>
	 	 <request id="43" node="44">
	 	 	 <quantity>4</quantity>
	 	 </request>
	 	 <request id="44" node="45">
	 	 	 <quantity>8</quantity>
	 	 </request>
	 	 <request id="45" node="46">
	 	 	 <quantity>2</quantity>
	 	 </request>
	 	 <request id="46" node="47">
	 	 	 <quantity>8</quantity>
	 	 </request>
	 	 <request id="47" node="48">
	 	 	 <quantity>5</quantity>
	 	 </request>
	 	 <request id="48" node="49">
	 	 	 <quantity>9</quantity>
	 	 </request>
	 	 <request id="49" node="50">
	 	 	 <quantity>2</quantity>
	 	 </request>
	 	 <request id="50" node="51">
	 	 	 <quantity>1</quantity>
	 	 </request>
	 	 <request id="51" node="52">
	 	 	 <quantity>3</quantity>
	 	 </request>
	 	 <request id="52" node="53">
	 	 	 <quantity>9</quantity>
	 	 </request>
	 	 <request id="53" node="54">
	 	 	 <quantity>8</quantity>
	 	 </request>
	 	 <request id="54" node="55">
	 	 	 <quantity>9</quantity>
	 	 </request>
	 	 <request id="55" node="56">
	 	 	 <quantity>6</quantity>
	 	 </request>
	 	 <request id="56" node="57">
	 	 	 <quantity>1</quantity>
	 	 </request>
	 	 <request id="57" node="58">
	 	 	 <quantity>4</quantity>
	 	 </request>
	 	 <request id="58" node="59">
	 	 	 <quantity>8</quantity>
	 	 </request>
	 	 <request id="59" node="60">
	 	 	 <quantity>3</quantity>
	 	 </request>
	 	 <request id="60" node="61">
	 	 	 <quantity>5</quantity>
	 	 </request>
	 	 <request id="61" node="62">
	 	 	 <quantity>3</quantity>
	 	 </request>
	 	 <request id="62" node="63">
	 	 	 <quantity>2</quantity>
	 	 </request>
	 	 <request id="63" node="64">
	 	 	 <quantity>4</quantity>
	 	 </request>
	 	 <request id="64" node="65">
	 	 	 <quantity>10</quantity>
	 	 </request>
	 	 <request id="65" node="66">
	 	 	 <quantity>4</quantity>
	 	 </request>
	 	 <request id="66" node="67">
	 	 	 <quantity>7</quantity>
	 	 </request>
	 	 <request id="67" node="68">
	 	 	 <quantity>8</quantity>
	 	 </request>
	 	 <request id="68" node="69">
	 	 	 <quantity>9</quantity>
	 	 </request>
	 	 <request id="69" node="70">
	 	 	 <quantity>8</quantity>
	 	 </request>
	 	 <request id="70" node="71">
	 	 	 <quantity>4</quantity>
	 	 </request>
	 	 <request id="71" node="72">
	 	 	 <quantity>8</quantity>
	 	 </request>
	 	 <request id="72" node="73">
	 	 	 <quantity>5</quantity>
	 	 </request>
	 	 <request id="73" node="74">
	 	 	 <quantity>1</quantity>
	 	 </request>
	 	 <request id="74" node="75">
	 	 	 <quantity>9</quantity>
	 	 </request>
	 	 <request id="75" node="76">
	 	 	 <quantity>5</quantity>
	 	 </request>
	 	 <request id="76" node="77">
	 	 	 <quantity>6</quantity>
	 	 </request>
	 	 <request id="77" node="78">
	 	 	 <quantity>9</quantity>
	 	 </request>
	 	 <request id="78" node="79">
	 	 	 <quantity>3</quantity>
	 	 </request>
	 	 <request id="79" node="80">
	 	 	 <quantity>3</quantity>
	 	 </request>
	 	 <request id="80" node="81">
	 	 	 <quantity>8</quantity>
	 	 </request>
	 	 <request id="81" node="82">
	 	 	 <quantity>6</quantity>
	 	 </request>
	 	 <request id="82" node="83">
	 	 	 <quantity>9</quantity>
	 	 </request>
	 	 <request id="83" node="84">
	 	 	 <quantity>4</quantity>
	 	 </request>
	 	 <request id="84" node="85">
	 	 	 <quantity>3</quantity>
	 	 </request>
	 	 <request id="85" node="86">
	 	 	 <quantity>5</quantity>
	 	 </request>
	 	 <request id="86" node="87">
	 	 	 <quantity>9</quantity>
	 	 </request>
	 	 <request id="87" node="88">
	 	 	 <quantity>5</quantity>
	 	 </request>
	 	 <request id="88" node="89">
	 	 	 <quantity>2</quantity>
	 	 </request>
	 	 <request id="89" node="90">
	 	 	 <quantity>4</quantity>
	 	 </request>
	 	 <request id="90" node="91">
	 	 	 <quantity>4</quantity>
	 	 </request>
	 	 <request id="91" node="92">
	 	 	 <quantity>8</quantity>
	 	 </request>
	 	 <request id="92" node="93">
	 	 	 <quantity>10</quantity>
	 	 </request>
	 	 <request id="93" node="94">
	 	 	 <quantity>4</quantity>
	 	 </request>
	 	 <request id="94" node="95">
	 	 	 <quantity>5</quantity>
	 	 </request>
	 	 <request id="95" node="96">
	 	 	 <quantity>2</quantity>
	 	 </request>
	 	 <request id="96" node="97">
	 	 	 <quantity>3</quantity>
	 	 </request>
	 	 <request id="97" node="98">
	 	 	 <quantity>1</quantity>
	 	 </request>
	 	 <request id="98" node="99">
	 	 	 <quantity>3</quantity>
	 	 </request>
	 	 <request id="99" node="100">
	 	 	 <quantity>1</quantity>
	 	 </request>
	 	 <request id="100" node="101">
	 	 	 <quantity>10</quantity>
	 	 </request>
	 	 <request id="101" node="102">
	 	 	 <quantity>1</quantity>
	 	 </request>
	 	 <request id="102" node="103">
	 	 	 <quantity>7</quantity>
	 	 </request>
	 	 <request id="103" node="104">
	 	 	 <quantity>5</quantity>
	 	 </request>
	 	 <request id="104" node="105">
	 	 	 <quantity>1</quantity>
	 	 </request>
	 	 <request id="105" node="106">
	 	 	 <quantity>7</quantity>
	 	 </request>
	 	 <request id="106" node="107">
	 	 	 <quantity>8</quantity>
	 	 </request>
	 	 <request id="107" node="108">
	 	 	 <quantity>10</quantity>
	 	 </request>
	 	 <request id="108" node="109">
	 	 	 <quantity>9</quantity>
	 	 </request>
	 	 <request id="109" node="110">
	 	 	 <quantity>1</quantity>
	 	 </request>
	 	 <request id="110" node="111">
	 	 	 <quantity>4</quantity>
	 	 </request>
	 	 <request id="111" node="112">
	 	 	 <quantity>7</quantity>
	 	 </request>
	 	 <request id="112" node="113">
	 	 	 <quantity>6</quantity>
	 	 </request>
	 	 <request id="113" node="114">
	 	 	 <quantity>2</quantity>
	 	 </request>
	 	 <request id="114" node="115">
	 	 	 <quantity>4</quantity>
	 	 </request>
	 	 <request id="115" node="116">
	 	 	 <quantity>5</quantity>
	 	 </request>
	 	 <request id="116" node="117">
	 	 	 <quantity>2</quantity>
	 	 </request>
	 	 <request id="117" node="118">
	 	 	 <quantity>1</quantity>
	 	 </request>
	 	 <request id="118" node="119">
	 	 	 <quantity>5</quantity>
	 	 </request>
	 	 <request id="119" node="120">
	 	 	 <quantity>6</quantity>
	 	 </request>
	 	 <request id="120" node="121">
	 	 	 <quantity>3</quantity>
	 	 </request>
	 	 <request id="121" node="122">
	 	 	 <quantity>2</quantity>
	 	 </request>
	 	 <request id="122" node="123">
	 	 	 <quantity>7</quantity>
	 	 </request>
	 	 <request id="123" node="124">
	 	 	 <quantity>9</quantity>
	 	 </request>
	 	 <request id="124" node="125">
	 	 	 <quantity>1</quantity>
	 	 </request>
	 	 <request id="125" node="126">
	 	 	 <quantity>1</quantity>
	 	 </request>
	 	 <request id="126" node="127">
	 	 	 <quantity>5</quantity>
	 	 </request>
	 	 <request id="127" node="128">
	 	 	 <quantity>8</quantity>
	 	 </request>
	 	 <request id="128" node="129">
	 	 	 <quantity>8</quantity>
	 	 </request>
	 	 <request id="129" node="130">
	 	 	 <quantity>2</quantity>
	 	 </request>
	 	 <request id="130" node="131">
	 	 	 <quantity>7</quantity>
	 	 </request>
	 	 <request id="131" node="132">
	 	 	 <quantity>5</quantity>
	 	 </request>
	 	 <request id="132" node="133">
	 	 	 <quantity>9</quantity>
	 	 </request>
	 	 <request id="133" node="134">
	 	 	 <quantity>5</quantity>
	 	 </request>
	 	 <request id="134" node="135">
	 	 	 <quantity>8</quantity>
	 	 </request>
	 	 <request id="135" node="136">
	 	 	 <quantity>5</quantity>
	 	 </request>
	 	 <request id="136" node="137">
	 	 	 <quantity>9</quantity>
	 	 </request>
	 	 <request id="137" node="138">
	 	 	 <quantity>1</quantity>
	 	 </request>
	 	 <request id="138" node="139">
	 	 	 <quantity>6</quantity>
	 	 </request>
	 	 <request id="139" node="140">
	 	 	 <quantity>1</quantity>
	 	 </request>
	 	 <request id="140" node="141">
	 	 	 <quantity>9</quantity>
	 	 </request>
	 	 <request id="141" node="142">
	 	 	 <quantity>9</quantity>
	 	 </request>
	 	 <request id="142" node="143">
	 	 	 <quantity>3</quantity>
	 	 </request>
	 	 <request id="143" node="144">
	 	 	 <quantity>1</quantity>
	 	 </request>
	 	 <request id="144" node="145">
	 	 	 <quantity>8</quantity>
	 	 </request>
	 	 <request id="145" node="146">
	 	 	 <quantity>2</quantity>
	 	 </request>
	 	 <request id="146" node="147">
	 	 	 <quantity>8</quantity>
	 	 </request>
	 	 <request id="147" node="148">
	 	 	 <quantity>8</quantity>
	 	 </request>
	 	 <request id="148" node="149">
	 	 	 <quantity>10</quantity>
	 	 </request>
	 	 <request id="149" node="150">
	 	 	 <quantity>9</quantity>
	 	 </request>
	 	 <request id="150" node="151">
	 	 	 <quantity>1</quantity>
	 	 </request>
	 	 <request id="151" node="152">
	 	 	 <quantity>1</quantity>
	 	 </request>
	 	 <request id="152" node="153">
	 	 	 <quantity>8</quantity>
	 	 </request>
	 </requests>
</instance>
