<?xml version="1.0" encoding="UTF-8" standalone="yes"?>
<instance>
	<info>
	 	<dataset>Uchoa 2014 — Set X</dataset>
	 	<name>X-n294-k50</name>
	</info>
	<network>
	 	<nodes>
	 	 	<node id="1" type="1">
	 	 	 	<cx>500</cx>
	 	 	 	<cy>500</cy>
	 	 	</node>
	 	 	<node id="2" type="1">
	 	 	 	<cx>940</cx>
	 	 	 	<cy>231</cy>
	 	 	</node>
	 	 	<node id="3" type="1">
	 	 	 	<cx>721</cx>
	 	 	 	<cy>848</cy>
	 	 	</node>
	 	 	<node id="4" type="1">
	 	 	 	<cx>618</cx>
	 	 	 	<cy>44</cy>
	 	 	</node>
	 	 	<node id="5" type="1">
	 	 	 	<cx>993</cx>
	 	 	 	<cy>145</cy>
	 	 	</node>
	 	 	<node id="6" type="1">
	 	 	 	<cx>636</cx>
	 	 	 	<cy>512</cy>
	 	 	</node>
	 	 	<node id="7" type="1">
	 	 	 	<cx>274</cx>
	 	 	 	<cy>496</cy>
	 	 	</node>
	 	 	<node id="8" type="1">
	 	 	 	<cx>245</cx>
	 	 	 	<cy>945</cy>
	 	 	</node>
	 	 	<node id="9" type="1">
	 	 	 	<cx>449</cx>
	 	 	 	<cy>812</cy>
	 	 	</node>
	 	 	<node id="10" type="1">
	 	 	 	<cx>29</cx>
	 	 	 	<cy>650</cy>
	 	 	</node>
	 	 	<node id="11" type="1">
	 	 	 	<cx>399</cx>
	 	 	 	<cy>8</cy>
	 	 	</node>
	 	 	<node id="12" type="1">
	 	 	 	<cx>548</cx>
	 	 	 	<cy>19</cy>
	 	 	</node>
	 	 	<node id="13" type="1">
	 	 	 	<cx>769</cx>
	 	 	 	<cy>717</cy>
	 	 	</node>
	 	 	<node id="14" type="1">
	 	 	 	<cx>221</cx>
	 	 	 	<cy>850</cy>
	 	 	</node>
	 	 	<node id="15" type="1">
	 	 	 	<cx>980</cx>
	 	 	 	<cy>233</cy>
	 	 	</node>
	 	 	<node id="16" type="1">
	 	 	 	<cx>477</cx>
	 	 	 	<cy>922</cy>
	 	 	</node>
	 	 	<node id="17" type="1">
	 	 	 	<cx>498</cx>
	 	 	 	<cy>720</cy>
	 	 	</node>
	 	 	<node id="18" type="1">
	 	 	 	<cx>136</cx>
	 	 	 	<cy>832</cy>
	 	 	</node>
	 	 	<node id="19" type="1">
	 	 	 	<cx>351</cx>
	 	 	 	<cy>663</cy>
	 	 	</node>
	 	 	<node id="20" type="1">
	 	 	 	<cx>58</cx>
	 	 	 	<cy>67</cy>
	 	 	</node>
	 	 	<node id="21" type="1">
	 	 	 	<cx>889</cx>
	 	 	 	<cy>569</cy>
	 	 	</node>
	 	 	<node id="22" type="1">
	 	 	 	<cx>28</cx>
	 	 	 	<cy>334</cy>
	 	 	</node>
	 	 	<node id="23" type="1">
	 	 	 	<cx>804</cx>
	 	 	 	<cy>928</cy>
	 	 	</node>
	 	 	<node id="24" type="1">
	 	 	 	<cx>900</cx>
	 	 	 	<cy>138</cy>
	 	 	</node>
	 	 	<node id="25" type="1">
	 	 	 	<cx>393</cx>
	 	 	 	<cy>403</cy>
	 	 	</node>
	 	 	<node id="26" type="1">
	 	 	 	<cx>982</cx>
	 	 	 	<cy>609</cy>
	 	 	</node>
	 	 	<node id="27" type="1">
	 	 	 	<cx>79</cx>
	 	 	 	<cy>299</cy>
	 	 	</node>
	 	 	<node id="28" type="1">
	 	 	 	<cx>684</cx>
	 	 	 	<cy>582</cy>
	 	 	</node>
	 	 	<node id="29" type="1">
	 	 	 	<cx>169</cx>
	 	 	 	<cy>252</cy>
	 	 	</node>
	 	 	<node id="30" type="1">
	 	 	 	<cx>405</cx>
	 	 	 	<cy>925</cy>
	 	 	</node>
	 	 	<node id="31" type="1">
	 	 	 	<cx>875</cx>
	 	 	 	<cy>191</cy>
	 	 	</node>
	 	 	<node id="32" type="1">
	 	 	 	<cx>674</cx>
	 	 	 	<cy>112</cy>
	 	 	</node>
	 	 	<node id="33" type="1">
	 	 	 	<cx>576</cx>
	 	 	 	<cy>537</cy>
	 	 	</node>
	 	 	<node id="34" type="1">
	 	 	 	<cx>539</cx>
	 	 	 	<cy>63</cy>
	 	 	</node>
	 	 	<node id="35" type="1">
	 	 	 	<cx>338</cx>
	 	 	 	<cy>657</cy>
	 	 	</node>
	 	 	<node id="36" type="1">
	 	 	 	<cx>210</cx>
	 	 	 	<cy>209</cy>
	 	 	</node>
	 	 	<node id="37" type="1">
	 	 	 	<cx>676</cx>
	 	 	 	<cy>568</cy>
	 	 	</node>
	 	 	<node id="38" type="1">
	 	 	 	<cx>949</cx>
	 	 	 	<cy>826</cy>
	 	 	</node>
	 	 	<node id="39" type="1">
	 	 	 	<cx>572</cx>
	 	 	 	<cy>890</cy>
	 	 	</node>
	 	 	<node id="40" type="1">
	 	 	 	<cx>210</cx>
	 	 	 	<cy>615</cy>
	 	 	</node>
	 	 	<node id="41" type="1">
	 	 	 	<cx>737</cx>
	 	 	 	<cy>46</cy>
	 	 	</node>
	 	 	<node id="42" type="1">
	 	 	 	<cx>30</cx>
	 	 	 	<cy>527</cy>
	 	 	</node>
	 	 	<node id="43" type="1">
	 	 	 	<cx>131</cx>
	 	 	 	<cy>724</cy>
	 	 	</node>
	 	 	<node id="44" type="1">
	 	 	 	<cx>671</cx>
	 	 	 	<cy>842</cy>
	 	 	</node>
	 	 	<node id="45" type="1">
	 	 	 	<cx>727</cx>
	 	 	 	<cy>566</cy>
	 	 	</node>
	 	 	<node id="46" type="1">
	 	 	 	<cx>507</cx>
	 	 	 	<cy>497</cy>
	 	 	</node>
	 	 	<node id="47" type="1">
	 	 	 	<cx>524</cx>
	 	 	 	<cy>134</cy>
	 	 	</node>
	 	 	<node id="48" type="1">
	 	 	 	<cx>167</cx>
	 	 	 	<cy>665</cy>
	 	 	</node>
	 	 	<node id="49" type="1">
	 	 	 	<cx>819</cx>
	 	 	 	<cy>108</cy>
	 	 	</node>
	 	 	<node id="50" type="1">
	 	 	 	<cx>929</cx>
	 	 	 	<cy>582</cy>
	 	 	</node>
	 	 	<node id="51" type="1">
	 	 	 	<cx>713</cx>
	 	 	 	<cy>738</cy>
	 	 	</node>
	 	 	<node id="52" type="1">
	 	 	 	<cx>352</cx>
	 	 	 	<cy>626</cy>
	 	 	</node>
	 	 	<node id="53" type="1">
	 	 	 	<cx>887</cx>
	 	 	 	<cy>547</cy>
	 	 	</node>
	 	 	<node id="54" type="1">
	 	 	 	<cx>176</cx>
	 	 	 	<cy>645</cy>
	 	 	</node>
	 	 	<node id="55" type="1">
	 	 	 	<cx>611</cx>
	 	 	 	<cy>289</cy>
	 	 	</node>
	 	 	<node id="56" type="1">
	 	 	 	<cx>457</cx>
	 	 	 	<cy>532</cy>
	 	 	</node>
	 	 	<node id="57" type="1">
	 	 	 	<cx>11</cx>
	 	 	 	<cy>147</cy>
	 	 	</node>
	 	 	<node id="58" type="1">
	 	 	 	<cx>958</cx>
	 	 	 	<cy>60</cy>
	 	 	</node>
	 	 	<node id="59" type="1">
	 	 	 	<cx>587</cx>
	 	 	 	<cy>187</cy>
	 	 	</node>
	 	 	<node id="60" type="1">
	 	 	 	<cx>790</cx>
	 	 	 	<cy>956</cy>
	 	 	</node>
	 	 	<node id="61" type="1">
	 	 	 	<cx>974</cx>
	 	 	 	<cy>63</cy>
	 	 	</node>
	 	 	<node id="62" type="1">
	 	 	 	<cx>306</cx>
	 	 	 	<cy>225</cy>
	 	 	</node>
	 	 	<node id="63" type="1">
	 	 	 	<cx>961</cx>
	 	 	 	<cy>969</cy>
	 	 	</node>
	 	 	<node id="64" type="1">
	 	 	 	<cx>238</cx>
	 	 	 	<cy>736</cy>
	 	 	</node>
	 	 	<node id="65" type="1">
	 	 	 	<cx>758</cx>
	 	 	 	<cy>840</cy>
	 	 	</node>
	 	 	<node id="66" type="1">
	 	 	 	<cx>88</cx>
	 	 	 	<cy>44</cy>
	 	 	</node>
	 	 	<node id="67" type="1">
	 	 	 	<cx>507</cx>
	 	 	 	<cy>811</cy>
	 	 	</node>
	 	 	<node id="68" type="1">
	 	 	 	<cx>768</cx>
	 	 	 	<cy>476</cy>
	 	 	</node>
	 	 	<node id="69" type="1">
	 	 	 	<cx>51</cx>
	 	 	 	<cy>914</cy>
	 	 	</node>
	 	 	<node id="70" type="1">
	 	 	 	<cx>494</cx>
	 	 	 	<cy>445</cy>
	 	 	</node>
	 	 	<node id="71" type="1">
	 	 	 	<cx>953</cx>
	 	 	 	<cy>33</cy>
	 	 	</node>
	 	 	<node id="72" type="1">
	 	 	 	<cx>922</cx>
	 	 	 	<cy>45</cy>
	 	 	</node>
	 	 	<node id="73" type="1">
	 	 	 	<cx>748</cx>
	 	 	 	<cy>111</cy>
	 	 	</node>
	 	 	<node id="74" type="1">
	 	 	 	<cx>544</cx>
	 	 	 	<cy>867</cy>
	 	 	</node>
	 	 	<node id="75" type="1">
	 	 	 	<cx>477</cx>
	 	 	 	<cy>596</cy>
	 	 	</node>
	 	 	<node id="76" type="1">
	 	 	 	<cx>322</cx>
	 	 	 	<cy>79</cy>
	 	 	</node>
	 	 	<node id="77" type="1">
	 	 	 	<cx>439</cx>
	 	 	 	<cy>150</cy>
	 	 	</node>
	 	 	<node id="78" type="1">
	 	 	 	<cx>586</cx>
	 	 	 	<cy>764</cy>
	 	 	</node>
	 	 	<node id="79" type="1">
	 	 	 	<cx>214</cx>
	 	 	 	<cy>599</cy>
	 	 	</node>
	 	 	<node id="80" type="1">
	 	 	 	<cx>168</cx>
	 	 	 	<cy>480</cy>
	 	 	</node>
	 	 	<node id="81" type="1">
	 	 	 	<cx>925</cx>
	 	 	 	<cy>138</cy>
	 	 	</node>
	 	 	<node id="82" type="1">
	 	 	 	<cx>797</cx>
	 	 	 	<cy>107</cy>
	 	 	</node>
	 	 	<node id="83" type="1">
	 	 	 	<cx>751</cx>
	 	 	 	<cy>783</cy>
	 	 	</node>
	 	 	<node id="84" type="1">
	 	 	 	<cx>738</cx>
	 	 	 	<cy>913</cy>
	 	 	</node>
	 	 	<node id="85" type="1">
	 	 	 	<cx>703</cx>
	 	 	 	<cy>73</cy>
	 	 	</node>
	 	 	<node id="86" type="1">
	 	 	 	<cx>681</cx>
	 	 	 	<cy>886</cy>
	 	 	</node>
	 	 	<node id="87" type="1">
	 	 	 	<cx>627</cx>
	 	 	 	<cy>27</cy>
	 	 	</node>
	 	 	<node id="88" type="1">
	 	 	 	<cx>887</cx>
	 	 	 	<cy>310</cy>
	 	 	</node>
	 	 	<node id="89" type="1">
	 	 	 	<cx>478</cx>
	 	 	 	<cy>345</cy>
	 	 	</node>
	 	 	<node id="90" type="1">
	 	 	 	<cx>571</cx>
	 	 	 	<cy>600</cy>
	 	 	</node>
	 	 	<node id="91" type="1">
	 	 	 	<cx>834</cx>
	 	 	 	<cy>858</cy>
	 	 	</node>
	 	 	<node id="92" type="1">
	 	 	 	<cx>549</cx>
	 	 	 	<cy>370</cy>
	 	 	</node>
	 	 	<node id="93" type="1">
	 	 	 	<cx>657</cx>
	 	 	 	<cy>233</cy>
	 	 	</node>
	 	 	<node id="94" type="1">
	 	 	 	<cx>126</cx>
	 	 	 	<cy>769</cy>
	 	 	</node>
	 	 	<node id="95" type="1">
	 	 	 	<cx>317</cx>
	 	 	 	<cy>934</cy>
	 	 	</node>
	 	 	<node id="96" type="1">
	 	 	 	<cx>237</cx>
	 	 	 	<cy>55</cy>
	 	 	</node>
	 	 	<node id="97" type="1">
	 	 	 	<cx>851</cx>
	 	 	 	<cy>409</cy>
	 	 	</node>
	 	 	<node id="98" type="1">
	 	 	 	<cx>838</cx>
	 	 	 	<cy>426</cy>
	 	 	</node>
	 	 	<node id="99" type="1">
	 	 	 	<cx>477</cx>
	 	 	 	<cy>559</cy>
	 	 	</node>
	 	 	<node id="100" type="1">
	 	 	 	<cx>542</cx>
	 	 	 	<cy>94</cy>
	 	 	</node>
	 	 	<node id="101" type="1">
	 	 	 	<cx>370</cx>
	 	 	 	<cy>432</cy>
	 	 	</node>
	 	 	<node id="102" type="1">
	 	 	 	<cx>520</cx>
	 	 	 	<cy>621</cy>
	 	 	</node>
	 	 	<node id="103" type="1">
	 	 	 	<cx>666</cx>
	 	 	 	<cy>178</cy>
	 	 	</node>
	 	 	<node id="104" type="1">
	 	 	 	<cx>631</cx>
	 	 	 	<cy>484</cy>
	 	 	</node>
	 	 	<node id="105" type="1">
	 	 	 	<cx>733</cx>
	 	 	 	<cy>255</cy>
	 	 	</node>
	 	 	<node id="106" type="1">
	 	 	 	<cx>820</cx>
	 	 	 	<cy>918</cy>
	 	 	</node>
	 	 	<node id="107" type="1">
	 	 	 	<cx>687</cx>
	 	 	 	<cy>877</cy>
	 	 	</node>
	 	 	<node id="108" type="1">
	 	 	 	<cx>752</cx>
	 	 	 	<cy>983</cy>
	 	 	</node>
	 	 	<node id="109" type="1">
	 	 	 	<cx>157</cx>
	 	 	 	<cy>720</cy>
	 	 	</node>
	 	 	<node id="110" type="1">
	 	 	 	<cx>709</cx>
	 	 	 	<cy>898</cy>
	 	 	</node>
	 	 	<node id="111" type="1">
	 	 	 	<cx>300</cx>
	 	 	 	<cy>878</cy>
	 	 	</node>
	 	 	<node id="112" type="1">
	 	 	 	<cx>728</cx>
	 	 	 	<cy>617</cy>
	 	 	</node>
	 	 	<node id="113" type="1">
	 	 	 	<cx>66</cx>
	 	 	 	<cy>59</cy>
	 	 	</node>
	 	 	<node id="114" type="1">
	 	 	 	<cx>991</cx>
	 	 	 	<cy>657</cy>
	 	 	</node>
	 	 	<node id="115" type="1">
	 	 	 	<cx>717</cx>
	 	 	 	<cy>47</cy>
	 	 	</node>
	 	 	<node id="116" type="1">
	 	 	 	<cx>463</cx>
	 	 	 	<cy>177</cy>
	 	 	</node>
	 	 	<node id="117" type="1">
	 	 	 	<cx>586</cx>
	 	 	 	<cy>397</cy>
	 	 	</node>
	 	 	<node id="118" type="1">
	 	 	 	<cx>792</cx>
	 	 	 	<cy>307</cy>
	 	 	</node>
	 	 	<node id="119" type="1">
	 	 	 	<cx>100</cx>
	 	 	 	<cy>392</cy>
	 	 	</node>
	 	 	<node id="120" type="1">
	 	 	 	<cx>438</cx>
	 	 	 	<cy>722</cy>
	 	 	</node>
	 	 	<node id="121" type="1">
	 	 	 	<cx>43</cx>
	 	 	 	<cy>247</cy>
	 	 	</node>
	 	 	<node id="122" type="1">
	 	 	 	<cx>71</cx>
	 	 	 	<cy>476</cy>
	 	 	</node>
	 	 	<node id="123" type="1">
	 	 	 	<cx>69</cx>
	 	 	 	<cy>560</cy>
	 	 	</node>
	 	 	<node id="124" type="1">
	 	 	 	<cx>211</cx>
	 	 	 	<cy>73</cy>
	 	 	</node>
	 	 	<node id="125" type="1">
	 	 	 	<cx>471</cx>
	 	 	 	<cy>14</cy>
	 	 	</node>
	 	 	<node id="126" type="1">
	 	 	 	<cx>115</cx>
	 	 	 	<cy>806</cy>
	 	 	</node>
	 	 	<node id="127" type="1">
	 	 	 	<cx>194</cx>
	 	 	 	<cy>337</cy>
	 	 	</node>
	 	 	<node id="128" type="1">
	 	 	 	<cx>921</cx>
	 	 	 	<cy>320</cy>
	 	 	</node>
	 	 	<node id="129" type="1">
	 	 	 	<cx>104</cx>
	 	 	 	<cy>495</cy>
	 	 	</node>
	 	 	<node id="130" type="1">
	 	 	 	<cx>36</cx>
	 	 	 	<cy>456</cy>
	 	 	</node>
	 	 	<node id="131" type="1">
	 	 	 	<cx>500</cx>
	 	 	 	<cy>152</cy>
	 	 	</node>
	 	 	<node id="132" type="1">
	 	 	 	<cx>782</cx>
	 	 	 	<cy>316</cy>
	 	 	</node>
	 	 	<node id="133" type="1">
	 	 	 	<cx>881</cx>
	 	 	 	<cy>374</cy>
	 	 	</node>
	 	 	<node id="134" type="1">
	 	 	 	<cx>277</cx>
	 	 	 	<cy>601</cy>
	 	 	</node>
	 	 	<node id="135" type="1">
	 	 	 	<cx>962</cx>
	 	 	 	<cy>575</cy>
	 	 	</node>
	 	 	<node id="136" type="1">
	 	 	 	<cx>588</cx>
	 	 	 	<cy>181</cy>
	 	 	</node>
	 	 	<node id="137" type="1">
	 	 	 	<cx>941</cx>
	 	 	 	<cy>728</cy>
	 	 	</node>
	 	 	<node id="138" type="1">
	 	 	 	<cx>108</cx>
	 	 	 	<cy>931</cy>
	 	 	</node>
	 	 	<node id="139" type="1">
	 	 	 	<cx>11</cx>
	 	 	 	<cy>814</cy>
	 	 	</node>
	 	 	<node id="140" type="1">
	 	 	 	<cx>209</cx>
	 	 	 	<cy>800</cy>
	 	 	</node>
	 	 	<node id="141" type="1">
	 	 	 	<cx>129</cx>
	 	 	 	<cy>525</cy>
	 	 	</node>
	 	 	<node id="142" type="1">
	 	 	 	<cx>126</cx>
	 	 	 	<cy>149</cy>
	 	 	</node>
	 	 	<node id="143" type="1">
	 	 	 	<cx>31</cx>
	 	 	 	<cy>219</cy>
	 	 	</node>
	 	 	<node id="144" type="1">
	 	 	 	<cx>97</cx>
	 	 	 	<cy>324</cy>
	 	 	</node>
	 	 	<node id="145" type="1">
	 	 	 	<cx>495</cx>
	 	 	 	<cy>122</cy>
	 	 	</node>
	 	 	<node id="146" type="1">
	 	 	 	<cx>759</cx>
	 	 	 	<cy>480</cy>
	 	 	</node>
	 	 	<node id="147" type="1">
	 	 	 	<cx>859</cx>
	 	 	 	<cy>782</cy>
	 	 	</node>
	 	 	<node id="148" type="1">
	 	 	 	<cx>780</cx>
	 	 	 	<cy>669</cy>
	 	 	</node>
	 	 	<node id="149" type="1">
	 	 	 	<cx>786</cx>
	 	 	 	<cy>769</cy>
	 	 	</node>
	 	 	<node id="150" type="1">
	 	 	 	<cx>759</cx>
	 	 	 	<cy>159</cy>
	 	 	</node>
	 	 	<node id="151" type="1">
	 	 	 	<cx>282</cx>
	 	 	 	<cy>633</cy>
	 	 	</node>
	 	 	<node id="152" type="1">
	 	 	 	<cx>361</cx>
	 	 	 	<cy>17</cy>
	 	 	</node>
	 	 	<node id="153" type="1">
	 	 	 	<cx>957</cx>
	 	 	 	<cy>103</cy>
	 	 	</node>
	 	 	<node id="154" type="1">
	 	 	 	<cx>711</cx>
	 	 	 	<cy>939</cy>
	 	 	</node>
	 	 	<node id="155" type="1">
	 	 	 	<cx>544</cx>
	 	 	 	<cy>544</cy>
	 	 	</node>
	 	 	<node id="156" type="1">
	 	 	 	<cx>27</cx>
	 	 	 	<cy>318</cy>
	 	 	</node>
	 	 	<node id="157" type="1">
	 	 	 	<cx>665</cx>
	 	 	 	<cy>656</cy>
	 	 	</node>
	 	 	<node id="158" type="1">
	 	 	 	<cx>523</cx>
	 	 	 	<cy>586</cy>
	 	 	</node>
	 	 	<node id="159" type="1">
	 	 	 	<cx>842</cx>
	 	 	 	<cy>429</cy>
	 	 	</node>
	 	 	<node id="160" type="1">
	 	 	 	<cx>539</cx>
	 	 	 	<cy>783</cy>
	 	 	</node>
	 	 	<node id="161" type="1">
	 	 	 	<cx>769</cx>
	 	 	 	<cy>347</cy>
	 	 	</node>
	 	 	<node id="162" type="1">
	 	 	 	<cx>937</cx>
	 	 	 	<cy>386</cy>
	 	 	</node>
	 	 	<node id="163" type="1">
	 	 	 	<cx>824</cx>
	 	 	 	<cy>841</cy>
	 	 	</node>
	 	 	<node id="164" type="1">
	 	 	 	<cx>738</cx>
	 	 	 	<cy>391</cy>
	 	 	</node>
	 	 	<node id="165" type="1">
	 	 	 	<cx>833</cx>
	 	 	 	<cy>988</cy>
	 	 	</node>
	 	 	<node id="166" type="1">
	 	 	 	<cx>16</cx>
	 	 	 	<cy>637</cy>
	 	 	</node>
	 	 	<node id="167" type="1">
	 	 	 	<cx>91</cx>
	 	 	 	<cy>472</cy>
	 	 	</node>
	 	 	<node id="168" type="1">
	 	 	 	<cx>41</cx>
	 	 	 	<cy>388</cy>
	 	 	</node>
	 	 	<node id="169" type="1">
	 	 	 	<cx>623</cx>
	 	 	 	<cy>780</cy>
	 	 	</node>
	 	 	<node id="170" type="1">
	 	 	 	<cx>660</cx>
	 	 	 	<cy>155</cy>
	 	 	</node>
	 	 	<node id="171" type="1">
	 	 	 	<cx>700</cx>
	 	 	 	<cy>658</cy>
	 	 	</node>
	 	 	<node id="172" type="1">
	 	 	 	<cx>946</cx>
	 	 	 	<cy>783</cy>
	 	 	</node>
	 	 	<node id="173" type="1">
	 	 	 	<cx>607</cx>
	 	 	 	<cy>815</cy>
	 	 	</node>
	 	 	<node id="174" type="1">
	 	 	 	<cx>87</cx>
	 	 	 	<cy>771</cy>
	 	 	</node>
	 	 	<node id="175" type="1">
	 	 	 	<cx>658</cx>
	 	 	 	<cy>874</cy>
	 	 	</node>
	 	 	<node id="176" type="1">
	 	 	 	<cx>527</cx>
	 	 	 	<cy>853</cy>
	 	 	</node>
	 	 	<node id="177" type="1">
	 	 	 	<cx>459</cx>
	 	 	 	<cy>577</cy>
	 	 	</node>
	 	 	<node id="178" type="1">
	 	 	 	<cx>352</cx>
	 	 	 	<cy>829</cy>
	 	 	</node>
	 	 	<node id="179" type="1">
	 	 	 	<cx>427</cx>
	 	 	 	<cy>235</cy>
	 	 	</node>
	 	 	<node id="180" type="1">
	 	 	 	<cx>937</cx>
	 	 	 	<cy>639</cy>
	 	 	</node>
	 	 	<node id="181" type="1">
	 	 	 	<cx>554</cx>
	 	 	 	<cy>438</cy>
	 	 	</node>
	 	 	<node id="182" type="1">
	 	 	 	<cx>833</cx>
	 	 	 	<cy>692</cy>
	 	 	</node>
	 	 	<node id="183" type="1">
	 	 	 	<cx>421</cx>
	 	 	 	<cy>999</cy>
	 	 	</node>
	 	 	<node id="184" type="1">
	 	 	 	<cx>908</cx>
	 	 	 	<cy>447</cy>
	 	 	</node>
	 	 	<node id="185" type="1">
	 	 	 	<cx>469</cx>
	 	 	 	<cy>163</cy>
	 	 	</node>
	 	 	<node id="186" type="1">
	 	 	 	<cx>737</cx>
	 	 	 	<cy>238</cy>
	 	 	</node>
	 	 	<node id="187" type="1">
	 	 	 	<cx>509</cx>
	 	 	 	<cy>61</cy>
	 	 	</node>
	 	 	<node id="188" type="1">
	 	 	 	<cx>246</cx>
	 	 	 	<cy>352</cy>
	 	 	</node>
	 	 	<node id="189" type="1">
	 	 	 	<cx>488</cx>
	 	 	 	<cy>408</cy>
	 	 	</node>
	 	 	<node id="190" type="1">
	 	 	 	<cx>600</cx>
	 	 	 	<cy>359</cy>
	 	 	</node>
	 	 	<node id="191" type="1">
	 	 	 	<cx>510</cx>
	 	 	 	<cy>460</cy>
	 	 	</node>
	 	 	<node id="192" type="1">
	 	 	 	<cx>342</cx>
	 	 	 	<cy>691</cy>
	 	 	</node>
	 	 	<node id="193" type="1">
	 	 	 	<cx>95</cx>
	 	 	 	<cy>216</cy>
	 	 	</node>
	 	 	<node id="194" type="1">
	 	 	 	<cx>787</cx>
	 	 	 	<cy>465</cy>
	 	 	</node>
	 	 	<node id="195" type="1">
	 	 	 	<cx>700</cx>
	 	 	 	<cy>873</cy>
	 	 	</node>
	 	 	<node id="196" type="1">
	 	 	 	<cx>659</cx>
	 	 	 	<cy>568</cy>
	 	 	</node>
	 	 	<node id="197" type="1">
	 	 	 	<cx>478</cx>
	 	 	 	<cy>525</cy>
	 	 	</node>
	 	 	<node id="198" type="1">
	 	 	 	<cx>988</cx>
	 	 	 	<cy>980</cy>
	 	 	</node>
	 	 	<node id="199" type="1">
	 	 	 	<cx>303</cx>
	 	 	 	<cy>119</cy>
	 	 	</node>
	 	 	<node id="200" type="1">
	 	 	 	<cx>241</cx>
	 	 	 	<cy>353</cy>
	 	 	</node>
	 	 	<node id="201" type="1">
	 	 	 	<cx>28</cx>
	 	 	 	<cy>661</cy>
	 	 	</node>
	 	 	<node id="202" type="1">
	 	 	 	<cx>724</cx>
	 	 	 	<cy>842</cy>
	 	 	</node>
	 	 	<node id="203" type="1">
	 	 	 	<cx>2</cx>
	 	 	 	<cy>660</cy>
	 	 	</node>
	 	 	<node id="204" type="1">
	 	 	 	<cx>210</cx>
	 	 	 	<cy>180</cy>
	 	 	</node>
	 	 	<node id="205" type="1">
	 	 	 	<cx>840</cx>
	 	 	 	<cy>841</cy>
	 	 	</node>
	 	 	<node id="206" type="1">
	 	 	 	<cx>843</cx>
	 	 	 	<cy>9</cy>
	 	 	</node>
	 	 	<node id="207" type="1">
	 	 	 	<cx>430</cx>
	 	 	 	<cy>92</cy>
	 	 	</node>
	 	 	<node id="208" type="1">
	 	 	 	<cx>265</cx>
	 	 	 	<cy>453</cy>
	 	 	</node>
	 	 	<node id="209" type="1">
	 	 	 	<cx>209</cx>
	 	 	 	<cy>673</cy>
	 	 	</node>
	 	 	<node id="210" type="1">
	 	 	 	<cx>20</cx>
	 	 	 	<cy>952</cy>
	 	 	</node>
	 	 	<node id="211" type="1">
	 	 	 	<cx>673</cx>
	 	 	 	<cy>659</cy>
	 	 	</node>
	 	 	<node id="212" type="1">
	 	 	 	<cx>185</cx>
	 	 	 	<cy>335</cy>
	 	 	</node>
	 	 	<node id="213" type="1">
	 	 	 	<cx>138</cx>
	 	 	 	<cy>655</cy>
	 	 	</node>
	 	 	<node id="214" type="1">
	 	 	 	<cx>263</cx>
	 	 	 	<cy>155</cy>
	 	 	</node>
	 	 	<node id="215" type="1">
	 	 	 	<cx>769</cx>
	 	 	 	<cy>741</cy>
	 	 	</node>
	 	 	<node id="216" type="1">
	 	 	 	<cx>325</cx>
	 	 	 	<cy>260</cy>
	 	 	</node>
	 	 	<node id="217" type="1">
	 	 	 	<cx>831</cx>
	 	 	 	<cy>678</cy>
	 	 	</node>
	 	 	<node id="218" type="1">
	 	 	 	<cx>401</cx>
	 	 	 	<cy>625</cy>
	 	 	</node>
	 	 	<node id="219" type="1">
	 	 	 	<cx>212</cx>
	 	 	 	<cy>360</cy>
	 	 	</node>
	 	 	<node id="220" type="1">
	 	 	 	<cx>118</cx>
	 	 	 	<cy>426</cy>
	 	 	</node>
	 	 	<node id="221" type="1">
	 	 	 	<cx>192</cx>
	 	 	 	<cy>520</cy>
	 	 	</node>
	 	 	<node id="222" type="1">
	 	 	 	<cx>596</cx>
	 	 	 	<cy>376</cy>
	 	 	</node>
	 	 	<node id="223" type="1">
	 	 	 	<cx>449</cx>
	 	 	 	<cy>679</cy>
	 	 	</node>
	 	 	<node id="224" type="1">
	 	 	 	<cx>579</cx>
	 	 	 	<cy>295</cy>
	 	 	</node>
	 	 	<node id="225" type="1">
	 	 	 	<cx>333</cx>
	 	 	 	<cy>352</cy>
	 	 	</node>
	 	 	<node id="226" type="1">
	 	 	 	<cx>837</cx>
	 	 	 	<cy>944</cy>
	 	 	</node>
	 	 	<node id="227" type="1">
	 	 	 	<cx>377</cx>
	 	 	 	<cy>500</cy>
	 	 	</node>
	 	 	<node id="228" type="1">
	 	 	 	<cx>797</cx>
	 	 	 	<cy>97</cy>
	 	 	</node>
	 	 	<node id="229" type="1">
	 	 	 	<cx>65</cx>
	 	 	 	<cy>235</cy>
	 	 	</node>
	 	 	<node id="230" type="1">
	 	 	 	<cx>440</cx>
	 	 	 	<cy>877</cy>
	 	 	</node>
	 	 	<node id="231" type="1">
	 	 	 	<cx>849</cx>
	 	 	 	<cy>769</cy>
	 	 	</node>
	 	 	<node id="232" type="1">
	 	 	 	<cx>439</cx>
	 	 	 	<cy>326</cy>
	 	 	</node>
	 	 	<node id="233" type="1">
	 	 	 	<cx>407</cx>
	 	 	 	<cy>621</cy>
	 	 	</node>
	 	 	<node id="234" type="1">
	 	 	 	<cx>550</cx>
	 	 	 	<cy>241</cy>
	 	 	</node>
	 	 	<node id="235" type="1">
	 	 	 	<cx>169</cx>
	 	 	 	<cy>68</cy>
	 	 	</node>
	 	 	<node id="236" type="1">
	 	 	 	<cx>253</cx>
	 	 	 	<cy>243</cy>
	 	 	</node>
	 	 	<node id="237" type="1">
	 	 	 	<cx>76</cx>
	 	 	 	<cy>852</cy>
	 	 	</node>
	 	 	<node id="238" type="1">
	 	 	 	<cx>642</cx>
	 	 	 	<cy>116</cy>
	 	 	</node>
	 	 	<node id="239" type="1">
	 	 	 	<cx>598</cx>
	 	 	 	<cy>124</cy>
	 	 	</node>
	 	 	<node id="240" type="1">
	 	 	 	<cx>564</cx>
	 	 	 	<cy>374</cy>
	 	 	</node>
	 	 	<node id="241" type="1">
	 	 	 	<cx>997</cx>
	 	 	 	<cy>660</cy>
	 	 	</node>
	 	 	<node id="242" type="1">
	 	 	 	<cx>14</cx>
	 	 	 	<cy>98</cy>
	 	 	</node>
	 	 	<node id="243" type="1">
	 	 	 	<cx>845</cx>
	 	 	 	<cy>303</cy>
	 	 	</node>
	 	 	<node id="244" type="1">
	 	 	 	<cx>774</cx>
	 	 	 	<cy>9</cy>
	 	 	</node>
	 	 	<node id="245" type="1">
	 	 	 	<cx>791</cx>
	 	 	 	<cy>671</cy>
	 	 	</node>
	 	 	<node id="246" type="1">
	 	 	 	<cx>299</cx>
	 	 	 	<cy>800</cy>
	 	 	</node>
	 	 	<node id="247" type="1">
	 	 	 	<cx>575</cx>
	 	 	 	<cy>109</cy>
	 	 	</node>
	 	 	<node id="248" type="1">
	 	 	 	<cx>865</cx>
	 	 	 	<cy>708</cy>
	 	 	</node>
	 	 	<node id="249" type="1">
	 	 	 	<cx>290</cx>
	 	 	 	<cy>897</cy>
	 	 	</node>
	 	 	<node id="250" type="1">
	 	 	 	<cx>953</cx>
	 	 	 	<cy>348</cy>
	 	 	</node>
	 	 	<node id="251" type="1">
	 	 	 	<cx>906</cx>
	 	 	 	<cy>692</cy>
	 	 	</node>
	 	 	<node id="252" type="1">
	 	 	 	<cx>895</cx>
	 	 	 	<cy>790</cy>
	 	 	</node>
	 	 	<node id="253" type="1">
	 	 	 	<cx>25</cx>
	 	 	 	<cy>242</cy>
	 	 	</node>
	 	 	<node id="254" type="1">
	 	 	 	<cx>761</cx>
	 	 	 	<cy>886</cy>
	 	 	</node>
	 	 	<node id="255" type="1">
	 	 	 	<cx>909</cx>
	 	 	 	<cy>336</cy>
	 	 	</node>
	 	 	<node id="256" type="1">
	 	 	 	<cx>501</cx>
	 	 	 	<cy>846</cy>
	 	 	</node>
	 	 	<node id="257" type="1">
	 	 	 	<cx>731</cx>
	 	 	 	<cy>4</cy>
	 	 	</node>
	 	 	<node id="258" type="1">
	 	 	 	<cx>337</cx>
	 	 	 	<cy>71</cy>
	 	 	</node>
	 	 	<node id="259" type="1">
	 	 	 	<cx>106</cx>
	 	 	 	<cy>973</cy>
	 	 	</node>
	 	 	<node id="260" type="1">
	 	 	 	<cx>400</cx>
	 	 	 	<cy>229</cy>
	 	 	</node>
	 	 	<node id="261" type="1">
	 	 	 	<cx>846</cx>
	 	 	 	<cy>368</cy>
	 	 	</node>
	 	 	<node id="262" type="1">
	 	 	 	<cx>623</cx>
	 	 	 	<cy>580</cy>
	 	 	</node>
	 	 	<node id="263" type="1">
	 	 	 	<cx>978</cx>
	 	 	 	<cy>669</cy>
	 	 	</node>
	 	 	<node id="264" type="1">
	 	 	 	<cx>884</cx>
	 	 	 	<cy>559</cy>
	 	 	</node>
	 	 	<node id="265" type="1">
	 	 	 	<cx>10</cx>
	 	 	 	<cy>910</cy>
	 	 	</node>
	 	 	<node id="266" type="1">
	 	 	 	<cx>390</cx>
	 	 	 	<cy>602</cy>
	 	 	</node>
	 	 	<node id="267" type="1">
	 	 	 	<cx>451</cx>
	 	 	 	<cy>134</cy>
	 	 	</node>
	 	 	<node id="268" type="1">
	 	 	 	<cx>324</cx>
	 	 	 	<cy>221</cy>
	 	 	</node>
	 	 	<node id="269" type="1">
	 	 	 	<cx>569</cx>
	 	 	 	<cy>98</cy>
	 	 	</node>
	 	 	<node id="270" type="1">
	 	 	 	<cx>735</cx>
	 	 	 	<cy>341</cy>
	 	 	</node>
	 	 	<node id="271" type="1">
	 	 	 	<cx>411</cx>
	 	 	 	<cy>220</cy>
	 	 	</node>
	 	 	<node id="272" type="1">
	 	 	 	<cx>672</cx>
	 	 	 	<cy>867</cy>
	 	 	</node>
	 	 	<node id="273" type="1">
	 	 	 	<cx>69</cx>
	 	 	 	<cy>790</cy>
	 	 	</node>
	 	 	<node id="274" type="1">
	 	 	 	<cx>584</cx>
	 	 	 	<cy>520</cy>
	 	 	</node>
	 	 	<node id="275" type="1">
	 	 	 	<cx>193</cx>
	 	 	 	<cy>416</cy>
	 	 	</node>
	 	 	<node id="276" type="1">
	 	 	 	<cx>954</cx>
	 	 	 	<cy>912</cy>
	 	 	</node>
	 	 	<node id="277" type="1">
	 	 	 	<cx>761</cx>
	 	 	 	<cy>734</cy>
	 	 	</node>
	 	 	<node id="278" type="1">
	 	 	 	<cx>192</cx>
	 	 	 	<cy>875</cy>
	 	 	</node>
	 	 	<node id="279" type="1">
	 	 	 	<cx>88</cx>
	 	 	 	<cy>353</cy>
	 	 	</node>
	 	 	<node id="280" type="1">
	 	 	 	<cx>777</cx>
	 	 	 	<cy>38</cy>
	 	 	</node>
	 	 	<node id="281" type="1">
	 	 	 	<cx>98</cx>
	 	 	 	<cy>68</cy>
	 	 	</node>
	 	 	<node id="282" type="1">
	 	 	 	<cx>642</cx>
	 	 	 	<cy>658</cy>
	 	 	</node>
	 	 	<node id="283" type="1">
	 	 	 	<cx>838</cx>
	 	 	 	<cy>305</cy>
	 	 	</node>
	 	 	<node id="284" type="1">
	 	 	 	<cx>824</cx>
	 	 	 	<cy>694</cy>
	 	 	</node>
	 	 	<node id="285" type="1">
	 	 	 	<cx>238</cx>
	 	 	 	<cy>825</cy>
	 	 	</node>
	 	 	<node id="286" type="1">
	 	 	 	<cx>344</cx>
	 	 	 	<cy>138</cy>
	 	 	</node>
	 	 	<node id="287" type="1">
	 	 	 	<cx>137</cx>
	 	 	 	<cy>683</cy>
	 	 	</node>
	 	 	<node id="288" type="1">
	 	 	 	<cx>357</cx>
	 	 	 	<cy>593</cy>
	 	 	</node>
	 	 	<node id="289" type="1">
	 	 	 	<cx>541</cx>
	 	 	 	<cy>423</cy>
	 	 	</node>
	 	 	<node id="290" type="1">
	 	 	 	<cx>537</cx>
	 	 	 	<cy>99</cy>
	 	 	</node>
	 	 	<node id="291" type="1">
	 	 	 	<cx>137</cx>
	 	 	 	<cy>539</cy>
	 	 	</node>
	 	 	<node id="292" type="1">
	 	 	 	<cx>719</cx>
	 	 	 	<cy>213</cy>
	 	 	</node>
	 	 	<node id="293" type="1">
	 	 	 	<cx>68</cx>
	 	 	 	<cy>173</cy>
	 	 	</node>
	 	 	<node id="294" type="1">
	 	 	 	<cx>788</cx>
	 	 	 	<cy>339</cy>
	 	 	</node>
	 	</nodes>
	 	<euclidean/>
	 	<decimals>0</decimals>
	 </network>
	 <fleet>
	 	 <vehicle_profile type="0">
	 	  	 <departure_node>1</departure_node>
	 	  	 <arrival_node>1</arrival_node>
	 	  	 <capacity>285</capacity>
	 	 </vehicle_profile>
	 </fleet>
	 <requests>
	 	 <request id="1" node="2">
	 	 	 <quantity>94</quantity>
	 	 </request>
	 	 <request id="2" node="3">
	 	 	 <quantity>7</quantity>
	 	 </request>
	 	 <request id="3" node="4">
	 	 	 <quantity>83</quantity>
	 	 </request>
	 	 <request id="4" node="5">
	 	 	 <quantity>31</quantity>
	 	 </request>
	 	 <request id="5" node="6">
	 	 	 <quantity>9</quantity>
	 	 </request>
	 	 <request id="6" node="7">
	 	 	 <quantity>78</quantity>
	 	 </request>
	 	 <request id="7" node="8">
	 	 	 <quantity>50</quantity>
	 	 </request>
	 	 <request id="8" node="9">
	 	 	 <quantity>18</quantity>
	 	 </request>
	 	 <request id="9" node="10">
	 	 	 <quantity>10</quantity>
	 	 </request>
	 	 <request id="10" node="11">
	 	 	 <quantity>11</quantity>
	 	 </request>
	 	 <request id="11" node="12">
	 	 	 <quantity>68</quantity>
	 	 </request>
	 	 <request id="12" node="13">
	 	 	 <quantity>37</quantity>
	 	 </request>
	 	 <request id="13" node="14">
	 	 	 <quantity>57</quantity>
	 	 </request>
	 	 <request id="14" node="15">
	 	 	 <quantity>83</quantity>
	 	 </request>
	 	 <request id="15" node="16">
	 	 	 <quantity>38</quantity>
	 	 </request>
	 	 <request id="16" node="17">
	 	 	 <quantity>94</quantity>
	 	 </request>
	 	 <request id="17" node="18">
	 	 	 <quantity>12</quantity>
	 	 </request>
	 	 <request id="18" node="19">
	 	 	 <quantity>63</quantity>
	 	 </request>
	 	 <request id="19" node="20">
	 	 	 <quantity>84</quantity>
	 	 </request>
	 	 <request id="20" node="21">
	 	 	 <quantity>19</quantity>
	 	 </request>
	 	 <request id="21" node="22">
	 	 	 <quantity>68</quantity>
	 	 </request>
	 	 <request id="22" node="23">
	 	 	 <quantity>32</quantity>
	 	 </request>
	 	 <request id="23" node="24">
	 	 	 <quantity>98</quantity>
	 	 </request>
	 	 <request id="24" node="25">
	 	 	 <quantity>47</quantity>
	 	 </request>
	 	 <request id="25" node="26">
	 	 	 <quantity>97</quantity>
	 	 </request>
	 	 <request id="26" node="27">
	 	 	 <quantity>25</quantity>
	 	 </request>
	 	 <request id="27" node="28">
	 	 	 <quantity>98</quantity>
	 	 </request>
	 	 <request id="28" node="29">
	 	 	 <quantity>30</quantity>
	 	 </request>
	 	 <request id="29" node="30">
	 	 	 <quantity>30</quantity>
	 	 </request>
	 	 <request id="30" node="31">
	 	 	 <quantity>10</quantity>
	 	 </request>
	 	 <request id="31" node="32">
	 	 	 <quantity>20</quantity>
	 	 </request>
	 	 <request id="32" node="33">
	 	 	 <quantity>64</quantity>
	 	 </request>
	 	 <request id="33" node="34">
	 	 	 <quantity>56</quantity>
	 	 </request>
	 	 <request id="34" node="35">
	 	 	 <quantity>73</quantity>
	 	 </request>
	 	 <request id="35" node="36">
	 	 	 <quantity>32</quantity>
	 	 </request>
	 	 <request id="36" node="37">
	 	 	 <quantity>51</quantity>
	 	 </request>
	 	 <request id="37" node="38">
	 	 	 <quantity>51</quantity>
	 	 </request>
	 	 <request id="38" node="39">
	 	 	 <quantity>45</quantity>
	 	 </request>
	 	 <request id="39" node="40">
	 	 	 <quantity>72</quantity>
	 	 </request>
	 	 <request id="40" node="41">
	 	 	 <quantity>81</quantity>
	 	 </request>
	 	 <request id="41" node="42">
	 	 	 <quantity>26</quantity>
	 	 </request>
	 	 <request id="42" node="43">
	 	 	 <quantity>46</quantity>
	 	 </request>
	 	 <request id="43" node="44">
	 	 	 <quantity>16</quantity>
	 	 </request>
	 	 <request id="44" node="45">
	 	 	 <quantity>39</quantity>
	 	 </request>
	 	 <request id="45" node="46">
	 	 	 <quantity>9</quantity>
	 	 </request>
	 	 <request id="46" node="47">
	 	 	 <quantity>52</quantity>
	 	 </request>
	 	 <request id="47" node="48">
	 	 	 <quantity>60</quantity>
	 	 </request>
	 	 <request id="48" node="49">
	 	 	 <quantity>39</quantity>
	 	 </request>
	 	 <request id="49" node="50">
	 	 	 <quantity>39</quantity>
	 	 </request>
	 	 <request id="50" node="51">
	 	 	 <quantity>97</quantity>
	 	 </request>
	 	 <request id="51" node="52">
	 	 	 <quantity>40</quantity>
	 	 </request>
	 	 <request id="52" node="53">
	 	 	 <quantity>79</quantity>
	 	 </request>
	 	 <request id="53" node="54">
	 	 	 <quantity>2</quantity>
	 	 </request>
	 	 <request id="54" node="55">
	 	 	 <quantity>86</quantity>
	 	 </request>
	 	 <request id="55" node="56">
	 	 	 <quantity>69</quantity>
	 	 </request>
	 	 <request id="56" node="57">
	 	 	 <quantity>28</quantity>
	 	 </request>
	 	 <request id="57" node="58">
	 	 	 <quantity>73</quantity>
	 	 </request>
	 	 <request id="58" node="59">
	 	 	 <quantity>46</quantity>
	 	 </request>
	 	 <request id="59" node="60">
	 	 	 <quantity>1</quantity>
	 	 </request>
	 	 <request id="60" node="61">
	 	 	 <quantity>31</quantity>
	 	 </request>
	 	 <request id="61" node="62">
	 	 	 <quantity>99</quantity>
	 	 </request>
	 	 <request id="62" node="63">
	 	 	 <quantity>91</quantity>
	 	 </request>
	 	 <request id="63" node="64">
	 	 	 <quantity>19</quantity>
	 	 </request>
	 	 <request id="64" node="65">
	 	 	 <quantity>41</quantity>
	 	 </request>
	 	 <request id="65" node="66">
	 	 	 <quantity>99</quantity>
	 	 </request>
	 	 <request id="66" node="67">
	 	 	 <quantity>23</quantity>
	 	 </request>
	 	 <request id="67" node="68">
	 	 	 <quantity>52</quantity>
	 	 </request>
	 	 <request id="68" node="69">
	 	 	 <quantity>81</quantity>
	 	 </request>
	 	 <request id="69" node="70">
	 	 	 <quantity>89</quantity>
	 	 </request>
	 	 <request id="70" node="71">
	 	 	 <quantity>48</quantity>
	 	 </request>
	 	 <request id="71" node="72">
	 	 	 <quantity>11</quantity>
	 	 </request>
	 	 <request id="72" node="73">
	 	 	 <quantity>21</quantity>
	 	 </request>
	 	 <request id="73" node="74">
	 	 	 <quantity>36</quantity>
	 	 </request>
	 	 <request id="74" node="75">
	 	 	 <quantity>24</quantity>
	 	 </request>
	 	 <request id="75" node="76">
	 	 	 <quantity>56</quantity>
	 	 </request>
	 	 <request id="76" node="77">
	 	 	 <quantity>93</quantity>
	 	 </request>
	 	 <request id="77" node="78">
	 	 	 <quantity>32</quantity>
	 	 </request>
	 	 <request id="78" node="79">
	 	 	 <quantity>30</quantity>
	 	 </request>
	 	 <request id="79" node="80">
	 	 	 <quantity>81</quantity>
	 	 </request>
	 	 <request id="80" node="81">
	 	 	 <quantity>15</quantity>
	 	 </request>
	 	 <request id="81" node="82">
	 	 	 <quantity>98</quantity>
	 	 </request>
	 	 <request id="82" node="83">
	 	 	 <quantity>61</quantity>
	 	 </request>
	 	 <request id="83" node="84">
	 	 	 <quantity>32</quantity>
	 	 </request>
	 	 <request id="84" node="85">
	 	 	 <quantity>57</quantity>
	 	 </request>
	 	 <request id="85" node="86">
	 	 	 <quantity>8</quantity>
	 	 </request>
	 	 <request id="86" node="87">
	 	 	 <quantity>48</quantity>
	 	 </request>
	 	 <request id="87" node="88">
	 	 	 <quantity>45</quantity>
	 	 </request>
	 	 <request id="88" node="89">
	 	 	 <quantity>19</quantity>
	 	 </request>
	 	 <request id="89" node="90">
	 	 	 <quantity>43</quantity>
	 	 </request>
	 	 <request id="90" node="91">
	 	 	 <quantity>6</quantity>
	 	 </request>
	 	 <request id="91" node="92">
	 	 	 <quantity>9</quantity>
	 	 </request>
	 	 <request id="92" node="93">
	 	 	 <quantity>40</quantity>
	 	 </request>
	 	 <request id="93" node="94">
	 	 	 <quantity>66</quantity>
	 	 </request>
	 	 <request id="94" node="95">
	 	 	 <quantity>1</quantity>
	 	 </request>
	 	 <request id="95" node="96">
	 	 	 <quantity>55</quantity>
	 	 </request>
	 	 <request id="96" node="97">
	 	 	 <quantity>32</quantity>
	 	 </request>
	 	 <request id="97" node="98">
	 	 	 <quantity>24</quantity>
	 	 </request>
	 	 <request id="98" node="99">
	 	 	 <quantity>47</quantity>
	 	 </request>
	 	 <request id="99" node="100">
	 	 	 <quantity>72</quantity>
	 	 </request>
	 	 <request id="100" node="101">
	 	 	 <quantity>36</quantity>
	 	 </request>
	 	 <request id="101" node="102">
	 	 	 <quantity>77</quantity>
	 	 </request>
	 	 <request id="102" node="103">
	 	 	 <quantity>28</quantity>
	 	 </request>
	 	 <request id="103" node="104">
	 	 	 <quantity>44</quantity>
	 	 </request>
	 	 <request id="104" node="105">
	 	 	 <quantity>4</quantity>
	 	 </request>
	 	 <request id="105" node="106">
	 	 	 <quantity>42</quantity>
	 	 </request>
	 	 <request id="106" node="107">
	 	 	 <quantity>38</quantity>
	 	 </request>
	 	 <request id="107" node="108">
	 	 	 <quantity>15</quantity>
	 	 </request>
	 	 <request id="108" node="109">
	 	 	 <quantity>13</quantity>
	 	 </request>
	 	 <request id="109" node="110">
	 	 	 <quantity>81</quantity>
	 	 </request>
	 	 <request id="110" node="111">
	 	 	 <quantity>58</quantity>
	 	 </request>
	 	 <request id="111" node="112">
	 	 	 <quantity>77</quantity>
	 	 </request>
	 	 <request id="112" node="113">
	 	 	 <quantity>88</quantity>
	 	 </request>
	 	 <request id="113" node="114">
	 	 	 <quantity>91</quantity>
	 	 </request>
	 	 <request id="114" node="115">
	 	 	 <quantity>44</quantity>
	 	 </request>
	 	 <request id="115" node="116">
	 	 	 <quantity>88</quantity>
	 	 </request>
	 	 <request id="116" node="117">
	 	 	 <quantity>68</quantity>
	 	 </request>
	 	 <request id="117" node="118">
	 	 	 <quantity>40</quantity>
	 	 </request>
	 	 <request id="118" node="119">
	 	 	 <quantity>57</quantity>
	 	 </request>
	 	 <request id="119" node="120">
	 	 	 <quantity>4</quantity>
	 	 </request>
	 	 <request id="120" node="121">
	 	 	 <quantity>86</quantity>
	 	 </request>
	 	 <request id="121" node="122">
	 	 	 <quantity>11</quantity>
	 	 </request>
	 	 <request id="122" node="123">
	 	 	 <quantity>96</quantity>
	 	 </request>
	 	 <request id="123" node="124">
	 	 	 <quantity>51</quantity>
	 	 </request>
	 	 <request id="124" node="125">
	 	 	 <quantity>75</quantity>
	 	 </request>
	 	 <request id="125" node="126">
	 	 	 <quantity>84</quantity>
	 	 </request>
	 	 <request id="126" node="127">
	 	 	 <quantity>81</quantity>
	 	 </request>
	 	 <request id="127" node="128">
	 	 	 <quantity>7</quantity>
	 	 </request>
	 	 <request id="128" node="129">
	 	 	 <quantity>3</quantity>
	 	 </request>
	 	 <request id="129" node="130">
	 	 	 <quantity>37</quantity>
	 	 </request>
	 	 <request id="130" node="131">
	 	 	 <quantity>38</quantity>
	 	 </request>
	 	 <request id="131" node="132">
	 	 	 <quantity>20</quantity>
	 	 </request>
	 	 <request id="132" node="133">
	 	 	 <quantity>31</quantity>
	 	 </request>
	 	 <request id="133" node="134">
	 	 	 <quantity>67</quantity>
	 	 </request>
	 	 <request id="134" node="135">
	 	 	 <quantity>26</quantity>
	 	 </request>
	 	 <request id="135" node="136">
	 	 	 <quantity>49</quantity>
	 	 </request>
	 	 <request id="136" node="137">
	 	 	 <quantity>96</quantity>
	 	 </request>
	 	 <request id="137" node="138">
	 	 	 <quantity>49</quantity>
	 	 </request>
	 	 <request id="138" node="139">
	 	 	 <quantity>78</quantity>
	 	 </request>
	 	 <request id="139" node="140">
	 	 	 <quantity>21</quantity>
	 	 </request>
	 	 <request id="140" node="141">
	 	 	 <quantity>15</quantity>
	 	 </request>
	 	 <request id="141" node="142">
	 	 	 <quantity>8</quantity>
	 	 </request>
	 	 <request id="142" node="143">
	 	 	 <quantity>75</quantity>
	 	 </request>
	 	 <request id="143" node="144">
	 	 	 <quantity>28</quantity>
	 	 </request>
	 	 <request id="144" node="145">
	 	 	 <quantity>23</quantity>
	 	 </request>
	 	 <request id="145" node="146">
	 	 	 <quantity>23</quantity>
	 	 </request>
	 	 <request id="146" node="147">
	 	 	 <quantity>39</quantity>
	 	 </request>
	 	 <request id="147" node="148">
	 	 	 <quantity>36</quantity>
	 	 </request>
	 	 <request id="148" node="149">
	 	 	 <quantity>28</quantity>
	 	 </request>
	 	 <request id="149" node="150">
	 	 	 <quantity>51</quantity>
	 	 </request>
	 	 <request id="150" node="151">
	 	 	 <quantity>53</quantity>
	 	 </request>
	 	 <request id="151" node="152">
	 	 	 <quantity>25</quantity>
	 	 </request>
	 	 <request id="152" node="153">
	 	 	 <quantity>94</quantity>
	 	 </request>
	 	 <request id="153" node="154">
	 	 	 <quantity>81</quantity>
	 	 </request>
	 	 <request id="154" node="155">
	 	 	 <quantity>8</quantity>
	 	 </request>
	 	 <request id="155" node="156">
	 	 	 <quantity>54</quantity>
	 	 </request>
	 	 <request id="156" node="157">
	 	 	 <quantity>49</quantity>
	 	 </request>
	 	 <request id="157" node="158">
	 	 	 <quantity>8</quantity>
	 	 </request>
	 	 <request id="158" node="159">
	 	 	 <quantity>71</quantity>
	 	 </request>
	 	 <request id="159" node="160">
	 	 	 <quantity>52</quantity>
	 	 </request>
	 	 <request id="160" node="161">
	 	 	 <quantity>19</quantity>
	 	 </request>
	 	 <request id="161" node="162">
	 	 	 <quantity>38</quantity>
	 	 </request>
	 	 <request id="162" node="163">
	 	 	 <quantity>85</quantity>
	 	 </request>
	 	 <request id="163" node="164">
	 	 	 <quantity>25</quantity>
	 	 </request>
	 	 <request id="164" node="165">
	 	 	 <quantity>84</quantity>
	 	 </request>
	 	 <request id="165" node="166">
	 	 	 <quantity>12</quantity>
	 	 </request>
	 	 <request id="166" node="167">
	 	 	 <quantity>82</quantity>
	 	 </request>
	 	 <request id="167" node="168">
	 	 	 <quantity>4</quantity>
	 	 </request>
	 	 <request id="168" node="169">
	 	 	 <quantity>62</quantity>
	 	 </request>
	 	 <request id="169" node="170">
	 	 	 <quantity>57</quantity>
	 	 </request>
	 	 <request id="170" node="171">
	 	 	 <quantity>34</quantity>
	 	 </request>
	 	 <request id="171" node="172">
	 	 	 <quantity>4</quantity>
	 	 </request>
	 	 <request id="172" node="173">
	 	 	 <quantity>15</quantity>
	 	 </request>
	 	 <request id="173" node="174">
	 	 	 <quantity>66</quantity>
	 	 </request>
	 	 <request id="174" node="175">
	 	 	 <quantity>24</quantity>
	 	 </request>
	 	 <request id="175" node="176">
	 	 	 <quantity>11</quantity>
	 	 </request>
	 	 <request id="176" node="177">
	 	 	 <quantity>86</quantity>
	 	 </request>
	 	 <request id="177" node="178">
	 	 	 <quantity>96</quantity>
	 	 </request>
	 	 <request id="178" node="179">
	 	 	 <quantity>36</quantity>
	 	 </request>
	 	 <request id="179" node="180">
	 	 	 <quantity>4</quantity>
	 	 </request>
	 	 <request id="180" node="181">
	 	 	 <quantity>52</quantity>
	 	 </request>
	 	 <request id="181" node="182">
	 	 	 <quantity>94</quantity>
	 	 </request>
	 	 <request id="182" node="183">
	 	 	 <quantity>78</quantity>
	 	 </request>
	 	 <request id="183" node="184">
	 	 	 <quantity>85</quantity>
	 	 </request>
	 	 <request id="184" node="185">
	 	 	 <quantity>8</quantity>
	 	 </request>
	 	 <request id="185" node="186">
	 	 	 <quantity>55</quantity>
	 	 </request>
	 	 <request id="186" node="187">
	 	 	 <quantity>31</quantity>
	 	 </request>
	 	 <request id="187" node="188">
	 	 	 <quantity>48</quantity>
	 	 </request>
	 	 <request id="188" node="189">
	 	 	 <quantity>79</quantity>
	 	 </request>
	 	 <request id="189" node="190">
	 	 	 <quantity>89</quantity>
	 	 </request>
	 	 <request id="190" node="191">
	 	 	 <quantity>13</quantity>
	 	 </request>
	 	 <request id="191" node="192">
	 	 	 <quantity>68</quantity>
	 	 </request>
	 	 <request id="192" node="193">
	 	 	 <quantity>46</quantity>
	 	 </request>
	 	 <request id="193" node="194">
	 	 	 <quantity>33</quantity>
	 	 </request>
	 	 <request id="194" node="195">
	 	 	 <quantity>78</quantity>
	 	 </request>
	 	 <request id="195" node="196">
	 	 	 <quantity>14</quantity>
	 	 </request>
	 	 <request id="196" node="197">
	 	 	 <quantity>8</quantity>
	 	 </request>
	 	 <request id="197" node="198">
	 	 	 <quantity>66</quantity>
	 	 </request>
	 	 <request id="198" node="199">
	 	 	 <quantity>36</quantity>
	 	 </request>
	 	 <request id="199" node="200">
	 	 	 <quantity>88</quantity>
	 	 </request>
	 	 <request id="200" node="201">
	 	 	 <quantity>67</quantity>
	 	 </request>
	 	 <request id="201" node="202">
	 	 	 <quantity>72</quantity>
	 	 </request>
	 	 <request id="202" node="203">
	 	 	 <quantity>98</quantity>
	 	 </request>
	 	 <request id="203" node="204">
	 	 	 <quantity>90</quantity>
	 	 </request>
	 	 <request id="204" node="205">
	 	 	 <quantity>29</quantity>
	 	 </request>
	 	 <request id="205" node="206">
	 	 	 <quantity>9</quantity>
	 	 </request>
	 	 <request id="206" node="207">
	 	 	 <quantity>44</quantity>
	 	 </request>
	 	 <request id="207" node="208">
	 	 	 <quantity>5</quantity>
	 	 </request>
	 	 <request id="208" node="209">
	 	 	 <quantity>43</quantity>
	 	 </request>
	 	 <request id="209" node="210">
	 	 	 <quantity>12</quantity>
	 	 </request>
	 	 <request id="210" node="211">
	 	 	 <quantity>24</quantity>
	 	 </request>
	 	 <request id="211" node="212">
	 	 	 <quantity>20</quantity>
	 	 </request>
	 	 <request id="212" node="213">
	 	 	 <quantity>56</quantity>
	 	 </request>
	 	 <request id="213" node="214">
	 	 	 <quantity>23</quantity>
	 	 </request>
	 	 <request id="214" node="215">
	 	 	 <quantity>73</quantity>
	 	 </request>
	 	 <request id="215" node="216">
	 	 	 <quantity>62</quantity>
	 	 </request>
	 	 <request id="216" node="217">
	 	 	 <quantity>95</quantity>
	 	 </request>
	 	 <request id="217" node="218">
	 	 	 <quantity>36</quantity>
	 	 </request>
	 	 <request id="218" node="219">
	 	 	 <quantity>57</quantity>
	 	 </request>
	 	 <request id="219" node="220">
	 	 	 <quantity>59</quantity>
	 	 </request>
	 	 <request id="220" node="221">
	 	 	 <quantity>80</quantity>
	 	 </request>
	 	 <request id="221" node="222">
	 	 	 <quantity>82</quantity>
	 	 </request>
	 	 <request id="222" node="223">
	 	 	 <quantity>47</quantity>
	 	 </request>
	 	 <request id="223" node="224">
	 	 	 <quantity>33</quantity>
	 	 </request>
	 	 <request id="224" node="225">
	 	 	 <quantity>49</quantity>
	 	 </request>
	 	 <request id="225" node="226">
	 	 	 <quantity>23</quantity>
	 	 </request>
	 	 <request id="226" node="227">
	 	 	 <quantity>10</quantity>
	 	 </request>
	 	 <request id="227" node="228">
	 	 	 <quantity>15</quantity>
	 	 </request>
	 	 <request id="228" node="229">
	 	 	 <quantity>20</quantity>
	 	 </request>
	 	 <request id="229" node="230">
	 	 	 <quantity>82</quantity>
	 	 </request>
	 	 <request id="230" node="231">
	 	 	 <quantity>30</quantity>
	 	 </request>
	 	 <request id="231" node="232">
	 	 	 <quantity>78</quantity>
	 	 </request>
	 	 <request id="232" node="233">
	 	 	 <quantity>77</quantity>
	 	 </request>
	 	 <request id="233" node="234">
	 	 	 <quantity>96</quantity>
	 	 </request>
	 	 <request id="234" node="235">
	 	 	 <quantity>59</quantity>
	 	 </request>
	 	 <request id="235" node="236">
	 	 	 <quantity>8</quantity>
	 	 </request>
	 	 <request id="236" node="237">
	 	 	 <quantity>72</quantity>
	 	 </request>
	 	 <request id="237" node="238">
	 	 	 <quantity>90</quantity>
	 	 </request>
	 	 <request id="238" node="239">
	 	 	 <quantity>76</quantity>
	 	 </request>
	 	 <request id="239" node="240">
	 	 	 <quantity>87</quantity>
	 	 </request>
	 	 <request id="240" node="241">
	 	 	 <quantity>59</quantity>
	 	 </request>
	 	 <request id="241" node="242">
	 	 	 <quantity>77</quantity>
	 	 </request>
	 	 <request id="242" node="243">
	 	 	 <quantity>96</quantity>
	 	 </request>
	 	 <request id="243" node="244">
	 	 	 <quantity>13</quantity>
	 	 </request>
	 	 <request id="244" node="245">
	 	 	 <quantity>55</quantity>
	 	 </request>
	 	 <request id="245" node="246">
	 	 	 <quantity>90</quantity>
	 	 </request>
	 	 <request id="246" node="247">
	 	 	 <quantity>77</quantity>
	 	 </request>
	 	 <request id="247" node="248">
	 	 	 <quantity>35</quantity>
	 	 </request>
	 	 <request id="248" node="249">
	 	 	 <quantity>21</quantity>
	 	 </request>
	 	 <request id="249" node="250">
	 	 	 <quantity>28</quantity>
	 	 </request>
	 	 <request id="250" node="251">
	 	 	 <quantity>76</quantity>
	 	 </request>
	 	 <request id="251" node="252">
	 	 	 <quantity>16</quantity>
	 	 </request>
	 	 <request id="252" node="253">
	 	 	 <quantity>68</quantity>
	 	 </request>
	 	 <request id="253" node="254">
	 	 	 <quantity>39</quantity>
	 	 </request>
	 	 <request id="254" node="255">
	 	 	 <quantity>13</quantity>
	 	 </request>
	 	 <request id="255" node="256">
	 	 	 <quantity>27</quantity>
	 	 </request>
	 	 <request id="256" node="257">
	 	 	 <quantity>94</quantity>
	 	 </request>
	 	 <request id="257" node="258">
	 	 	 <quantity>12</quantity>
	 	 </request>
	 	 <request id="258" node="259">
	 	 	 <quantity>69</quantity>
	 	 </request>
	 	 <request id="259" node="260">
	 	 	 <quantity>57</quantity>
	 	 </request>
	 	 <request id="260" node="261">
	 	 	 <quantity>36</quantity>
	 	 </request>
	 	 <request id="261" node="262">
	 	 	 <quantity>13</quantity>
	 	 </request>
	 	 <request id="262" node="263">
	 	 	 <quantity>5</quantity>
	 	 </request>
	 	 <request id="263" node="264">
	 	 	 <quantity>53</quantity>
	 	 </request>
	 	 <request id="264" node="265">
	 	 	 <quantity>59</quantity>
	 	 </request>
	 	 <request id="265" node="266">
	 	 	 <quantity>33</quantity>
	 	 </request>
	 	 <request id="266" node="267">
	 	 	 <quantity>8</quantity>
	 	 </request>
	 	 <request id="267" node="268">
	 	 	 <quantity>86</quantity>
	 	 </request>
	 	 <request id="268" node="269">
	 	 	 <quantity>59</quantity>
	 	 </request>
	 	 <request id="269" node="270">
	 	 	 <quantity>61</quantity>
	 	 </request>
	 	 <request id="270" node="271">
	 	 	 <quantity>62</quantity>
	 	 </request>
	 	 <request id="271" node="272">
	 	 	 <quantity>36</quantity>
	 	 </request>
	 	 <request id="272" node="273">
	 	 	 <quantity>99</quantity>
	 	 </request>
	 	 <request id="273" node="274">
	 	 	 <quantity>91</quantity>
	 	 </request>
	 	 <request id="274" node="275">
	 	 	 <quantity>41</quantity>
	 	 </request>
	 	 <request id="275" node="276">
	 	 	 <quantity>11</quantity>
	 	 </request>
	 	 <request id="276" node="277">
	 	 	 <quantity>65</quantity>
	 	 </request>
	 	 <request id="277" node="278">
	 	 	 <quantity>48</quantity>
	 	 </request>
	 	 <request id="278" node="279">
	 	 	 <quantity>32</quantity>
	 	 </request>
	 	 <request id="279" node="280">
	 	 	 <quantity>81</quantity>
	 	 </request>
	 	 <request id="280" node="281">
	 	 	 <quantity>50</quantity>
	 	 </request>
	 	 <request id="281" node="282">
	 	 	 <quantity>34</quantity>
	 	 </request>
	 	 <request id="282" node="283">
	 	 	 <quantity>78</quantity>
	 	 </request>
	 	 <request id="283" node="284">
	 	 	 <quantity>47</quantity>
	 	 </request>
	 	 <request id="284" node="285">
	 	 	 <quantity>59</quantity>
	 	 </request>
	 	 <request id="285" node="286">
	 	 	 <quantity>13</quantity>
	 	 </request>
	 	 <request id="286" node="287">
	 	 	 <quantity>52</quantity>
	 	 </request>
	 	 <request id="287" node="288">
	 	 	 <quantity>26</quantity>
	 	 </request>
	 	 <request id="288" node="289">
	 	 	 <quantity>46</quantity>
	 	 </request>
	 	 <request id="289" node="290">
	 	 	 <quantity>3</quantity>
	 	 </request>
	 	 <request id="290" node="291">
	 	 	 <quantity>47</quantity>
	 	 </request>
	 	 <request id="291" node="292">
	 	 	 <quantity>67</quantity>
	 	 </request>
	 	 <request id="292" node="293">
	 	 	 <quantity>70</quantity>
	 	 </request>
	 	 <request id="293" node="294">
	 	 	 <quantity>13</quantity>
	 	 </request>
	 </requests>
</instance>
