<?xml version="1.0" encoding="UTF-8" standalone="yes"?>
<instance>
	<info>
	 	<dataset>Uchoa 2014 — Set X</dataset>
	 	<name>X-n139-k10</name>
	</info>
	<network>
	 	<nodes>
	 	 	<node id="1" type="1">
	 	 	 	<cx>500</cx>
	 	 	 	<cy>500</cy>
	 	 	</node>
	 	 	<node id="2" type="1">
	 	 	 	<cx>645</cx>
	 	 	 	<cy>7</cy>
	 	 	</node>
	 	 	<node id="3" type="1">
	 	 	 	<cx>720</cx>
	 	 	 	<cy>867</cy>
	 	 	</node>
	 	 	<node id="4" type="1">
	 	 	 	<cx>513</cx>
	 	 	 	<cy>499</cy>
	 	 	</node>
	 	 	<node id="5" type="1">
	 	 	 	<cx>208</cx>
	 	 	 	<cy>766</cy>
	 	 	</node>
	 	 	<node id="6" type="1">
	 	 	 	<cx>976</cx>
	 	 	 	<cy>884</cy>
	 	 	</node>
	 	 	<node id="7" type="1">
	 	 	 	<cx>991</cx>
	 	 	 	<cy>864</cy>
	 	 	</node>
	 	 	<node id="8" type="1">
	 	 	 	<cx>596</cx>
	 	 	 	<cy>532</cy>
	 	 	</node>
	 	 	<node id="9" type="1">
	 	 	 	<cx>765</cx>
	 	 	 	<cy>632</cy>
	 	 	</node>
	 	 	<node id="10" type="1">
	 	 	 	<cx>270</cx>
	 	 	 	<cy>818</cy>
	 	 	</node>
	 	 	<node id="11" type="1">
	 	 	 	<cx>223</cx>
	 	 	 	<cy>552</cy>
	 	 	</node>
	 	 	<node id="12" type="1">
	 	 	 	<cx>871</cx>
	 	 	 	<cy>193</cy>
	 	 	</node>
	 	 	<node id="13" type="1">
	 	 	 	<cx>825</cx>
	 	 	 	<cy>816</cy>
	 	 	</node>
	 	 	<node id="14" type="1">
	 	 	 	<cx>128</cx>
	 	 	 	<cy>518</cy>
	 	 	</node>
	 	 	<node id="15" type="1">
	 	 	 	<cx>802</cx>
	 	 	 	<cy>281</cy>
	 	 	</node>
	 	 	<node id="16" type="1">
	 	 	 	<cx>786</cx>
	 	 	 	<cy>635</cy>
	 	 	</node>
	 	 	<node id="17" type="1">
	 	 	 	<cx>435</cx>
	 	 	 	<cy>675</cy>
	 	 	</node>
	 	 	<node id="18" type="1">
	 	 	 	<cx>976</cx>
	 	 	 	<cy>204</cy>
	 	 	</node>
	 	 	<node id="19" type="1">
	 	 	 	<cx>563</cx>
	 	 	 	<cy>43</cy>
	 	 	</node>
	 	 	<node id="20" type="1">
	 	 	 	<cx>870</cx>
	 	 	 	<cy>774</cy>
	 	 	</node>
	 	 	<node id="21" type="1">
	 	 	 	<cx>348</cx>
	 	 	 	<cy>458</cy>
	 	 	</node>
	 	 	<node id="22" type="1">
	 	 	 	<cx>566</cx>
	 	 	 	<cy>113</cy>
	 	 	</node>
	 	 	<node id="23" type="1">
	 	 	 	<cx>295</cx>
	 	 	 	<cy>969</cy>
	 	 	</node>
	 	 	<node id="24" type="1">
	 	 	 	<cx>229</cx>
	 	 	 	<cy>790</cy>
	 	 	</node>
	 	 	<node id="25" type="1">
	 	 	 	<cx>515</cx>
	 	 	 	<cy>805</cy>
	 	 	</node>
	 	 	<node id="26" type="1">
	 	 	 	<cx>482</cx>
	 	 	 	<cy>998</cy>
	 	 	</node>
	 	 	<node id="27" type="1">
	 	 	 	<cx>241</cx>
	 	 	 	<cy>830</cy>
	 	 	</node>
	 	 	<node id="28" type="1">
	 	 	 	<cx>47</cx>
	 	 	 	<cy>633</cy>
	 	 	</node>
	 	 	<node id="29" type="1">
	 	 	 	<cx>594</cx>
	 	 	 	<cy>244</cy>
	 	 	</node>
	 	 	<node id="30" type="1">
	 	 	 	<cx>635</cx>
	 	 	 	<cy>626</cy>
	 	 	</node>
	 	 	<node id="31" type="1">
	 	 	 	<cx>597</cx>
	 	 	 	<cy>538</cy>
	 	 	</node>
	 	 	<node id="32" type="1">
	 	 	 	<cx>86</cx>
	 	 	 	<cy>516</cy>
	 	 	</node>
	 	 	<node id="33" type="1">
	 	 	 	<cx>444</cx>
	 	 	 	<cy>697</cy>
	 	 	</node>
	 	 	<node id="34" type="1">
	 	 	 	<cx>763</cx>
	 	 	 	<cy>281</cy>
	 	 	</node>
	 	 	<node id="35" type="1">
	 	 	 	<cx>12</cx>
	 	 	 	<cy>649</cy>
	 	 	</node>
	 	 	<node id="36" type="1">
	 	 	 	<cx>187</cx>
	 	 	 	<cy>417</cy>
	 	 	</node>
	 	 	<node id="37" type="1">
	 	 	 	<cx>630</cx>
	 	 	 	<cy>975</cy>
	 	 	</node>
	 	 	<node id="38" type="1">
	 	 	 	<cx>934</cx>
	 	 	 	<cy>263</cy>
	 	 	</node>
	 	 	<node id="39" type="1">
	 	 	 	<cx>88</cx>
	 	 	 	<cy>855</cy>
	 	 	</node>
	 	 	<node id="40" type="1">
	 	 	 	<cx>768</cx>
	 	 	 	<cy>582</cy>
	 	 	</node>
	 	 	<node id="41" type="1">
	 	 	 	<cx>916</cx>
	 	 	 	<cy>277</cy>
	 	 	</node>
	 	 	<node id="42" type="1">
	 	 	 	<cx>40</cx>
	 	 	 	<cy>387</cy>
	 	 	</node>
	 	 	<node id="43" type="1">
	 	 	 	<cx>881</cx>
	 	 	 	<cy>490</cy>
	 	 	</node>
	 	 	<node id="44" type="1">
	 	 	 	<cx>325</cx>
	 	 	 	<cy>20</cy>
	 	 	</node>
	 	 	<node id="45" type="1">
	 	 	 	<cx>771</cx>
	 	 	 	<cy>700</cy>
	 	 	</node>
	 	 	<node id="46" type="1">
	 	 	 	<cx>308</cx>
	 	 	 	<cy>482</cy>
	 	 	</node>
	 	 	<node id="47" type="1">
	 	 	 	<cx>397</cx>
	 	 	 	<cy>30</cy>
	 	 	</node>
	 	 	<node id="48" type="1">
	 	 	 	<cx>934</cx>
	 	 	 	<cy>7</cy>
	 	 	</node>
	 	 	<node id="49" type="1">
	 	 	 	<cx>869</cx>
	 	 	 	<cy>723</cy>
	 	 	</node>
	 	 	<node id="50" type="1">
	 	 	 	<cx>788</cx>
	 	 	 	<cy>896</cy>
	 	 	</node>
	 	 	<node id="51" type="1">
	 	 	 	<cx>100</cx>
	 	 	 	<cy>591</cy>
	 	 	</node>
	 	 	<node id="52" type="1">
	 	 	 	<cx>746</cx>
	 	 	 	<cy>587</cy>
	 	 	</node>
	 	 	<node id="53" type="1">
	 	 	 	<cx>584</cx>
	 	 	 	<cy>721</cy>
	 	 	</node>
	 	 	<node id="54" type="1">
	 	 	 	<cx>859</cx>
	 	 	 	<cy>990</cy>
	 	 	</node>
	 	 	<node id="55" type="1">
	 	 	 	<cx>403</cx>
	 	 	 	<cy>428</cy>
	 	 	</node>
	 	 	<node id="56" type="1">
	 	 	 	<cx>493</cx>
	 	 	 	<cy>63</cy>
	 	 	</node>
	 	 	<node id="57" type="1">
	 	 	 	<cx>496</cx>
	 	 	 	<cy>458</cy>
	 	 	</node>
	 	 	<node id="58" type="1">
	 	 	 	<cx>728</cx>
	 	 	 	<cy>641</cy>
	 	 	</node>
	 	 	<node id="59" type="1">
	 	 	 	<cx>174</cx>
	 	 	 	<cy>440</cy>
	 	 	</node>
	 	 	<node id="60" type="1">
	 	 	 	<cx>986</cx>
	 	 	 	<cy>511</cy>
	 	 	</node>
	 	 	<node id="61" type="1">
	 	 	 	<cx>887</cx>
	 	 	 	<cy>589</cy>
	 	 	</node>
	 	 	<node id="62" type="1">
	 	 	 	<cx>931</cx>
	 	 	 	<cy>743</cy>
	 	 	</node>
	 	 	<node id="63" type="1">
	 	 	 	<cx>234</cx>
	 	 	 	<cy>663</cy>
	 	 	</node>
	 	 	<node id="64" type="1">
	 	 	 	<cx>608</cx>
	 	 	 	<cy>268</cy>
	 	 	</node>
	 	 	<node id="65" type="1">
	 	 	 	<cx>239</cx>
	 	 	 	<cy>159</cy>
	 	 	</node>
	 	 	<node id="66" type="1">
	 	 	 	<cx>832</cx>
	 	 	 	<cy>704</cy>
	 	 	</node>
	 	 	<node id="67" type="1">
	 	 	 	<cx>857</cx>
	 	 	 	<cy>776</cy>
	 	 	</node>
	 	 	<node id="68" type="1">
	 	 	 	<cx>828</cx>
	 	 	 	<cy>438</cy>
	 	 	</node>
	 	 	<node id="69" type="1">
	 	 	 	<cx>744</cx>
	 	 	 	<cy>105</cy>
	 	 	</node>
	 	 	<node id="70" type="1">
	 	 	 	<cx>122</cx>
	 	 	 	<cy>949</cy>
	 	 	</node>
	 	 	<node id="71" type="1">
	 	 	 	<cx>270</cx>
	 	 	 	<cy>596</cy>
	 	 	</node>
	 	 	<node id="72" type="1">
	 	 	 	<cx>687</cx>
	 	 	 	<cy>391</cy>
	 	 	</node>
	 	 	<node id="73" type="1">
	 	 	 	<cx>790</cx>
	 	 	 	<cy>753</cy>
	 	 	</node>
	 	 	<node id="74" type="1">
	 	 	 	<cx>323</cx>
	 	 	 	<cy>417</cy>
	 	 	</node>
	 	 	<node id="75" type="1">
	 	 	 	<cx>152</cx>
	 	 	 	<cy>585</cy>
	 	 	</node>
	 	 	<node id="76" type="1">
	 	 	 	<cx>308</cx>
	 	 	 	<cy>261</cy>
	 	 	</node>
	 	 	<node id="77" type="1">
	 	 	 	<cx>472</cx>
	 	 	 	<cy>319</cy>
	 	 	</node>
	 	 	<node id="78" type="1">
	 	 	 	<cx>282</cx>
	 	 	 	<cy>64</cy>
	 	 	</node>
	 	 	<node id="79" type="1">
	 	 	 	<cx>138</cx>
	 	 	 	<cy>342</cy>
	 	 	</node>
	 	 	<node id="80" type="1">
	 	 	 	<cx>391</cx>
	 	 	 	<cy>452</cy>
	 	 	</node>
	 	 	<node id="81" type="1">
	 	 	 	<cx>87</cx>
	 	 	 	<cy>413</cy>
	 	 	</node>
	 	 	<node id="82" type="1">
	 	 	 	<cx>676</cx>
	 	 	 	<cy>362</cy>
	 	 	</node>
	 	 	<node id="83" type="1">
	 	 	 	<cx>314</cx>
	 	 	 	<cy>108</cy>
	 	 	</node>
	 	 	<node id="84" type="1">
	 	 	 	<cx>713</cx>
	 	 	 	<cy>127</cy>
	 	 	</node>
	 	 	<node id="85" type="1">
	 	 	 	<cx>638</cx>
	 	 	 	<cy>532</cy>
	 	 	</node>
	 	 	<node id="86" type="1">
	 	 	 	<cx>507</cx>
	 	 	 	<cy>797</cy>
	 	 	</node>
	 	 	<node id="87" type="1">
	 	 	 	<cx>720</cx>
	 	 	 	<cy>264</cy>
	 	 	</node>
	 	 	<node id="88" type="1">
	 	 	 	<cx>630</cx>
	 	 	 	<cy>720</cy>
	 	 	</node>
	 	 	<node id="89" type="1">
	 	 	 	<cx>326</cx>
	 	 	 	<cy>566</cy>
	 	 	</node>
	 	 	<node id="90" type="1">
	 	 	 	<cx>610</cx>
	 	 	 	<cy>371</cy>
	 	 	</node>
	 	 	<node id="91" type="1">
	 	 	 	<cx>847</cx>
	 	 	 	<cy>833</cy>
	 	 	</node>
	 	 	<node id="92" type="1">
	 	 	 	<cx>576</cx>
	 	 	 	<cy>429</cy>
	 	 	</node>
	 	 	<node id="93" type="1">
	 	 	 	<cx>58</cx>
	 	 	 	<cy>295</cy>
	 	 	</node>
	 	 	<node id="94" type="1">
	 	 	 	<cx>145</cx>
	 	 	 	<cy>103</cy>
	 	 	</node>
	 	 	<node id="95" type="1">
	 	 	 	<cx>141</cx>
	 	 	 	<cy>976</cy>
	 	 	</node>
	 	 	<node id="96" type="1">
	 	 	 	<cx>564</cx>
	 	 	 	<cy>716</cy>
	 	 	</node>
	 	 	<node id="97" type="1">
	 	 	 	<cx>946</cx>
	 	 	 	<cy>889</cy>
	 	 	</node>
	 	 	<node id="98" type="1">
	 	 	 	<cx>100</cx>
	 	 	 	<cy>526</cy>
	 	 	</node>
	 	 	<node id="99" type="1">
	 	 	 	<cx>503</cx>
	 	 	 	<cy>496</cy>
	 	 	</node>
	 	 	<node id="100" type="1">
	 	 	 	<cx>684</cx>
	 	 	 	<cy>811</cy>
	 	 	</node>
	 	 	<node id="101" type="1">
	 	 	 	<cx>800</cx>
	 	 	 	<cy>409</cy>
	 	 	</node>
	 	 	<node id="102" type="1">
	 	 	 	<cx>794</cx>
	 	 	 	<cy>190</cy>
	 	 	</node>
	 	 	<node id="103" type="1">
	 	 	 	<cx>784</cx>
	 	 	 	<cy>339</cy>
	 	 	</node>
	 	 	<node id="104" type="1">
	 	 	 	<cx>603</cx>
	 	 	 	<cy>208</cy>
	 	 	</node>
	 	 	<node id="105" type="1">
	 	 	 	<cx>637</cx>
	 	 	 	<cy>306</cy>
	 	 	</node>
	 	 	<node id="106" type="1">
	 	 	 	<cx>369</cx>
	 	 	 	<cy>159</cy>
	 	 	</node>
	 	 	<node id="107" type="1">
	 	 	 	<cx>288</cx>
	 	 	 	<cy>88</cy>
	 	 	</node>
	 	 	<node id="108" type="1">
	 	 	 	<cx>70</cx>
	 	 	 	<cy>168</cy>
	 	 	</node>
	 	 	<node id="109" type="1">
	 	 	 	<cx>177</cx>
	 	 	 	<cy>924</cy>
	 	 	</node>
	 	 	<node id="110" type="1">
	 	 	 	<cx>300</cx>
	 	 	 	<cy>515</cy>
	 	 	</node>
	 	 	<node id="111" type="1">
	 	 	 	<cx>275</cx>
	 	 	 	<cy>468</cy>
	 	 	</node>
	 	 	<node id="112" type="1">
	 	 	 	<cx>408</cx>
	 	 	 	<cy>217</cy>
	 	 	</node>
	 	 	<node id="113" type="1">
	 	 	 	<cx>343</cx>
	 	 	 	<cy>995</cy>
	 	 	</node>
	 	 	<node id="114" type="1">
	 	 	 	<cx>889</cx>
	 	 	 	<cy>853</cy>
	 	 	</node>
	 	 	<node id="115" type="1">
	 	 	 	<cx>455</cx>
	 	 	 	<cy>846</cy>
	 	 	</node>
	 	 	<node id="116" type="1">
	 	 	 	<cx>20</cx>
	 	 	 	<cy>645</cy>
	 	 	</node>
	 	 	<node id="117" type="1">
	 	 	 	<cx>760</cx>
	 	 	 	<cy>141</cy>
	 	 	</node>
	 	 	<node id="118" type="1">
	 	 	 	<cx>763</cx>
	 	 	 	<cy>785</cy>
	 	 	</node>
	 	 	<node id="119" type="1">
	 	 	 	<cx>494</cx>
	 	 	 	<cy>727</cy>
	 	 	</node>
	 	 	<node id="120" type="1">
	 	 	 	<cx>889</cx>
	 	 	 	<cy>11</cy>
	 	 	</node>
	 	 	<node id="121" type="1">
	 	 	 	<cx>254</cx>
	 	 	 	<cy>378</cy>
	 	 	</node>
	 	 	<node id="122" type="1">
	 	 	 	<cx>381</cx>
	 	 	 	<cy>438</cy>
	 	 	</node>
	 	 	<node id="123" type="1">
	 	 	 	<cx>508</cx>
	 	 	 	<cy>257</cy>
	 	 	</node>
	 	 	<node id="124" type="1">
	 	 	 	<cx>70</cx>
	 	 	 	<cy>637</cy>
	 	 	</node>
	 	 	<node id="125" type="1">
	 	 	 	<cx>361</cx>
	 	 	 	<cy>611</cy>
	 	 	</node>
	 	 	<node id="126" type="1">
	 	 	 	<cx>529</cx>
	 	 	 	<cy>957</cy>
	 	 	</node>
	 	 	<node id="127" type="1">
	 	 	 	<cx>570</cx>
	 	 	 	<cy>727</cy>
	 	 	</node>
	 	 	<node id="128" type="1">
	 	 	 	<cx>204</cx>
	 	 	 	<cy>110</cy>
	 	 	</node>
	 	 	<node id="129" type="1">
	 	 	 	<cx>813</cx>
	 	 	 	<cy>135</cy>
	 	 	</node>
	 	 	<node id="130" type="1">
	 	 	 	<cx>820</cx>
	 	 	 	<cy>999</cy>
	 	 	</node>
	 	 	<node id="131" type="1">
	 	 	 	<cx>201</cx>
	 	 	 	<cy>62</cy>
	 	 	</node>
	 	 	<node id="132" type="1">
	 	 	 	<cx>5</cx>
	 	 	 	<cy>787</cy>
	 	 	</node>
	 	 	<node id="133" type="1">
	 	 	 	<cx>48</cx>
	 	 	 	<cy>135</cy>
	 	 	</node>
	 	 	<node id="134" type="1">
	 	 	 	<cx>196</cx>
	 	 	 	<cy>237</cy>
	 	 	</node>
	 	 	<node id="135" type="1">
	 	 	 	<cx>881</cx>
	 	 	 	<cy>333</cy>
	 	 	</node>
	 	 	<node id="136" type="1">
	 	 	 	<cx>767</cx>
	 	 	 	<cy>284</cy>
	 	 	</node>
	 	 	<node id="137" type="1">
	 	 	 	<cx>709</cx>
	 	 	 	<cy>189</cy>
	 	 	</node>
	 	 	<node id="138" type="1">
	 	 	 	<cx>427</cx>
	 	 	 	<cy>864</cy>
	 	 	</node>
	 	 	<node id="139" type="1">
	 	 	 	<cx>538</cx>
	 	 	 	<cy>248</cy>
	 	 	</node>
	 	</nodes>
	 	<euclidean/>
	 	<decimals>0</decimals>
	 </network>
	 <fleet>
	 	 <vehicle_profile type="0">
	 	  	 <departure_node>1</departure_node>
	 	  	 <arrival_node>1</arrival_node>
	 	  	 <capacity>106</capacity>
	 	 </vehicle_profile>
	 </fleet>
	 <requests>
	 	 <request id="1" node="2">
	 	 	 <quantity>10</quantity>
	 	 </request>
	 	 <request id="2" node="3">
	 	 	 <quantity>10</quantity>
	 	 </request>
	 	 <request id="3" node="4">
	 	 	 <quantity>5</quantity>
	 	 </request>
	 	 <request id="4" node="5">
	 	 	 <quantity>9</quantity>
	 	 </request>
	 	 <request id="5" node="6">
	 	 	 <quantity>8</quantity>
	 	 </request>
	 	 <request id="6" node="7">
	 	 	 <quantity>5</quantity>
	 	 </request>
	 	 <request id="7" node="8">
	 	 	 <quantity>5</quantity>
	 	 </request>
	 	 <request id="8" node="9">
	 	 	 <quantity>8</quantity>
	 	 </request>
	 	 <request id="9" node="10">
	 	 	 <quantity>6</quantity>
	 	 </request>
	 	 <request id="10" node="11">
	 	 	 <quantity>8</quantity>
	 	 </request>
	 	 <request id="11" node="12">
	 	 	 <quantity>10</quantity>
	 	 </request>
	 	 <request id="12" node="13">
	 	 	 <quantity>9</quantity>
	 	 </request>
	 	 <request id="13" node="14">
	 	 	 <quantity>9</quantity>
	 	 </request>
	 	 <request id="14" node="15">
	 	 	 <quantity>8</quantity>
	 	 </request>
	 	 <request id="15" node="16">
	 	 	 <quantity>9</quantity>
	 	 </request>
	 	 <request id="16" node="17">
	 	 	 <quantity>5</quantity>
	 	 </request>
	 	 <request id="17" node="18">
	 	 	 <quantity>10</quantity>
	 	 </request>
	 	 <request id="18" node="19">
	 	 	 <quantity>7</quantity>
	 	 </request>
	 	 <request id="19" node="20">
	 	 	 <quantity>6</quantity>
	 	 </request>
	 	 <request id="20" node="21">
	 	 	 <quantity>9</quantity>
	 	 </request>
	 	 <request id="21" node="22">
	 	 	 <quantity>10</quantity>
	 	 </request>
	 	 <request id="22" node="23">
	 	 	 <quantity>6</quantity>
	 	 </request>
	 	 <request id="23" node="24">
	 	 	 <quantity>10</quantity>
	 	 </request>
	 	 <request id="24" node="25">
	 	 	 <quantity>5</quantity>
	 	 </request>
	 	 <request id="25" node="26">
	 	 	 <quantity>8</quantity>
	 	 </request>
	 	 <request id="26" node="27">
	 	 	 <quantity>6</quantity>
	 	 </request>
	 	 <request id="27" node="28">
	 	 	 <quantity>8</quantity>
	 	 </request>
	 	 <request id="28" node="29">
	 	 	 <quantity>5</quantity>
	 	 </request>
	 	 <request id="29" node="30">
	 	 	 <quantity>6</quantity>
	 	 </request>
	 	 <request id="30" node="31">
	 	 	 <quantity>5</quantity>
	 	 </request>
	 	 <request id="31" node="32">
	 	 	 <quantity>7</quantity>
	 	 </request>
	 	 <request id="32" node="33">
	 	 	 <quantity>10</quantity>
	 	 </request>
	 	 <request id="33" node="34">
	 	 	 <quantity>9</quantity>
	 	 </request>
	 	 <request id="34" node="35">
	 	 	 <quantity>7</quantity>
	 	 </request>
	 	 <request id="35" node="36">
	 	 	 <quantity>5</quantity>
	 	 </request>
	 	 <request id="36" node="37">
	 	 	 <quantity>9</quantity>
	 	 </request>
	 	 <request id="37" node="38">
	 	 	 <quantity>6</quantity>
	 	 </request>
	 	 <request id="38" node="39">
	 	 	 <quantity>8</quantity>
	 	 </request>
	 	 <request id="39" node="40">
	 	 	 <quantity>9</quantity>
	 	 </request>
	 	 <request id="40" node="41">
	 	 	 <quantity>5</quantity>
	 	 </request>
	 	 <request id="41" node="42">
	 	 	 <quantity>9</quantity>
	 	 </request>
	 	 <request id="42" node="43">
	 	 	 <quantity>9</quantity>
	 	 </request>
	 	 <request id="43" node="44">
	 	 	 <quantity>5</quantity>
	 	 </request>
	 	 <request id="44" node="45">
	 	 	 <quantity>5</quantity>
	 	 </request>
	 	 <request id="45" node="46">
	 	 	 <quantity>6</quantity>
	 	 </request>
	 	 <request id="46" node="47">
	 	 	 <quantity>7</quantity>
	 	 </request>
	 	 <request id="47" node="48">
	 	 	 <quantity>6</quantity>
	 	 </request>
	 	 <request id="48" node="49">
	 	 	 <quantity>9</quantity>
	 	 </request>
	 	 <request id="49" node="50">
	 	 	 <quantity>5</quantity>
	 	 </request>
	 	 <request id="50" node="51">
	 	 	 <quantity>8</quantity>
	 	 </request>
	 	 <request id="51" node="52">
	 	 	 <quantity>9</quantity>
	 	 </request>
	 	 <request id="52" node="53">
	 	 	 <quantity>8</quantity>
	 	 </request>
	 	 <request id="53" node="54">
	 	 	 <quantity>8</quantity>
	 	 </request>
	 	 <request id="54" node="55">
	 	 	 <quantity>7</quantity>
	 	 </request>
	 	 <request id="55" node="56">
	 	 	 <quantity>9</quantity>
	 	 </request>
	 	 <request id="56" node="57">
	 	 	 <quantity>9</quantity>
	 	 </request>
	 	 <request id="57" node="58">
	 	 	 <quantity>7</quantity>
	 	 </request>
	 	 <request id="58" node="59">
	 	 	 <quantity>10</quantity>
	 	 </request>
	 	 <request id="59" node="60">
	 	 	 <quantity>6</quantity>
	 	 </request>
	 	 <request id="60" node="61">
	 	 	 <quantity>8</quantity>
	 	 </request>
	 	 <request id="61" node="62">
	 	 	 <quantity>9</quantity>
	 	 </request>
	 	 <request id="62" node="63">
	 	 	 <quantity>9</quantity>
	 	 </request>
	 	 <request id="63" node="64">
	 	 	 <quantity>5</quantity>
	 	 </request>
	 	 <request id="64" node="65">
	 	 	 <quantity>6</quantity>
	 	 </request>
	 	 <request id="65" node="66">
	 	 	 <quantity>10</quantity>
	 	 </request>
	 	 <request id="66" node="67">
	 	 	 <quantity>10</quantity>
	 	 </request>
	 	 <request id="67" node="68">
	 	 	 <quantity>8</quantity>
	 	 </request>
	 	 <request id="68" node="69">
	 	 	 <quantity>5</quantity>
	 	 </request>
	 	 <request id="69" node="70">
	 	 	 <quantity>7</quantity>
	 	 </request>
	 	 <request id="70" node="71">
	 	 	 <quantity>5</quantity>
	 	 </request>
	 	 <request id="71" node="72">
	 	 	 <quantity>9</quantity>
	 	 </request>
	 	 <request id="72" node="73">
	 	 	 <quantity>5</quantity>
	 	 </request>
	 	 <request id="73" node="74">
	 	 	 <quantity>5</quantity>
	 	 </request>
	 	 <request id="74" node="75">
	 	 	 <quantity>9</quantity>
	 	 </request>
	 	 <request id="75" node="76">
	 	 	 <quantity>10</quantity>
	 	 </request>
	 	 <request id="76" node="77">
	 	 	 <quantity>9</quantity>
	 	 </request>
	 	 <request id="77" node="78">
	 	 	 <quantity>6</quantity>
	 	 </request>
	 	 <request id="78" node="79">
	 	 	 <quantity>10</quantity>
	 	 </request>
	 	 <request id="79" node="80">
	 	 	 <quantity>8</quantity>
	 	 </request>
	 	 <request id="80" node="81">
	 	 	 <quantity>10</quantity>
	 	 </request>
	 	 <request id="81" node="82">
	 	 	 <quantity>8</quantity>
	 	 </request>
	 	 <request id="82" node="83">
	 	 	 <quantity>8</quantity>
	 	 </request>
	 	 <request id="83" node="84">
	 	 	 <quantity>6</quantity>
	 	 </request>
	 	 <request id="84" node="85">
	 	 	 <quantity>9</quantity>
	 	 </request>
	 	 <request id="85" node="86">
	 	 	 <quantity>5</quantity>
	 	 </request>
	 	 <request id="86" node="87">
	 	 	 <quantity>6</quantity>
	 	 </request>
	 	 <request id="87" node="88">
	 	 	 <quantity>7</quantity>
	 	 </request>
	 	 <request id="88" node="89">
	 	 	 <quantity>8</quantity>
	 	 </request>
	 	 <request id="89" node="90">
	 	 	 <quantity>9</quantity>
	 	 </request>
	 	 <request id="90" node="91">
	 	 	 <quantity>7</quantity>
	 	 </request>
	 	 <request id="91" node="92">
	 	 	 <quantity>7</quantity>
	 	 </request>
	 	 <request id="92" node="93">
	 	 	 <quantity>5</quantity>
	 	 </request>
	 	 <request id="93" node="94">
	 	 	 <quantity>8</quantity>
	 	 </request>
	 	 <request id="94" node="95">
	 	 	 <quantity>8</quantity>
	 	 </request>
	 	 <request id="95" node="96">
	 	 	 <quantity>9</quantity>
	 	 </request>
	 	 <request id="96" node="97">
	 	 	 <quantity>6</quantity>
	 	 </request>
	 	 <request id="97" node="98">
	 	 	 <quantity>9</quantity>
	 	 </request>
	 	 <request id="98" node="99">
	 	 	 <quantity>10</quantity>
	 	 </request>
	 	 <request id="99" node="100">
	 	 	 <quantity>7</quantity>
	 	 </request>
	 	 <request id="100" node="101">
	 	 	 <quantity>5</quantity>
	 	 </request>
	 	 <request id="101" node="102">
	 	 	 <quantity>9</quantity>
	 	 </request>
	 	 <request id="102" node="103">
	 	 	 <quantity>5</quantity>
	 	 </request>
	 	 <request id="103" node="104">
	 	 	 <quantity>10</quantity>
	 	 </request>
	 	 <request id="104" node="105">
	 	 	 <quantity>8</quantity>
	 	 </request>
	 	 <request id="105" node="106">
	 	 	 <quantity>8</quantity>
	 	 </request>
	 	 <request id="106" node="107">
	 	 	 <quantity>9</quantity>
	 	 </request>
	 	 <request id="107" node="108">
	 	 	 <quantity>5</quantity>
	 	 </request>
	 	 <request id="108" node="109">
	 	 	 <quantity>6</quantity>
	 	 </request>
	 	 <request id="109" node="110">
	 	 	 <quantity>8</quantity>
	 	 </request>
	 	 <request id="110" node="111">
	 	 	 <quantity>10</quantity>
	 	 </request>
	 	 <request id="111" node="112">
	 	 	 <quantity>9</quantity>
	 	 </request>
	 	 <request id="112" node="113">
	 	 	 <quantity>9</quantity>
	 	 </request>
	 	 <request id="113" node="114">
	 	 	 <quantity>5</quantity>
	 	 </request>
	 	 <request id="114" node="115">
	 	 	 <quantity>8</quantity>
	 	 </request>
	 	 <request id="115" node="116">
	 	 	 <quantity>5</quantity>
	 	 </request>
	 	 <request id="116" node="117">
	 	 	 <quantity>10</quantity>
	 	 </request>
	 	 <request id="117" node="118">
	 	 	 <quantity>6</quantity>
	 	 </request>
	 	 <request id="118" node="119">
	 	 	 <quantity>9</quantity>
	 	 </request>
	 	 <request id="119" node="120">
	 	 	 <quantity>9</quantity>
	 	 </request>
	 	 <request id="120" node="121">
	 	 	 <quantity>5</quantity>
	 	 </request>
	 	 <request id="121" node="122">
	 	 	 <quantity>10</quantity>
	 	 </request>
	 	 <request id="122" node="123">
	 	 	 <quantity>6</quantity>
	 	 </request>
	 	 <request id="123" node="124">
	 	 	 <quantity>8</quantity>
	 	 </request>
	 	 <request id="124" node="125">
	 	 	 <quantity>10</quantity>
	 	 </request>
	 	 <request id="125" node="126">
	 	 	 <quantity>8</quantity>
	 	 </request>
	 	 <request id="126" node="127">
	 	 	 <quantity>5</quantity>
	 	 </request>
	 	 <request id="127" node="128">
	 	 	 <quantity>7</quantity>
	 	 </request>
	 	 <request id="128" node="129">
	 	 	 <quantity>8</quantity>
	 	 </request>
	 	 <request id="129" node="130">
	 	 	 <quantity>8</quantity>
	 	 </request>
	 	 <request id="130" node="131">
	 	 	 <quantity>7</quantity>
	 	 </request>
	 	 <request id="131" node="132">
	 	 	 <quantity>9</quantity>
	 	 </request>
	 	 <request id="132" node="133">
	 	 	 <quantity>5</quantity>
	 	 </request>
	 	 <request id="133" node="134">
	 	 	 <quantity>5</quantity>
	 	 </request>
	 	 <request id="134" node="135">
	 	 	 <quantity>8</quantity>
	 	 </request>
	 	 <request id="135" node="136">
	 	 	 <quantity>8</quantity>
	 	 </request>
	 	 <request id="136" node="137">
	 	 	 <quantity>6</quantity>
	 	 </request>
	 	 <request id="137" node="138">
	 	 	 <quantity>6</quantity>
	 	 </request>
	 	 <request id="138" node="139">
	 	 	 <quantity>10</quantity>
	 	 </request>
	 </requests>
</instance>
