<?xml version="1.0" encoding="UTF-8" standalone="yes"?>
<instance>
	<info>
	 	<dataset>Uchoa 2014 — Set X</dataset>
	 	<name>X-n186-k15</name>
	</info>
	<network>
	 	<nodes>
	 	 	<node id="1" type="1">
	 	 	 	<cx>159</cx>
	 	 	 	<cy>917</cy>
	 	 	</node>
	 	 	<node id="2" type="1">
	 	 	 	<cx>635</cx>
	 	 	 	<cy>200</cy>
	 	 	</node>
	 	 	<node id="3" type="1">
	 	 	 	<cx>278</cx>
	 	 	 	<cy>907</cy>
	 	 	</node>
	 	 	<node id="4" type="1">
	 	 	 	<cx>875</cx>
	 	 	 	<cy>93</cy>
	 	 	</node>
	 	 	<node id="5" type="1">
	 	 	 	<cx>10</cx>
	 	 	 	<cy>732</cy>
	 	 	</node>
	 	 	<node id="6" type="1">
	 	 	 	<cx>586</cx>
	 	 	 	<cy>657</cy>
	 	 	</node>
	 	 	<node id="7" type="1">
	 	 	 	<cx>482</cx>
	 	 	 	<cy>75</cy>
	 	 	</node>
	 	 	<node id="8" type="1">
	 	 	 	<cx>526</cx>
	 	 	 	<cy>176</cy>
	 	 	</node>
	 	 	<node id="9" type="1">
	 	 	 	<cx>153</cx>
	 	 	 	<cy>622</cy>
	 	 	</node>
	 	 	<node id="10" type="1">
	 	 	 	<cx>452</cx>
	 	 	 	<cy>945</cy>
	 	 	</node>
	 	 	<node id="11" type="1">
	 	 	 	<cx>456</cx>
	 	 	 	<cy>137</cy>
	 	 	</node>
	 	 	<node id="12" type="1">
	 	 	 	<cx>884</cx>
	 	 	 	<cy>968</cy>
	 	 	</node>
	 	 	<node id="13" type="1">
	 	 	 	<cx>688</cx>
	 	 	 	<cy>793</cy>
	 	 	</node>
	 	 	<node id="14" type="1">
	 	 	 	<cx>117</cx>
	 	 	 	<cy>915</cy>
	 	 	</node>
	 	 	<node id="15" type="1">
	 	 	 	<cx>149</cx>
	 	 	 	<cy>746</cy>
	 	 	</node>
	 	 	<node id="16" type="1">
	 	 	 	<cx>495</cx>
	 	 	 	<cy>325</cy>
	 	 	</node>
	 	 	<node id="17" type="1">
	 	 	 	<cx>539</cx>
	 	 	 	<cy>967</cy>
	 	 	</node>
	 	 	<node id="18" type="1">
	 	 	 	<cx>917</cx>
	 	 	 	<cy>58</cy>
	 	 	</node>
	 	 	<node id="19" type="1">
	 	 	 	<cx>590</cx>
	 	 	 	<cy>316</cy>
	 	 	</node>
	 	 	<node id="20" type="1">
	 	 	 	<cx>611</cx>
	 	 	 	<cy>998</cy>
	 	 	</node>
	 	 	<node id="21" type="1">
	 	 	 	<cx>963</cx>
	 	 	 	<cy>878</cy>
	 	 	</node>
	 	 	<node id="22" type="1">
	 	 	 	<cx>141</cx>
	 	 	 	<cy>5</cy>
	 	 	</node>
	 	 	<node id="23" type="1">
	 	 	 	<cx>383</cx>
	 	 	 	<cy>531</cy>
	 	 	</node>
	 	 	<node id="24" type="1">
	 	 	 	<cx>685</cx>
	 	 	 	<cy>124</cy>
	 	 	</node>
	 	 	<node id="25" type="1">
	 	 	 	<cx>39</cx>
	 	 	 	<cy>781</cy>
	 	 	</node>
	 	 	<node id="26" type="1">
	 	 	 	<cx>534</cx>
	 	 	 	<cy>29</cy>
	 	 	</node>
	 	 	<node id="27" type="1">
	 	 	 	<cx>213</cx>
	 	 	 	<cy>837</cy>
	 	 	</node>
	 	 	<node id="28" type="1">
	 	 	 	<cx>874</cx>
	 	 	 	<cy>734</cy>
	 	 	</node>
	 	 	<node id="29" type="1">
	 	 	 	<cx>180</cx>
	 	 	 	<cy>943</cy>
	 	 	</node>
	 	 	<node id="30" type="1">
	 	 	 	<cx>789</cx>
	 	 	 	<cy>541</cy>
	 	 	</node>
	 	 	<node id="31" type="1">
	 	 	 	<cx>343</cx>
	 	 	 	<cy>949</cy>
	 	 	</node>
	 	 	<node id="32" type="1">
	 	 	 	<cx>537</cx>
	 	 	 	<cy>248</cy>
	 	 	</node>
	 	 	<node id="33" type="1">
	 	 	 	<cx>626</cx>
	 	 	 	<cy>147</cy>
	 	 	</node>
	 	 	<node id="34" type="1">
	 	 	 	<cx>56</cx>
	 	 	 	<cy>596</cy>
	 	 	</node>
	 	 	<node id="35" type="1">
	 	 	 	<cx>112</cx>
	 	 	 	<cy>344</cy>
	 	 	</node>
	 	 	<node id="36" type="1">
	 	 	 	<cx>738</cx>
	 	 	 	<cy>977</cy>
	 	 	</node>
	 	 	<node id="37" type="1">
	 	 	 	<cx>941</cx>
	 	 	 	<cy>193</cy>
	 	 	</node>
	 	 	<node id="38" type="1">
	 	 	 	<cx>437</cx>
	 	 	 	<cy>386</cy>
	 	 	</node>
	 	 	<node id="39" type="1">
	 	 	 	<cx>440</cx>
	 	 	 	<cy>770</cy>
	 	 	</node>
	 	 	<node id="40" type="1">
	 	 	 	<cx>743</cx>
	 	 	 	<cy>623</cy>
	 	 	</node>
	 	 	<node id="41" type="1">
	 	 	 	<cx>521</cx>
	 	 	 	<cy>398</cy>
	 	 	</node>
	 	 	<node id="42" type="1">
	 	 	 	<cx>488</cx>
	 	 	 	<cy>747</cy>
	 	 	</node>
	 	 	<node id="43" type="1">
	 	 	 	<cx>321</cx>
	 	 	 	<cy>734</cy>
	 	 	</node>
	 	 	<node id="44" type="1">
	 	 	 	<cx>521</cx>
	 	 	 	<cy>778</cy>
	 	 	</node>
	 	 	<node id="45" type="1">
	 	 	 	<cx>90</cx>
	 	 	 	<cy>89</cy>
	 	 	</node>
	 	 	<node id="46" type="1">
	 	 	 	<cx>716</cx>
	 	 	 	<cy>652</cy>
	 	 	</node>
	 	 	<node id="47" type="1">
	 	 	 	<cx>333</cx>
	 	 	 	<cy>12</cy>
	 	 	</node>
	 	 	<node id="48" type="1">
	 	 	 	<cx>244</cx>
	 	 	 	<cy>424</cy>
	 	 	</node>
	 	 	<node id="49" type="1">
	 	 	 	<cx>199</cx>
	 	 	 	<cy>115</cy>
	 	 	</node>
	 	 	<node id="50" type="1">
	 	 	 	<cx>83</cx>
	 	 	 	<cy>719</cy>
	 	 	</node>
	 	 	<node id="51" type="1">
	 	 	 	<cx>126</cx>
	 	 	 	<cy>148</cy>
	 	 	</node>
	 	 	<node id="52" type="1">
	 	 	 	<cx>789</cx>
	 	 	 	<cy>437</cy>
	 	 	</node>
	 	 	<node id="53" type="1">
	 	 	 	<cx>728</cx>
	 	 	 	<cy>336</cy>
	 	 	</node>
	 	 	<node id="54" type="1">
	 	 	 	<cx>504</cx>
	 	 	 	<cy>704</cy>
	 	 	</node>
	 	 	<node id="55" type="1">
	 	 	 	<cx>933</cx>
	 	 	 	<cy>949</cy>
	 	 	</node>
	 	 	<node id="56" type="1">
	 	 	 	<cx>232</cx>
	 	 	 	<cy>78</cy>
	 	 	</node>
	 	 	<node id="57" type="1">
	 	 	 	<cx>382</cx>
	 	 	 	<cy>130</cy>
	 	 	</node>
	 	 	<node id="58" type="1">
	 	 	 	<cx>346</cx>
	 	 	 	<cy>2</cy>
	 	 	</node>
	 	 	<node id="59" type="1">
	 	 	 	<cx>61</cx>
	 	 	 	<cy>985</cy>
	 	 	</node>
	 	 	<node id="60" type="1">
	 	 	 	<cx>357</cx>
	 	 	 	<cy>505</cy>
	 	 	</node>
	 	 	<node id="61" type="1">
	 	 	 	<cx>199</cx>
	 	 	 	<cy>892</cy>
	 	 	</node>
	 	 	<node id="62" type="1">
	 	 	 	<cx>930</cx>
	 	 	 	<cy>154</cy>
	 	 	</node>
	 	 	<node id="63" type="1">
	 	 	 	<cx>400</cx>
	 	 	 	<cy>95</cy>
	 	 	</node>
	 	 	<node id="64" type="1">
	 	 	 	<cx>148</cx>
	 	 	 	<cy>261</cy>
	 	 	</node>
	 	 	<node id="65" type="1">
	 	 	 	<cx>41</cx>
	 	 	 	<cy>527</cy>
	 	 	</node>
	 	 	<node id="66" type="1">
	 	 	 	<cx>29</cx>
	 	 	 	<cy>335</cy>
	 	 	</node>
	 	 	<node id="67" type="1">
	 	 	 	<cx>913</cx>
	 	 	 	<cy>885</cy>
	 	 	</node>
	 	 	<node id="68" type="1">
	 	 	 	<cx>293</cx>
	 	 	 	<cy>784</cy>
	 	 	</node>
	 	 	<node id="69" type="1">
	 	 	 	<cx>102</cx>
	 	 	 	<cy>962</cy>
	 	 	</node>
	 	 	<node id="70" type="1">
	 	 	 	<cx>372</cx>
	 	 	 	<cy>866</cy>
	 	 	</node>
	 	 	<node id="71" type="1">
	 	 	 	<cx>144</cx>
	 	 	 	<cy>223</cy>
	 	 	</node>
	 	 	<node id="72" type="1">
	 	 	 	<cx>684</cx>
	 	 	 	<cy>899</cy>
	 	 	</node>
	 	 	<node id="73" type="1">
	 	 	 	<cx>402</cx>
	 	 	 	<cy>636</cy>
	 	 	</node>
	 	 	<node id="74" type="1">
	 	 	 	<cx>138</cx>
	 	 	 	<cy>705</cy>
	 	 	</node>
	 	 	<node id="75" type="1">
	 	 	 	<cx>715</cx>
	 	 	 	<cy>745</cy>
	 	 	</node>
	 	 	<node id="76" type="1">
	 	 	 	<cx>914</cx>
	 	 	 	<cy>323</cy>
	 	 	</node>
	 	 	<node id="77" type="1">
	 	 	 	<cx>287</cx>
	 	 	 	<cy>3</cy>
	 	 	</node>
	 	 	<node id="78" type="1">
	 	 	 	<cx>461</cx>
	 	 	 	<cy>953</cy>
	 	 	</node>
	 	 	<node id="79" type="1">
	 	 	 	<cx>826</cx>
	 	 	 	<cy>351</cy>
	 	 	</node>
	 	 	<node id="80" type="1">
	 	 	 	<cx>780</cx>
	 	 	 	<cy>165</cy>
	 	 	</node>
	 	 	<node id="81" type="1">
	 	 	 	<cx>935</cx>
	 	 	 	<cy>38</cy>
	 	 	</node>
	 	 	<node id="82" type="1">
	 	 	 	<cx>927</cx>
	 	 	 	<cy>350</cy>
	 	 	</node>
	 	 	<node id="83" type="1">
	 	 	 	<cx>754</cx>
	 	 	 	<cy>709</cy>
	 	 	</node>
	 	 	<node id="84" type="1">
	 	 	 	<cx>784</cx>
	 	 	 	<cy>423</cy>
	 	 	</node>
	 	 	<node id="85" type="1">
	 	 	 	<cx>849</cx>
	 	 	 	<cy>726</cy>
	 	 	</node>
	 	 	<node id="86" type="1">
	 	 	 	<cx>74</cx>
	 	 	 	<cy>778</cy>
	 	 	</node>
	 	 	<node id="87" type="1">
	 	 	 	<cx>354</cx>
	 	 	 	<cy>750</cy>
	 	 	</node>
	 	 	<node id="88" type="1">
	 	 	 	<cx>628</cx>
	 	 	 	<cy>487</cy>
	 	 	</node>
	 	 	<node id="89" type="1">
	 	 	 	<cx>362</cx>
	 	 	 	<cy>568</cy>
	 	 	</node>
	 	 	<node id="90" type="1">
	 	 	 	<cx>898</cx>
	 	 	 	<cy>759</cy>
	 	 	</node>
	 	 	<node id="91" type="1">
	 	 	 	<cx>563</cx>
	 	 	 	<cy>171</cy>
	 	 	</node>
	 	 	<node id="92" type="1">
	 	 	 	<cx>721</cx>
	 	 	 	<cy>637</cy>
	 	 	</node>
	 	 	<node id="93" type="1">
	 	 	 	<cx>136</cx>
	 	 	 	<cy>83</cy>
	 	 	</node>
	 	 	<node id="94" type="1">
	 	 	 	<cx>341</cx>
	 	 	 	<cy>955</cy>
	 	 	</node>
	 	 	<node id="95" type="1">
	 	 	 	<cx>892</cx>
	 	 	 	<cy>938</cy>
	 	 	</node>
	 	 	<node id="96" type="1">
	 	 	 	<cx>671</cx>
	 	 	 	<cy>542</cy>
	 	 	</node>
	 	 	<node id="97" type="1">
	 	 	 	<cx>659</cx>
	 	 	 	<cy>306</cy>
	 	 	</node>
	 	 	<node id="98" type="1">
	 	 	 	<cx>805</cx>
	 	 	 	<cy>670</cy>
	 	 	</node>
	 	 	<node id="99" type="1">
	 	 	 	<cx>930</cx>
	 	 	 	<cy>778</cy>
	 	 	</node>
	 	 	<node id="100" type="1">
	 	 	 	<cx>791</cx>
	 	 	 	<cy>763</cy>
	 	 	</node>
	 	 	<node id="101" type="1">
	 	 	 	<cx>747</cx>
	 	 	 	<cy>285</cy>
	 	 	</node>
	 	 	<node id="102" type="1">
	 	 	 	<cx>641</cx>
	 	 	 	<cy>347</cy>
	 	 	</node>
	 	 	<node id="103" type="1">
	 	 	 	<cx>846</cx>
	 	 	 	<cy>685</cy>
	 	 	</node>
	 	 	<node id="104" type="1">
	 	 	 	<cx>598</cx>
	 	 	 	<cy>253</cy>
	 	 	</node>
	 	 	<node id="105" type="1">
	 	 	 	<cx>45</cx>
	 	 	 	<cy>585</cy>
	 	 	</node>
	 	 	<node id="106" type="1">
	 	 	 	<cx>654</cx>
	 	 	 	<cy>70</cy>
	 	 	</node>
	 	 	<node id="107" type="1">
	 	 	 	<cx>887</cx>
	 	 	 	<cy>421</cy>
	 	 	</node>
	 	 	<node id="108" type="1">
	 	 	 	<cx>310</cx>
	 	 	 	<cy>854</cy>
	 	 	</node>
	 	 	<node id="109" type="1">
	 	 	 	<cx>527</cx>
	 	 	 	<cy>787</cy>
	 	 	</node>
	 	 	<node id="110" type="1">
	 	 	 	<cx>602</cx>
	 	 	 	<cy>66</cy>
	 	 	</node>
	 	 	<node id="111" type="1">
	 	 	 	<cx>878</cx>
	 	 	 	<cy>10</cy>
	 	 	</node>
	 	 	<node id="112" type="1">
	 	 	 	<cx>351</cx>
	 	 	 	<cy>797</cy>
	 	 	</node>
	 	 	<node id="113" type="1">
	 	 	 	<cx>995</cx>
	 	 	 	<cy>987</cy>
	 	 	</node>
	 	 	<node id="114" type="1">
	 	 	 	<cx>697</cx>
	 	 	 	<cy>200</cy>
	 	 	</node>
	 	 	<node id="115" type="1">
	 	 	 	<cx>722</cx>
	 	 	 	<cy>246</cy>
	 	 	</node>
	 	 	<node id="116" type="1">
	 	 	 	<cx>847</cx>
	 	 	 	<cy>208</cy>
	 	 	</node>
	 	 	<node id="117" type="1">
	 	 	 	<cx>577</cx>
	 	 	 	<cy>295</cy>
	 	 	</node>
	 	 	<node id="118" type="1">
	 	 	 	<cx>102</cx>
	 	 	 	<cy>478</cy>
	 	 	</node>
	 	 	<node id="119" type="1">
	 	 	 	<cx>899</cx>
	 	 	 	<cy>185</cy>
	 	 	</node>
	 	 	<node id="120" type="1">
	 	 	 	<cx>123</cx>
	 	 	 	<cy>601</cy>
	 	 	</node>
	 	 	<node id="121" type="1">
	 	 	 	<cx>230</cx>
	 	 	 	<cy>342</cy>
	 	 	</node>
	 	 	<node id="122" type="1">
	 	 	 	<cx>438</cx>
	 	 	 	<cy>547</cy>
	 	 	</node>
	 	 	<node id="123" type="1">
	 	 	 	<cx>968</cx>
	 	 	 	<cy>649</cy>
	 	 	</node>
	 	 	<node id="124" type="1">
	 	 	 	<cx>214</cx>
	 	 	 	<cy>379</cy>
	 	 	</node>
	 	 	<node id="125" type="1">
	 	 	 	<cx>242</cx>
	 	 	 	<cy>769</cy>
	 	 	</node>
	 	 	<node id="126" type="1">
	 	 	 	<cx>273</cx>
	 	 	 	<cy>194</cy>
	 	 	</node>
	 	 	<node id="127" type="1">
	 	 	 	<cx>66</cx>
	 	 	 	<cy>727</cy>
	 	 	</node>
	 	 	<node id="128" type="1">
	 	 	 	<cx>354</cx>
	 	 	 	<cy>338</cy>
	 	 	</node>
	 	 	<node id="129" type="1">
	 	 	 	<cx>725</cx>
	 	 	 	<cy>735</cy>
	 	 	</node>
	 	 	<node id="130" type="1">
	 	 	 	<cx>632</cx>
	 	 	 	<cy>849</cy>
	 	 	</node>
	 	 	<node id="131" type="1">
	 	 	 	<cx>411</cx>
	 	 	 	<cy>272</cy>
	 	 	</node>
	 	 	<node id="132" type="1">
	 	 	 	<cx>481</cx>
	 	 	 	<cy>165</cy>
	 	 	</node>
	 	 	<node id="133" type="1">
	 	 	 	<cx>121</cx>
	 	 	 	<cy>414</cy>
	 	 	</node>
	 	 	<node id="134" type="1">
	 	 	 	<cx>492</cx>
	 	 	 	<cy>78</cy>
	 	 	</node>
	 	 	<node id="135" type="1">
	 	 	 	<cx>794</cx>
	 	 	 	<cy>406</cy>
	 	 	</node>
	 	 	<node id="136" type="1">
	 	 	 	<cx>736</cx>
	 	 	 	<cy>937</cy>
	 	 	</node>
	 	 	<node id="137" type="1">
	 	 	 	<cx>701</cx>
	 	 	 	<cy>496</cy>
	 	 	</node>
	 	 	<node id="138" type="1">
	 	 	 	<cx>282</cx>
	 	 	 	<cy>94</cy>
	 	 	</node>
	 	 	<node id="139" type="1">
	 	 	 	<cx>87</cx>
	 	 	 	<cy>12</cy>
	 	 	</node>
	 	 	<node id="140" type="1">
	 	 	 	<cx>963</cx>
	 	 	 	<cy>619</cy>
	 	 	</node>
	 	 	<node id="141" type="1">
	 	 	 	<cx>61</cx>
	 	 	 	<cy>688</cy>
	 	 	</node>
	 	 	<node id="142" type="1">
	 	 	 	<cx>387</cx>
	 	 	 	<cy>244</cy>
	 	 	</node>
	 	 	<node id="143" type="1">
	 	 	 	<cx>740</cx>
	 	 	 	<cy>242</cy>
	 	 	</node>
	 	 	<node id="144" type="1">
	 	 	 	<cx>209</cx>
	 	 	 	<cy>571</cy>
	 	 	</node>
	 	 	<node id="145" type="1">
	 	 	 	<cx>631</cx>
	 	 	 	<cy>208</cy>
	 	 	</node>
	 	 	<node id="146" type="1">
	 	 	 	<cx>643</cx>
	 	 	 	<cy>521</cy>
	 	 	</node>
	 	 	<node id="147" type="1">
	 	 	 	<cx>280</cx>
	 	 	 	<cy>11</cy>
	 	 	</node>
	 	 	<node id="148" type="1">
	 	 	 	<cx>226</cx>
	 	 	 	<cy>40</cy>
	 	 	</node>
	 	 	<node id="149" type="1">
	 	 	 	<cx>161</cx>
	 	 	 	<cy>296</cy>
	 	 	</node>
	 	 	<node id="150" type="1">
	 	 	 	<cx>839</cx>
	 	 	 	<cy>54</cy>
	 	 	</node>
	 	 	<node id="151" type="1">
	 	 	 	<cx>814</cx>
	 	 	 	<cy>504</cy>
	 	 	</node>
	 	 	<node id="152" type="1">
	 	 	 	<cx>967</cx>
	 	 	 	<cy>668</cy>
	 	 	</node>
	 	 	<node id="153" type="1">
	 	 	 	<cx>236</cx>
	 	 	 	<cy>704</cy>
	 	 	</node>
	 	 	<node id="154" type="1">
	 	 	 	<cx>218</cx>
	 	 	 	<cy>618</cy>
	 	 	</node>
	 	 	<node id="155" type="1">
	 	 	 	<cx>526</cx>
	 	 	 	<cy>667</cy>
	 	 	</node>
	 	 	<node id="156" type="1">
	 	 	 	<cx>87</cx>
	 	 	 	<cy>981</cy>
	 	 	</node>
	 	 	<node id="157" type="1">
	 	 	 	<cx>768</cx>
	 	 	 	<cy>197</cy>
	 	 	</node>
	 	 	<node id="158" type="1">
	 	 	 	<cx>976</cx>
	 	 	 	<cy>122</cy>
	 	 	</node>
	 	 	<node id="159" type="1">
	 	 	 	<cx>177</cx>
	 	 	 	<cy>712</cy>
	 	 	</node>
	 	 	<node id="160" type="1">
	 	 	 	<cx>449</cx>
	 	 	 	<cy>902</cy>
	 	 	</node>
	 	 	<node id="161" type="1">
	 	 	 	<cx>492</cx>
	 	 	 	<cy>63</cy>
	 	 	</node>
	 	 	<node id="162" type="1">
	 	 	 	<cx>761</cx>
	 	 	 	<cy>122</cy>
	 	 	</node>
	 	 	<node id="163" type="1">
	 	 	 	<cx>609</cx>
	 	 	 	<cy>621</cy>
	 	 	</node>
	 	 	<node id="164" type="1">
	 	 	 	<cx>614</cx>
	 	 	 	<cy>240</cy>
	 	 	</node>
	 	 	<node id="165" type="1">
	 	 	 	<cx>478</cx>
	 	 	 	<cy>599</cy>
	 	 	</node>
	 	 	<node id="166" type="1">
	 	 	 	<cx>175</cx>
	 	 	 	<cy>312</cy>
	 	 	</node>
	 	 	<node id="167" type="1">
	 	 	 	<cx>239</cx>
	 	 	 	<cy>636</cy>
	 	 	</node>
	 	 	<node id="168" type="1">
	 	 	 	<cx>347</cx>
	 	 	 	<cy>199</cy>
	 	 	</node>
	 	 	<node id="169" type="1">
	 	 	 	<cx>619</cx>
	 	 	 	<cy>620</cy>
	 	 	</node>
	 	 	<node id="170" type="1">
	 	 	 	<cx>275</cx>
	 	 	 	<cy>24</cy>
	 	 	</node>
	 	 	<node id="171" type="1">
	 	 	 	<cx>565</cx>
	 	 	 	<cy>769</cy>
	 	 	</node>
	 	 	<node id="172" type="1">
	 	 	 	<cx>120</cx>
	 	 	 	<cy>871</cy>
	 	 	</node>
	 	 	<node id="173" type="1">
	 	 	 	<cx>140</cx>
	 	 	 	<cy>957</cy>
	 	 	</node>
	 	 	<node id="174" type="1">
	 	 	 	<cx>68</cx>
	 	 	 	<cy>736</cy>
	 	 	</node>
	 	 	<node id="175" type="1">
	 	 	 	<cx>661</cx>
	 	 	 	<cy>294</cy>
	 	 	</node>
	 	 	<node id="176" type="1">
	 	 	 	<cx>604</cx>
	 	 	 	<cy>737</cy>
	 	 	</node>
	 	 	<node id="177" type="1">
	 	 	 	<cx>91</cx>
	 	 	 	<cy>956</cy>
	 	 	</node>
	 	 	<node id="178" type="1">
	 	 	 	<cx>16</cx>
	 	 	 	<cy>561</cy>
	 	 	</node>
	 	 	<node id="179" type="1">
	 	 	 	<cx>680</cx>
	 	 	 	<cy>254</cy>
	 	 	</node>
	 	 	<node id="180" type="1">
	 	 	 	<cx>173</cx>
	 	 	 	<cy>171</cy>
	 	 	</node>
	 	 	<node id="181" type="1">
	 	 	 	<cx>852</cx>
	 	 	 	<cy>978</cy>
	 	 	</node>
	 	 	<node id="182" type="1">
	 	 	 	<cx>533</cx>
	 	 	 	<cy>757</cy>
	 	 	</node>
	 	 	<node id="183" type="1">
	 	 	 	<cx>352</cx>
	 	 	 	<cy>957</cy>
	 	 	</node>
	 	 	<node id="184" type="1">
	 	 	 	<cx>409</cx>
	 	 	 	<cy>939</cy>
	 	 	</node>
	 	 	<node id="185" type="1">
	 	 	 	<cx>630</cx>
	 	 	 	<cy>902</cy>
	 	 	</node>
	 	 	<node id="186" type="1">
	 	 	 	<cx>487</cx>
	 	 	 	<cy>220</cy>
	 	 	</node>
	 	</nodes>
	 	<euclidean/>
	 	<decimals>0</decimals>
	 </network>
	 <fleet>
	 	 <vehicle_profile type="0">
	 	  	 <departure_node>1</departure_node>
	 	  	 <arrival_node>1</arrival_node>
	 	  	 <capacity>974</capacity>
	 	 </vehicle_profile>
	 </fleet>
	 <requests>
	 	 <request id="1" node="2">
	 	 	 <quantity>74</quantity>
	 	 </request>
	 	 <request id="2" node="3">
	 	 	 <quantity>74</quantity>
	 	 </request>
	 	 <request id="3" node="4">
	 	 	 <quantity>80</quantity>
	 	 </request>
	 	 <request id="4" node="5">
	 	 	 <quantity>85</quantity>
	 	 </request>
	 	 <request id="5" node="6">
	 	 	 <quantity>99</quantity>
	 	 </request>
	 	 <request id="6" node="7">
	 	 	 <quantity>81</quantity>
	 	 </request>
	 	 <request id="7" node="8">
	 	 	 <quantity>85</quantity>
	 	 </request>
	 	 <request id="8" node="9">
	 	 	 <quantity>100</quantity>
	 	 </request>
	 	 <request id="9" node="10">
	 	 	 <quantity>74</quantity>
	 	 </request>
	 	 <request id="10" node="11">
	 	 	 <quantity>57</quantity>
	 	 </request>
	 	 <request id="11" node="12">
	 	 	 <quantity>60</quantity>
	 	 </request>
	 	 <request id="12" node="13">
	 	 	 <quantity>74</quantity>
	 	 </request>
	 	 <request id="13" node="14">
	 	 	 <quantity>60</quantity>
	 	 </request>
	 	 <request id="14" node="15">
	 	 	 <quantity>77</quantity>
	 	 </request>
	 	 <request id="15" node="16">
	 	 	 <quantity>72</quantity>
	 	 </request>
	 	 <request id="16" node="17">
	 	 	 <quantity>87</quantity>
	 	 </request>
	 	 <request id="17" node="18">
	 	 	 <quantity>89</quantity>
	 	 </request>
	 	 <request id="18" node="19">
	 	 	 <quantity>53</quantity>
	 	 </request>
	 	 <request id="19" node="20">
	 	 	 <quantity>72</quantity>
	 	 </request>
	 	 <request id="20" node="21">
	 	 	 <quantity>62</quantity>
	 	 </request>
	 	 <request id="21" node="22">
	 	 	 <quantity>53</quantity>
	 	 </request>
	 	 <request id="22" node="23">
	 	 	 <quantity>54</quantity>
	 	 </request>
	 	 <request id="23" node="24">
	 	 	 <quantity>98</quantity>
	 	 </request>
	 	 <request id="24" node="25">
	 	 	 <quantity>65</quantity>
	 	 </request>
	 	 <request id="25" node="26">
	 	 	 <quantity>72</quantity>
	 	 </request>
	 	 <request id="26" node="27">
	 	 	 <quantity>81</quantity>
	 	 </request>
	 	 <request id="27" node="28">
	 	 	 <quantity>84</quantity>
	 	 </request>
	 	 <request id="28" node="29">
	 	 	 <quantity>64</quantity>
	 	 </request>
	 	 <request id="29" node="30">
	 	 	 <quantity>52</quantity>
	 	 </request>
	 	 <request id="30" node="31">
	 	 	 <quantity>60</quantity>
	 	 </request>
	 	 <request id="31" node="32">
	 	 	 <quantity>95</quantity>
	 	 </request>
	 	 <request id="32" node="33">
	 	 	 <quantity>55</quantity>
	 	 </request>
	 	 <request id="33" node="34">
	 	 	 <quantity>79</quantity>
	 	 </request>
	 	 <request id="34" node="35">
	 	 	 <quantity>97</quantity>
	 	 </request>
	 	 <request id="35" node="36">
	 	 	 <quantity>51</quantity>
	 	 </request>
	 	 <request id="36" node="37">
	 	 	 <quantity>93</quantity>
	 	 </request>
	 	 <request id="37" node="38">
	 	 	 <quantity>50</quantity>
	 	 </request>
	 	 <request id="38" node="39">
	 	 	 <quantity>93</quantity>
	 	 </request>
	 	 <request id="39" node="40">
	 	 	 <quantity>95</quantity>
	 	 </request>
	 	 <request id="40" node="41">
	 	 	 <quantity>90</quantity>
	 	 </request>
	 	 <request id="41" node="42">
	 	 	 <quantity>95</quantity>
	 	 </request>
	 	 <request id="42" node="43">
	 	 	 <quantity>71</quantity>
	 	 </request>
	 	 <request id="43" node="44">
	 	 	 <quantity>89</quantity>
	 	 </request>
	 	 <request id="44" node="45">
	 	 	 <quantity>77</quantity>
	 	 </request>
	 	 <request id="45" node="46">
	 	 	 <quantity>81</quantity>
	 	 </request>
	 	 <request id="46" node="47">
	 	 	 <quantity>74</quantity>
	 	 </request>
	 	 <request id="47" node="48">
	 	 	 <quantity>53</quantity>
	 	 </request>
	 	 <request id="48" node="49">
	 	 	 <quantity>79</quantity>
	 	 </request>
	 	 <request id="49" node="50">
	 	 	 <quantity>58</quantity>
	 	 </request>
	 	 <request id="50" node="51">
	 	 	 <quantity>61</quantity>
	 	 </request>
	 	 <request id="51" node="52">
	 	 	 <quantity>97</quantity>
	 	 </request>
	 	 <request id="52" node="53">
	 	 	 <quantity>93</quantity>
	 	 </request>
	 	 <request id="53" node="54">
	 	 	 <quantity>95</quantity>
	 	 </request>
	 	 <request id="54" node="55">
	 	 	 <quantity>80</quantity>
	 	 </request>
	 	 <request id="55" node="56">
	 	 	 <quantity>72</quantity>
	 	 </request>
	 	 <request id="56" node="57">
	 	 	 <quantity>92</quantity>
	 	 </request>
	 	 <request id="57" node="58">
	 	 	 <quantity>88</quantity>
	 	 </request>
	 	 <request id="58" node="59">
	 	 	 <quantity>90</quantity>
	 	 </request>
	 	 <request id="59" node="60">
	 	 	 <quantity>85</quantity>
	 	 </request>
	 	 <request id="60" node="61">
	 	 	 <quantity>83</quantity>
	 	 </request>
	 	 <request id="61" node="62">
	 	 	 <quantity>83</quantity>
	 	 </request>
	 	 <request id="62" node="63">
	 	 	 <quantity>59</quantity>
	 	 </request>
	 	 <request id="63" node="64">
	 	 	 <quantity>75</quantity>
	 	 </request>
	 	 <request id="64" node="65">
	 	 	 <quantity>80</quantity>
	 	 </request>
	 	 <request id="65" node="66">
	 	 	 <quantity>55</quantity>
	 	 </request>
	 	 <request id="66" node="67">
	 	 	 <quantity>66</quantity>
	 	 </request>
	 	 <request id="67" node="68">
	 	 	 <quantity>99</quantity>
	 	 </request>
	 	 <request id="68" node="69">
	 	 	 <quantity>89</quantity>
	 	 </request>
	 	 <request id="69" node="70">
	 	 	 <quantity>53</quantity>
	 	 </request>
	 	 <request id="70" node="71">
	 	 	 <quantity>64</quantity>
	 	 </request>
	 	 <request id="71" node="72">
	 	 	 <quantity>85</quantity>
	 	 </request>
	 	 <request id="72" node="73">
	 	 	 <quantity>52</quantity>
	 	 </request>
	 	 <request id="73" node="74">
	 	 	 <quantity>60</quantity>
	 	 </request>
	 	 <request id="74" node="75">
	 	 	 <quantity>63</quantity>
	 	 </request>
	 	 <request id="75" node="76">
	 	 	 <quantity>94</quantity>
	 	 </request>
	 	 <request id="76" node="77">
	 	 	 <quantity>66</quantity>
	 	 </request>
	 	 <request id="77" node="78">
	 	 	 <quantity>56</quantity>
	 	 </request>
	 	 <request id="78" node="79">
	 	 	 <quantity>71</quantity>
	 	 </request>
	 	 <request id="79" node="80">
	 	 	 <quantity>97</quantity>
	 	 </request>
	 	 <request id="80" node="81">
	 	 	 <quantity>98</quantity>
	 	 </request>
	 	 <request id="81" node="82">
	 	 	 <quantity>57</quantity>
	 	 </request>
	 	 <request id="82" node="83">
	 	 	 <quantity>94</quantity>
	 	 </request>
	 	 <request id="83" node="84">
	 	 	 <quantity>60</quantity>
	 	 </request>
	 	 <request id="84" node="85">
	 	 	 <quantity>70</quantity>
	 	 </request>
	 	 <request id="85" node="86">
	 	 	 <quantity>56</quantity>
	 	 </request>
	 	 <request id="86" node="87">
	 	 	 <quantity>56</quantity>
	 	 </request>
	 	 <request id="87" node="88">
	 	 	 <quantity>52</quantity>
	 	 </request>
	 	 <request id="88" node="89">
	 	 	 <quantity>64</quantity>
	 	 </request>
	 	 <request id="89" node="90">
	 	 	 <quantity>81</quantity>
	 	 </request>
	 	 <request id="90" node="91">
	 	 	 <quantity>81</quantity>
	 	 </request>
	 	 <request id="91" node="92">
	 	 	 <quantity>100</quantity>
	 	 </request>
	 	 <request id="92" node="93">
	 	 	 <quantity>73</quantity>
	 	 </request>
	 	 <request id="93" node="94">
	 	 	 <quantity>62</quantity>
	 	 </request>
	 	 <request id="94" node="95">
	 	 	 <quantity>75</quantity>
	 	 </request>
	 	 <request id="95" node="96">
	 	 	 <quantity>68</quantity>
	 	 </request>
	 	 <request id="96" node="97">
	 	 	 <quantity>80</quantity>
	 	 </request>
	 	 <request id="97" node="98">
	 	 	 <quantity>68</quantity>
	 	 </request>
	 	 <request id="98" node="99">
	 	 	 <quantity>89</quantity>
	 	 </request>
	 	 <request id="99" node="100">
	 	 	 <quantity>98</quantity>
	 	 </request>
	 	 <request id="100" node="101">
	 	 	 <quantity>92</quantity>
	 	 </request>
	 	 <request id="101" node="102">
	 	 	 <quantity>97</quantity>
	 	 </request>
	 	 <request id="102" node="103">
	 	 	 <quantity>80</quantity>
	 	 </request>
	 	 <request id="103" node="104">
	 	 	 <quantity>56</quantity>
	 	 </request>
	 	 <request id="104" node="105">
	 	 	 <quantity>83</quantity>
	 	 </request>
	 	 <request id="105" node="106">
	 	 	 <quantity>84</quantity>
	 	 </request>
	 	 <request id="106" node="107">
	 	 	 <quantity>93</quantity>
	 	 </request>
	 	 <request id="107" node="108">
	 	 	 <quantity>50</quantity>
	 	 </request>
	 	 <request id="108" node="109">
	 	 	 <quantity>62</quantity>
	 	 </request>
	 	 <request id="109" node="110">
	 	 	 <quantity>74</quantity>
	 	 </request>
	 	 <request id="110" node="111">
	 	 	 <quantity>51</quantity>
	 	 </request>
	 	 <request id="111" node="112">
	 	 	 <quantity>52</quantity>
	 	 </request>
	 	 <request id="112" node="113">
	 	 	 <quantity>90</quantity>
	 	 </request>
	 	 <request id="113" node="114">
	 	 	 <quantity>50</quantity>
	 	 </request>
	 	 <request id="114" node="115">
	 	 	 <quantity>58</quantity>
	 	 </request>
	 	 <request id="115" node="116">
	 	 	 <quantity>89</quantity>
	 	 </request>
	 	 <request id="116" node="117">
	 	 	 <quantity>66</quantity>
	 	 </request>
	 	 <request id="117" node="118">
	 	 	 <quantity>78</quantity>
	 	 </request>
	 	 <request id="118" node="119">
	 	 	 <quantity>69</quantity>
	 	 </request>
	 	 <request id="119" node="120">
	 	 	 <quantity>90</quantity>
	 	 </request>
	 	 <request id="120" node="121">
	 	 	 <quantity>77</quantity>
	 	 </request>
	 	 <request id="121" node="122">
	 	 	 <quantity>64</quantity>
	 	 </request>
	 	 <request id="122" node="123">
	 	 	 <quantity>63</quantity>
	 	 </request>
	 	 <request id="123" node="124">
	 	 	 <quantity>54</quantity>
	 	 </request>
	 	 <request id="124" node="125">
	 	 	 <quantity>54</quantity>
	 	 </request>
	 	 <request id="125" node="126">
	 	 	 <quantity>79</quantity>
	 	 </request>
	 	 <request id="126" node="127">
	 	 	 <quantity>91</quantity>
	 	 </request>
	 	 <request id="127" node="128">
	 	 	 <quantity>75</quantity>
	 	 </request>
	 	 <request id="128" node="129">
	 	 	 <quantity>51</quantity>
	 	 </request>
	 	 <request id="129" node="130">
	 	 	 <quantity>81</quantity>
	 	 </request>
	 	 <request id="130" node="131">
	 	 	 <quantity>73</quantity>
	 	 </request>
	 	 <request id="131" node="132">
	 	 	 <quantity>74</quantity>
	 	 </request>
	 	 <request id="132" node="133">
	 	 	 <quantity>72</quantity>
	 	 </request>
	 	 <request id="133" node="134">
	 	 	 <quantity>68</quantity>
	 	 </request>
	 	 <request id="134" node="135">
	 	 	 <quantity>72</quantity>
	 	 </request>
	 	 <request id="135" node="136">
	 	 	 <quantity>60</quantity>
	 	 </request>
	 	 <request id="136" node="137">
	 	 	 <quantity>77</quantity>
	 	 </request>
	 	 <request id="137" node="138">
	 	 	 <quantity>81</quantity>
	 	 </request>
	 	 <request id="138" node="139">
	 	 	 <quantity>67</quantity>
	 	 </request>
	 	 <request id="139" node="140">
	 	 	 <quantity>85</quantity>
	 	 </request>
	 	 <request id="140" node="141">
	 	 	 <quantity>85</quantity>
	 	 </request>
	 	 <request id="141" node="142">
	 	 	 <quantity>75</quantity>
	 	 </request>
	 	 <request id="142" node="143">
	 	 	 <quantity>98</quantity>
	 	 </request>
	 	 <request id="143" node="144">
	 	 	 <quantity>73</quantity>
	 	 </request>
	 	 <request id="144" node="145">
	 	 	 <quantity>50</quantity>
	 	 </request>
	 	 <request id="145" node="146">
	 	 	 <quantity>100</quantity>
	 	 </request>
	 	 <request id="146" node="147">
	 	 	 <quantity>64</quantity>
	 	 </request>
	 	 <request id="147" node="148">
	 	 	 <quantity>58</quantity>
	 	 </request>
	 	 <request id="148" node="149">
	 	 	 <quantity>50</quantity>
	 	 </request>
	 	 <request id="149" node="150">
	 	 	 <quantity>97</quantity>
	 	 </request>
	 	 <request id="150" node="151">
	 	 	 <quantity>100</quantity>
	 	 </request>
	 	 <request id="151" node="152">
	 	 	 <quantity>87</quantity>
	 	 </request>
	 	 <request id="152" node="153">
	 	 	 <quantity>76</quantity>
	 	 </request>
	 	 <request id="153" node="154">
	 	 	 <quantity>52</quantity>
	 	 </request>
	 	 <request id="154" node="155">
	 	 	 <quantity>94</quantity>
	 	 </request>
	 	 <request id="155" node="156">
	 	 	 <quantity>76</quantity>
	 	 </request>
	 	 <request id="156" node="157">
	 	 	 <quantity>99</quantity>
	 	 </request>
	 	 <request id="157" node="158">
	 	 	 <quantity>73</quantity>
	 	 </request>
	 	 <request id="158" node="159">
	 	 	 <quantity>88</quantity>
	 	 </request>
	 	 <request id="159" node="160">
	 	 	 <quantity>97</quantity>
	 	 </request>
	 	 <request id="160" node="161">
	 	 	 <quantity>88</quantity>
	 	 </request>
	 	 <request id="161" node="162">
	 	 	 <quantity>58</quantity>
	 	 </request>
	 	 <request id="162" node="163">
	 	 	 <quantity>76</quantity>
	 	 </request>
	 	 <request id="163" node="164">
	 	 	 <quantity>56</quantity>
	 	 </request>
	 	 <request id="164" node="165">
	 	 	 <quantity>51</quantity>
	 	 </request>
	 	 <request id="165" node="166">
	 	 	 <quantity>57</quantity>
	 	 </request>
	 	 <request id="166" node="167">
	 	 	 <quantity>74</quantity>
	 	 </request>
	 	 <request id="167" node="168">
	 	 	 <quantity>100</quantity>
	 	 </request>
	 	 <request id="168" node="169">
	 	 	 <quantity>80</quantity>
	 	 </request>
	 	 <request id="169" node="170">
	 	 	 <quantity>64</quantity>
	 	 </request>
	 	 <request id="170" node="171">
	 	 	 <quantity>94</quantity>
	 	 </request>
	 	 <request id="171" node="172">
	 	 	 <quantity>75</quantity>
	 	 </request>
	 	 <request id="172" node="173">
	 	 	 <quantity>54</quantity>
	 	 </request>
	 	 <request id="173" node="174">
	 	 	 <quantity>97</quantity>
	 	 </request>
	 	 <request id="174" node="175">
	 	 	 <quantity>92</quantity>
	 	 </request>
	 	 <request id="175" node="176">
	 	 	 <quantity>60</quantity>
	 	 </request>
	 	 <request id="176" node="177">
	 	 	 <quantity>75</quantity>
	 	 </request>
	 	 <request id="177" node="178">
	 	 	 <quantity>71</quantity>
	 	 </request>
	 	 <request id="178" node="179">
	 	 	 <quantity>67</quantity>
	 	 </request>
	 	 <request id="179" node="180">
	 	 	 <quantity>96</quantity>
	 	 </request>
	 	 <request id="180" node="181">
	 	 	 <quantity>93</quantity>
	 	 </request>
	 	 <request id="181" node="182">
	 	 	 <quantity>53</quantity>
	 	 </request>
	 	 <request id="182" node="183">
	 	 	 <quantity>80</quantity>
	 	 </request>
	 	 <request id="183" node="184">
	 	 	 <quantity>94</quantity>
	 	 </request>
	 	 <request id="184" node="185">
	 	 	 <quantity>56</quantity>
	 	 </request>
	 	 <request id="185" node="186">
	 	 	 <quantity>60</quantity>
	 	 </request>
	 </requests>
</instance>
