<?xml version="1.0" encoding="UTF-8" standalone="yes"?>
<instance>
	<info>
	 	<dataset>Uchoa 2014 — Set X</dataset>
	 	<name>X-n157-k13</name>
	</info>
	<network>
	 	<nodes>
	 	 	<node id="1" type="1">
	 	 	 	<cx>769</cx>
	 	 	 	<cy>259</cy>
	 	 	</node>
	 	 	<node id="2" type="1">
	 	 	 	<cx>91</cx>
	 	 	 	<cy>377</cy>
	 	 	</node>
	 	 	<node id="3" type="1">
	 	 	 	<cx>108</cx>
	 	 	 	<cy>338</cy>
	 	 	</node>
	 	 	<node id="4" type="1">
	 	 	 	<cx>816</cx>
	 	 	 	<cy>567</cy>
	 	 	</node>
	 	 	<node id="5" type="1">
	 	 	 	<cx>725</cx>
	 	 	 	<cy>520</cy>
	 	 	</node>
	 	 	<node id="6" type="1">
	 	 	 	<cx>117</cx>
	 	 	 	<cy>357</cy>
	 	 	</node>
	 	 	<node id="7" type="1">
	 	 	 	<cx>766</cx>
	 	 	 	<cy>559</cy>
	 	 	</node>
	 	 	<node id="8" type="1">
	 	 	 	<cx>90</cx>
	 	 	 	<cy>417</cy>
	 	 	</node>
	 	 	<node id="9" type="1">
	 	 	 	<cx>255</cx>
	 	 	 	<cy>430</cy>
	 	 	</node>
	 	 	<node id="10" type="1">
	 	 	 	<cx>63</cx>
	 	 	 	<cy>384</cy>
	 	 	</node>
	 	 	<node id="11" type="1">
	 	 	 	<cx>35</cx>
	 	 	 	<cy>276</cy>
	 	 	</node>
	 	 	<node id="12" type="1">
	 	 	 	<cx>122</cx>
	 	 	 	<cy>318</cy>
	 	 	</node>
	 	 	<node id="13" type="1">
	 	 	 	<cx>85</cx>
	 	 	 	<cy>322</cy>
	 	 	</node>
	 	 	<node id="14" type="1">
	 	 	 	<cx>267</cx>
	 	 	 	<cy>348</cy>
	 	 	</node>
	 	 	<node id="15" type="1">
	 	 	 	<cx>937</cx>
	 	 	 	<cy>546</cy>
	 	 	</node>
	 	 	<node id="16" type="1">
	 	 	 	<cx>865</cx>
	 	 	 	<cy>461</cy>
	 	 	</node>
	 	 	<node id="17" type="1">
	 	 	 	<cx>863</cx>
	 	 	 	<cy>547</cy>
	 	 	</node>
	 	 	<node id="18" type="1">
	 	 	 	<cx>724</cx>
	 	 	 	<cy>431</cy>
	 	 	</node>
	 	 	<node id="19" type="1">
	 	 	 	<cx>148</cx>
	 	 	 	<cy>144</cy>
	 	 	</node>
	 	 	<node id="20" type="1">
	 	 	 	<cx>243</cx>
	 	 	 	<cy>571</cy>
	 	 	</node>
	 	 	<node id="21" type="1">
	 	 	 	<cx>871</cx>
	 	 	 	<cy>512</cy>
	 	 	</node>
	 	 	<node id="22" type="1">
	 	 	 	<cx>782</cx>
	 	 	 	<cy>596</cy>
	 	 	</node>
	 	 	<node id="23" type="1">
	 	 	 	<cx>77</cx>
	 	 	 	<cy>272</cy>
	 	 	</node>
	 	 	<node id="24" type="1">
	 	 	 	<cx>776</cx>
	 	 	 	<cy>650</cy>
	 	 	</node>
	 	 	<node id="25" type="1">
	 	 	 	<cx>166</cx>
	 	 	 	<cy>371</cy>
	 	 	</node>
	 	 	<node id="26" type="1">
	 	 	 	<cx>69</cx>
	 	 	 	<cy>239</cy>
	 	 	</node>
	 	 	<node id="27" type="1">
	 	 	 	<cx>972</cx>
	 	 	 	<cy>607</cy>
	 	 	</node>
	 	 	<node id="28" type="1">
	 	 	 	<cx>320</cx>
	 	 	 	<cy>521</cy>
	 	 	</node>
	 	 	<node id="29" type="1">
	 	 	 	<cx>91</cx>
	 	 	 	<cy>434</cy>
	 	 	</node>
	 	 	<node id="30" type="1">
	 	 	 	<cx>20</cx>
	 	 	 	<cy>305</cy>
	 	 	</node>
	 	 	<node id="31" type="1">
	 	 	 	<cx>81</cx>
	 	 	 	<cy>271</cy>
	 	 	</node>
	 	 	<node id="32" type="1">
	 	 	 	<cx>776</cx>
	 	 	 	<cy>669</cy>
	 	 	</node>
	 	 	<node id="33" type="1">
	 	 	 	<cx>830</cx>
	 	 	 	<cy>553</cy>
	 	 	</node>
	 	 	<node id="34" type="1">
	 	 	 	<cx>148</cx>
	 	 	 	<cy>243</cy>
	 	 	</node>
	 	 	<node id="35" type="1">
	 	 	 	<cx>160</cx>
	 	 	 	<cy>202</cy>
	 	 	</node>
	 	 	<node id="36" type="1">
	 	 	 	<cx>741</cx>
	 	 	 	<cy>527</cy>
	 	 	</node>
	 	 	<node id="37" type="1">
	 	 	 	<cx>877</cx>
	 	 	 	<cy>561</cy>
	 	 	</node>
	 	 	<node id="38" type="1">
	 	 	 	<cx>587</cx>
	 	 	 	<cy>551</cy>
	 	 	</node>
	 	 	<node id="39" type="1">
	 	 	 	<cx>808</cx>
	 	 	 	<cy>435</cy>
	 	 	</node>
	 	 	<node id="40" type="1">
	 	 	 	<cx>26</cx>
	 	 	 	<cy>278</cy>
	 	 	</node>
	 	 	<node id="41" type="1">
	 	 	 	<cx>58</cx>
	 	 	 	<cy>394</cy>
	 	 	</node>
	 	 	<node id="42" type="1">
	 	 	 	<cx>755</cx>
	 	 	 	<cy>444</cy>
	 	 	</node>
	 	 	<node id="43" type="1">
	 	 	 	<cx>817</cx>
	 	 	 	<cy>557</cy>
	 	 	</node>
	 	 	<node id="44" type="1">
	 	 	 	<cx>165</cx>
	 	 	 	<cy>367</cy>
	 	 	</node>
	 	 	<node id="45" type="1">
	 	 	 	<cx>216</cx>
	 	 	 	<cy>510</cy>
	 	 	</node>
	 	 	<node id="46" type="1">
	 	 	 	<cx>124</cx>
	 	 	 	<cy>330</cy>
	 	 	</node>
	 	 	<node id="47" type="1">
	 	 	 	<cx>96</cx>
	 	 	 	<cy>587</cy>
	 	 	</node>
	 	 	<node id="48" type="1">
	 	 	 	<cx>132</cx>
	 	 	 	<cy>369</cy>
	 	 	</node>
	 	 	<node id="49" type="1">
	 	 	 	<cx>163</cx>
	 	 	 	<cy>234</cy>
	 	 	</node>
	 	 	<node id="50" type="1">
	 	 	 	<cx>915</cx>
	 	 	 	<cy>492</cy>
	 	 	</node>
	 	 	<node id="51" type="1">
	 	 	 	<cx>753</cx>
	 	 	 	<cy>657</cy>
	 	 	</node>
	 	 	<node id="52" type="1">
	 	 	 	<cx>161</cx>
	 	 	 	<cy>319</cy>
	 	 	</node>
	 	 	<node id="53" type="1">
	 	 	 	<cx>37</cx>
	 	 	 	<cy>227</cy>
	 	 	</node>
	 	 	<node id="54" type="1">
	 	 	 	<cx>898</cx>
	 	 	 	<cy>747</cy>
	 	 	</node>
	 	 	<node id="55" type="1">
	 	 	 	<cx>770</cx>
	 	 	 	<cy>524</cy>
	 	 	</node>
	 	 	<node id="56" type="1">
	 	 	 	<cx>745</cx>
	 	 	 	<cy>582</cy>
	 	 	</node>
	 	 	<node id="57" type="1">
	 	 	 	<cx>695</cx>
	 	 	 	<cy>469</cy>
	 	 	</node>
	 	 	<node id="58" type="1">
	 	 	 	<cx>124</cx>
	 	 	 	<cy>355</cy>
	 	 	</node>
	 	 	<node id="59" type="1">
	 	 	 	<cx>11</cx>
	 	 	 	<cy>283</cy>
	 	 	</node>
	 	 	<node id="60" type="1">
	 	 	 	<cx>258</cx>
	 	 	 	<cy>406</cy>
	 	 	</node>
	 	 	<node id="61" type="1">
	 	 	 	<cx>72</cx>
	 	 	 	<cy>335</cy>
	 	 	</node>
	 	 	<node id="62" type="1">
	 	 	 	<cx>713</cx>
	 	 	 	<cy>399</cy>
	 	 	</node>
	 	 	<node id="63" type="1">
	 	 	 	<cx>866</cx>
	 	 	 	<cy>626</cy>
	 	 	</node>
	 	 	<node id="64" type="1">
	 	 	 	<cx>214</cx>
	 	 	 	<cy>344</cy>
	 	 	</node>
	 	 	<node id="65" type="1">
	 	 	 	<cx>213</cx>
	 	 	 	<cy>349</cy>
	 	 	</node>
	 	 	<node id="66" type="1">
	 	 	 	<cx>864</cx>
	 	 	 	<cy>577</cy>
	 	 	</node>
	 	 	<node id="67" type="1">
	 	 	 	<cx>98</cx>
	 	 	 	<cy>440</cy>
	 	 	</node>
	 	 	<node id="68" type="1">
	 	 	 	<cx>701</cx>
	 	 	 	<cy>512</cy>
	 	 	</node>
	 	 	<node id="69" type="1">
	 	 	 	<cx>884</cx>
	 	 	 	<cy>559</cy>
	 	 	</node>
	 	 	<node id="70" type="1">
	 	 	 	<cx>842</cx>
	 	 	 	<cy>518</cy>
	 	 	</node>
	 	 	<node id="71" type="1">
	 	 	 	<cx>125</cx>
	 	 	 	<cy>379</cy>
	 	 	</node>
	 	 	<node id="72" type="1">
	 	 	 	<cx>352</cx>
	 	 	 	<cy>410</cy>
	 	 	</node>
	 	 	<node id="73" type="1">
	 	 	 	<cx>206</cx>
	 	 	 	<cy>228</cy>
	 	 	</node>
	 	 	<node id="74" type="1">
	 	 	 	<cx>825</cx>
	 	 	 	<cy>592</cy>
	 	 	</node>
	 	 	<node id="75" type="1">
	 	 	 	<cx>93</cx>
	 	 	 	<cy>252</cy>
	 	 	</node>
	 	 	<node id="76" type="1">
	 	 	 	<cx>863</cx>
	 	 	 	<cy>511</cy>
	 	 	</node>
	 	 	<node id="77" type="1">
	 	 	 	<cx>98</cx>
	 	 	 	<cy>347</cy>
	 	 	</node>
	 	 	<node id="78" type="1">
	 	 	 	<cx>115</cx>
	 	 	 	<cy>326</cy>
	 	 	</node>
	 	 	<node id="79" type="1">
	 	 	 	<cx>71</cx>
	 	 	 	<cy>392</cy>
	 	 	</node>
	 	 	<node id="80" type="1">
	 	 	 	<cx>96</cx>
	 	 	 	<cy>248</cy>
	 	 	</node>
	 	 	<node id="81" type="1">
	 	 	 	<cx>65</cx>
	 	 	 	<cy>404</cy>
	 	 	</node>
	 	 	<node id="82" type="1">
	 	 	 	<cx>75</cx>
	 	 	 	<cy>342</cy>
	 	 	</node>
	 	 	<node id="83" type="1">
	 	 	 	<cx>140</cx>
	 	 	 	<cy>300</cy>
	 	 	</node>
	 	 	<node id="84" type="1">
	 	 	 	<cx>129</cx>
	 	 	 	<cy>340</cy>
	 	 	</node>
	 	 	<node id="85" type="1">
	 	 	 	<cx>129</cx>
	 	 	 	<cy>273</cy>
	 	 	</node>
	 	 	<node id="86" type="1">
	 	 	 	<cx>846</cx>
	 	 	 	<cy>696</cy>
	 	 	</node>
	 	 	<node id="87" type="1">
	 	 	 	<cx>109</cx>
	 	 	 	<cy>463</cy>
	 	 	</node>
	 	 	<node id="88" type="1">
	 	 	 	<cx>863</cx>
	 	 	 	<cy>586</cy>
	 	 	</node>
	 	 	<node id="89" type="1">
	 	 	 	<cx>139</cx>
	 	 	 	<cy>356</cy>
	 	 	</node>
	 	 	<node id="90" type="1">
	 	 	 	<cx>77</cx>
	 	 	 	<cy>351</cy>
	 	 	</node>
	 	 	<node id="91" type="1">
	 	 	 	<cx>154</cx>
	 	 	 	<cy>322</cy>
	 	 	</node>
	 	 	<node id="92" type="1">
	 	 	 	<cx>231</cx>
	 	 	 	<cy>323</cy>
	 	 	</node>
	 	 	<node id="93" type="1">
	 	 	 	<cx>115</cx>
	 	 	 	<cy>394</cy>
	 	 	</node>
	 	 	<node id="94" type="1">
	 	 	 	<cx>844</cx>
	 	 	 	<cy>558</cy>
	 	 	</node>
	 	 	<node id="95" type="1">
	 	 	 	<cx>98</cx>
	 	 	 	<cy>454</cy>
	 	 	</node>
	 	 	<node id="96" type="1">
	 	 	 	<cx>739</cx>
	 	 	 	<cy>568</cy>
	 	 	</node>
	 	 	<node id="97" type="1">
	 	 	 	<cx>179</cx>
	 	 	 	<cy>443</cy>
	 	 	</node>
	 	 	<node id="98" type="1">
	 	 	 	<cx>862</cx>
	 	 	 	<cy>618</cy>
	 	 	</node>
	 	 	<node id="99" type="1">
	 	 	 	<cx>764</cx>
	 	 	 	<cy>764</cy>
	 	 	</node>
	 	 	<node id="100" type="1">
	 	 	 	<cx>844</cx>
	 	 	 	<cy>554</cy>
	 	 	</node>
	 	 	<node id="101" type="1">
	 	 	 	<cx>174</cx>
	 	 	 	<cy>319</cy>
	 	 	</node>
	 	 	<node id="102" type="1">
	 	 	 	<cx>703</cx>
	 	 	 	<cy>319</cy>
	 	 	</node>
	 	 	<node id="103" type="1">
	 	 	 	<cx>151</cx>
	 	 	 	<cy>453</cy>
	 	 	</node>
	 	 	<node id="104" type="1">
	 	 	 	<cx>863</cx>
	 	 	 	<cy>569</cy>
	 	 	</node>
	 	 	<node id="105" type="1">
	 	 	 	<cx>72</cx>
	 	 	 	<cy>473</cy>
	 	 	</node>
	 	 	<node id="106" type="1">
	 	 	 	<cx>632</cx>
	 	 	 	<cy>575</cy>
	 	 	</node>
	 	 	<node id="107" type="1">
	 	 	 	<cx>823</cx>
	 	 	 	<cy>578</cy>
	 	 	</node>
	 	 	<node id="108" type="1">
	 	 	 	<cx>26</cx>
	 	 	 	<cy>42</cy>
	 	 	</node>
	 	 	<node id="109" type="1">
	 	 	 	<cx>47</cx>
	 	 	 	<cy>381</cy>
	 	 	</node>
	 	 	<node id="110" type="1">
	 	 	 	<cx>71</cx>
	 	 	 	<cy>336</cy>
	 	 	</node>
	 	 	<node id="111" type="1">
	 	 	 	<cx>754</cx>
	 	 	 	<cy>484</cy>
	 	 	</node>
	 	 	<node id="112" type="1">
	 	 	 	<cx>137</cx>
	 	 	 	<cy>465</cy>
	 	 	</node>
	 	 	<node id="113" type="1">
	 	 	 	<cx>80</cx>
	 	 	 	<cy>355</cy>
	 	 	</node>
	 	 	<node id="114" type="1">
	 	 	 	<cx>172</cx>
	 	 	 	<cy>296</cy>
	 	 	</node>
	 	 	<node id="115" type="1">
	 	 	 	<cx>28</cx>
	 	 	 	<cy>310</cy>
	 	 	</node>
	 	 	<node id="116" type="1">
	 	 	 	<cx>754</cx>
	 	 	 	<cy>579</cy>
	 	 	</node>
	 	 	<node id="117" type="1">
	 	 	 	<cx>531</cx>
	 	 	 	<cy>662</cy>
	 	 	</node>
	 	 	<node id="118" type="1">
	 	 	 	<cx>87</cx>
	 	 	 	<cy>382</cy>
	 	 	</node>
	 	 	<node id="119" type="1">
	 	 	 	<cx>866</cx>
	 	 	 	<cy>481</cy>
	 	 	</node>
	 	 	<node id="120" type="1">
	 	 	 	<cx>93</cx>
	 	 	 	<cy>337</cy>
	 	 	</node>
	 	 	<node id="121" type="1">
	 	 	 	<cx>942</cx>
	 	 	 	<cy>567</cy>
	 	 	</node>
	 	 	<node id="122" type="1">
	 	 	 	<cx>788</cx>
	 	 	 	<cy>567</cy>
	 	 	</node>
	 	 	<node id="123" type="1">
	 	 	 	<cx>824</cx>
	 	 	 	<cy>451</cy>
	 	 	</node>
	 	 	<node id="124" type="1">
	 	 	 	<cx>926</cx>
	 	 	 	<cy>901</cy>
	 	 	</node>
	 	 	<node id="125" type="1">
	 	 	 	<cx>182</cx>
	 	 	 	<cy>500</cy>
	 	 	</node>
	 	 	<node id="126" type="1">
	 	 	 	<cx>98</cx>
	 	 	 	<cy>384</cy>
	 	 	</node>
	 	 	<node id="127" type="1">
	 	 	 	<cx>104</cx>
	 	 	 	<cy>370</cy>
	 	 	</node>
	 	 	<node id="128" type="1">
	 	 	 	<cx>48</cx>
	 	 	 	<cy>462</cy>
	 	 	</node>
	 	 	<node id="129" type="1">
	 	 	 	<cx>952</cx>
	 	 	 	<cy>629</cy>
	 	 	</node>
	 	 	<node id="130" type="1">
	 	 	 	<cx>239</cx>
	 	 	 	<cy>324</cy>
	 	 	</node>
	 	 	<node id="131" type="1">
	 	 	 	<cx>138</cx>
	 	 	 	<cy>516</cy>
	 	 	</node>
	 	 	<node id="132" type="1">
	 	 	 	<cx>747</cx>
	 	 	 	<cy>605</cy>
	 	 	</node>
	 	 	<node id="133" type="1">
	 	 	 	<cx>136</cx>
	 	 	 	<cy>460</cy>
	 	 	</node>
	 	 	<node id="134" type="1">
	 	 	 	<cx>748</cx>
	 	 	 	<cy>624</cy>
	 	 	</node>
	 	 	<node id="135" type="1">
	 	 	 	<cx>43</cx>
	 	 	 	<cy>268</cy>
	 	 	</node>
	 	 	<node id="136" type="1">
	 	 	 	<cx>792</cx>
	 	 	 	<cy>597</cy>
	 	 	</node>
	 	 	<node id="137" type="1">
	 	 	 	<cx>95</cx>
	 	 	 	<cy>352</cy>
	 	 	</node>
	 	 	<node id="138" type="1">
	 	 	 	<cx>109</cx>
	 	 	 	<cy>413</cy>
	 	 	</node>
	 	 	<node id="139" type="1">
	 	 	 	<cx>67</cx>
	 	 	 	<cy>224</cy>
	 	 	</node>
	 	 	<node id="140" type="1">
	 	 	 	<cx>104</cx>
	 	 	 	<cy>386</cy>
	 	 	</node>
	 	 	<node id="141" type="1">
	 	 	 	<cx>817</cx>
	 	 	 	<cy>672</cy>
	 	 	</node>
	 	 	<node id="142" type="1">
	 	 	 	<cx>183</cx>
	 	 	 	<cy>360</cy>
	 	 	</node>
	 	 	<node id="143" type="1">
	 	 	 	<cx>922</cx>
	 	 	 	<cy>652</cy>
	 	 	</node>
	 	 	<node id="144" type="1">
	 	 	 	<cx>779</cx>
	 	 	 	<cy>419</cy>
	 	 	</node>
	 	 	<node id="145" type="1">
	 	 	 	<cx>863</cx>
	 	 	 	<cy>721</cy>
	 	 	</node>
	 	 	<node id="146" type="1">
	 	 	 	<cx>40</cx>
	 	 	 	<cy>456</cy>
	 	 	</node>
	 	 	<node id="147" type="1">
	 	 	 	<cx>66</cx>
	 	 	 	<cy>395</cy>
	 	 	</node>
	 	 	<node id="148" type="1">
	 	 	 	<cx>862</cx>
	 	 	 	<cy>465</cy>
	 	 	</node>
	 	 	<node id="149" type="1">
	 	 	 	<cx>383</cx>
	 	 	 	<cy>357</cy>
	 	 	</node>
	 	 	<node id="150" type="1">
	 	 	 	<cx>307</cx>
	 	 	 	<cy>434</cy>
	 	 	</node>
	 	 	<node id="151" type="1">
	 	 	 	<cx>233</cx>
	 	 	 	<cy>421</cy>
	 	 	</node>
	 	 	<node id="152" type="1">
	 	 	 	<cx>329</cx>
	 	 	 	<cy>280</cy>
	 	 	</node>
	 	 	<node id="153" type="1">
	 	 	 	<cx>623</cx>
	 	 	 	<cy>554</cy>
	 	 	</node>
	 	 	<node id="154" type="1">
	 	 	 	<cx>103</cx>
	 	 	 	<cy>349</cy>
	 	 	</node>
	 	 	<node id="155" type="1">
	 	 	 	<cx>736</cx>
	 	 	 	<cy>688</cy>
	 	 	</node>
	 	 	<node id="156" type="1">
	 	 	 	<cx>75</cx>
	 	 	 	<cy>266</cy>
	 	 	</node>
	 	 	<node id="157" type="1">
	 	 	 	<cx>174</cx>
	 	 	 	<cy>406</cy>
	 	 	</node>
	 	</nodes>
	 	<euclidean/>
	 	<decimals>0</decimals>
	 </network>
	 <fleet>
	 	 <vehicle_profile type="0">
	 	  	 <departure_node>1</departure_node>
	 	  	 <arrival_node>1</arrival_node>
	 	  	 <capacity>12</capacity>
	 	 </vehicle_profile>
	 </fleet>
	 <requests>
	 	 <request id="1" node="2">
	 	 	 <quantity>1</quantity>
	 	 </request>
	 	 <request id="2" node="3">
	 	 	 <quantity>1</quantity>
	 	 </request>
	 	 <request id="3" node="4">
	 	 	 <quantity>1</quantity>
	 	 </request>
	 	 <request id="4" node="5">
	 	 	 <quantity>1</quantity>
	 	 </request>
	 	 <request id="5" node="6">
	 	 	 <quantity>1</quantity>
	 	 </request>
	 	 <request id="6" node="7">
	 	 	 <quantity>1</quantity>
	 	 </request>
	 	 <request id="7" node="8">
	 	 	 <quantity>1</quantity>
	 	 </request>
	 	 <request id="8" node="9">
	 	 	 <quantity>1</quantity>
	 	 </request>
	 	 <request id="9" node="10">
	 	 	 <quantity>1</quantity>
	 	 </request>
	 	 <request id="10" node="11">
	 	 	 <quantity>1</quantity>
	 	 </request>
	 	 <request id="11" node="12">
	 	 	 <quantity>1</quantity>
	 	 </request>
	 	 <request id="12" node="13">
	 	 	 <quantity>1</quantity>
	 	 </request>
	 	 <request id="13" node="14">
	 	 	 <quantity>1</quantity>
	 	 </request>
	 	 <request id="14" node="15">
	 	 	 <quantity>1</quantity>
	 	 </request>
	 	 <request id="15" node="16">
	 	 	 <quantity>1</quantity>
	 	 </request>
	 	 <request id="16" node="17">
	 	 	 <quantity>1</quantity>
	 	 </request>
	 	 <request id="17" node="18">
	 	 	 <quantity>1</quantity>
	 	 </request>
	 	 <request id="18" node="19">
	 	 	 <quantity>1</quantity>
	 	 </request>
	 	 <request id="19" node="20">
	 	 	 <quantity>1</quantity>
	 	 </request>
	 	 <request id="20" node="21">
	 	 	 <quantity>1</quantity>
	 	 </request>
	 	 <request id="21" node="22">
	 	 	 <quantity>1</quantity>
	 	 </request>
	 	 <request id="22" node="23">
	 	 	 <quantity>1</quantity>
	 	 </request>
	 	 <request id="23" node="24">
	 	 	 <quantity>1</quantity>
	 	 </request>
	 	 <request id="24" node="25">
	 	 	 <quantity>1</quantity>
	 	 </request>
	 	 <request id="25" node="26">
	 	 	 <quantity>1</quantity>
	 	 </request>
	 	 <request id="26" node="27">
	 	 	 <quantity>1</quantity>
	 	 </request>
	 	 <request id="27" node="28">
	 	 	 <quantity>1</quantity>
	 	 </request>
	 	 <request id="28" node="29">
	 	 	 <quantity>1</quantity>
	 	 </request>
	 	 <request id="29" node="30">
	 	 	 <quantity>1</quantity>
	 	 </request>
	 	 <request id="30" node="31">
	 	 	 <quantity>1</quantity>
	 	 </request>
	 	 <request id="31" node="32">
	 	 	 <quantity>1</quantity>
	 	 </request>
	 	 <request id="32" node="33">
	 	 	 <quantity>1</quantity>
	 	 </request>
	 	 <request id="33" node="34">
	 	 	 <quantity>1</quantity>
	 	 </request>
	 	 <request id="34" node="35">
	 	 	 <quantity>1</quantity>
	 	 </request>
	 	 <request id="35" node="36">
	 	 	 <quantity>1</quantity>
	 	 </request>
	 	 <request id="36" node="37">
	 	 	 <quantity>1</quantity>
	 	 </request>
	 	 <request id="37" node="38">
	 	 	 <quantity>1</quantity>
	 	 </request>
	 	 <request id="38" node="39">
	 	 	 <quantity>1</quantity>
	 	 </request>
	 	 <request id="39" node="40">
	 	 	 <quantity>1</quantity>
	 	 </request>
	 	 <request id="40" node="41">
	 	 	 <quantity>1</quantity>
	 	 </request>
	 	 <request id="41" node="42">
	 	 	 <quantity>1</quantity>
	 	 </request>
	 	 <request id="42" node="43">
	 	 	 <quantity>1</quantity>
	 	 </request>
	 	 <request id="43" node="44">
	 	 	 <quantity>1</quantity>
	 	 </request>
	 	 <request id="44" node="45">
	 	 	 <quantity>1</quantity>
	 	 </request>
	 	 <request id="45" node="46">
	 	 	 <quantity>1</quantity>
	 	 </request>
	 	 <request id="46" node="47">
	 	 	 <quantity>1</quantity>
	 	 </request>
	 	 <request id="47" node="48">
	 	 	 <quantity>1</quantity>
	 	 </request>
	 	 <request id="48" node="49">
	 	 	 <quantity>1</quantity>
	 	 </request>
	 	 <request id="49" node="50">
	 	 	 <quantity>1</quantity>
	 	 </request>
	 	 <request id="50" node="51">
	 	 	 <quantity>1</quantity>
	 	 </request>
	 	 <request id="51" node="52">
	 	 	 <quantity>1</quantity>
	 	 </request>
	 	 <request id="52" node="53">
	 	 	 <quantity>1</quantity>
	 	 </request>
	 	 <request id="53" node="54">
	 	 	 <quantity>1</quantity>
	 	 </request>
	 	 <request id="54" node="55">
	 	 	 <quantity>1</quantity>
	 	 </request>
	 	 <request id="55" node="56">
	 	 	 <quantity>1</quantity>
	 	 </request>
	 	 <request id="56" node="57">
	 	 	 <quantity>1</quantity>
	 	 </request>
	 	 <request id="57" node="58">
	 	 	 <quantity>1</quantity>
	 	 </request>
	 	 <request id="58" node="59">
	 	 	 <quantity>1</quantity>
	 	 </request>
	 	 <request id="59" node="60">
	 	 	 <quantity>1</quantity>
	 	 </request>
	 	 <request id="60" node="61">
	 	 	 <quantity>1</quantity>
	 	 </request>
	 	 <request id="61" node="62">
	 	 	 <quantity>1</quantity>
	 	 </request>
	 	 <request id="62" node="63">
	 	 	 <quantity>1</quantity>
	 	 </request>
	 	 <request id="63" node="64">
	 	 	 <quantity>1</quantity>
	 	 </request>
	 	 <request id="64" node="65">
	 	 	 <quantity>1</quantity>
	 	 </request>
	 	 <request id="65" node="66">
	 	 	 <quantity>1</quantity>
	 	 </request>
	 	 <request id="66" node="67">
	 	 	 <quantity>1</quantity>
	 	 </request>
	 	 <request id="67" node="68">
	 	 	 <quantity>1</quantity>
	 	 </request>
	 	 <request id="68" node="69">
	 	 	 <quantity>1</quantity>
	 	 </request>
	 	 <request id="69" node="70">
	 	 	 <quantity>1</quantity>
	 	 </request>
	 	 <request id="70" node="71">
	 	 	 <quantity>1</quantity>
	 	 </request>
	 	 <request id="71" node="72">
	 	 	 <quantity>1</quantity>
	 	 </request>
	 	 <request id="72" node="73">
	 	 	 <quantity>1</quantity>
	 	 </request>
	 	 <request id="73" node="74">
	 	 	 <quantity>1</quantity>
	 	 </request>
	 	 <request id="74" node="75">
	 	 	 <quantity>1</quantity>
	 	 </request>
	 	 <request id="75" node="76">
	 	 	 <quantity>1</quantity>
	 	 </request>
	 	 <request id="76" node="77">
	 	 	 <quantity>1</quantity>
	 	 </request>
	 	 <request id="77" node="78">
	 	 	 <quantity>1</quantity>
	 	 </request>
	 	 <request id="78" node="79">
	 	 	 <quantity>1</quantity>
	 	 </request>
	 	 <request id="79" node="80">
	 	 	 <quantity>1</quantity>
	 	 </request>
	 	 <request id="80" node="81">
	 	 	 <quantity>1</quantity>
	 	 </request>
	 	 <request id="81" node="82">
	 	 	 <quantity>1</quantity>
	 	 </request>
	 	 <request id="82" node="83">
	 	 	 <quantity>1</quantity>
	 	 </request>
	 	 <request id="83" node="84">
	 	 	 <quantity>1</quantity>
	 	 </request>
	 	 <request id="84" node="85">
	 	 	 <quantity>1</quantity>
	 	 </request>
	 	 <request id="85" node="86">
	 	 	 <quantity>1</quantity>
	 	 </request>
	 	 <request id="86" node="87">
	 	 	 <quantity>1</quantity>
	 	 </request>
	 	 <request id="87" node="88">
	 	 	 <quantity>1</quantity>
	 	 </request>
	 	 <request id="88" node="89">
	 	 	 <quantity>1</quantity>
	 	 </request>
	 	 <request id="89" node="90">
	 	 	 <quantity>1</quantity>
	 	 </request>
	 	 <request id="90" node="91">
	 	 	 <quantity>1</quantity>
	 	 </request>
	 	 <request id="91" node="92">
	 	 	 <quantity>1</quantity>
	 	 </request>
	 	 <request id="92" node="93">
	 	 	 <quantity>1</quantity>
	 	 </request>
	 	 <request id="93" node="94">
	 	 	 <quantity>1</quantity>
	 	 </request>
	 	 <request id="94" node="95">
	 	 	 <quantity>1</quantity>
	 	 </request>
	 	 <request id="95" node="96">
	 	 	 <quantity>1</quantity>
	 	 </request>
	 	 <request id="96" node="97">
	 	 	 <quantity>1</quantity>
	 	 </request>
	 	 <request id="97" node="98">
	 	 	 <quantity>1</quantity>
	 	 </request>
	 	 <request id="98" node="99">
	 	 	 <quantity>1</quantity>
	 	 </request>
	 	 <request id="99" node="100">
	 	 	 <quantity>1</quantity>
	 	 </request>
	 	 <request id="100" node="101">
	 	 	 <quantity>1</quantity>
	 	 </request>
	 	 <request id="101" node="102">
	 	 	 <quantity>1</quantity>
	 	 </request>
	 	 <request id="102" node="103">
	 	 	 <quantity>1</quantity>
	 	 </request>
	 	 <request id="103" node="104">
	 	 	 <quantity>1</quantity>
	 	 </request>
	 	 <request id="104" node="105">
	 	 	 <quantity>1</quantity>
	 	 </request>
	 	 <request id="105" node="106">
	 	 	 <quantity>1</quantity>
	 	 </request>
	 	 <request id="106" node="107">
	 	 	 <quantity>1</quantity>
	 	 </request>
	 	 <request id="107" node="108">
	 	 	 <quantity>1</quantity>
	 	 </request>
	 	 <request id="108" node="109">
	 	 	 <quantity>1</quantity>
	 	 </request>
	 	 <request id="109" node="110">
	 	 	 <quantity>1</quantity>
	 	 </request>
	 	 <request id="110" node="111">
	 	 	 <quantity>1</quantity>
	 	 </request>
	 	 <request id="111" node="112">
	 	 	 <quantity>1</quantity>
	 	 </request>
	 	 <request id="112" node="113">
	 	 	 <quantity>1</quantity>
	 	 </request>
	 	 <request id="113" node="114">
	 	 	 <quantity>1</quantity>
	 	 </request>
	 	 <request id="114" node="115">
	 	 	 <quantity>1</quantity>
	 	 </request>
	 	 <request id="115" node="116">
	 	 	 <quantity>1</quantity>
	 	 </request>
	 	 <request id="116" node="117">
	 	 	 <quantity>1</quantity>
	 	 </request>
	 	 <request id="117" node="118">
	 	 	 <quantity>1</quantity>
	 	 </request>
	 	 <request id="118" node="119">
	 	 	 <quantity>1</quantity>
	 	 </request>
	 	 <request id="119" node="120">
	 	 	 <quantity>1</quantity>
	 	 </request>
	 	 <request id="120" node="121">
	 	 	 <quantity>1</quantity>
	 	 </request>
	 	 <request id="121" node="122">
	 	 	 <quantity>1</quantity>
	 	 </request>
	 	 <request id="122" node="123">
	 	 	 <quantity>1</quantity>
	 	 </request>
	 	 <request id="123" node="124">
	 	 	 <quantity>1</quantity>
	 	 </request>
	 	 <request id="124" node="125">
	 	 	 <quantity>1</quantity>
	 	 </request>
	 	 <request id="125" node="126">
	 	 	 <quantity>1</quantity>
	 	 </request>
	 	 <request id="126" node="127">
	 	 	 <quantity>1</quantity>
	 	 </request>
	 	 <request id="127" node="128">
	 	 	 <quantity>1</quantity>
	 	 </request>
	 	 <request id="128" node="129">
	 	 	 <quantity>1</quantity>
	 	 </request>
	 	 <request id="129" node="130">
	 	 	 <quantity>1</quantity>
	 	 </request>
	 	 <request id="130" node="131">
	 	 	 <quantity>1</quantity>
	 	 </request>
	 	 <request id="131" node="132">
	 	 	 <quantity>1</quantity>
	 	 </request>
	 	 <request id="132" node="133">
	 	 	 <quantity>1</quantity>
	 	 </request>
	 	 <request id="133" node="134">
	 	 	 <quantity>1</quantity>
	 	 </request>
	 	 <request id="134" node="135">
	 	 	 <quantity>1</quantity>
	 	 </request>
	 	 <request id="135" node="136">
	 	 	 <quantity>1</quantity>
	 	 </request>
	 	 <request id="136" node="137">
	 	 	 <quantity>1</quantity>
	 	 </request>
	 	 <request id="137" node="138">
	 	 	 <quantity>1</quantity>
	 	 </request>
	 	 <request id="138" node="139">
	 	 	 <quantity>1</quantity>
	 	 </request>
	 	 <request id="139" node="140">
	 	 	 <quantity>1</quantity>
	 	 </request>
	 	 <request id="140" node="141">
	 	 	 <quantity>1</quantity>
	 	 </request>
	 	 <request id="141" node="142">
	 	 	 <quantity>1</quantity>
	 	 </request>
	 	 <request id="142" node="143">
	 	 	 <quantity>1</quantity>
	 	 </request>
	 	 <request id="143" node="144">
	 	 	 <quantity>1</quantity>
	 	 </request>
	 	 <request id="144" node="145">
	 	 	 <quantity>1</quantity>
	 	 </request>
	 	 <request id="145" node="146">
	 	 	 <quantity>1</quantity>
	 	 </request>
	 	 <request id="146" node="147">
	 	 	 <quantity>1</quantity>
	 	 </request>
	 	 <request id="147" node="148">
	 	 	 <quantity>1</quantity>
	 	 </request>
	 	 <request id="148" node="149">
	 	 	 <quantity>1</quantity>
	 	 </request>
	 	 <request id="149" node="150">
	 	 	 <quantity>1</quantity>
	 	 </request>
	 	 <request id="150" node="151">
	 	 	 <quantity>1</quantity>
	 	 </request>
	 	 <request id="151" node="152">
	 	 	 <quantity>1</quantity>
	 	 </request>
	 	 <request id="152" node="153">
	 	 	 <quantity>1</quantity>
	 	 </request>
	 	 <request id="153" node="154">
	 	 	 <quantity>1</quantity>
	 	 </request>
	 	 <request id="154" node="155">
	 	 	 <quantity>1</quantity>
	 	 </request>
	 	 <request id="155" node="156">
	 	 	 <quantity>1</quantity>
	 	 </request>
	 	 <request id="156" node="157">
	 	 	 <quantity>1</quantity>
	 	 </request>
	 </requests>
</instance>
