<?xml version="1.0" encoding="UTF-8" standalone="yes"?>
<instance>
	<info>
	 	<dataset>Uchoa 2014 — Set X</dataset>
	 	<name>X-n266-k58</name>
	</info>
	<network>
	 	<nodes>
	 	 	<node id="1" type="1">
	 	 	 	<cx>143</cx>
	 	 	 	<cy>12</cy>
	 	 	</node>
	 	 	<node id="2" type="1">
	 	 	 	<cx>206</cx>
	 	 	 	<cy>907</cy>
	 	 	</node>
	 	 	<node id="3" type="1">
	 	 	 	<cx>895</cx>
	 	 	 	<cy>855</cy>
	 	 	</node>
	 	 	<node id="4" type="1">
	 	 	 	<cx>640</cx>
	 	 	 	<cy>970</cy>
	 	 	</node>
	 	 	<node id="5" type="1">
	 	 	 	<cx>865</cx>
	 	 	 	<cy>716</cy>
	 	 	</node>
	 	 	<node id="6" type="1">
	 	 	 	<cx>993</cx>
	 	 	 	<cy>356</cy>
	 	 	</node>
	 	 	<node id="7" type="1">
	 	 	 	<cx>618</cx>
	 	 	 	<cy>966</cy>
	 	 	</node>
	 	 	<node id="8" type="1">
	 	 	 	<cx>963</cx>
	 	 	 	<cy>539</cy>
	 	 	</node>
	 	 	<node id="9" type="1">
	 	 	 	<cx>50</cx>
	 	 	 	<cy>979</cy>
	 	 	</node>
	 	 	<node id="10" type="1">
	 	 	 	<cx>241</cx>
	 	 	 	<cy>998</cy>
	 	 	</node>
	 	 	<node id="11" type="1">
	 	 	 	<cx>32</cx>
	 	 	 	<cy>206</cy>
	 	 	</node>
	 	 	<node id="12" type="1">
	 	 	 	<cx>288</cx>
	 	 	 	<cy>926</cy>
	 	 	</node>
	 	 	<node id="13" type="1">
	 	 	 	<cx>299</cx>
	 	 	 	<cy>507</cy>
	 	 	</node>
	 	 	<node id="14" type="1">
	 	 	 	<cx>336</cx>
	 	 	 	<cy>180</cy>
	 	 	</node>
	 	 	<node id="15" type="1">
	 	 	 	<cx>589</cx>
	 	 	 	<cy>726</cy>
	 	 	</node>
	 	 	<node id="16" type="1">
	 	 	 	<cx>665</cx>
	 	 	 	<cy>488</cy>
	 	 	</node>
	 	 	<node id="17" type="1">
	 	 	 	<cx>36</cx>
	 	 	 	<cy>521</cy>
	 	 	</node>
	 	 	<node id="18" type="1">
	 	 	 	<cx>112</cx>
	 	 	 	<cy>895</cy>
	 	 	</node>
	 	 	<node id="19" type="1">
	 	 	 	<cx>814</cx>
	 	 	 	<cy>442</cy>
	 	 	</node>
	 	 	<node id="20" type="1">
	 	 	 	<cx>843</cx>
	 	 	 	<cy>474</cy>
	 	 	</node>
	 	 	<node id="21" type="1">
	 	 	 	<cx>17</cx>
	 	 	 	<cy>258</cy>
	 	 	</node>
	 	 	<node id="22" type="1">
	 	 	 	<cx>360</cx>
	 	 	 	<cy>273</cy>
	 	 	</node>
	 	 	<node id="23" type="1">
	 	 	 	<cx>814</cx>
	 	 	 	<cy>537</cy>
	 	 	</node>
	 	 	<node id="24" type="1">
	 	 	 	<cx>775</cx>
	 	 	 	<cy>524</cy>
	 	 	</node>
	 	 	<node id="25" type="1">
	 	 	 	<cx>825</cx>
	 	 	 	<cy>471</cy>
	 	 	</node>
	 	 	<node id="26" type="1">
	 	 	 	<cx>321</cx>
	 	 	 	<cy>87</cy>
	 	 	</node>
	 	 	<node id="27" type="1">
	 	 	 	<cx>773</cx>
	 	 	 	<cy>958</cy>
	 	 	</node>
	 	 	<node id="28" type="1">
	 	 	 	<cx>119</cx>
	 	 	 	<cy>166</cy>
	 	 	</node>
	 	 	<node id="29" type="1">
	 	 	 	<cx>368</cx>
	 	 	 	<cy>928</cy>
	 	 	</node>
	 	 	<node id="30" type="1">
	 	 	 	<cx>193</cx>
	 	 	 	<cy>250</cy>
	 	 	</node>
	 	 	<node id="31" type="1">
	 	 	 	<cx>452</cx>
	 	 	 	<cy>919</cy>
	 	 	</node>
	 	 	<node id="32" type="1">
	 	 	 	<cx>736</cx>
	 	 	 	<cy>322</cy>
	 	 	</node>
	 	 	<node id="33" type="1">
	 	 	 	<cx>386</cx>
	 	 	 	<cy>911</cy>
	 	 	</node>
	 	 	<node id="34" type="1">
	 	 	 	<cx>624</cx>
	 	 	 	<cy>313</cy>
	 	 	</node>
	 	 	<node id="35" type="1">
	 	 	 	<cx>694</cx>
	 	 	 	<cy>398</cy>
	 	 	</node>
	 	 	<node id="36" type="1">
	 	 	 	<cx>186</cx>
	 	 	 	<cy>803</cy>
	 	 	</node>
	 	 	<node id="37" type="1">
	 	 	 	<cx>948</cx>
	 	 	 	<cy>721</cy>
	 	 	</node>
	 	 	<node id="38" type="1">
	 	 	 	<cx>216</cx>
	 	 	 	<cy>973</cy>
	 	 	</node>
	 	 	<node id="39" type="1">
	 	 	 	<cx>915</cx>
	 	 	 	<cy>641</cy>
	 	 	</node>
	 	 	<node id="40" type="1">
	 	 	 	<cx>238</cx>
	 	 	 	<cy>810</cy>
	 	 	</node>
	 	 	<node id="41" type="1">
	 	 	 	<cx>946</cx>
	 	 	 	<cy>172</cy>
	 	 	</node>
	 	 	<node id="42" type="1">
	 	 	 	<cx>23</cx>
	 	 	 	<cy>561</cy>
	 	 	</node>
	 	 	<node id="43" type="1">
	 	 	 	<cx>613</cx>
	 	 	 	<cy>657</cy>
	 	 	</node>
	 	 	<node id="44" type="1">
	 	 	 	<cx>359</cx>
	 	 	 	<cy>434</cy>
	 	 	</node>
	 	 	<node id="45" type="1">
	 	 	 	<cx>604</cx>
	 	 	 	<cy>96</cy>
	 	 	</node>
	 	 	<node id="46" type="1">
	 	 	 	<cx>56</cx>
	 	 	 	<cy>554</cy>
	 	 	</node>
	 	 	<node id="47" type="1">
	 	 	 	<cx>862</cx>
	 	 	 	<cy>723</cy>
	 	 	</node>
	 	 	<node id="48" type="1">
	 	 	 	<cx>222</cx>
	 	 	 	<cy>161</cy>
	 	 	</node>
	 	 	<node id="49" type="1">
	 	 	 	<cx>974</cx>
	 	 	 	<cy>838</cy>
	 	 	</node>
	 	 	<node id="50" type="1">
	 	 	 	<cx>775</cx>
	 	 	 	<cy>67</cy>
	 	 	</node>
	 	 	<node id="51" type="1">
	 	 	 	<cx>815</cx>
	 	 	 	<cy>880</cy>
	 	 	</node>
	 	 	<node id="52" type="1">
	 	 	 	<cx>204</cx>
	 	 	 	<cy>362</cy>
	 	 	</node>
	 	 	<node id="53" type="1">
	 	 	 	<cx>435</cx>
	 	 	 	<cy>760</cy>
	 	 	</node>
	 	 	<node id="54" type="1">
	 	 	 	<cx>593</cx>
	 	 	 	<cy>358</cy>
	 	 	</node>
	 	 	<node id="55" type="1">
	 	 	 	<cx>203</cx>
	 	 	 	<cy>435</cy>
	 	 	</node>
	 	 	<node id="56" type="1">
	 	 	 	<cx>882</cx>
	 	 	 	<cy>803</cy>
	 	 	</node>
	 	 	<node id="57" type="1">
	 	 	 	<cx>194</cx>
	 	 	 	<cy>739</cy>
	 	 	</node>
	 	 	<node id="58" type="1">
	 	 	 	<cx>380</cx>
	 	 	 	<cy>323</cy>
	 	 	</node>
	 	 	<node id="59" type="1">
	 	 	 	<cx>836</cx>
	 	 	 	<cy>461</cy>
	 	 	</node>
	 	 	<node id="60" type="1">
	 	 	 	<cx>537</cx>
	 	 	 	<cy>136</cy>
	 	 	</node>
	 	 	<node id="61" type="1">
	 	 	 	<cx>789</cx>
	 	 	 	<cy>669</cy>
	 	 	</node>
	 	 	<node id="62" type="1">
	 	 	 	<cx>956</cx>
	 	 	 	<cy>1000</cy>
	 	 	</node>
	 	 	<node id="63" type="1">
	 	 	 	<cx>98</cx>
	 	 	 	<cy>295</cy>
	 	 	</node>
	 	 	<node id="64" type="1">
	 	 	 	<cx>656</cx>
	 	 	 	<cy>410</cy>
	 	 	</node>
	 	 	<node id="65" type="1">
	 	 	 	<cx>580</cx>
	 	 	 	<cy>959</cy>
	 	 	</node>
	 	 	<node id="66" type="1">
	 	 	 	<cx>594</cx>
	 	 	 	<cy>64</cy>
	 	 	</node>
	 	 	<node id="67" type="1">
	 	 	 	<cx>459</cx>
	 	 	 	<cy>43</cy>
	 	 	</node>
	 	 	<node id="68" type="1">
	 	 	 	<cx>425</cx>
	 	 	 	<cy>559</cy>
	 	 	</node>
	 	 	<node id="69" type="1">
	 	 	 	<cx>262</cx>
	 	 	 	<cy>31</cy>
	 	 	</node>
	 	 	<node id="70" type="1">
	 	 	 	<cx>522</cx>
	 	 	 	<cy>339</cy>
	 	 	</node>
	 	 	<node id="71" type="1">
	 	 	 	<cx>960</cx>
	 	 	 	<cy>74</cy>
	 	 	</node>
	 	 	<node id="72" type="1">
	 	 	 	<cx>237</cx>
	 	 	 	<cy>910</cy>
	 	 	</node>
	 	 	<node id="73" type="1">
	 	 	 	<cx>353</cx>
	 	 	 	<cy>828</cy>
	 	 	</node>
	 	 	<node id="74" type="1">
	 	 	 	<cx>420</cx>
	 	 	 	<cy>281</cy>
	 	 	</node>
	 	 	<node id="75" type="1">
	 	 	 	<cx>721</cx>
	 	 	 	<cy>524</cy>
	 	 	</node>
	 	 	<node id="76" type="1">
	 	 	 	<cx>185</cx>
	 	 	 	<cy>679</cy>
	 	 	</node>
	 	 	<node id="77" type="1">
	 	 	 	<cx>703</cx>
	 	 	 	<cy>303</cy>
	 	 	</node>
	 	 	<node id="78" type="1">
	 	 	 	<cx>923</cx>
	 	 	 	<cy>491</cy>
	 	 	</node>
	 	 	<node id="79" type="1">
	 	 	 	<cx>444</cx>
	 	 	 	<cy>792</cy>
	 	 	</node>
	 	 	<node id="80" type="1">
	 	 	 	<cx>567</cx>
	 	 	 	<cy>476</cy>
	 	 	</node>
	 	 	<node id="81" type="1">
	 	 	 	<cx>987</cx>
	 	 	 	<cy>930</cy>
	 	 	</node>
	 	 	<node id="82" type="1">
	 	 	 	<cx>113</cx>
	 	 	 	<cy>210</cy>
	 	 	</node>
	 	 	<node id="83" type="1">
	 	 	 	<cx>907</cx>
	 	 	 	<cy>45</cy>
	 	 	</node>
	 	 	<node id="84" type="1">
	 	 	 	<cx>383</cx>
	 	 	 	<cy>799</cy>
	 	 	</node>
	 	 	<node id="85" type="1">
	 	 	 	<cx>209</cx>
	 	 	 	<cy>192</cy>
	 	 	</node>
	 	 	<node id="86" type="1">
	 	 	 	<cx>34</cx>
	 	 	 	<cy>820</cy>
	 	 	</node>
	 	 	<node id="87" type="1">
	 	 	 	<cx>464</cx>
	 	 	 	<cy>717</cy>
	 	 	</node>
	 	 	<node id="88" type="1">
	 	 	 	<cx>837</cx>
	 	 	 	<cy>536</cy>
	 	 	</node>
	 	 	<node id="89" type="1">
	 	 	 	<cx>202</cx>
	 	 	 	<cy>94</cy>
	 	 	</node>
	 	 	<node id="90" type="1">
	 	 	 	<cx>177</cx>
	 	 	 	<cy>341</cy>
	 	 	</node>
	 	 	<node id="91" type="1">
	 	 	 	<cx>551</cx>
	 	 	 	<cy>3</cy>
	 	 	</node>
	 	 	<node id="92" type="1">
	 	 	 	<cx>835</cx>
	 	 	 	<cy>467</cy>
	 	 	</node>
	 	 	<node id="93" type="1">
	 	 	 	<cx>128</cx>
	 	 	 	<cy>655</cy>
	 	 	</node>
	 	 	<node id="94" type="1">
	 	 	 	<cx>988</cx>
	 	 	 	<cy>937</cy>
	 	 	</node>
	 	 	<node id="95" type="1">
	 	 	 	<cx>179</cx>
	 	 	 	<cy>369</cy>
	 	 	</node>
	 	 	<node id="96" type="1">
	 	 	 	<cx>487</cx>
	 	 	 	<cy>765</cy>
	 	 	</node>
	 	 	<node id="97" type="1">
	 	 	 	<cx>975</cx>
	 	 	 	<cy>406</cy>
	 	 	</node>
	 	 	<node id="98" type="1">
	 	 	 	<cx>365</cx>
	 	 	 	<cy>411</cy>
	 	 	</node>
	 	 	<node id="99" type="1">
	 	 	 	<cx>440</cx>
	 	 	 	<cy>41</cy>
	 	 	</node>
	 	 	<node id="100" type="1">
	 	 	 	<cx>607</cx>
	 	 	 	<cy>487</cy>
	 	 	</node>
	 	 	<node id="101" type="1">
	 	 	 	<cx>57</cx>
	 	 	 	<cy>898</cy>
	 	 	</node>
	 	 	<node id="102" type="1">
	 	 	 	<cx>161</cx>
	 	 	 	<cy>707</cy>
	 	 	</node>
	 	 	<node id="103" type="1">
	 	 	 	<cx>0</cx>
	 	 	 	<cy>517</cy>
	 	 	</node>
	 	 	<node id="104" type="1">
	 	 	 	<cx>210</cx>
	 	 	 	<cy>88</cy>
	 	 	</node>
	 	 	<node id="105" type="1">
	 	 	 	<cx>524</cx>
	 	 	 	<cy>195</cy>
	 	 	</node>
	 	 	<node id="106" type="1">
	 	 	 	<cx>682</cx>
	 	 	 	<cy>409</cy>
	 	 	</node>
	 	 	<node id="107" type="1">
	 	 	 	<cx>608</cx>
	 	 	 	<cy>55</cy>
	 	 	</node>
	 	 	<node id="108" type="1">
	 	 	 	<cx>16</cx>
	 	 	 	<cy>909</cy>
	 	 	</node>
	 	 	<node id="109" type="1">
	 	 	 	<cx>846</cx>
	 	 	 	<cy>379</cy>
	 	 	</node>
	 	 	<node id="110" type="1">
	 	 	 	<cx>183</cx>
	 	 	 	<cy>242</cy>
	 	 	</node>
	 	 	<node id="111" type="1">
	 	 	 	<cx>586</cx>
	 	 	 	<cy>182</cy>
	 	 	</node>
	 	 	<node id="112" type="1">
	 	 	 	<cx>948</cx>
	 	 	 	<cy>682</cy>
	 	 	</node>
	 	 	<node id="113" type="1">
	 	 	 	<cx>324</cx>
	 	 	 	<cy>44</cy>
	 	 	</node>
	 	 	<node id="114" type="1">
	 	 	 	<cx>380</cx>
	 	 	 	<cy>573</cy>
	 	 	</node>
	 	 	<node id="115" type="1">
	 	 	 	<cx>339</cx>
	 	 	 	<cy>188</cy>
	 	 	</node>
	 	 	<node id="116" type="1">
	 	 	 	<cx>629</cx>
	 	 	 	<cy>32</cy>
	 	 	</node>
	 	 	<node id="117" type="1">
	 	 	 	<cx>589</cx>
	 	 	 	<cy>805</cy>
	 	 	</node>
	 	 	<node id="118" type="1">
	 	 	 	<cx>934</cx>
	 	 	 	<cy>907</cy>
	 	 	</node>
	 	 	<node id="119" type="1">
	 	 	 	<cx>848</cx>
	 	 	 	<cy>633</cy>
	 	 	</node>
	 	 	<node id="120" type="1">
	 	 	 	<cx>890</cx>
	 	 	 	<cy>973</cy>
	 	 	</node>
	 	 	<node id="121" type="1">
	 	 	 	<cx>98</cx>
	 	 	 	<cy>787</cy>
	 	 	</node>
	 	 	<node id="122" type="1">
	 	 	 	<cx>964</cx>
	 	 	 	<cy>391</cy>
	 	 	</node>
	 	 	<node id="123" type="1">
	 	 	 	<cx>171</cx>
	 	 	 	<cy>837</cy>
	 	 	</node>
	 	 	<node id="124" type="1">
	 	 	 	<cx>261</cx>
	 	 	 	<cy>409</cy>
	 	 	</node>
	 	 	<node id="125" type="1">
	 	 	 	<cx>637</cx>
	 	 	 	<cy>133</cy>
	 	 	</node>
	 	 	<node id="126" type="1">
	 	 	 	<cx>541</cx>
	 	 	 	<cy>313</cy>
	 	 	</node>
	 	 	<node id="127" type="1">
	 	 	 	<cx>946</cx>
	 	 	 	<cy>388</cy>
	 	 	</node>
	 	 	<node id="128" type="1">
	 	 	 	<cx>479</cx>
	 	 	 	<cy>636</cy>
	 	 	</node>
	 	 	<node id="129" type="1">
	 	 	 	<cx>818</cx>
	 	 	 	<cy>503</cy>
	 	 	</node>
	 	 	<node id="130" type="1">
	 	 	 	<cx>188</cx>
	 	 	 	<cy>602</cy>
	 	 	</node>
	 	 	<node id="131" type="1">
	 	 	 	<cx>887</cx>
	 	 	 	<cy>643</cy>
	 	 	</node>
	 	 	<node id="132" type="1">
	 	 	 	<cx>981</cx>
	 	 	 	<cy>839</cy>
	 	 	</node>
	 	 	<node id="133" type="1">
	 	 	 	<cx>585</cx>
	 	 	 	<cy>570</cy>
	 	 	</node>
	 	 	<node id="134" type="1">
	 	 	 	<cx>383</cx>
	 	 	 	<cy>325</cy>
	 	 	</node>
	 	 	<node id="135" type="1">
	 	 	 	<cx>288</cx>
	 	 	 	<cy>219</cy>
	 	 	</node>
	 	 	<node id="136" type="1">
	 	 	 	<cx>407</cx>
	 	 	 	<cy>596</cy>
	 	 	</node>
	 	 	<node id="137" type="1">
	 	 	 	<cx>707</cx>
	 	 	 	<cy>525</cy>
	 	 	</node>
	 	 	<node id="138" type="1">
	 	 	 	<cx>56</cx>
	 	 	 	<cy>193</cy>
	 	 	</node>
	 	 	<node id="139" type="1">
	 	 	 	<cx>523</cx>
	 	 	 	<cy>502</cy>
	 	 	</node>
	 	 	<node id="140" type="1">
	 	 	 	<cx>120</cx>
	 	 	 	<cy>163</cy>
	 	 	</node>
	 	 	<node id="141" type="1">
	 	 	 	<cx>352</cx>
	 	 	 	<cy>597</cy>
	 	 	</node>
	 	 	<node id="142" type="1">
	 	 	 	<cx>304</cx>
	 	 	 	<cy>158</cy>
	 	 	</node>
	 	 	<node id="143" type="1">
	 	 	 	<cx>441</cx>
	 	 	 	<cy>587</cy>
	 	 	</node>
	 	 	<node id="144" type="1">
	 	 	 	<cx>104</cx>
	 	 	 	<cy>295</cy>
	 	 	</node>
	 	 	<node id="145" type="1">
	 	 	 	<cx>66</cx>
	 	 	 	<cy>150</cy>
	 	 	</node>
	 	 	<node id="146" type="1">
	 	 	 	<cx>424</cx>
	 	 	 	<cy>609</cy>
	 	 	</node>
	 	 	<node id="147" type="1">
	 	 	 	<cx>184</cx>
	 	 	 	<cy>395</cy>
	 	 	</node>
	 	 	<node id="148" type="1">
	 	 	 	<cx>464</cx>
	 	 	 	<cy>153</cy>
	 	 	</node>
	 	 	<node id="149" type="1">
	 	 	 	<cx>39</cx>
	 	 	 	<cy>224</cy>
	 	 	</node>
	 	 	<node id="150" type="1">
	 	 	 	<cx>277</cx>
	 	 	 	<cy>43</cy>
	 	 	</node>
	 	 	<node id="151" type="1">
	 	 	 	<cx>380</cx>
	 	 	 	<cy>496</cy>
	 	 	</node>
	 	 	<node id="152" type="1">
	 	 	 	<cx>620</cx>
	 	 	 	<cy>623</cy>
	 	 	</node>
	 	 	<node id="153" type="1">
	 	 	 	<cx>367</cx>
	 	 	 	<cy>300</cy>
	 	 	</node>
	 	 	<node id="154" type="1">
	 	 	 	<cx>347</cx>
	 	 	 	<cy>401</cy>
	 	 	</node>
	 	 	<node id="155" type="1">
	 	 	 	<cx>435</cx>
	 	 	 	<cy>235</cy>
	 	 	</node>
	 	 	<node id="156" type="1">
	 	 	 	<cx>242</cx>
	 	 	 	<cy>543</cy>
	 	 	</node>
	 	 	<node id="157" type="1">
	 	 	 	<cx>321</cx>
	 	 	 	<cy>572</cy>
	 	 	</node>
	 	 	<node id="158" type="1">
	 	 	 	<cx>625</cx>
	 	 	 	<cy>361</cy>
	 	 	</node>
	 	 	<node id="159" type="1">
	 	 	 	<cx>651</cx>
	 	 	 	<cy>354</cy>
	 	 	</node>
	 	 	<node id="160" type="1">
	 	 	 	<cx>426</cx>
	 	 	 	<cy>359</cy>
	 	 	</node>
	 	 	<node id="161" type="1">
	 	 	 	<cx>673</cx>
	 	 	 	<cy>531</cy>
	 	 	</node>
	 	 	<node id="162" type="1">
	 	 	 	<cx>458</cx>
	 	 	 	<cy>375</cy>
	 	 	</node>
	 	 	<node id="163" type="1">
	 	 	 	<cx>379</cx>
	 	 	 	<cy>329</cy>
	 	 	</node>
	 	 	<node id="164" type="1">
	 	 	 	<cx>309</cx>
	 	 	 	<cy>329</cy>
	 	 	</node>
	 	 	<node id="165" type="1">
	 	 	 	<cx>348</cx>
	 	 	 	<cy>126</cy>
	 	 	</node>
	 	 	<node id="166" type="1">
	 	 	 	<cx>166</cx>
	 	 	 	<cy>46</cy>
	 	 	</node>
	 	 	<node id="167" type="1">
	 	 	 	<cx>75</cx>
	 	 	 	<cy>271</cy>
	 	 	</node>
	 	 	<node id="168" type="1">
	 	 	 	<cx>859</cx>
	 	 	 	<cy>379</cy>
	 	 	</node>
	 	 	<node id="169" type="1">
	 	 	 	<cx>531</cx>
	 	 	 	<cy>461</cy>
	 	 	</node>
	 	 	<node id="170" type="1">
	 	 	 	<cx>747</cx>
	 	 	 	<cy>578</cy>
	 	 	</node>
	 	 	<node id="171" type="1">
	 	 	 	<cx>257</cx>
	 	 	 	<cy>92</cy>
	 	 	</node>
	 	 	<node id="172" type="1">
	 	 	 	<cx>78</cx>
	 	 	 	<cy>288</cy>
	 	 	</node>
	 	 	<node id="173" type="1">
	 	 	 	<cx>257</cx>
	 	 	 	<cy>383</cy>
	 	 	</node>
	 	 	<node id="174" type="1">
	 	 	 	<cx>437</cx>
	 	 	 	<cy>360</cy>
	 	 	</node>
	 	 	<node id="175" type="1">
	 	 	 	<cx>343</cx>
	 	 	 	<cy>279</cy>
	 	 	</node>
	 	 	<node id="176" type="1">
	 	 	 	<cx>668</cx>
	 	 	 	<cy>383</cy>
	 	 	</node>
	 	 	<node id="177" type="1">
	 	 	 	<cx>354</cx>
	 	 	 	<cy>647</cy>
	 	 	</node>
	 	 	<node id="178" type="1">
	 	 	 	<cx>482</cx>
	 	 	 	<cy>603</cy>
	 	 	</node>
	 	 	<node id="179" type="1">
	 	 	 	<cx>458</cx>
	 	 	 	<cy>522</cy>
	 	 	</node>
	 	 	<node id="180" type="1">
	 	 	 	<cx>686</cx>
	 	 	 	<cy>499</cy>
	 	 	</node>
	 	 	<node id="181" type="1">
	 	 	 	<cx>298</cx>
	 	 	 	<cy>392</cy>
	 	 	</node>
	 	 	<node id="182" type="1">
	 	 	 	<cx>347</cx>
	 	 	 	<cy>264</cy>
	 	 	</node>
	 	 	<node id="183" type="1">
	 	 	 	<cx>407</cx>
	 	 	 	<cy>379</cy>
	 	 	</node>
	 	 	<node id="184" type="1">
	 	 	 	<cx>321</cx>
	 	 	 	<cy>280</cy>
	 	 	</node>
	 	 	<node id="185" type="1">
	 	 	 	<cx>691</cx>
	 	 	 	<cy>402</cy>
	 	 	</node>
	 	 	<node id="186" type="1">
	 	 	 	<cx>59</cx>
	 	 	 	<cy>174</cy>
	 	 	</node>
	 	 	<node id="187" type="1">
	 	 	 	<cx>111</cx>
	 	 	 	<cy>266</cy>
	 	 	</node>
	 	 	<node id="188" type="1">
	 	 	 	<cx>592</cx>
	 	 	 	<cy>424</cy>
	 	 	</node>
	 	 	<node id="189" type="1">
	 	 	 	<cx>667</cx>
	 	 	 	<cy>384</cy>
	 	 	</node>
	 	 	<node id="190" type="1">
	 	 	 	<cx>108</cx>
	 	 	 	<cy>339</cy>
	 	 	</node>
	 	 	<node id="191" type="1">
	 	 	 	<cx>312</cx>
	 	 	 	<cy>489</cy>
	 	 	</node>
	 	 	<node id="192" type="1">
	 	 	 	<cx>382</cx>
	 	 	 	<cy>227</cy>
	 	 	</node>
	 	 	<node id="193" type="1">
	 	 	 	<cx>384</cx>
	 	 	 	<cy>639</cy>
	 	 	</node>
	 	 	<node id="194" type="1">
	 	 	 	<cx>84</cx>
	 	 	 	<cy>311</cy>
	 	 	</node>
	 	 	<node id="195" type="1">
	 	 	 	<cx>378</cx>
	 	 	 	<cy>58</cy>
	 	 	</node>
	 	 	<node id="196" type="1">
	 	 	 	<cx>88</cx>
	 	 	 	<cy>62</cy>
	 	 	</node>
	 	 	<node id="197" type="1">
	 	 	 	<cx>505</cx>
	 	 	 	<cy>612</cy>
	 	 	</node>
	 	 	<node id="198" type="1">
	 	 	 	<cx>198</cx>
	 	 	 	<cy>132</cy>
	 	 	</node>
	 	 	<node id="199" type="1">
	 	 	 	<cx>76</cx>
	 	 	 	<cy>112</cy>
	 	 	</node>
	 	 	<node id="200" type="1">
	 	 	 	<cx>591</cx>
	 	 	 	<cy>502</cy>
	 	 	</node>
	 	 	<node id="201" type="1">
	 	 	 	<cx>689</cx>
	 	 	 	<cy>522</cy>
	 	 	</node>
	 	 	<node id="202" type="1">
	 	 	 	<cx>526</cx>
	 	 	 	<cy>495</cy>
	 	 	</node>
	 	 	<node id="203" type="1">
	 	 	 	<cx>138</cx>
	 	 	 	<cy>63</cy>
	 	 	</node>
	 	 	<node id="204" type="1">
	 	 	 	<cx>511</cx>
	 	 	 	<cy>638</cy>
	 	 	</node>
	 	 	<node id="205" type="1">
	 	 	 	<cx>327</cx>
	 	 	 	<cy>293</cy>
	 	 	</node>
	 	 	<node id="206" type="1">
	 	 	 	<cx>292</cx>
	 	 	 	<cy>538</cy>
	 	 	</node>
	 	 	<node id="207" type="1">
	 	 	 	<cx>171</cx>
	 	 	 	<cy>142</cy>
	 	 	</node>
	 	 	<node id="208" type="1">
	 	 	 	<cx>696</cx>
	 	 	 	<cy>506</cy>
	 	 	</node>
	 	 	<node id="209" type="1">
	 	 	 	<cx>234</cx>
	 	 	 	<cy>718</cy>
	 	 	</node>
	 	 	<node id="210" type="1">
	 	 	 	<cx>430</cx>
	 	 	 	<cy>247</cy>
	 	 	</node>
	 	 	<node id="211" type="1">
	 	 	 	<cx>727</cx>
	 	 	 	<cy>571</cy>
	 	 	</node>
	 	 	<node id="212" type="1">
	 	 	 	<cx>614</cx>
	 	 	 	<cy>295</cy>
	 	 	</node>
	 	 	<node id="213" type="1">
	 	 	 	<cx>566</cx>
	 	 	 	<cy>543</cy>
	 	 	</node>
	 	 	<node id="214" type="1">
	 	 	 	<cx>803</cx>
	 	 	 	<cy>537</cy>
	 	 	</node>
	 	 	<node id="215" type="1">
	 	 	 	<cx>340</cx>
	 	 	 	<cy>598</cy>
	 	 	</node>
	 	 	<node id="216" type="1">
	 	 	 	<cx>511</cx>
	 	 	 	<cy>469</cy>
	 	 	</node>
	 	 	<node id="217" type="1">
	 	 	 	<cx>765</cx>
	 	 	 	<cy>571</cy>
	 	 	</node>
	 	 	<node id="218" type="1">
	 	 	 	<cx>270</cx>
	 	 	 	<cy>251</cy>
	 	 	</node>
	 	 	<node id="219" type="1">
	 	 	 	<cx>368</cx>
	 	 	 	<cy>533</cy>
	 	 	</node>
	 	 	<node id="220" type="1">
	 	 	 	<cx>327</cx>
	 	 	 	<cy>164</cy>
	 	 	</node>
	 	 	<node id="221" type="1">
	 	 	 	<cx>696</cx>
	 	 	 	<cy>575</cy>
	 	 	</node>
	 	 	<node id="222" type="1">
	 	 	 	<cx>218</cx>
	 	 	 	<cy>562</cy>
	 	 	</node>
	 	 	<node id="223" type="1">
	 	 	 	<cx>441</cx>
	 	 	 	<cy>622</cy>
	 	 	</node>
	 	 	<node id="224" type="1">
	 	 	 	<cx>127</cx>
	 	 	 	<cy>121</cy>
	 	 	</node>
	 	 	<node id="225" type="1">
	 	 	 	<cx>769</cx>
	 	 	 	<cy>443</cy>
	 	 	</node>
	 	 	<node id="226" type="1">
	 	 	 	<cx>821</cx>
	 	 	 	<cy>500</cy>
	 	 	</node>
	 	 	<node id="227" type="1">
	 	 	 	<cx>348</cx>
	 	 	 	<cy>574</cy>
	 	 	</node>
	 	 	<node id="228" type="1">
	 	 	 	<cx>310</cx>
	 	 	 	<cy>87</cy>
	 	 	</node>
	 	 	<node id="229" type="1">
	 	 	 	<cx>770</cx>
	 	 	 	<cy>527</cy>
	 	 	</node>
	 	 	<node id="230" type="1">
	 	 	 	<cx>431</cx>
	 	 	 	<cy>539</cy>
	 	 	</node>
	 	 	<node id="231" type="1">
	 	 	 	<cx>232</cx>
	 	 	 	<cy>256</cy>
	 	 	</node>
	 	 	<node id="232" type="1">
	 	 	 	<cx>410</cx>
	 	 	 	<cy>281</cy>
	 	 	</node>
	 	 	<node id="233" type="1">
	 	 	 	<cx>449</cx>
	 	 	 	<cy>507</cy>
	 	 	</node>
	 	 	<node id="234" type="1">
	 	 	 	<cx>147</cx>
	 	 	 	<cy>223</cy>
	 	 	</node>
	 	 	<node id="235" type="1">
	 	 	 	<cx>352</cx>
	 	 	 	<cy>172</cy>
	 	 	</node>
	 	 	<node id="236" type="1">
	 	 	 	<cx>410</cx>
	 	 	 	<cy>339</cy>
	 	 	</node>
	 	 	<node id="237" type="1">
	 	 	 	<cx>151</cx>
	 	 	 	<cy>36</cy>
	 	 	</node>
	 	 	<node id="238" type="1">
	 	 	 	<cx>208</cx>
	 	 	 	<cy>116</cy>
	 	 	</node>
	 	 	<node id="239" type="1">
	 	 	 	<cx>440</cx>
	 	 	 	<cy>59</cy>
	 	 	</node>
	 	 	<node id="240" type="1">
	 	 	 	<cx>256</cx>
	 	 	 	<cy>195</cy>
	 	 	</node>
	 	 	<node id="241" type="1">
	 	 	 	<cx>356</cx>
	 	 	 	<cy>343</cy>
	 	 	</node>
	 	 	<node id="242" type="1">
	 	 	 	<cx>421</cx>
	 	 	 	<cy>333</cy>
	 	 	</node>
	 	 	<node id="243" type="1">
	 	 	 	<cx>294</cx>
	 	 	 	<cy>460</cy>
	 	 	</node>
	 	 	<node id="244" type="1">
	 	 	 	<cx>752</cx>
	 	 	 	<cy>289</cy>
	 	 	</node>
	 	 	<node id="245" type="1">
	 	 	 	<cx>728</cx>
	 	 	 	<cy>554</cy>
	 	 	</node>
	 	 	<node id="246" type="1">
	 	 	 	<cx>660</cx>
	 	 	 	<cy>422</cy>
	 	 	</node>
	 	 	<node id="247" type="1">
	 	 	 	<cx>482</cx>
	 	 	 	<cy>173</cy>
	 	 	</node>
	 	 	<node id="248" type="1">
	 	 	 	<cx>857</cx>
	 	 	 	<cy>655</cy>
	 	 	</node>
	 	 	<node id="249" type="1">
	 	 	 	<cx>415</cx>
	 	 	 	<cy>551</cy>
	 	 	</node>
	 	 	<node id="250" type="1">
	 	 	 	<cx>228</cx>
	 	 	 	<cy>318</cy>
	 	 	</node>
	 	 	<node id="251" type="1">
	 	 	 	<cx>486</cx>
	 	 	 	<cy>491</cy>
	 	 	</node>
	 	 	<node id="252" type="1">
	 	 	 	<cx>316</cx>
	 	 	 	<cy>620</cy>
	 	 	</node>
	 	 	<node id="253" type="1">
	 	 	 	<cx>607</cx>
	 	 	 	<cy>505</cy>
	 	 	</node>
	 	 	<node id="254" type="1">
	 	 	 	<cx>634</cx>
	 	 	 	<cy>426</cy>
	 	 	</node>
	 	 	<node id="255" type="1">
	 	 	 	<cx>331</cx>
	 	 	 	<cy>128</cy>
	 	 	</node>
	 	 	<node id="256" type="1">
	 	 	 	<cx>443</cx>
	 	 	 	<cy>613</cy>
	 	 	</node>
	 	 	<node id="257" type="1">
	 	 	 	<cx>322</cx>
	 	 	 	<cy>620</cy>
	 	 	</node>
	 	 	<node id="258" type="1">
	 	 	 	<cx>459</cx>
	 	 	 	<cy>681</cy>
	 	 	</node>
	 	 	<node id="259" type="1">
	 	 	 	<cx>364</cx>
	 	 	 	<cy>278</cy>
	 	 	</node>
	 	 	<node id="260" type="1">
	 	 	 	<cx>395</cx>
	 	 	 	<cy>494</cy>
	 	 	</node>
	 	 	<node id="261" type="1">
	 	 	 	<cx>455</cx>
	 	 	 	<cy>610</cy>
	 	 	</node>
	 	 	<node id="262" type="1">
	 	 	 	<cx>134</cx>
	 	 	 	<cy>149</cy>
	 	 	</node>
	 	 	<node id="263" type="1">
	 	 	 	<cx>79</cx>
	 	 	 	<cy>208</cy>
	 	 	</node>
	 	 	<node id="264" type="1">
	 	 	 	<cx>193</cx>
	 	 	 	<cy>203</cy>
	 	 	</node>
	 	 	<node id="265" type="1">
	 	 	 	<cx>539</cx>
	 	 	 	<cy>493</cy>
	 	 	</node>
	 	 	<node id="266" type="1">
	 	 	 	<cx>381</cx>
	 	 	 	<cy>435</cy>
	 	 	</node>
	 	</nodes>
	 	<euclidean/>
	 	<decimals>0</decimals>
	 </network>
	 <fleet>
	 	 <vehicle_profile type="0">
	 	  	 <departure_node>1</departure_node>
	 	  	 <arrival_node>1</arrival_node>
	 	  	 <capacity>35</capacity>
	 	 </vehicle_profile>
	 </fleet>
	 <requests>
	 	 <request id="1" node="2">
	 	 	 <quantity>5</quantity>
	 	 </request>
	 	 <request id="2" node="3">
	 	 	 <quantity>5</quantity>
	 	 </request>
	 	 <request id="3" node="4">
	 	 	 <quantity>5</quantity>
	 	 </request>
	 	 <request id="4" node="5">
	 	 	 <quantity>5</quantity>
	 	 </request>
	 	 <request id="5" node="6">
	 	 	 <quantity>6</quantity>
	 	 </request>
	 	 <request id="6" node="7">
	 	 	 <quantity>10</quantity>
	 	 </request>
	 	 <request id="7" node="8">
	 	 	 <quantity>10</quantity>
	 	 </request>
	 	 <request id="8" node="9">
	 	 	 <quantity>10</quantity>
	 	 </request>
	 	 <request id="9" node="10">
	 	 	 <quantity>9</quantity>
	 	 </request>
	 	 <request id="10" node="11">
	 	 	 <quantity>9</quantity>
	 	 </request>
	 	 <request id="11" node="12">
	 	 	 <quantity>5</quantity>
	 	 </request>
	 	 <request id="12" node="13">
	 	 	 <quantity>9</quantity>
	 	 </request>
	 	 <request id="13" node="14">
	 	 	 <quantity>5</quantity>
	 	 </request>
	 	 <request id="14" node="15">
	 	 	 <quantity>6</quantity>
	 	 </request>
	 	 <request id="15" node="16">
	 	 	 <quantity>7</quantity>
	 	 </request>
	 	 <request id="16" node="17">
	 	 	 <quantity>6</quantity>
	 	 </request>
	 	 <request id="17" node="18">
	 	 	 <quantity>10</quantity>
	 	 </request>
	 	 <request id="18" node="19">
	 	 	 <quantity>6</quantity>
	 	 </request>
	 	 <request id="19" node="20">
	 	 	 <quantity>5</quantity>
	 	 </request>
	 	 <request id="20" node="21">
	 	 	 <quantity>10</quantity>
	 	 </request>
	 	 <request id="21" node="22">
	 	 	 <quantity>6</quantity>
	 	 </request>
	 	 <request id="22" node="23">
	 	 	 <quantity>10</quantity>
	 	 </request>
	 	 <request id="23" node="24">
	 	 	 <quantity>7</quantity>
	 	 </request>
	 	 <request id="24" node="25">
	 	 	 <quantity>6</quantity>
	 	 </request>
	 	 <request id="25" node="26">
	 	 	 <quantity>9</quantity>
	 	 </request>
	 	 <request id="26" node="27">
	 	 	 <quantity>5</quantity>
	 	 </request>
	 	 <request id="27" node="28">
	 	 	 <quantity>5</quantity>
	 	 </request>
	 	 <request id="28" node="29">
	 	 	 <quantity>8</quantity>
	 	 </request>
	 	 <request id="29" node="30">
	 	 	 <quantity>7</quantity>
	 	 </request>
	 	 <request id="30" node="31">
	 	 	 <quantity>9</quantity>
	 	 </request>
	 	 <request id="31" node="32">
	 	 	 <quantity>6</quantity>
	 	 </request>
	 	 <request id="32" node="33">
	 	 	 <quantity>10</quantity>
	 	 </request>
	 	 <request id="33" node="34">
	 	 	 <quantity>8</quantity>
	 	 </request>
	 	 <request id="34" node="35">
	 	 	 <quantity>9</quantity>
	 	 </request>
	 	 <request id="35" node="36">
	 	 	 <quantity>7</quantity>
	 	 </request>
	 	 <request id="36" node="37">
	 	 	 <quantity>9</quantity>
	 	 </request>
	 	 <request id="37" node="38">
	 	 	 <quantity>5</quantity>
	 	 </request>
	 	 <request id="38" node="39">
	 	 	 <quantity>9</quantity>
	 	 </request>
	 	 <request id="39" node="40">
	 	 	 <quantity>8</quantity>
	 	 </request>
	 	 <request id="40" node="41">
	 	 	 <quantity>10</quantity>
	 	 </request>
	 	 <request id="41" node="42">
	 	 	 <quantity>8</quantity>
	 	 </request>
	 	 <request id="42" node="43">
	 	 	 <quantity>10</quantity>
	 	 </request>
	 	 <request id="43" node="44">
	 	 	 <quantity>10</quantity>
	 	 </request>
	 	 <request id="44" node="45">
	 	 	 <quantity>8</quantity>
	 	 </request>
	 	 <request id="45" node="46">
	 	 	 <quantity>6</quantity>
	 	 </request>
	 	 <request id="46" node="47">
	 	 	 <quantity>7</quantity>
	 	 </request>
	 	 <request id="47" node="48">
	 	 	 <quantity>9</quantity>
	 	 </request>
	 	 <request id="48" node="49">
	 	 	 <quantity>8</quantity>
	 	 </request>
	 	 <request id="49" node="50">
	 	 	 <quantity>8</quantity>
	 	 </request>
	 	 <request id="50" node="51">
	 	 	 <quantity>9</quantity>
	 	 </request>
	 	 <request id="51" node="52">
	 	 	 <quantity>10</quantity>
	 	 </request>
	 	 <request id="52" node="53">
	 	 	 <quantity>5</quantity>
	 	 </request>
	 	 <request id="53" node="54">
	 	 	 <quantity>10</quantity>
	 	 </request>
	 	 <request id="54" node="55">
	 	 	 <quantity>5</quantity>
	 	 </request>
	 	 <request id="55" node="56">
	 	 	 <quantity>6</quantity>
	 	 </request>
	 	 <request id="56" node="57">
	 	 	 <quantity>5</quantity>
	 	 </request>
	 	 <request id="57" node="58">
	 	 	 <quantity>7</quantity>
	 	 </request>
	 	 <request id="58" node="59">
	 	 	 <quantity>10</quantity>
	 	 </request>
	 	 <request id="59" node="60">
	 	 	 <quantity>8</quantity>
	 	 </request>
	 	 <request id="60" node="61">
	 	 	 <quantity>9</quantity>
	 	 </request>
	 	 <request id="61" node="62">
	 	 	 <quantity>9</quantity>
	 	 </request>
	 	 <request id="62" node="63">
	 	 	 <quantity>7</quantity>
	 	 </request>
	 	 <request id="63" node="64">
	 	 	 <quantity>10</quantity>
	 	 </request>
	 	 <request id="64" node="65">
	 	 	 <quantity>10</quantity>
	 	 </request>
	 	 <request id="65" node="66">
	 	 	 <quantity>9</quantity>
	 	 </request>
	 	 <request id="66" node="67">
	 	 	 <quantity>7</quantity>
	 	 </request>
	 	 <request id="67" node="68">
	 	 	 <quantity>9</quantity>
	 	 </request>
	 	 <request id="68" node="69">
	 	 	 <quantity>10</quantity>
	 	 </request>
	 	 <request id="69" node="70">
	 	 	 <quantity>7</quantity>
	 	 </request>
	 	 <request id="70" node="71">
	 	 	 <quantity>6</quantity>
	 	 </request>
	 	 <request id="71" node="72">
	 	 	 <quantity>7</quantity>
	 	 </request>
	 	 <request id="72" node="73">
	 	 	 <quantity>9</quantity>
	 	 </request>
	 	 <request id="73" node="74">
	 	 	 <quantity>10</quantity>
	 	 </request>
	 	 <request id="74" node="75">
	 	 	 <quantity>9</quantity>
	 	 </request>
	 	 <request id="75" node="76">
	 	 	 <quantity>7</quantity>
	 	 </request>
	 	 <request id="76" node="77">
	 	 	 <quantity>10</quantity>
	 	 </request>
	 	 <request id="77" node="78">
	 	 	 <quantity>9</quantity>
	 	 </request>
	 	 <request id="78" node="79">
	 	 	 <quantity>9</quantity>
	 	 </request>
	 	 <request id="79" node="80">
	 	 	 <quantity>6</quantity>
	 	 </request>
	 	 <request id="80" node="81">
	 	 	 <quantity>7</quantity>
	 	 </request>
	 	 <request id="81" node="82">
	 	 	 <quantity>8</quantity>
	 	 </request>
	 	 <request id="82" node="83">
	 	 	 <quantity>6</quantity>
	 	 </request>
	 	 <request id="83" node="84">
	 	 	 <quantity>10</quantity>
	 	 </request>
	 	 <request id="84" node="85">
	 	 	 <quantity>6</quantity>
	 	 </request>
	 	 <request id="85" node="86">
	 	 	 <quantity>5</quantity>
	 	 </request>
	 	 <request id="86" node="87">
	 	 	 <quantity>5</quantity>
	 	 </request>
	 	 <request id="87" node="88">
	 	 	 <quantity>8</quantity>
	 	 </request>
	 	 <request id="88" node="89">
	 	 	 <quantity>8</quantity>
	 	 </request>
	 	 <request id="89" node="90">
	 	 	 <quantity>8</quantity>
	 	 </request>
	 	 <request id="90" node="91">
	 	 	 <quantity>5</quantity>
	 	 </request>
	 	 <request id="91" node="92">
	 	 	 <quantity>9</quantity>
	 	 </request>
	 	 <request id="92" node="93">
	 	 	 <quantity>8</quantity>
	 	 </request>
	 	 <request id="93" node="94">
	 	 	 <quantity>10</quantity>
	 	 </request>
	 	 <request id="94" node="95">
	 	 	 <quantity>5</quantity>
	 	 </request>
	 	 <request id="95" node="96">
	 	 	 <quantity>10</quantity>
	 	 </request>
	 	 <request id="96" node="97">
	 	 	 <quantity>9</quantity>
	 	 </request>
	 	 <request id="97" node="98">
	 	 	 <quantity>5</quantity>
	 	 </request>
	 	 <request id="98" node="99">
	 	 	 <quantity>6</quantity>
	 	 </request>
	 	 <request id="99" node="100">
	 	 	 <quantity>6</quantity>
	 	 </request>
	 	 <request id="100" node="101">
	 	 	 <quantity>7</quantity>
	 	 </request>
	 	 <request id="101" node="102">
	 	 	 <quantity>10</quantity>
	 	 </request>
	 	 <request id="102" node="103">
	 	 	 <quantity>10</quantity>
	 	 </request>
	 	 <request id="103" node="104">
	 	 	 <quantity>6</quantity>
	 	 </request>
	 	 <request id="104" node="105">
	 	 	 <quantity>10</quantity>
	 	 </request>
	 	 <request id="105" node="106">
	 	 	 <quantity>10</quantity>
	 	 </request>
	 	 <request id="106" node="107">
	 	 	 <quantity>5</quantity>
	 	 </request>
	 	 <request id="107" node="108">
	 	 	 <quantity>6</quantity>
	 	 </request>
	 	 <request id="108" node="109">
	 	 	 <quantity>9</quantity>
	 	 </request>
	 	 <request id="109" node="110">
	 	 	 <quantity>7</quantity>
	 	 </request>
	 	 <request id="110" node="111">
	 	 	 <quantity>10</quantity>
	 	 </request>
	 	 <request id="111" node="112">
	 	 	 <quantity>9</quantity>
	 	 </request>
	 	 <request id="112" node="113">
	 	 	 <quantity>6</quantity>
	 	 </request>
	 	 <request id="113" node="114">
	 	 	 <quantity>5</quantity>
	 	 </request>
	 	 <request id="114" node="115">
	 	 	 <quantity>7</quantity>
	 	 </request>
	 	 <request id="115" node="116">
	 	 	 <quantity>7</quantity>
	 	 </request>
	 	 <request id="116" node="117">
	 	 	 <quantity>5</quantity>
	 	 </request>
	 	 <request id="117" node="118">
	 	 	 <quantity>6</quantity>
	 	 </request>
	 	 <request id="118" node="119">
	 	 	 <quantity>5</quantity>
	 	 </request>
	 	 <request id="119" node="120">
	 	 	 <quantity>6</quantity>
	 	 </request>
	 	 <request id="120" node="121">
	 	 	 <quantity>10</quantity>
	 	 </request>
	 	 <request id="121" node="122">
	 	 	 <quantity>8</quantity>
	 	 </request>
	 	 <request id="122" node="123">
	 	 	 <quantity>7</quantity>
	 	 </request>
	 	 <request id="123" node="124">
	 	 	 <quantity>10</quantity>
	 	 </request>
	 	 <request id="124" node="125">
	 	 	 <quantity>8</quantity>
	 	 </request>
	 	 <request id="125" node="126">
	 	 	 <quantity>7</quantity>
	 	 </request>
	 	 <request id="126" node="127">
	 	 	 <quantity>9</quantity>
	 	 </request>
	 	 <request id="127" node="128">
	 	 	 <quantity>10</quantity>
	 	 </request>
	 	 <request id="128" node="129">
	 	 	 <quantity>7</quantity>
	 	 </request>
	 	 <request id="129" node="130">
	 	 	 <quantity>7</quantity>
	 	 </request>
	 	 <request id="130" node="131">
	 	 	 <quantity>10</quantity>
	 	 </request>
	 	 <request id="131" node="132">
	 	 	 <quantity>8</quantity>
	 	 </request>
	 	 <request id="132" node="133">
	 	 	 <quantity>10</quantity>
	 	 </request>
	 	 <request id="133" node="134">
	 	 	 <quantity>8</quantity>
	 	 </request>
	 	 <request id="134" node="135">
	 	 	 <quantity>6</quantity>
	 	 </request>
	 	 <request id="135" node="136">
	 	 	 <quantity>10</quantity>
	 	 </request>
	 	 <request id="136" node="137">
	 	 	 <quantity>7</quantity>
	 	 </request>
	 	 <request id="137" node="138">
	 	 	 <quantity>9</quantity>
	 	 </request>
	 	 <request id="138" node="139">
	 	 	 <quantity>5</quantity>
	 	 </request>
	 	 <request id="139" node="140">
	 	 	 <quantity>10</quantity>
	 	 </request>
	 	 <request id="140" node="141">
	 	 	 <quantity>8</quantity>
	 	 </request>
	 	 <request id="141" node="142">
	 	 	 <quantity>9</quantity>
	 	 </request>
	 	 <request id="142" node="143">
	 	 	 <quantity>7</quantity>
	 	 </request>
	 	 <request id="143" node="144">
	 	 	 <quantity>7</quantity>
	 	 </request>
	 	 <request id="144" node="145">
	 	 	 <quantity>7</quantity>
	 	 </request>
	 	 <request id="145" node="146">
	 	 	 <quantity>6</quantity>
	 	 </request>
	 	 <request id="146" node="147">
	 	 	 <quantity>8</quantity>
	 	 </request>
	 	 <request id="147" node="148">
	 	 	 <quantity>10</quantity>
	 	 </request>
	 	 <request id="148" node="149">
	 	 	 <quantity>7</quantity>
	 	 </request>
	 	 <request id="149" node="150">
	 	 	 <quantity>6</quantity>
	 	 </request>
	 	 <request id="150" node="151">
	 	 	 <quantity>5</quantity>
	 	 </request>
	 	 <request id="151" node="152">
	 	 	 <quantity>7</quantity>
	 	 </request>
	 	 <request id="152" node="153">
	 	 	 <quantity>7</quantity>
	 	 </request>
	 	 <request id="153" node="154">
	 	 	 <quantity>7</quantity>
	 	 </request>
	 	 <request id="154" node="155">
	 	 	 <quantity>7</quantity>
	 	 </request>
	 	 <request id="155" node="156">
	 	 	 <quantity>7</quantity>
	 	 </request>
	 	 <request id="156" node="157">
	 	 	 <quantity>8</quantity>
	 	 </request>
	 	 <request id="157" node="158">
	 	 	 <quantity>5</quantity>
	 	 </request>
	 	 <request id="158" node="159">
	 	 	 <quantity>7</quantity>
	 	 </request>
	 	 <request id="159" node="160">
	 	 	 <quantity>10</quantity>
	 	 </request>
	 	 <request id="160" node="161">
	 	 	 <quantity>8</quantity>
	 	 </request>
	 	 <request id="161" node="162">
	 	 	 <quantity>5</quantity>
	 	 </request>
	 	 <request id="162" node="163">
	 	 	 <quantity>5</quantity>
	 	 </request>
	 	 <request id="163" node="164">
	 	 	 <quantity>5</quantity>
	 	 </request>
	 	 <request id="164" node="165">
	 	 	 <quantity>7</quantity>
	 	 </request>
	 	 <request id="165" node="166">
	 	 	 <quantity>9</quantity>
	 	 </request>
	 	 <request id="166" node="167">
	 	 	 <quantity>10</quantity>
	 	 </request>
	 	 <request id="167" node="168">
	 	 	 <quantity>8</quantity>
	 	 </request>
	 	 <request id="168" node="169">
	 	 	 <quantity>9</quantity>
	 	 </request>
	 	 <request id="169" node="170">
	 	 	 <quantity>7</quantity>
	 	 </request>
	 	 <request id="170" node="171">
	 	 	 <quantity>8</quantity>
	 	 </request>
	 	 <request id="171" node="172">
	 	 	 <quantity>7</quantity>
	 	 </request>
	 	 <request id="172" node="173">
	 	 	 <quantity>8</quantity>
	 	 </request>
	 	 <request id="173" node="174">
	 	 	 <quantity>7</quantity>
	 	 </request>
	 	 <request id="174" node="175">
	 	 	 <quantity>9</quantity>
	 	 </request>
	 	 <request id="175" node="176">
	 	 	 <quantity>10</quantity>
	 	 </request>
	 	 <request id="176" node="177">
	 	 	 <quantity>10</quantity>
	 	 </request>
	 	 <request id="177" node="178">
	 	 	 <quantity>7</quantity>
	 	 </request>
	 	 <request id="178" node="179">
	 	 	 <quantity>7</quantity>
	 	 </request>
	 	 <request id="179" node="180">
	 	 	 <quantity>9</quantity>
	 	 </request>
	 	 <request id="180" node="181">
	 	 	 <quantity>10</quantity>
	 	 </request>
	 	 <request id="181" node="182">
	 	 	 <quantity>9</quantity>
	 	 </request>
	 	 <request id="182" node="183">
	 	 	 <quantity>10</quantity>
	 	 </request>
	 	 <request id="183" node="184">
	 	 	 <quantity>10</quantity>
	 	 </request>
	 	 <request id="184" node="185">
	 	 	 <quantity>6</quantity>
	 	 </request>
	 	 <request id="185" node="186">
	 	 	 <quantity>7</quantity>
	 	 </request>
	 	 <request id="186" node="187">
	 	 	 <quantity>7</quantity>
	 	 </request>
	 	 <request id="187" node="188">
	 	 	 <quantity>9</quantity>
	 	 </request>
	 	 <request id="188" node="189">
	 	 	 <quantity>8</quantity>
	 	 </request>
	 	 <request id="189" node="190">
	 	 	 <quantity>7</quantity>
	 	 </request>
	 	 <request id="190" node="191">
	 	 	 <quantity>7</quantity>
	 	 </request>
	 	 <request id="191" node="192">
	 	 	 <quantity>9</quantity>
	 	 </request>
	 	 <request id="192" node="193">
	 	 	 <quantity>6</quantity>
	 	 </request>
	 	 <request id="193" node="194">
	 	 	 <quantity>6</quantity>
	 	 </request>
	 	 <request id="194" node="195">
	 	 	 <quantity>5</quantity>
	 	 </request>
	 	 <request id="195" node="196">
	 	 	 <quantity>10</quantity>
	 	 </request>
	 	 <request id="196" node="197">
	 	 	 <quantity>8</quantity>
	 	 </request>
	 	 <request id="197" node="198">
	 	 	 <quantity>5</quantity>
	 	 </request>
	 	 <request id="198" node="199">
	 	 	 <quantity>5</quantity>
	 	 </request>
	 	 <request id="199" node="200">
	 	 	 <quantity>9</quantity>
	 	 </request>
	 	 <request id="200" node="201">
	 	 	 <quantity>6</quantity>
	 	 </request>
	 	 <request id="201" node="202">
	 	 	 <quantity>6</quantity>
	 	 </request>
	 	 <request id="202" node="203">
	 	 	 <quantity>10</quantity>
	 	 </request>
	 	 <request id="203" node="204">
	 	 	 <quantity>8</quantity>
	 	 </request>
	 	 <request id="204" node="205">
	 	 	 <quantity>6</quantity>
	 	 </request>
	 	 <request id="205" node="206">
	 	 	 <quantity>6</quantity>
	 	 </request>
	 	 <request id="206" node="207">
	 	 	 <quantity>7</quantity>
	 	 </request>
	 	 <request id="207" node="208">
	 	 	 <quantity>7</quantity>
	 	 </request>
	 	 <request id="208" node="209">
	 	 	 <quantity>5</quantity>
	 	 </request>
	 	 <request id="209" node="210">
	 	 	 <quantity>8</quantity>
	 	 </request>
	 	 <request id="210" node="211">
	 	 	 <quantity>8</quantity>
	 	 </request>
	 	 <request id="211" node="212">
	 	 	 <quantity>6</quantity>
	 	 </request>
	 	 <request id="212" node="213">
	 	 	 <quantity>8</quantity>
	 	 </request>
	 	 <request id="213" node="214">
	 	 	 <quantity>6</quantity>
	 	 </request>
	 	 <request id="214" node="215">
	 	 	 <quantity>10</quantity>
	 	 </request>
	 	 <request id="215" node="216">
	 	 	 <quantity>8</quantity>
	 	 </request>
	 	 <request id="216" node="217">
	 	 	 <quantity>9</quantity>
	 	 </request>
	 	 <request id="217" node="218">
	 	 	 <quantity>7</quantity>
	 	 </request>
	 	 <request id="218" node="219">
	 	 	 <quantity>6</quantity>
	 	 </request>
	 	 <request id="219" node="220">
	 	 	 <quantity>7</quantity>
	 	 </request>
	 	 <request id="220" node="221">
	 	 	 <quantity>5</quantity>
	 	 </request>
	 	 <request id="221" node="222">
	 	 	 <quantity>5</quantity>
	 	 </request>
	 	 <request id="222" node="223">
	 	 	 <quantity>7</quantity>
	 	 </request>
	 	 <request id="223" node="224">
	 	 	 <quantity>7</quantity>
	 	 </request>
	 	 <request id="224" node="225">
	 	 	 <quantity>10</quantity>
	 	 </request>
	 	 <request id="225" node="226">
	 	 	 <quantity>10</quantity>
	 	 </request>
	 	 <request id="226" node="227">
	 	 	 <quantity>8</quantity>
	 	 </request>
	 	 <request id="227" node="228">
	 	 	 <quantity>10</quantity>
	 	 </request>
	 	 <request id="228" node="229">
	 	 	 <quantity>6</quantity>
	 	 </request>
	 	 <request id="229" node="230">
	 	 	 <quantity>7</quantity>
	 	 </request>
	 	 <request id="230" node="231">
	 	 	 <quantity>9</quantity>
	 	 </request>
	 	 <request id="231" node="232">
	 	 	 <quantity>9</quantity>
	 	 </request>
	 	 <request id="232" node="233">
	 	 	 <quantity>10</quantity>
	 	 </request>
	 	 <request id="233" node="234">
	 	 	 <quantity>7</quantity>
	 	 </request>
	 	 <request id="234" node="235">
	 	 	 <quantity>9</quantity>
	 	 </request>
	 	 <request id="235" node="236">
	 	 	 <quantity>9</quantity>
	 	 </request>
	 	 <request id="236" node="237">
	 	 	 <quantity>7</quantity>
	 	 </request>
	 	 <request id="237" node="238">
	 	 	 <quantity>9</quantity>
	 	 </request>
	 	 <request id="238" node="239">
	 	 	 <quantity>6</quantity>
	 	 </request>
	 	 <request id="239" node="240">
	 	 	 <quantity>7</quantity>
	 	 </request>
	 	 <request id="240" node="241">
	 	 	 <quantity>7</quantity>
	 	 </request>
	 	 <request id="241" node="242">
	 	 	 <quantity>10</quantity>
	 	 </request>
	 	 <request id="242" node="243">
	 	 	 <quantity>6</quantity>
	 	 </request>
	 	 <request id="243" node="244">
	 	 	 <quantity>9</quantity>
	 	 </request>
	 	 <request id="244" node="245">
	 	 	 <quantity>5</quantity>
	 	 </request>
	 	 <request id="245" node="246">
	 	 	 <quantity>8</quantity>
	 	 </request>
	 	 <request id="246" node="247">
	 	 	 <quantity>10</quantity>
	 	 </request>
	 	 <request id="247" node="248">
	 	 	 <quantity>6</quantity>
	 	 </request>
	 	 <request id="248" node="249">
	 	 	 <quantity>6</quantity>
	 	 </request>
	 	 <request id="249" node="250">
	 	 	 <quantity>10</quantity>
	 	 </request>
	 	 <request id="250" node="251">
	 	 	 <quantity>6</quantity>
	 	 </request>
	 	 <request id="251" node="252">
	 	 	 <quantity>8</quantity>
	 	 </request>
	 	 <request id="252" node="253">
	 	 	 <quantity>5</quantity>
	 	 </request>
	 	 <request id="253" node="254">
	 	 	 <quantity>9</quantity>
	 	 </request>
	 	 <request id="254" node="255">
	 	 	 <quantity>9</quantity>
	 	 </request>
	 	 <request id="255" node="256">
	 	 	 <quantity>9</quantity>
	 	 </request>
	 	 <request id="256" node="257">
	 	 	 <quantity>8</quantity>
	 	 </request>
	 	 <request id="257" node="258">
	 	 	 <quantity>7</quantity>
	 	 </request>
	 	 <request id="258" node="259">
	 	 	 <quantity>10</quantity>
	 	 </request>
	 	 <request id="259" node="260">
	 	 	 <quantity>5</quantity>
	 	 </request>
	 	 <request id="260" node="261">
	 	 	 <quantity>5</quantity>
	 	 </request>
	 	 <request id="261" node="262">
	 	 	 <quantity>6</quantity>
	 	 </request>
	 	 <request id="262" node="263">
	 	 	 <quantity>5</quantity>
	 	 </request>
	 	 <request id="263" node="264">
	 	 	 <quantity>6</quantity>
	 	 </request>
	 	 <request id="264" node="265">
	 	 	 <quantity>6</quantity>
	 	 </request>
	 	 <request id="265" node="266">
	 	 	 <quantity>10</quantity>
	 	 </request>
	 </requests>
</instance>
