<?xml version="1.0" encoding="UTF-8" standalone="yes"?>
<instance>
	<info>
	 	<dataset>Uchoa 2014 — Set X</dataset>
	 	<name>X-n359-k29</name>
	</info>
	<network>
	 	<nodes>
	 	 	<node id="1" type="1">
	 	 	 	<cx>0</cx>
	 	 	 	<cy>0</cy>
	 	 	</node>
	 	 	<node id="2" type="1">
	 	 	 	<cx>865</cx>
	 	 	 	<cy>693</cy>
	 	 	</node>
	 	 	<node id="3" type="1">
	 	 	 	<cx>633</cx>
	 	 	 	<cy>220</cy>
	 	 	</node>
	 	 	<node id="4" type="1">
	 	 	 	<cx>173</cx>
	 	 	 	<cy>361</cy>
	 	 	</node>
	 	 	<node id="5" type="1">
	 	 	 	<cx>89</cx>
	 	 	 	<cy>714</cy>
	 	 	</node>
	 	 	<node id="6" type="1">
	 	 	 	<cx>350</cx>
	 	 	 	<cy>102</cy>
	 	 	</node>
	 	 	<node id="7" type="1">
	 	 	 	<cx>301</cx>
	 	 	 	<cy>24</cy>
	 	 	</node>
	 	 	<node id="8" type="1">
	 	 	 	<cx>834</cx>
	 	 	 	<cy>663</cy>
	 	 	</node>
	 	 	<node id="9" type="1">
	 	 	 	<cx>841</cx>
	 	 	 	<cy>997</cy>
	 	 	</node>
	 	 	<node id="10" type="1">
	 	 	 	<cx>394</cx>
	 	 	 	<cy>790</cy>
	 	 	</node>
	 	 	<node id="11" type="1">
	 	 	 	<cx>276</cx>
	 	 	 	<cy>488</cy>
	 	 	</node>
	 	 	<node id="12" type="1">
	 	 	 	<cx>779</cx>
	 	 	 	<cy>312</cy>
	 	 	</node>
	 	 	<node id="13" type="1">
	 	 	 	<cx>939</cx>
	 	 	 	<cy>66</cy>
	 	 	</node>
	 	 	<node id="14" type="1">
	 	 	 	<cx>595</cx>
	 	 	 	<cy>462</cy>
	 	 	</node>
	 	 	<node id="15" type="1">
	 	 	 	<cx>940</cx>
	 	 	 	<cy>964</cy>
	 	 	</node>
	 	 	<node id="16" type="1">
	 	 	 	<cx>459</cx>
	 	 	 	<cy>459</cy>
	 	 	</node>
	 	 	<node id="17" type="1">
	 	 	 	<cx>432</cx>
	 	 	 	<cy>280</cy>
	 	 	</node>
	 	 	<node id="18" type="1">
	 	 	 	<cx>379</cx>
	 	 	 	<cy>338</cy>
	 	 	</node>
	 	 	<node id="19" type="1">
	 	 	 	<cx>128</cx>
	 	 	 	<cy>439</cy>
	 	 	</node>
	 	 	<node id="20" type="1">
	 	 	 	<cx>401</cx>
	 	 	 	<cy>22</cy>
	 	 	</node>
	 	 	<node id="21" type="1">
	 	 	 	<cx>69</cx>
	 	 	 	<cy>887</cy>
	 	 	</node>
	 	 	<node id="22" type="1">
	 	 	 	<cx>499</cx>
	 	 	 	<cy>657</cy>
	 	 	</node>
	 	 	<node id="23" type="1">
	 	 	 	<cx>633</cx>
	 	 	 	<cy>46</cy>
	 	 	</node>
	 	 	<node id="24" type="1">
	 	 	 	<cx>713</cx>
	 	 	 	<cy>182</cy>
	 	 	</node>
	 	 	<node id="25" type="1">
	 	 	 	<cx>806</cx>
	 	 	 	<cy>525</cy>
	 	 	</node>
	 	 	<node id="26" type="1">
	 	 	 	<cx>540</cx>
	 	 	 	<cy>169</cy>
	 	 	</node>
	 	 	<node id="27" type="1">
	 	 	 	<cx>696</cx>
	 	 	 	<cy>559</cy>
	 	 	</node>
	 	 	<node id="28" type="1">
	 	 	 	<cx>577</cx>
	 	 	 	<cy>888</cy>
	 	 	</node>
	 	 	<node id="29" type="1">
	 	 	 	<cx>298</cx>
	 	 	 	<cy>725</cy>
	 	 	</node>
	 	 	<node id="30" type="1">
	 	 	 	<cx>410</cx>
	 	 	 	<cy>644</cy>
	 	 	</node>
	 	 	<node id="31" type="1">
	 	 	 	<cx>512</cx>
	 	 	 	<cy>889</cy>
	 	 	</node>
	 	 	<node id="32" type="1">
	 	 	 	<cx>756</cx>
	 	 	 	<cy>352</cy>
	 	 	</node>
	 	 	<node id="33" type="1">
	 	 	 	<cx>405</cx>
	 	 	 	<cy>407</cy>
	 	 	</node>
	 	 	<node id="34" type="1">
	 	 	 	<cx>850</cx>
	 	 	 	<cy>365</cy>
	 	 	</node>
	 	 	<node id="35" type="1">
	 	 	 	<cx>731</cx>
	 	 	 	<cy>588</cy>
	 	 	</node>
	 	 	<node id="36" type="1">
	 	 	 	<cx>90</cx>
	 	 	 	<cy>553</cy>
	 	 	</node>
	 	 	<node id="37" type="1">
	 	 	 	<cx>691</cx>
	 	 	 	<cy>383</cy>
	 	 	</node>
	 	 	<node id="38" type="1">
	 	 	 	<cx>926</cx>
	 	 	 	<cy>631</cy>
	 	 	</node>
	 	 	<node id="39" type="1">
	 	 	 	<cx>955</cx>
	 	 	 	<cy>351</cy>
	 	 	</node>
	 	 	<node id="40" type="1">
	 	 	 	<cx>998</cx>
	 	 	 	<cy>736</cy>
	 	 	</node>
	 	 	<node id="41" type="1">
	 	 	 	<cx>921</cx>
	 	 	 	<cy>854</cy>
	 	 	</node>
	 	 	<node id="42" type="1">
	 	 	 	<cx>532</cx>
	 	 	 	<cy>257</cy>
	 	 	</node>
	 	 	<node id="43" type="1">
	 	 	 	<cx>238</cx>
	 	 	 	<cy>513</cy>
	 	 	</node>
	 	 	<node id="44" type="1">
	 	 	 	<cx>976</cx>
	 	 	 	<cy>912</cy>
	 	 	</node>
	 	 	<node id="45" type="1">
	 	 	 	<cx>565</cx>
	 	 	 	<cy>912</cy>
	 	 	</node>
	 	 	<node id="46" type="1">
	 	 	 	<cx>893</cx>
	 	 	 	<cy>74</cy>
	 	 	</node>
	 	 	<node id="47" type="1">
	 	 	 	<cx>590</cx>
	 	 	 	<cy>548</cy>
	 	 	</node>
	 	 	<node id="48" type="1">
	 	 	 	<cx>99</cx>
	 	 	 	<cy>355</cy>
	 	 	</node>
	 	 	<node id="49" type="1">
	 	 	 	<cx>294</cx>
	 	 	 	<cy>39</cy>
	 	 	</node>
	 	 	<node id="50" type="1">
	 	 	 	<cx>58</cx>
	 	 	 	<cy>429</cy>
	 	 	</node>
	 	 	<node id="51" type="1">
	 	 	 	<cx>471</cx>
	 	 	 	<cy>573</cy>
	 	 	</node>
	 	 	<node id="52" type="1">
	 	 	 	<cx>520</cx>
	 	 	 	<cy>109</cy>
	 	 	</node>
	 	 	<node id="53" type="1">
	 	 	 	<cx>486</cx>
	 	 	 	<cy>611</cy>
	 	 	</node>
	 	 	<node id="54" type="1">
	 	 	 	<cx>409</cx>
	 	 	 	<cy>682</cy>
	 	 	</node>
	 	 	<node id="55" type="1">
	 	 	 	<cx>296</cx>
	 	 	 	<cy>843</cy>
	 	 	</node>
	 	 	<node id="56" type="1">
	 	 	 	<cx>970</cx>
	 	 	 	<cy>479</cy>
	 	 	</node>
	 	 	<node id="57" type="1">
	 	 	 	<cx>717</cx>
	 	 	 	<cy>390</cy>
	 	 	</node>
	 	 	<node id="58" type="1">
	 	 	 	<cx>152</cx>
	 	 	 	<cy>711</cy>
	 	 	</node>
	 	 	<node id="59" type="1">
	 	 	 	<cx>934</cx>
	 	 	 	<cy>255</cy>
	 	 	</node>
	 	 	<node id="60" type="1">
	 	 	 	<cx>257</cx>
	 	 	 	<cy>539</cy>
	 	 	</node>
	 	 	<node id="61" type="1">
	 	 	 	<cx>270</cx>
	 	 	 	<cy>31</cy>
	 	 	</node>
	 	 	<node id="62" type="1">
	 	 	 	<cx>823</cx>
	 	 	 	<cy>409</cy>
	 	 	</node>
	 	 	<node id="63" type="1">
	 	 	 	<cx>203</cx>
	 	 	 	<cy>849</cy>
	 	 	</node>
	 	 	<node id="64" type="1">
	 	 	 	<cx>770</cx>
	 	 	 	<cy>627</cy>
	 	 	</node>
	 	 	<node id="65" type="1">
	 	 	 	<cx>630</cx>
	 	 	 	<cy>581</cy>
	 	 	</node>
	 	 	<node id="66" type="1">
	 	 	 	<cx>786</cx>
	 	 	 	<cy>186</cy>
	 	 	</node>
	 	 	<node id="67" type="1">
	 	 	 	<cx>380</cx>
	 	 	 	<cy>300</cy>
	 	 	</node>
	 	 	<node id="68" type="1">
	 	 	 	<cx>973</cx>
	 	 	 	<cy>847</cy>
	 	 	</node>
	 	 	<node id="69" type="1">
	 	 	 	<cx>985</cx>
	 	 	 	<cy>975</cy>
	 	 	</node>
	 	 	<node id="70" type="1">
	 	 	 	<cx>732</cx>
	 	 	 	<cy>465</cy>
	 	 	</node>
	 	 	<node id="71" type="1">
	 	 	 	<cx>690</cx>
	 	 	 	<cy>428</cy>
	 	 	</node>
	 	 	<node id="72" type="1">
	 	 	 	<cx>910</cx>
	 	 	 	<cy>568</cy>
	 	 	</node>
	 	 	<node id="73" type="1">
	 	 	 	<cx>725</cx>
	 	 	 	<cy>539</cy>
	 	 	</node>
	 	 	<node id="74" type="1">
	 	 	 	<cx>181</cx>
	 	 	 	<cy>186</cy>
	 	 	</node>
	 	 	<node id="75" type="1">
	 	 	 	<cx>814</cx>
	 	 	 	<cy>694</cy>
	 	 	</node>
	 	 	<node id="76" type="1">
	 	 	 	<cx>702</cx>
	 	 	 	<cy>927</cy>
	 	 	</node>
	 	 	<node id="77" type="1">
	 	 	 	<cx>946</cx>
	 	 	 	<cy>492</cy>
	 	 	</node>
	 	 	<node id="78" type="1">
	 	 	 	<cx>984</cx>
	 	 	 	<cy>305</cy>
	 	 	</node>
	 	 	<node id="79" type="1">
	 	 	 	<cx>385</cx>
	 	 	 	<cy>696</cy>
	 	 	</node>
	 	 	<node id="80" type="1">
	 	 	 	<cx>48</cx>
	 	 	 	<cy>323</cy>
	 	 	</node>
	 	 	<node id="81" type="1">
	 	 	 	<cx>944</cx>
	 	 	 	<cy>440</cy>
	 	 	</node>
	 	 	<node id="82" type="1">
	 	 	 	<cx>813</cx>
	 	 	 	<cy>293</cy>
	 	 	</node>
	 	 	<node id="83" type="1">
	 	 	 	<cx>490</cx>
	 	 	 	<cy>676</cy>
	 	 	</node>
	 	 	<node id="84" type="1">
	 	 	 	<cx>729</cx>
	 	 	 	<cy>923</cy>
	 	 	</node>
	 	 	<node id="85" type="1">
	 	 	 	<cx>719</cx>
	 	 	 	<cy>883</cy>
	 	 	</node>
	 	 	<node id="86" type="1">
	 	 	 	<cx>675</cx>
	 	 	 	<cy>637</cy>
	 	 	</node>
	 	 	<node id="87" type="1">
	 	 	 	<cx>167</cx>
	 	 	 	<cy>14</cy>
	 	 	</node>
	 	 	<node id="88" type="1">
	 	 	 	<cx>98</cx>
	 	 	 	<cy>159</cy>
	 	 	</node>
	 	 	<node id="89" type="1">
	 	 	 	<cx>476</cx>
	 	 	 	<cy>709</cy>
	 	 	</node>
	 	 	<node id="90" type="1">
	 	 	 	<cx>402</cx>
	 	 	 	<cy>339</cy>
	 	 	</node>
	 	 	<node id="91" type="1">
	 	 	 	<cx>911</cx>
	 	 	 	<cy>734</cy>
	 	 	</node>
	 	 	<node id="92" type="1">
	 	 	 	<cx>590</cx>
	 	 	 	<cy>230</cy>
	 	 	</node>
	 	 	<node id="93" type="1">
	 	 	 	<cx>122</cx>
	 	 	 	<cy>698</cy>
	 	 	</node>
	 	 	<node id="94" type="1">
	 	 	 	<cx>154</cx>
	 	 	 	<cy>418</cy>
	 	 	</node>
	 	 	<node id="95" type="1">
	 	 	 	<cx>165</cx>
	 	 	 	<cy>998</cy>
	 	 	</node>
	 	 	<node id="96" type="1">
	 	 	 	<cx>217</cx>
	 	 	 	<cy>599</cy>
	 	 	</node>
	 	 	<node id="97" type="1">
	 	 	 	<cx>766</cx>
	 	 	 	<cy>21</cy>
	 	 	</node>
	 	 	<node id="98" type="1">
	 	 	 	<cx>922</cx>
	 	 	 	<cy>407</cy>
	 	 	</node>
	 	 	<node id="99" type="1">
	 	 	 	<cx>831</cx>
	 	 	 	<cy>607</cy>
	 	 	</node>
	 	 	<node id="100" type="1">
	 	 	 	<cx>70</cx>
	 	 	 	<cy>494</cy>
	 	 	</node>
	 	 	<node id="101" type="1">
	 	 	 	<cx>220</cx>
	 	 	 	<cy>740</cy>
	 	 	</node>
	 	 	<node id="102" type="1">
	 	 	 	<cx>19</cx>
	 	 	 	<cy>855</cy>
	 	 	</node>
	 	 	<node id="103" type="1">
	 	 	 	<cx>759</cx>
	 	 	 	<cy>507</cy>
	 	 	</node>
	 	 	<node id="104" type="1">
	 	 	 	<cx>818</cx>
	 	 	 	<cy>409</cy>
	 	 	</node>
	 	 	<node id="105" type="1">
	 	 	 	<cx>503</cx>
	 	 	 	<cy>304</cy>
	 	 	</node>
	 	 	<node id="106" type="1">
	 	 	 	<cx>595</cx>
	 	 	 	<cy>827</cy>
	 	 	</node>
	 	 	<node id="107" type="1">
	 	 	 	<cx>254</cx>
	 	 	 	<cy>282</cy>
	 	 	</node>
	 	 	<node id="108" type="1">
	 	 	 	<cx>205</cx>
	 	 	 	<cy>607</cy>
	 	 	</node>
	 	 	<node id="109" type="1">
	 	 	 	<cx>331</cx>
	 	 	 	<cy>57</cy>
	 	 	</node>
	 	 	<node id="110" type="1">
	 	 	 	<cx>118</cx>
	 	 	 	<cy>404</cy>
	 	 	</node>
	 	 	<node id="111" type="1">
	 	 	 	<cx>576</cx>
	 	 	 	<cy>658</cy>
	 	 	</node>
	 	 	<node id="112" type="1">
	 	 	 	<cx>558</cx>
	 	 	 	<cy>611</cy>
	 	 	</node>
	 	 	<node id="113" type="1">
	 	 	 	<cx>629</cx>
	 	 	 	<cy>732</cy>
	 	 	</node>
	 	 	<node id="114" type="1">
	 	 	 	<cx>893</cx>
	 	 	 	<cy>182</cy>
	 	 	</node>
	 	 	<node id="115" type="1">
	 	 	 	<cx>435</cx>
	 	 	 	<cy>1000</cy>
	 	 	</node>
	 	 	<node id="116" type="1">
	 	 	 	<cx>279</cx>
	 	 	 	<cy>715</cy>
	 	 	</node>
	 	 	<node id="117" type="1">
	 	 	 	<cx>20</cx>
	 	 	 	<cy>953</cy>
	 	 	</node>
	 	 	<node id="118" type="1">
	 	 	 	<cx>548</cx>
	 	 	 	<cy>774</cy>
	 	 	</node>
	 	 	<node id="119" type="1">
	 	 	 	<cx>496</cx>
	 	 	 	<cy>813</cy>
	 	 	</node>
	 	 	<node id="120" type="1">
	 	 	 	<cx>349</cx>
	 	 	 	<cy>474</cy>
	 	 	</node>
	 	 	<node id="121" type="1">
	 	 	 	<cx>335</cx>
	 	 	 	<cy>732</cy>
	 	 	</node>
	 	 	<node id="122" type="1">
	 	 	 	<cx>540</cx>
	 	 	 	<cy>305</cy>
	 	 	</node>
	 	 	<node id="123" type="1">
	 	 	 	<cx>878</cx>
	 	 	 	<cy>245</cy>
	 	 	</node>
	 	 	<node id="124" type="1">
	 	 	 	<cx>827</cx>
	 	 	 	<cy>211</cy>
	 	 	</node>
	 	 	<node id="125" type="1">
	 	 	 	<cx>104</cx>
	 	 	 	<cy>976</cy>
	 	 	</node>
	 	 	<node id="126" type="1">
	 	 	 	<cx>656</cx>
	 	 	 	<cy>920</cy>
	 	 	</node>
	 	 	<node id="127" type="1">
	 	 	 	<cx>648</cx>
	 	 	 	<cy>585</cy>
	 	 	</node>
	 	 	<node id="128" type="1">
	 	 	 	<cx>350</cx>
	 	 	 	<cy>517</cy>
	 	 	</node>
	 	 	<node id="129" type="1">
	 	 	 	<cx>62</cx>
	 	 	 	<cy>979</cy>
	 	 	</node>
	 	 	<node id="130" type="1">
	 	 	 	<cx>508</cx>
	 	 	 	<cy>277</cy>
	 	 	</node>
	 	 	<node id="131" type="1">
	 	 	 	<cx>334</cx>
	 	 	 	<cy>759</cy>
	 	 	</node>
	 	 	<node id="132" type="1">
	 	 	 	<cx>635</cx>
	 	 	 	<cy>743</cy>
	 	 	</node>
	 	 	<node id="133" type="1">
	 	 	 	<cx>649</cx>
	 	 	 	<cy>927</cy>
	 	 	</node>
	 	 	<node id="134" type="1">
	 	 	 	<cx>39</cx>
	 	 	 	<cy>50</cy>
	 	 	</node>
	 	 	<node id="135" type="1">
	 	 	 	<cx>411</cx>
	 	 	 	<cy>837</cy>
	 	 	</node>
	 	 	<node id="136" type="1">
	 	 	 	<cx>974</cx>
	 	 	 	<cy>509</cy>
	 	 	</node>
	 	 	<node id="137" type="1">
	 	 	 	<cx>504</cx>
	 	 	 	<cy>398</cy>
	 	 	</node>
	 	 	<node id="138" type="1">
	 	 	 	<cx>19</cx>
	 	 	 	<cy>430</cy>
	 	 	</node>
	 	 	<node id="139" type="1">
	 	 	 	<cx>810</cx>
	 	 	 	<cy>528</cy>
	 	 	</node>
	 	 	<node id="140" type="1">
	 	 	 	<cx>737</cx>
	 	 	 	<cy>202</cy>
	 	 	</node>
	 	 	<node id="141" type="1">
	 	 	 	<cx>972</cx>
	 	 	 	<cy>859</cy>
	 	 	</node>
	 	 	<node id="142" type="1">
	 	 	 	<cx>547</cx>
	 	 	 	<cy>622</cy>
	 	 	</node>
	 	 	<node id="143" type="1">
	 	 	 	<cx>413</cx>
	 	 	 	<cy>683</cy>
	 	 	</node>
	 	 	<node id="144" type="1">
	 	 	 	<cx>877</cx>
	 	 	 	<cy>471</cy>
	 	 	</node>
	 	 	<node id="145" type="1">
	 	 	 	<cx>600</cx>
	 	 	 	<cy>166</cy>
	 	 	</node>
	 	 	<node id="146" type="1">
	 	 	 	<cx>548</cx>
	 	 	 	<cy>346</cy>
	 	 	</node>
	 	 	<node id="147" type="1">
	 	 	 	<cx>558</cx>
	 	 	 	<cy>792</cy>
	 	 	</node>
	 	 	<node id="148" type="1">
	 	 	 	<cx>419</cx>
	 	 	 	<cy>734</cy>
	 	 	</node>
	 	 	<node id="149" type="1">
	 	 	 	<cx>639</cx>
	 	 	 	<cy>70</cy>
	 	 	</node>
	 	 	<node id="150" type="1">
	 	 	 	<cx>276</cx>
	 	 	 	<cy>341</cy>
	 	 	</node>
	 	 	<node id="151" type="1">
	 	 	 	<cx>534</cx>
	 	 	 	<cy>486</cy>
	 	 	</node>
	 	 	<node id="152" type="1">
	 	 	 	<cx>972</cx>
	 	 	 	<cy>672</cy>
	 	 	</node>
	 	 	<node id="153" type="1">
	 	 	 	<cx>542</cx>
	 	 	 	<cy>709</cy>
	 	 	</node>
	 	 	<node id="154" type="1">
	 	 	 	<cx>816</cx>
	 	 	 	<cy>858</cy>
	 	 	</node>
	 	 	<node id="155" type="1">
	 	 	 	<cx>82</cx>
	 	 	 	<cy>38</cy>
	 	 	</node>
	 	 	<node id="156" type="1">
	 	 	 	<cx>217</cx>
	 	 	 	<cy>733</cy>
	 	 	</node>
	 	 	<node id="157" type="1">
	 	 	 	<cx>466</cx>
	 	 	 	<cy>112</cy>
	 	 	</node>
	 	 	<node id="158" type="1">
	 	 	 	<cx>575</cx>
	 	 	 	<cy>165</cy>
	 	 	</node>
	 	 	<node id="159" type="1">
	 	 	 	<cx>902</cx>
	 	 	 	<cy>861</cy>
	 	 	</node>
	 	 	<node id="160" type="1">
	 	 	 	<cx>418</cx>
	 	 	 	<cy>631</cy>
	 	 	</node>
	 	 	<node id="161" type="1">
	 	 	 	<cx>771</cx>
	 	 	 	<cy>702</cy>
	 	 	</node>
	 	 	<node id="162" type="1">
	 	 	 	<cx>795</cx>
	 	 	 	<cy>46</cy>
	 	 	</node>
	 	 	<node id="163" type="1">
	 	 	 	<cx>138</cx>
	 	 	 	<cy>5</cy>
	 	 	</node>
	 	 	<node id="164" type="1">
	 	 	 	<cx>915</cx>
	 	 	 	<cy>845</cy>
	 	 	</node>
	 	 	<node id="165" type="1">
	 	 	 	<cx>520</cx>
	 	 	 	<cy>788</cy>
	 	 	</node>
	 	 	<node id="166" type="1">
	 	 	 	<cx>40</cx>
	 	 	 	<cy>301</cy>
	 	 	</node>
	 	 	<node id="167" type="1">
	 	 	 	<cx>896</cx>
	 	 	 	<cy>668</cy>
	 	 	</node>
	 	 	<node id="168" type="1">
	 	 	 	<cx>626</cx>
	 	 	 	<cy>118</cy>
	 	 	</node>
	 	 	<node id="169" type="1">
	 	 	 	<cx>979</cx>
	 	 	 	<cy>70</cy>
	 	 	</node>
	 	 	<node id="170" type="1">
	 	 	 	<cx>708</cx>
	 	 	 	<cy>244</cy>
	 	 	</node>
	 	 	<node id="171" type="1">
	 	 	 	<cx>729</cx>
	 	 	 	<cy>682</cy>
	 	 	</node>
	 	 	<node id="172" type="1">
	 	 	 	<cx>548</cx>
	 	 	 	<cy>962</cy>
	 	 	</node>
	 	 	<node id="173" type="1">
	 	 	 	<cx>117</cx>
	 	 	 	<cy>144</cy>
	 	 	</node>
	 	 	<node id="174" type="1">
	 	 	 	<cx>520</cx>
	 	 	 	<cy>207</cy>
	 	 	</node>
	 	 	<node id="175" type="1">
	 	 	 	<cx>145</cx>
	 	 	 	<cy>21</cy>
	 	 	</node>
	 	 	<node id="176" type="1">
	 	 	 	<cx>255</cx>
	 	 	 	<cy>152</cy>
	 	 	</node>
	 	 	<node id="177" type="1">
	 	 	 	<cx>107</cx>
	 	 	 	<cy>992</cy>
	 	 	</node>
	 	 	<node id="178" type="1">
	 	 	 	<cx>28</cx>
	 	 	 	<cy>34</cy>
	 	 	</node>
	 	 	<node id="179" type="1">
	 	 	 	<cx>107</cx>
	 	 	 	<cy>305</cy>
	 	 	</node>
	 	 	<node id="180" type="1">
	 	 	 	<cx>401</cx>
	 	 	 	<cy>230</cy>
	 	 	</node>
	 	 	<node id="181" type="1">
	 	 	 	<cx>824</cx>
	 	 	 	<cy>486</cy>
	 	 	</node>
	 	 	<node id="182" type="1">
	 	 	 	<cx>112</cx>
	 	 	 	<cy>589</cy>
	 	 	</node>
	 	 	<node id="183" type="1">
	 	 	 	<cx>529</cx>
	 	 	 	<cy>286</cy>
	 	 	</node>
	 	 	<node id="184" type="1">
	 	 	 	<cx>216</cx>
	 	 	 	<cy>3</cy>
	 	 	</node>
	 	 	<node id="185" type="1">
	 	 	 	<cx>347</cx>
	 	 	 	<cy>891</cy>
	 	 	</node>
	 	 	<node id="186" type="1">
	 	 	 	<cx>478</cx>
	 	 	 	<cy>247</cy>
	 	 	</node>
	 	 	<node id="187" type="1">
	 	 	 	<cx>778</cx>
	 	 	 	<cy>364</cy>
	 	 	</node>
	 	 	<node id="188" type="1">
	 	 	 	<cx>28</cx>
	 	 	 	<cy>601</cy>
	 	 	</node>
	 	 	<node id="189" type="1">
	 	 	 	<cx>82</cx>
	 	 	 	<cy>639</cy>
	 	 	</node>
	 	 	<node id="190" type="1">
	 	 	 	<cx>465</cx>
	 	 	 	<cy>157</cy>
	 	 	</node>
	 	 	<node id="191" type="1">
	 	 	 	<cx>391</cx>
	 	 	 	<cy>879</cy>
	 	 	</node>
	 	 	<node id="192" type="1">
	 	 	 	<cx>202</cx>
	 	 	 	<cy>620</cy>
	 	 	</node>
	 	 	<node id="193" type="1">
	 	 	 	<cx>426</cx>
	 	 	 	<cy>897</cy>
	 	 	</node>
	 	 	<node id="194" type="1">
	 	 	 	<cx>214</cx>
	 	 	 	<cy>579</cy>
	 	 	</node>
	 	 	<node id="195" type="1">
	 	 	 	<cx>113</cx>
	 	 	 	<cy>474</cy>
	 	 	</node>
	 	 	<node id="196" type="1">
	 	 	 	<cx>627</cx>
	 	 	 	<cy>244</cy>
	 	 	</node>
	 	 	<node id="197" type="1">
	 	 	 	<cx>231</cx>
	 	 	 	<cy>754</cy>
	 	 	</node>
	 	 	<node id="198" type="1">
	 	 	 	<cx>177</cx>
	 	 	 	<cy>670</cy>
	 	 	</node>
	 	 	<node id="199" type="1">
	 	 	 	<cx>455</cx>
	 	 	 	<cy>163</cy>
	 	 	</node>
	 	 	<node id="200" type="1">
	 	 	 	<cx>65</cx>
	 	 	 	<cy>564</cy>
	 	 	</node>
	 	 	<node id="201" type="1">
	 	 	 	<cx>901</cx>
	 	 	 	<cy>548</cy>
	 	 	</node>
	 	 	<node id="202" type="1">
	 	 	 	<cx>487</cx>
	 	 	 	<cy>364</cy>
	 	 	</node>
	 	 	<node id="203" type="1">
	 	 	 	<cx>551</cx>
	 	 	 	<cy>304</cy>
	 	 	</node>
	 	 	<node id="204" type="1">
	 	 	 	<cx>199</cx>
	 	 	 	<cy>82</cy>
	 	 	</node>
	 	 	<node id="205" type="1">
	 	 	 	<cx>87</cx>
	 	 	 	<cy>556</cy>
	 	 	</node>
	 	 	<node id="206" type="1">
	 	 	 	<cx>121</cx>
	 	 	 	<cy>56</cy>
	 	 	</node>
	 	 	<node id="207" type="1">
	 	 	 	<cx>533</cx>
	 	 	 	<cy>339</cy>
	 	 	</node>
	 	 	<node id="208" type="1">
	 	 	 	<cx>318</cx>
	 	 	 	<cy>953</cy>
	 	 	</node>
	 	 	<node id="209" type="1">
	 	 	 	<cx>808</cx>
	 	 	 	<cy>521</cy>
	 	 	</node>
	 	 	<node id="210" type="1">
	 	 	 	<cx>469</cx>
	 	 	 	<cy>118</cy>
	 	 	</node>
	 	 	<node id="211" type="1">
	 	 	 	<cx>295</cx>
	 	 	 	<cy>874</cy>
	 	 	</node>
	 	 	<node id="212" type="1">
	 	 	 	<cx>56</cx>
	 	 	 	<cy>693</cy>
	 	 	</node>
	 	 	<node id="213" type="1">
	 	 	 	<cx>482</cx>
	 	 	 	<cy>218</cy>
	 	 	</node>
	 	 	<node id="214" type="1">
	 	 	 	<cx>216</cx>
	 	 	 	<cy>871</cy>
	 	 	</node>
	 	 	<node id="215" type="1">
	 	 	 	<cx>535</cx>
	 	 	 	<cy>245</cy>
	 	 	</node>
	 	 	<node id="216" type="1">
	 	 	 	<cx>842</cx>
	 	 	 	<cy>471</cy>
	 	 	</node>
	 	 	<node id="217" type="1">
	 	 	 	<cx>503</cx>
	 	 	 	<cy>305</cy>
	 	 	</node>
	 	 	<node id="218" type="1">
	 	 	 	<cx>308</cx>
	 	 	 	<cy>837</cy>
	 	 	</node>
	 	 	<node id="219" type="1">
	 	 	 	<cx>961</cx>
	 	 	 	<cy>296</cy>
	 	 	</node>
	 	 	<node id="220" type="1">
	 	 	 	<cx>826</cx>
	 	 	 	<cy>569</cy>
	 	 	</node>
	 	 	<node id="221" type="1">
	 	 	 	<cx>174</cx>
	 	 	 	<cy>696</cy>
	 	 	</node>
	 	 	<node id="222" type="1">
	 	 	 	<cx>43</cx>
	 	 	 	<cy>500</cy>
	 	 	</node>
	 	 	<node id="223" type="1">
	 	 	 	<cx>205</cx>
	 	 	 	<cy>604</cy>
	 	 	</node>
	 	 	<node id="224" type="1">
	 	 	 	<cx>331</cx>
	 	 	 	<cy>845</cy>
	 	 	</node>
	 	 	<node id="225" type="1">
	 	 	 	<cx>432</cx>
	 	 	 	<cy>273</cy>
	 	 	</node>
	 	 	<node id="226" type="1">
	 	 	 	<cx>52</cx>
	 	 	 	<cy>637</cy>
	 	 	</node>
	 	 	<node id="227" type="1">
	 	 	 	<cx>855</cx>
	 	 	 	<cy>178</cy>
	 	 	</node>
	 	 	<node id="228" type="1">
	 	 	 	<cx>873</cx>
	 	 	 	<cy>388</cy>
	 	 	</node>
	 	 	<node id="229" type="1">
	 	 	 	<cx>839</cx>
	 	 	 	<cy>496</cy>
	 	 	</node>
	 	 	<node id="230" type="1">
	 	 	 	<cx>424</cx>
	 	 	 	<cy>751</cy>
	 	 	</node>
	 	 	<node id="231" type="1">
	 	 	 	<cx>466</cx>
	 	 	 	<cy>183</cy>
	 	 	</node>
	 	 	<node id="232" type="1">
	 	 	 	<cx>542</cx>
	 	 	 	<cy>285</cy>
	 	 	</node>
	 	 	<node id="233" type="1">
	 	 	 	<cx>488</cx>
	 	 	 	<cy>909</cy>
	 	 	</node>
	 	 	<node id="234" type="1">
	 	 	 	<cx>368</cx>
	 	 	 	<cy>902</cy>
	 	 	</node>
	 	 	<node id="235" type="1">
	 	 	 	<cx>762</cx>
	 	 	 	<cy>518</cy>
	 	 	</node>
	 	 	<node id="236" type="1">
	 	 	 	<cx>475</cx>
	 	 	 	<cy>193</cy>
	 	 	</node>
	 	 	<node id="237" type="1">
	 	 	 	<cx>463</cx>
	 	 	 	<cy>263</cy>
	 	 	</node>
	 	 	<node id="238" type="1">
	 	 	 	<cx>789</cx>
	 	 	 	<cy>357</cy>
	 	 	</node>
	 	 	<node id="239" type="1">
	 	 	 	<cx>459</cx>
	 	 	 	<cy>327</cy>
	 	 	</node>
	 	 	<node id="240" type="1">
	 	 	 	<cx>345</cx>
	 	 	 	<cy>822</cy>
	 	 	</node>
	 	 	<node id="241" type="1">
	 	 	 	<cx>747</cx>
	 	 	 	<cy>371</cy>
	 	 	</node>
	 	 	<node id="242" type="1">
	 	 	 	<cx>713</cx>
	 	 	 	<cy>446</cy>
	 	 	</node>
	 	 	<node id="243" type="1">
	 	 	 	<cx>468</cx>
	 	 	 	<cy>208</cy>
	 	 	</node>
	 	 	<node id="244" type="1">
	 	 	 	<cx>369</cx>
	 	 	 	<cy>251</cy>
	 	 	</node>
	 	 	<node id="245" type="1">
	 	 	 	<cx>698</cx>
	 	 	 	<cy>450</cy>
	 	 	</node>
	 	 	<node id="246" type="1">
	 	 	 	<cx>3</cx>
	 	 	 	<cy>588</cy>
	 	 	</node>
	 	 	<node id="247" type="1">
	 	 	 	<cx>506</cx>
	 	 	 	<cy>201</cy>
	 	 	</node>
	 	 	<node id="248" type="1">
	 	 	 	<cx>757</cx>
	 	 	 	<cy>309</cy>
	 	 	</node>
	 	 	<node id="249" type="1">
	 	 	 	<cx>704</cx>
	 	 	 	<cy>231</cy>
	 	 	</node>
	 	 	<node id="250" type="1">
	 	 	 	<cx>254</cx>
	 	 	 	<cy>123</cy>
	 	 	</node>
	 	 	<node id="251" type="1">
	 	 	 	<cx>473</cx>
	 	 	 	<cy>390</cy>
	 	 	</node>
	 	 	<node id="252" type="1">
	 	 	 	<cx>464</cx>
	 	 	 	<cy>803</cy>
	 	 	</node>
	 	 	<node id="253" type="1">
	 	 	 	<cx>421</cx>
	 	 	 	<cy>108</cy>
	 	 	</node>
	 	 	<node id="254" type="1">
	 	 	 	<cx>365</cx>
	 	 	 	<cy>678</cy>
	 	 	</node>
	 	 	<node id="255" type="1">
	 	 	 	<cx>906</cx>
	 	 	 	<cy>598</cy>
	 	 	</node>
	 	 	<node id="256" type="1">
	 	 	 	<cx>629</cx>
	 	 	 	<cy>171</cy>
	 	 	</node>
	 	 	<node id="257" type="1">
	 	 	 	<cx>825</cx>
	 	 	 	<cy>513</cy>
	 	 	</node>
	 	 	<node id="258" type="1">
	 	 	 	<cx>698</cx>
	 	 	 	<cy>501</cy>
	 	 	</node>
	 	 	<node id="259" type="1">
	 	 	 	<cx>477</cx>
	 	 	 	<cy>227</cy>
	 	 	</node>
	 	 	<node id="260" type="1">
	 	 	 	<cx>388</cx>
	 	 	 	<cy>234</cy>
	 	 	</node>
	 	 	<node id="261" type="1">
	 	 	 	<cx>459</cx>
	 	 	 	<cy>226</cy>
	 	 	</node>
	 	 	<node id="262" type="1">
	 	 	 	<cx>439</cx>
	 	 	 	<cy>423</cy>
	 	 	</node>
	 	 	<node id="263" type="1">
	 	 	 	<cx>459</cx>
	 	 	 	<cy>289</cy>
	 	 	</node>
	 	 	<node id="264" type="1">
	 	 	 	<cx>471</cx>
	 	 	 	<cy>327</cy>
	 	 	</node>
	 	 	<node id="265" type="1">
	 	 	 	<cx>328</cx>
	 	 	 	<cy>981</cy>
	 	 	</node>
	 	 	<node id="266" type="1">
	 	 	 	<cx>604</cx>
	 	 	 	<cy>395</cy>
	 	 	</node>
	 	 	<node id="267" type="1">
	 	 	 	<cx>759</cx>
	 	 	 	<cy>412</cy>
	 	 	</node>
	 	 	<node id="268" type="1">
	 	 	 	<cx>572</cx>
	 	 	 	<cy>247</cy>
	 	 	</node>
	 	 	<node id="269" type="1">
	 	 	 	<cx>558</cx>
	 	 	 	<cy>240</cy>
	 	 	</node>
	 	 	<node id="270" type="1">
	 	 	 	<cx>545</cx>
	 	 	 	<cy>331</cy>
	 	 	</node>
	 	 	<node id="271" type="1">
	 	 	 	<cx>506</cx>
	 	 	 	<cy>369</cy>
	 	 	</node>
	 	 	<node id="272" type="1">
	 	 	 	<cx>944</cx>
	 	 	 	<cy>585</cy>
	 	 	</node>
	 	 	<node id="273" type="1">
	 	 	 	<cx>910</cx>
	 	 	 	<cy>401</cy>
	 	 	</node>
	 	 	<node id="274" type="1">
	 	 	 	<cx>394</cx>
	 	 	 	<cy>969</cy>
	 	 	</node>
	 	 	<node id="275" type="1">
	 	 	 	<cx>792</cx>
	 	 	 	<cy>316</cy>
	 	 	</node>
	 	 	<node id="276" type="1">
	 	 	 	<cx>441</cx>
	 	 	 	<cy>141</cy>
	 	 	</node>
	 	 	<node id="277" type="1">
	 	 	 	<cx>810</cx>
	 	 	 	<cy>560</cy>
	 	 	</node>
	 	 	<node id="278" type="1">
	 	 	 	<cx>382</cx>
	 	 	 	<cy>413</cy>
	 	 	</node>
	 	 	<node id="279" type="1">
	 	 	 	<cx>192</cx>
	 	 	 	<cy>713</cy>
	 	 	</node>
	 	 	<node id="280" type="1">
	 	 	 	<cx>817</cx>
	 	 	 	<cy>466</cy>
	 	 	</node>
	 	 	<node id="281" type="1">
	 	 	 	<cx>496</cx>
	 	 	 	<cy>377</cy>
	 	 	</node>
	 	 	<node id="282" type="1">
	 	 	 	<cx>613</cx>
	 	 	 	<cy>136</cy>
	 	 	</node>
	 	 	<node id="283" type="1">
	 	 	 	<cx>685</cx>
	 	 	 	<cy>290</cy>
	 	 	</node>
	 	 	<node id="284" type="1">
	 	 	 	<cx>10</cx>
	 	 	 	<cy>689</cy>
	 	 	</node>
	 	 	<node id="285" type="1">
	 	 	 	<cx>922</cx>
	 	 	 	<cy>524</cy>
	 	 	</node>
	 	 	<node id="286" type="1">
	 	 	 	<cx>853</cx>
	 	 	 	<cy>524</cy>
	 	 	</node>
	 	 	<node id="287" type="1">
	 	 	 	<cx>213</cx>
	 	 	 	<cy>1</cy>
	 	 	</node>
	 	 	<node id="288" type="1">
	 	 	 	<cx>134</cx>
	 	 	 	<cy>686</cy>
	 	 	</node>
	 	 	<node id="289" type="1">
	 	 	 	<cx>480</cx>
	 	 	 	<cy>240</cy>
	 	 	</node>
	 	 	<node id="290" type="1">
	 	 	 	<cx>339</cx>
	 	 	 	<cy>114</cy>
	 	 	</node>
	 	 	<node id="291" type="1">
	 	 	 	<cx>589</cx>
	 	 	 	<cy>389</cy>
	 	 	</node>
	 	 	<node id="292" type="1">
	 	 	 	<cx>230</cx>
	 	 	 	<cy>921</cy>
	 	 	</node>
	 	 	<node id="293" type="1">
	 	 	 	<cx>925</cx>
	 	 	 	<cy>326</cy>
	 	 	</node>
	 	 	<node id="294" type="1">
	 	 	 	<cx>711</cx>
	 	 	 	<cy>580</cy>
	 	 	</node>
	 	 	<node id="295" type="1">
	 	 	 	<cx>783</cx>
	 	 	 	<cy>347</cy>
	 	 	</node>
	 	 	<node id="296" type="1">
	 	 	 	<cx>469</cx>
	 	 	 	<cy>295</cy>
	 	 	</node>
	 	 	<node id="297" type="1">
	 	 	 	<cx>937</cx>
	 	 	 	<cy>179</cy>
	 	 	</node>
	 	 	<node id="298" type="1">
	 	 	 	<cx>482</cx>
	 	 	 	<cy>249</cy>
	 	 	</node>
	 	 	<node id="299" type="1">
	 	 	 	<cx>484</cx>
	 	 	 	<cy>277</cy>
	 	 	</node>
	 	 	<node id="300" type="1">
	 	 	 	<cx>827</cx>
	 	 	 	<cy>338</cy>
	 	 	</node>
	 	 	<node id="301" type="1">
	 	 	 	<cx>609</cx>
	 	 	 	<cy>272</cy>
	 	 	</node>
	 	 	<node id="302" type="1">
	 	 	 	<cx>834</cx>
	 	 	 	<cy>485</cy>
	 	 	</node>
	 	 	<node id="303" type="1">
	 	 	 	<cx>252</cx>
	 	 	 	<cy>100</cy>
	 	 	</node>
	 	 	<node id="304" type="1">
	 	 	 	<cx>139</cx>
	 	 	 	<cy>153</cy>
	 	 	</node>
	 	 	<node id="305" type="1">
	 	 	 	<cx>163</cx>
	 	 	 	<cy>74</cy>
	 	 	</node>
	 	 	<node id="306" type="1">
	 	 	 	<cx>418</cx>
	 	 	 	<cy>326</cy>
	 	 	</node>
	 	 	<node id="307" type="1">
	 	 	 	<cx>310</cx>
	 	 	 	<cy>884</cy>
	 	 	</node>
	 	 	<node id="308" type="1">
	 	 	 	<cx>534</cx>
	 	 	 	<cy>795</cy>
	 	 	</node>
	 	 	<node id="309" type="1">
	 	 	 	<cx>107</cx>
	 	 	 	<cy>632</cy>
	 	 	</node>
	 	 	<node id="310" type="1">
	 	 	 	<cx>736</cx>
	 	 	 	<cy>184</cy>
	 	 	</node>
	 	 	<node id="311" type="1">
	 	 	 	<cx>813</cx>
	 	 	 	<cy>324</cy>
	 	 	</node>
	 	 	<node id="312" type="1">
	 	 	 	<cx>905</cx>
	 	 	 	<cy>465</cy>
	 	 	</node>
	 	 	<node id="313" type="1">
	 	 	 	<cx>512</cx>
	 	 	 	<cy>606</cy>
	 	 	</node>
	 	 	<node id="314" type="1">
	 	 	 	<cx>585</cx>
	 	 	 	<cy>237</cy>
	 	 	</node>
	 	 	<node id="315" type="1">
	 	 	 	<cx>563</cx>
	 	 	 	<cy>124</cy>
	 	 	</node>
	 	 	<node id="316" type="1">
	 	 	 	<cx>776</cx>
	 	 	 	<cy>365</cy>
	 	 	</node>
	 	 	<node id="317" type="1">
	 	 	 	<cx>74</cx>
	 	 	 	<cy>70</cy>
	 	 	</node>
	 	 	<node id="318" type="1">
	 	 	 	<cx>366</cx>
	 	 	 	<cy>809</cy>
	 	 	</node>
	 	 	<node id="319" type="1">
	 	 	 	<cx>227</cx>
	 	 	 	<cy>41</cy>
	 	 	</node>
	 	 	<node id="320" type="1">
	 	 	 	<cx>380</cx>
	 	 	 	<cy>913</cy>
	 	 	</node>
	 	 	<node id="321" type="1">
	 	 	 	<cx>809</cx>
	 	 	 	<cy>407</cy>
	 	 	</node>
	 	 	<node id="322" type="1">
	 	 	 	<cx>760</cx>
	 	 	 	<cy>417</cy>
	 	 	</node>
	 	 	<node id="323" type="1">
	 	 	 	<cx>356</cx>
	 	 	 	<cy>926</cy>
	 	 	</node>
	 	 	<node id="324" type="1">
	 	 	 	<cx>708</cx>
	 	 	 	<cy>477</cy>
	 	 	</node>
	 	 	<node id="325" type="1">
	 	 	 	<cx>603</cx>
	 	 	 	<cy>175</cy>
	 	 	</node>
	 	 	<node id="326" type="1">
	 	 	 	<cx>810</cx>
	 	 	 	<cy>671</cy>
	 	 	</node>
	 	 	<node id="327" type="1">
	 	 	 	<cx>912</cx>
	 	 	 	<cy>508</cy>
	 	 	</node>
	 	 	<node id="328" type="1">
	 	 	 	<cx>386</cx>
	 	 	 	<cy>964</cy>
	 	 	</node>
	 	 	<node id="329" type="1">
	 	 	 	<cx>298</cx>
	 	 	 	<cy>510</cy>
	 	 	</node>
	 	 	<node id="330" type="1">
	 	 	 	<cx>811</cx>
	 	 	 	<cy>456</cy>
	 	 	</node>
	 	 	<node id="331" type="1">
	 	 	 	<cx>780</cx>
	 	 	 	<cy>382</cy>
	 	 	</node>
	 	 	<node id="332" type="1">
	 	 	 	<cx>520</cx>
	 	 	 	<cy>274</cy>
	 	 	</node>
	 	 	<node id="333" type="1">
	 	 	 	<cx>745</cx>
	 	 	 	<cy>382</cy>
	 	 	</node>
	 	 	<node id="334" type="1">
	 	 	 	<cx>330</cx>
	 	 	 	<cy>998</cy>
	 	 	</node>
	 	 	<node id="335" type="1">
	 	 	 	<cx>840</cx>
	 	 	 	<cy>409</cy>
	 	 	</node>
	 	 	<node id="336" type="1">
	 	 	 	<cx>447</cx>
	 	 	 	<cy>976</cy>
	 	 	</node>
	 	 	<node id="337" type="1">
	 	 	 	<cx>828</cx>
	 	 	 	<cy>472</cy>
	 	 	</node>
	 	 	<node id="338" type="1">
	 	 	 	<cx>802</cx>
	 	 	 	<cy>428</cy>
	 	 	</node>
	 	 	<node id="339" type="1">
	 	 	 	<cx>620</cx>
	 	 	 	<cy>904</cy>
	 	 	</node>
	 	 	<node id="340" type="1">
	 	 	 	<cx>105</cx>
	 	 	 	<cy>482</cy>
	 	 	</node>
	 	 	<node id="341" type="1">
	 	 	 	<cx>488</cx>
	 	 	 	<cy>418</cy>
	 	 	</node>
	 	 	<node id="342" type="1">
	 	 	 	<cx>727</cx>
	 	 	 	<cy>551</cy>
	 	 	</node>
	 	 	<node id="343" type="1">
	 	 	 	<cx>103</cx>
	 	 	 	<cy>669</cy>
	 	 	</node>
	 	 	<node id="344" type="1">
	 	 	 	<cx>802</cx>
	 	 	 	<cy>408</cy>
	 	 	</node>
	 	 	<node id="345" type="1">
	 	 	 	<cx>467</cx>
	 	 	 	<cy>119</cy>
	 	 	</node>
	 	 	<node id="346" type="1">
	 	 	 	<cx>210</cx>
	 	 	 	<cy>439</cy>
	 	 	</node>
	 	 	<node id="347" type="1">
	 	 	 	<cx>121</cx>
	 	 	 	<cy>700</cy>
	 	 	</node>
	 	 	<node id="348" type="1">
	 	 	 	<cx>187</cx>
	 	 	 	<cy>40</cy>
	 	 	</node>
	 	 	<node id="349" type="1">
	 	 	 	<cx>714</cx>
	 	 	 	<cy>401</cy>
	 	 	</node>
	 	 	<node id="350" type="1">
	 	 	 	<cx>120</cx>
	 	 	 	<cy>657</cy>
	 	 	</node>
	 	 	<node id="351" type="1">
	 	 	 	<cx>436</cx>
	 	 	 	<cy>316</cy>
	 	 	</node>
	 	 	<node id="352" type="1">
	 	 	 	<cx>243</cx>
	 	 	 	<cy>453</cy>
	 	 	</node>
	 	 	<node id="353" type="1">
	 	 	 	<cx>630</cx>
	 	 	 	<cy>277</cy>
	 	 	</node>
	 	 	<node id="354" type="1">
	 	 	 	<cx>257</cx>
	 	 	 	<cy>149</cy>
	 	 	</node>
	 	 	<node id="355" type="1">
	 	 	 	<cx>438</cx>
	 	 	 	<cy>350</cy>
	 	 	</node>
	 	 	<node id="356" type="1">
	 	 	 	<cx>294</cx>
	 	 	 	<cy>195</cy>
	 	 	</node>
	 	 	<node id="357" type="1">
	 	 	 	<cx>573</cx>
	 	 	 	<cy>339</cy>
	 	 	</node>
	 	 	<node id="358" type="1">
	 	 	 	<cx>379</cx>
	 	 	 	<cy>644</cy>
	 	 	</node>
	 	 	<node id="359" type="1">
	 	 	 	<cx>356</cx>
	 	 	 	<cy>905</cy>
	 	 	</node>
	 	</nodes>
	 	<euclidean/>
	 	<decimals>0</decimals>
	 </network>
	 <fleet>
	 	 <vehicle_profile type="0">
	 	  	 <departure_node>1</departure_node>
	 	  	 <arrival_node>1</arrival_node>
	 	  	 <capacity>68</capacity>
	 	 </vehicle_profile>
	 </fleet>
	 <requests>
	 	 <request id="1" node="2">
	 	 	 <quantity>10</quantity>
	 	 </request>
	 	 <request id="2" node="3">
	 	 	 <quantity>8</quantity>
	 	 </request>
	 	 <request id="3" node="4">
	 	 	 <quantity>9</quantity>
	 	 </request>
	 	 <request id="4" node="5">
	 	 	 <quantity>7</quantity>
	 	 </request>
	 	 <request id="5" node="6">
	 	 	 <quantity>9</quantity>
	 	 </request>
	 	 <request id="6" node="7">
	 	 	 <quantity>1</quantity>
	 	 </request>
	 	 <request id="7" node="8">
	 	 	 <quantity>3</quantity>
	 	 </request>
	 	 <request id="8" node="9">
	 	 	 <quantity>1</quantity>
	 	 </request>
	 	 <request id="9" node="10">
	 	 	 <quantity>8</quantity>
	 	 </request>
	 	 <request id="10" node="11">
	 	 	 <quantity>10</quantity>
	 	 </request>
	 	 <request id="11" node="12">
	 	 	 <quantity>8</quantity>
	 	 </request>
	 	 <request id="12" node="13">
	 	 	 <quantity>10</quantity>
	 	 </request>
	 	 <request id="13" node="14">
	 	 	 <quantity>2</quantity>
	 	 </request>
	 	 <request id="14" node="15">
	 	 	 <quantity>4</quantity>
	 	 </request>
	 	 <request id="15" node="16">
	 	 	 <quantity>9</quantity>
	 	 </request>
	 	 <request id="16" node="17">
	 	 	 <quantity>2</quantity>
	 	 </request>
	 	 <request id="17" node="18">
	 	 	 <quantity>3</quantity>
	 	 </request>
	 	 <request id="18" node="19">
	 	 	 <quantity>10</quantity>
	 	 </request>
	 	 <request id="19" node="20">
	 	 	 <quantity>3</quantity>
	 	 </request>
	 	 <request id="20" node="21">
	 	 	 <quantity>1</quantity>
	 	 </request>
	 	 <request id="21" node="22">
	 	 	 <quantity>4</quantity>
	 	 </request>
	 	 <request id="22" node="23">
	 	 	 <quantity>3</quantity>
	 	 </request>
	 	 <request id="23" node="24">
	 	 	 <quantity>8</quantity>
	 	 </request>
	 	 <request id="24" node="25">
	 	 	 <quantity>3</quantity>
	 	 </request>
	 	 <request id="25" node="26">
	 	 	 <quantity>5</quantity>
	 	 </request>
	 	 <request id="26" node="27">
	 	 	 <quantity>6</quantity>
	 	 </request>
	 	 <request id="27" node="28">
	 	 	 <quantity>7</quantity>
	 	 </request>
	 	 <request id="28" node="29">
	 	 	 <quantity>9</quantity>
	 	 </request>
	 	 <request id="29" node="30">
	 	 	 <quantity>1</quantity>
	 	 </request>
	 	 <request id="30" node="31">
	 	 	 <quantity>1</quantity>
	 	 </request>
	 	 <request id="31" node="32">
	 	 	 <quantity>8</quantity>
	 	 </request>
	 	 <request id="32" node="33">
	 	 	 <quantity>3</quantity>
	 	 </request>
	 	 <request id="33" node="34">
	 	 	 <quantity>10</quantity>
	 	 </request>
	 	 <request id="34" node="35">
	 	 	 <quantity>2</quantity>
	 	 </request>
	 	 <request id="35" node="36">
	 	 	 <quantity>4</quantity>
	 	 </request>
	 	 <request id="36" node="37">
	 	 	 <quantity>10</quantity>
	 	 </request>
	 	 <request id="37" node="38">
	 	 	 <quantity>2</quantity>
	 	 </request>
	 	 <request id="38" node="39">
	 	 	 <quantity>8</quantity>
	 	 </request>
	 	 <request id="39" node="40">
	 	 	 <quantity>5</quantity>
	 	 </request>
	 	 <request id="40" node="41">
	 	 	 <quantity>10</quantity>
	 	 </request>
	 	 <request id="41" node="42">
	 	 	 <quantity>9</quantity>
	 	 </request>
	 	 <request id="42" node="43">
	 	 	 <quantity>9</quantity>
	 	 </request>
	 	 <request id="43" node="44">
	 	 	 <quantity>2</quantity>
	 	 </request>
	 	 <request id="44" node="45">
	 	 	 <quantity>10</quantity>
	 	 </request>
	 	 <request id="45" node="46">
	 	 	 <quantity>3</quantity>
	 	 </request>
	 	 <request id="46" node="47">
	 	 	 <quantity>7</quantity>
	 	 </request>
	 	 <request id="47" node="48">
	 	 	 <quantity>7</quantity>
	 	 </request>
	 	 <request id="48" node="49">
	 	 	 <quantity>6</quantity>
	 	 </request>
	 	 <request id="49" node="50">
	 	 	 <quantity>1</quantity>
	 	 </request>
	 	 <request id="50" node="51">
	 	 	 <quantity>7</quantity>
	 	 </request>
	 	 <request id="51" node="52">
	 	 	 <quantity>1</quantity>
	 	 </request>
	 	 <request id="52" node="53">
	 	 	 <quantity>4</quantity>
	 	 </request>
	 	 <request id="53" node="54">
	 	 	 <quantity>6</quantity>
	 	 </request>
	 	 <request id="54" node="55">
	 	 	 <quantity>7</quantity>
	 	 </request>
	 	 <request id="55" node="56">
	 	 	 <quantity>8</quantity>
	 	 </request>
	 	 <request id="56" node="57">
	 	 	 <quantity>2</quantity>
	 	 </request>
	 	 <request id="57" node="58">
	 	 	 <quantity>9</quantity>
	 	 </request>
	 	 <request id="58" node="59">
	 	 	 <quantity>3</quantity>
	 	 </request>
	 	 <request id="59" node="60">
	 	 	 <quantity>1</quantity>
	 	 </request>
	 	 <request id="60" node="61">
	 	 	 <quantity>6</quantity>
	 	 </request>
	 	 <request id="61" node="62">
	 	 	 <quantity>4</quantity>
	 	 </request>
	 	 <request id="62" node="63">
	 	 	 <quantity>1</quantity>
	 	 </request>
	 	 <request id="63" node="64">
	 	 	 <quantity>5</quantity>
	 	 </request>
	 	 <request id="64" node="65">
	 	 	 <quantity>3</quantity>
	 	 </request>
	 	 <request id="65" node="66">
	 	 	 <quantity>3</quantity>
	 	 </request>
	 	 <request id="66" node="67">
	 	 	 <quantity>1</quantity>
	 	 </request>
	 	 <request id="67" node="68">
	 	 	 <quantity>6</quantity>
	 	 </request>
	 	 <request id="68" node="69">
	 	 	 <quantity>6</quantity>
	 	 </request>
	 	 <request id="69" node="70">
	 	 	 <quantity>8</quantity>
	 	 </request>
	 	 <request id="70" node="71">
	 	 	 <quantity>10</quantity>
	 	 </request>
	 	 <request id="71" node="72">
	 	 	 <quantity>3</quantity>
	 	 </request>
	 	 <request id="72" node="73">
	 	 	 <quantity>2</quantity>
	 	 </request>
	 	 <request id="73" node="74">
	 	 	 <quantity>6</quantity>
	 	 </request>
	 	 <request id="74" node="75">
	 	 	 <quantity>4</quantity>
	 	 </request>
	 	 <request id="75" node="76">
	 	 	 <quantity>1</quantity>
	 	 </request>
	 	 <request id="76" node="77">
	 	 	 <quantity>8</quantity>
	 	 </request>
	 	 <request id="77" node="78">
	 	 	 <quantity>5</quantity>
	 	 </request>
	 	 <request id="78" node="79">
	 	 	 <quantity>7</quantity>
	 	 </request>
	 	 <request id="79" node="80">
	 	 	 <quantity>6</quantity>
	 	 </request>
	 	 <request id="80" node="81">
	 	 	 <quantity>7</quantity>
	 	 </request>
	 	 <request id="81" node="82">
	 	 	 <quantity>1</quantity>
	 	 </request>
	 	 <request id="82" node="83">
	 	 	 <quantity>2</quantity>
	 	 </request>
	 	 <request id="83" node="84">
	 	 	 <quantity>5</quantity>
	 	 </request>
	 	 <request id="84" node="85">
	 	 	 <quantity>10</quantity>
	 	 </request>
	 	 <request id="85" node="86">
	 	 	 <quantity>3</quantity>
	 	 </request>
	 	 <request id="86" node="87">
	 	 	 <quantity>2</quantity>
	 	 </request>
	 	 <request id="87" node="88">
	 	 	 <quantity>8</quantity>
	 	 </request>
	 	 <request id="88" node="89">
	 	 	 <quantity>5</quantity>
	 	 </request>
	 	 <request id="89" node="90">
	 	 	 <quantity>3</quantity>
	 	 </request>
	 	 <request id="90" node="91">
	 	 	 <quantity>3</quantity>
	 	 </request>
	 	 <request id="91" node="92">
	 	 	 <quantity>5</quantity>
	 	 </request>
	 	 <request id="92" node="93">
	 	 	 <quantity>4</quantity>
	 	 </request>
	 	 <request id="93" node="94">
	 	 	 <quantity>6</quantity>
	 	 </request>
	 	 <request id="94" node="95">
	 	 	 <quantity>9</quantity>
	 	 </request>
	 	 <request id="95" node="96">
	 	 	 <quantity>3</quantity>
	 	 </request>
	 	 <request id="96" node="97">
	 	 	 <quantity>6</quantity>
	 	 </request>
	 	 <request id="97" node="98">
	 	 	 <quantity>5</quantity>
	 	 </request>
	 	 <request id="98" node="99">
	 	 	 <quantity>2</quantity>
	 	 </request>
	 	 <request id="99" node="100">
	 	 	 <quantity>5</quantity>
	 	 </request>
	 	 <request id="100" node="101">
	 	 	 <quantity>5</quantity>
	 	 </request>
	 	 <request id="101" node="102">
	 	 	 <quantity>9</quantity>
	 	 </request>
	 	 <request id="102" node="103">
	 	 	 <quantity>9</quantity>
	 	 </request>
	 	 <request id="103" node="104">
	 	 	 <quantity>3</quantity>
	 	 </request>
	 	 <request id="104" node="105">
	 	 	 <quantity>10</quantity>
	 	 </request>
	 	 <request id="105" node="106">
	 	 	 <quantity>6</quantity>
	 	 </request>
	 	 <request id="106" node="107">
	 	 	 <quantity>2</quantity>
	 	 </request>
	 	 <request id="107" node="108">
	 	 	 <quantity>6</quantity>
	 	 </request>
	 	 <request id="108" node="109">
	 	 	 <quantity>1</quantity>
	 	 </request>
	 	 <request id="109" node="110">
	 	 	 <quantity>1</quantity>
	 	 </request>
	 	 <request id="110" node="111">
	 	 	 <quantity>6</quantity>
	 	 </request>
	 	 <request id="111" node="112">
	 	 	 <quantity>3</quantity>
	 	 </request>
	 	 <request id="112" node="113">
	 	 	 <quantity>9</quantity>
	 	 </request>
	 	 <request id="113" node="114">
	 	 	 <quantity>9</quantity>
	 	 </request>
	 	 <request id="114" node="115">
	 	 	 <quantity>3</quantity>
	 	 </request>
	 	 <request id="115" node="116">
	 	 	 <quantity>6</quantity>
	 	 </request>
	 	 <request id="116" node="117">
	 	 	 <quantity>9</quantity>
	 	 </request>
	 	 <request id="117" node="118">
	 	 	 <quantity>6</quantity>
	 	 </request>
	 	 <request id="118" node="119">
	 	 	 <quantity>10</quantity>
	 	 </request>
	 	 <request id="119" node="120">
	 	 	 <quantity>2</quantity>
	 	 </request>
	 	 <request id="120" node="121">
	 	 	 <quantity>7</quantity>
	 	 </request>
	 	 <request id="121" node="122">
	 	 	 <quantity>3</quantity>
	 	 </request>
	 	 <request id="122" node="123">
	 	 	 <quantity>5</quantity>
	 	 </request>
	 	 <request id="123" node="124">
	 	 	 <quantity>10</quantity>
	 	 </request>
	 	 <request id="124" node="125">
	 	 	 <quantity>2</quantity>
	 	 </request>
	 	 <request id="125" node="126">
	 	 	 <quantity>8</quantity>
	 	 </request>
	 	 <request id="126" node="127">
	 	 	 <quantity>7</quantity>
	 	 </request>
	 	 <request id="127" node="128">
	 	 	 <quantity>5</quantity>
	 	 </request>
	 	 <request id="128" node="129">
	 	 	 <quantity>8</quantity>
	 	 </request>
	 	 <request id="129" node="130">
	 	 	 <quantity>6</quantity>
	 	 </request>
	 	 <request id="130" node="131">
	 	 	 <quantity>1</quantity>
	 	 </request>
	 	 <request id="131" node="132">
	 	 	 <quantity>1</quantity>
	 	 </request>
	 	 <request id="132" node="133">
	 	 	 <quantity>5</quantity>
	 	 </request>
	 	 <request id="133" node="134">
	 	 	 <quantity>7</quantity>
	 	 </request>
	 	 <request id="134" node="135">
	 	 	 <quantity>7</quantity>
	 	 </request>
	 	 <request id="135" node="136">
	 	 	 <quantity>1</quantity>
	 	 </request>
	 	 <request id="136" node="137">
	 	 	 <quantity>8</quantity>
	 	 </request>
	 	 <request id="137" node="138">
	 	 	 <quantity>7</quantity>
	 	 </request>
	 	 <request id="138" node="139">
	 	 	 <quantity>8</quantity>
	 	 </request>
	 	 <request id="139" node="140">
	 	 	 <quantity>7</quantity>
	 	 </request>
	 	 <request id="140" node="141">
	 	 	 <quantity>10</quantity>
	 	 </request>
	 	 <request id="141" node="142">
	 	 	 <quantity>6</quantity>
	 	 </request>
	 	 <request id="142" node="143">
	 	 	 <quantity>5</quantity>
	 	 </request>
	 	 <request id="143" node="144">
	 	 	 <quantity>2</quantity>
	 	 </request>
	 	 <request id="144" node="145">
	 	 	 <quantity>7</quantity>
	 	 </request>
	 	 <request id="145" node="146">
	 	 	 <quantity>4</quantity>
	 	 </request>
	 	 <request id="146" node="147">
	 	 	 <quantity>5</quantity>
	 	 </request>
	 	 <request id="147" node="148">
	 	 	 <quantity>4</quantity>
	 	 </request>
	 	 <request id="148" node="149">
	 	 	 <quantity>8</quantity>
	 	 </request>
	 	 <request id="149" node="150">
	 	 	 <quantity>8</quantity>
	 	 </request>
	 	 <request id="150" node="151">
	 	 	 <quantity>3</quantity>
	 	 </request>
	 	 <request id="151" node="152">
	 	 	 <quantity>7</quantity>
	 	 </request>
	 	 <request id="152" node="153">
	 	 	 <quantity>1</quantity>
	 	 </request>
	 	 <request id="153" node="154">
	 	 	 <quantity>9</quantity>
	 	 </request>
	 	 <request id="154" node="155">
	 	 	 <quantity>3</quantity>
	 	 </request>
	 	 <request id="155" node="156">
	 	 	 <quantity>7</quantity>
	 	 </request>
	 	 <request id="156" node="157">
	 	 	 <quantity>10</quantity>
	 	 </request>
	 	 <request id="157" node="158">
	 	 	 <quantity>5</quantity>
	 	 </request>
	 	 <request id="158" node="159">
	 	 	 <quantity>5</quantity>
	 	 </request>
	 	 <request id="159" node="160">
	 	 	 <quantity>7</quantity>
	 	 </request>
	 	 <request id="160" node="161">
	 	 	 <quantity>2</quantity>
	 	 </request>
	 	 <request id="161" node="162">
	 	 	 <quantity>3</quantity>
	 	 </request>
	 	 <request id="162" node="163">
	 	 	 <quantity>6</quantity>
	 	 </request>
	 	 <request id="163" node="164">
	 	 	 <quantity>4</quantity>
	 	 </request>
	 	 <request id="164" node="165">
	 	 	 <quantity>5</quantity>
	 	 </request>
	 	 <request id="165" node="166">
	 	 	 <quantity>7</quantity>
	 	 </request>
	 	 <request id="166" node="167">
	 	 	 <quantity>4</quantity>
	 	 </request>
	 	 <request id="167" node="168">
	 	 	 <quantity>1</quantity>
	 	 </request>
	 	 <request id="168" node="169">
	 	 	 <quantity>1</quantity>
	 	 </request>
	 	 <request id="169" node="170">
	 	 	 <quantity>7</quantity>
	 	 </request>
	 	 <request id="170" node="171">
	 	 	 <quantity>10</quantity>
	 	 </request>
	 	 <request id="171" node="172">
	 	 	 <quantity>3</quantity>
	 	 </request>
	 	 <request id="172" node="173">
	 	 	 <quantity>2</quantity>
	 	 </request>
	 	 <request id="173" node="174">
	 	 	 <quantity>10</quantity>
	 	 </request>
	 	 <request id="174" node="175">
	 	 	 <quantity>5</quantity>
	 	 </request>
	 	 <request id="175" node="176">
	 	 	 <quantity>8</quantity>
	 	 </request>
	 	 <request id="176" node="177">
	 	 	 <quantity>3</quantity>
	 	 </request>
	 	 <request id="177" node="178">
	 	 	 <quantity>4</quantity>
	 	 </request>
	 	 <request id="178" node="179">
	 	 	 <quantity>6</quantity>
	 	 </request>
	 	 <request id="179" node="180">
	 	 	 <quantity>9</quantity>
	 	 </request>
	 	 <request id="180" node="181">
	 	 	 <quantity>7</quantity>
	 	 </request>
	 	 <request id="181" node="182">
	 	 	 <quantity>3</quantity>
	 	 </request>
	 	 <request id="182" node="183">
	 	 	 <quantity>10</quantity>
	 	 </request>
	 	 <request id="183" node="184">
	 	 	 <quantity>6</quantity>
	 	 </request>
	 	 <request id="184" node="185">
	 	 	 <quantity>1</quantity>
	 	 </request>
	 	 <request id="185" node="186">
	 	 	 <quantity>8</quantity>
	 	 </request>
	 	 <request id="186" node="187">
	 	 	 <quantity>5</quantity>
	 	 </request>
	 	 <request id="187" node="188">
	 	 	 <quantity>4</quantity>
	 	 </request>
	 	 <request id="188" node="189">
	 	 	 <quantity>7</quantity>
	 	 </request>
	 	 <request id="189" node="190">
	 	 	 <quantity>8</quantity>
	 	 </request>
	 	 <request id="190" node="191">
	 	 	 <quantity>5</quantity>
	 	 </request>
	 	 <request id="191" node="192">
	 	 	 <quantity>5</quantity>
	 	 </request>
	 	 <request id="192" node="193">
	 	 	 <quantity>2</quantity>
	 	 </request>
	 	 <request id="193" node="194">
	 	 	 <quantity>3</quantity>
	 	 </request>
	 	 <request id="194" node="195">
	 	 	 <quantity>2</quantity>
	 	 </request>
	 	 <request id="195" node="196">
	 	 	 <quantity>4</quantity>
	 	 </request>
	 	 <request id="196" node="197">
	 	 	 <quantity>5</quantity>
	 	 </request>
	 	 <request id="197" node="198">
	 	 	 <quantity>10</quantity>
	 	 </request>
	 	 <request id="198" node="199">
	 	 	 <quantity>3</quantity>
	 	 </request>
	 	 <request id="199" node="200">
	 	 	 <quantity>9</quantity>
	 	 </request>
	 	 <request id="200" node="201">
	 	 	 <quantity>3</quantity>
	 	 </request>
	 	 <request id="201" node="202">
	 	 	 <quantity>4</quantity>
	 	 </request>
	 	 <request id="202" node="203">
	 	 	 <quantity>4</quantity>
	 	 </request>
	 	 <request id="203" node="204">
	 	 	 <quantity>7</quantity>
	 	 </request>
	 	 <request id="204" node="205">
	 	 	 <quantity>8</quantity>
	 	 </request>
	 	 <request id="205" node="206">
	 	 	 <quantity>8</quantity>
	 	 </request>
	 	 <request id="206" node="207">
	 	 	 <quantity>9</quantity>
	 	 </request>
	 	 <request id="207" node="208">
	 	 	 <quantity>8</quantity>
	 	 </request>
	 	 <request id="208" node="209">
	 	 	 <quantity>3</quantity>
	 	 </request>
	 	 <request id="209" node="210">
	 	 	 <quantity>6</quantity>
	 	 </request>
	 	 <request id="210" node="211">
	 	 	 <quantity>2</quantity>
	 	 </request>
	 	 <request id="211" node="212">
	 	 	 <quantity>3</quantity>
	 	 </request>
	 	 <request id="212" node="213">
	 	 	 <quantity>5</quantity>
	 	 </request>
	 	 <request id="213" node="214">
	 	 	 <quantity>3</quantity>
	 	 </request>
	 	 <request id="214" node="215">
	 	 	 <quantity>6</quantity>
	 	 </request>
	 	 <request id="215" node="216">
	 	 	 <quantity>7</quantity>
	 	 </request>
	 	 <request id="216" node="217">
	 	 	 <quantity>2</quantity>
	 	 </request>
	 	 <request id="217" node="218">
	 	 	 <quantity>8</quantity>
	 	 </request>
	 	 <request id="218" node="219">
	 	 	 <quantity>7</quantity>
	 	 </request>
	 	 <request id="219" node="220">
	 	 	 <quantity>3</quantity>
	 	 </request>
	 	 <request id="220" node="221">
	 	 	 <quantity>1</quantity>
	 	 </request>
	 	 <request id="221" node="222">
	 	 	 <quantity>1</quantity>
	 	 </request>
	 	 <request id="222" node="223">
	 	 	 <quantity>10</quantity>
	 	 </request>
	 	 <request id="223" node="224">
	 	 	 <quantity>3</quantity>
	 	 </request>
	 	 <request id="224" node="225">
	 	 	 <quantity>3</quantity>
	 	 </request>
	 	 <request id="225" node="226">
	 	 	 <quantity>5</quantity>
	 	 </request>
	 	 <request id="226" node="227">
	 	 	 <quantity>7</quantity>
	 	 </request>
	 	 <request id="227" node="228">
	 	 	 <quantity>3</quantity>
	 	 </request>
	 	 <request id="228" node="229">
	 	 	 <quantity>4</quantity>
	 	 </request>
	 	 <request id="229" node="230">
	 	 	 <quantity>10</quantity>
	 	 </request>
	 	 <request id="230" node="231">
	 	 	 <quantity>5</quantity>
	 	 </request>
	 	 <request id="231" node="232">
	 	 	 <quantity>1</quantity>
	 	 </request>
	 	 <request id="232" node="233">
	 	 	 <quantity>7</quantity>
	 	 </request>
	 	 <request id="233" node="234">
	 	 	 <quantity>6</quantity>
	 	 </request>
	 	 <request id="234" node="235">
	 	 	 <quantity>7</quantity>
	 	 </request>
	 	 <request id="235" node="236">
	 	 	 <quantity>7</quantity>
	 	 </request>
	 	 <request id="236" node="237">
	 	 	 <quantity>6</quantity>
	 	 </request>
	 	 <request id="237" node="238">
	 	 	 <quantity>2</quantity>
	 	 </request>
	 	 <request id="238" node="239">
	 	 	 <quantity>7</quantity>
	 	 </request>
	 	 <request id="239" node="240">
	 	 	 <quantity>6</quantity>
	 	 </request>
	 	 <request id="240" node="241">
	 	 	 <quantity>10</quantity>
	 	 </request>
	 	 <request id="241" node="242">
	 	 	 <quantity>9</quantity>
	 	 </request>
	 	 <request id="242" node="243">
	 	 	 <quantity>9</quantity>
	 	 </request>
	 	 <request id="243" node="244">
	 	 	 <quantity>4</quantity>
	 	 </request>
	 	 <request id="244" node="245">
	 	 	 <quantity>2</quantity>
	 	 </request>
	 	 <request id="245" node="246">
	 	 	 <quantity>1</quantity>
	 	 </request>
	 	 <request id="246" node="247">
	 	 	 <quantity>10</quantity>
	 	 </request>
	 	 <request id="247" node="248">
	 	 	 <quantity>3</quantity>
	 	 </request>
	 	 <request id="248" node="249">
	 	 	 <quantity>8</quantity>
	 	 </request>
	 	 <request id="249" node="250">
	 	 	 <quantity>6</quantity>
	 	 </request>
	 	 <request id="250" node="251">
	 	 	 <quantity>7</quantity>
	 	 </request>
	 	 <request id="251" node="252">
	 	 	 <quantity>4</quantity>
	 	 </request>
	 	 <request id="252" node="253">
	 	 	 <quantity>2</quantity>
	 	 </request>
	 	 <request id="253" node="254">
	 	 	 <quantity>6</quantity>
	 	 </request>
	 	 <request id="254" node="255">
	 	 	 <quantity>10</quantity>
	 	 </request>
	 	 <request id="255" node="256">
	 	 	 <quantity>7</quantity>
	 	 </request>
	 	 <request id="256" node="257">
	 	 	 <quantity>8</quantity>
	 	 </request>
	 	 <request id="257" node="258">
	 	 	 <quantity>5</quantity>
	 	 </request>
	 	 <request id="258" node="259">
	 	 	 <quantity>6</quantity>
	 	 </request>
	 	 <request id="259" node="260">
	 	 	 <quantity>10</quantity>
	 	 </request>
	 	 <request id="260" node="261">
	 	 	 <quantity>1</quantity>
	 	 </request>
	 	 <request id="261" node="262">
	 	 	 <quantity>9</quantity>
	 	 </request>
	 	 <request id="262" node="263">
	 	 	 <quantity>1</quantity>
	 	 </request>
	 	 <request id="263" node="264">
	 	 	 <quantity>1</quantity>
	 	 </request>
	 	 <request id="264" node="265">
	 	 	 <quantity>8</quantity>
	 	 </request>
	 	 <request id="265" node="266">
	 	 	 <quantity>10</quantity>
	 	 </request>
	 	 <request id="266" node="267">
	 	 	 <quantity>4</quantity>
	 	 </request>
	 	 <request id="267" node="268">
	 	 	 <quantity>4</quantity>
	 	 </request>
	 	 <request id="268" node="269">
	 	 	 <quantity>5</quantity>
	 	 </request>
	 	 <request id="269" node="270">
	 	 	 <quantity>4</quantity>
	 	 </request>
	 	 <request id="270" node="271">
	 	 	 <quantity>1</quantity>
	 	 </request>
	 	 <request id="271" node="272">
	 	 	 <quantity>8</quantity>
	 	 </request>
	 	 <request id="272" node="273">
	 	 	 <quantity>9</quantity>
	 	 </request>
	 	 <request id="273" node="274">
	 	 	 <quantity>10</quantity>
	 	 </request>
	 	 <request id="274" node="275">
	 	 	 <quantity>5</quantity>
	 	 </request>
	 	 <request id="275" node="276">
	 	 	 <quantity>4</quantity>
	 	 </request>
	 	 <request id="276" node="277">
	 	 	 <quantity>6</quantity>
	 	 </request>
	 	 <request id="277" node="278">
	 	 	 <quantity>9</quantity>
	 	 </request>
	 	 <request id="278" node="279">
	 	 	 <quantity>4</quantity>
	 	 </request>
	 	 <request id="279" node="280">
	 	 	 <quantity>1</quantity>
	 	 </request>
	 	 <request id="280" node="281">
	 	 	 <quantity>2</quantity>
	 	 </request>
	 	 <request id="281" node="282">
	 	 	 <quantity>1</quantity>
	 	 </request>
	 	 <request id="282" node="283">
	 	 	 <quantity>9</quantity>
	 	 </request>
	 	 <request id="283" node="284">
	 	 	 <quantity>7</quantity>
	 	 </request>
	 	 <request id="284" node="285">
	 	 	 <quantity>9</quantity>
	 	 </request>
	 	 <request id="285" node="286">
	 	 	 <quantity>7</quantity>
	 	 </request>
	 	 <request id="286" node="287">
	 	 	 <quantity>7</quantity>
	 	 </request>
	 	 <request id="287" node="288">
	 	 	 <quantity>3</quantity>
	 	 </request>
	 	 <request id="288" node="289">
	 	 	 <quantity>1</quantity>
	 	 </request>
	 	 <request id="289" node="290">
	 	 	 <quantity>3</quantity>
	 	 </request>
	 	 <request id="290" node="291">
	 	 	 <quantity>6</quantity>
	 	 </request>
	 	 <request id="291" node="292">
	 	 	 <quantity>5</quantity>
	 	 </request>
	 	 <request id="292" node="293">
	 	 	 <quantity>4</quantity>
	 	 </request>
	 	 <request id="293" node="294">
	 	 	 <quantity>10</quantity>
	 	 </request>
	 	 <request id="294" node="295">
	 	 	 <quantity>4</quantity>
	 	 </request>
	 	 <request id="295" node="296">
	 	 	 <quantity>5</quantity>
	 	 </request>
	 	 <request id="296" node="297">
	 	 	 <quantity>9</quantity>
	 	 </request>
	 	 <request id="297" node="298">
	 	 	 <quantity>4</quantity>
	 	 </request>
	 	 <request id="298" node="299">
	 	 	 <quantity>4</quantity>
	 	 </request>
	 	 <request id="299" node="300">
	 	 	 <quantity>8</quantity>
	 	 </request>
	 	 <request id="300" node="301">
	 	 	 <quantity>4</quantity>
	 	 </request>
	 	 <request id="301" node="302">
	 	 	 <quantity>8</quantity>
	 	 </request>
	 	 <request id="302" node="303">
	 	 	 <quantity>4</quantity>
	 	 </request>
	 	 <request id="303" node="304">
	 	 	 <quantity>9</quantity>
	 	 </request>
	 	 <request id="304" node="305">
	 	 	 <quantity>4</quantity>
	 	 </request>
	 	 <request id="305" node="306">
	 	 	 <quantity>7</quantity>
	 	 </request>
	 	 <request id="306" node="307">
	 	 	 <quantity>4</quantity>
	 	 </request>
	 	 <request id="307" node="308">
	 	 	 <quantity>2</quantity>
	 	 </request>
	 	 <request id="308" node="309">
	 	 	 <quantity>6</quantity>
	 	 </request>
	 	 <request id="309" node="310">
	 	 	 <quantity>1</quantity>
	 	 </request>
	 	 <request id="310" node="311">
	 	 	 <quantity>10</quantity>
	 	 </request>
	 	 <request id="311" node="312">
	 	 	 <quantity>5</quantity>
	 	 </request>
	 	 <request id="312" node="313">
	 	 	 <quantity>10</quantity>
	 	 </request>
	 	 <request id="313" node="314">
	 	 	 <quantity>9</quantity>
	 	 </request>
	 	 <request id="314" node="315">
	 	 	 <quantity>2</quantity>
	 	 </request>
	 	 <request id="315" node="316">
	 	 	 <quantity>3</quantity>
	 	 </request>
	 	 <request id="316" node="317">
	 	 	 <quantity>1</quantity>
	 	 </request>
	 	 <request id="317" node="318">
	 	 	 <quantity>5</quantity>
	 	 </request>
	 	 <request id="318" node="319">
	 	 	 <quantity>2</quantity>
	 	 </request>
	 	 <request id="319" node="320">
	 	 	 <quantity>5</quantity>
	 	 </request>
	 	 <request id="320" node="321">
	 	 	 <quantity>7</quantity>
	 	 </request>
	 	 <request id="321" node="322">
	 	 	 <quantity>6</quantity>
	 	 </request>
	 	 <request id="322" node="323">
	 	 	 <quantity>5</quantity>
	 	 </request>
	 	 <request id="323" node="324">
	 	 	 <quantity>9</quantity>
	 	 </request>
	 	 <request id="324" node="325">
	 	 	 <quantity>4</quantity>
	 	 </request>
	 	 <request id="325" node="326">
	 	 	 <quantity>6</quantity>
	 	 </request>
	 	 <request id="326" node="327">
	 	 	 <quantity>4</quantity>
	 	 </request>
	 	 <request id="327" node="328">
	 	 	 <quantity>8</quantity>
	 	 </request>
	 	 <request id="328" node="329">
	 	 	 <quantity>6</quantity>
	 	 </request>
	 	 <request id="329" node="330">
	 	 	 <quantity>7</quantity>
	 	 </request>
	 	 <request id="330" node="331">
	 	 	 <quantity>1</quantity>
	 	 </request>
	 	 <request id="331" node="332">
	 	 	 <quantity>10</quantity>
	 	 </request>
	 	 <request id="332" node="333">
	 	 	 <quantity>3</quantity>
	 	 </request>
	 	 <request id="333" node="334">
	 	 	 <quantity>6</quantity>
	 	 </request>
	 	 <request id="334" node="335">
	 	 	 <quantity>5</quantity>
	 	 </request>
	 	 <request id="335" node="336">
	 	 	 <quantity>4</quantity>
	 	 </request>
	 	 <request id="336" node="337">
	 	 	 <quantity>7</quantity>
	 	 </request>
	 	 <request id="337" node="338">
	 	 	 <quantity>8</quantity>
	 	 </request>
	 	 <request id="338" node="339">
	 	 	 <quantity>5</quantity>
	 	 </request>
	 	 <request id="339" node="340">
	 	 	 <quantity>10</quantity>
	 	 </request>
	 	 <request id="340" node="341">
	 	 	 <quantity>2</quantity>
	 	 </request>
	 	 <request id="341" node="342">
	 	 	 <quantity>9</quantity>
	 	 </request>
	 	 <request id="342" node="343">
	 	 	 <quantity>10</quantity>
	 	 </request>
	 	 <request id="343" node="344">
	 	 	 <quantity>1</quantity>
	 	 </request>
	 	 <request id="344" node="345">
	 	 	 <quantity>4</quantity>
	 	 </request>
	 	 <request id="345" node="346">
	 	 	 <quantity>10</quantity>
	 	 </request>
	 	 <request id="346" node="347">
	 	 	 <quantity>1</quantity>
	 	 </request>
	 	 <request id="347" node="348">
	 	 	 <quantity>2</quantity>
	 	 </request>
	 	 <request id="348" node="349">
	 	 	 <quantity>6</quantity>
	 	 </request>
	 	 <request id="349" node="350">
	 	 	 <quantity>4</quantity>
	 	 </request>
	 	 <request id="350" node="351">
	 	 	 <quantity>8</quantity>
	 	 </request>
	 	 <request id="351" node="352">
	 	 	 <quantity>9</quantity>
	 	 </request>
	 	 <request id="352" node="353">
	 	 	 <quantity>10</quantity>
	 	 </request>
	 	 <request id="353" node="354">
	 	 	 <quantity>2</quantity>
	 	 </request>
	 	 <request id="354" node="355">
	 	 	 <quantity>7</quantity>
	 	 </request>
	 	 <request id="355" node="356">
	 	 	 <quantity>3</quantity>
	 	 </request>
	 	 <request id="356" node="357">
	 	 	 <quantity>8</quantity>
	 	 </request>
	 	 <request id="357" node="358">
	 	 	 <quantity>9</quantity>
	 	 </request>
	 	 <request id="358" node="359">
	 	 	 <quantity>4</quantity>
	 	 </request>
	 </requests>
</instance>
