<?xml version="1.0" encoding="UTF-8" standalone="yes"?>
<instance>
	<info>
	 	<dataset>Uchoa 2014 — Set X</dataset>
	 	<name>X-n280-k17</name>
	</info>
	<network>
	 	<nodes>
	 	 	<node id="1" type="1">
	 	 	 	<cx>0</cx>
	 	 	 	<cy>0</cy>
	 	 	</node>
	 	 	<node id="2" type="1">
	 	 	 	<cx>909</cx>
	 	 	 	<cy>919</cy>
	 	 	</node>
	 	 	<node id="3" type="1">
	 	 	 	<cx>878</cx>
	 	 	 	<cy>721</cy>
	 	 	</node>
	 	 	<node id="4" type="1">
	 	 	 	<cx>969</cx>
	 	 	 	<cy>85</cy>
	 	 	</node>
	 	 	<node id="5" type="1">
	 	 	 	<cx>591</cx>
	 	 	 	<cy>195</cy>
	 	 	</node>
	 	 	<node id="6" type="1">
	 	 	 	<cx>955</cx>
	 	 	 	<cy>148</cy>
	 	 	</node>
	 	 	<node id="7" type="1">
	 	 	 	<cx>587</cx>
	 	 	 	<cy>903</cy>
	 	 	</node>
	 	 	<node id="8" type="1">
	 	 	 	<cx>994</cx>
	 	 	 	<cy>792</cy>
	 	 	</node>
	 	 	<node id="9" type="1">
	 	 	 	<cx>625</cx>
	 	 	 	<cy>129</cy>
	 	 	</node>
	 	 	<node id="10" type="1">
	 	 	 	<cx>544</cx>
	 	 	 	<cy>703</cy>
	 	 	</node>
	 	 	<node id="11" type="1">
	 	 	 	<cx>461</cx>
	 	 	 	<cy>167</cy>
	 	 	</node>
	 	 	<node id="12" type="1">
	 	 	 	<cx>37</cx>
	 	 	 	<cy>644</cy>
	 	 	</node>
	 	 	<node id="13" type="1">
	 	 	 	<cx>615</cx>
	 	 	 	<cy>22</cy>
	 	 	</node>
	 	 	<node id="14" type="1">
	 	 	 	<cx>773</cx>
	 	 	 	<cy>788</cy>
	 	 	</node>
	 	 	<node id="15" type="1">
	 	 	 	<cx>384</cx>
	 	 	 	<cy>364</cy>
	 	 	</node>
	 	 	<node id="16" type="1">
	 	 	 	<cx>51</cx>
	 	 	 	<cy>291</cy>
	 	 	</node>
	 	 	<node id="17" type="1">
	 	 	 	<cx>109</cx>
	 	 	 	<cy>732</cy>
	 	 	</node>
	 	 	<node id="18" type="1">
	 	 	 	<cx>570</cx>
	 	 	 	<cy>124</cy>
	 	 	</node>
	 	 	<node id="19" type="1">
	 	 	 	<cx>692</cx>
	 	 	 	<cy>985</cy>
	 	 	</node>
	 	 	<node id="20" type="1">
	 	 	 	<cx>62</cx>
	 	 	 	<cy>150</cy>
	 	 	</node>
	 	 	<node id="21" type="1">
	 	 	 	<cx>358</cx>
	 	 	 	<cy>5</cy>
	 	 	</node>
	 	 	<node id="22" type="1">
	 	 	 	<cx>188</cx>
	 	 	 	<cy>450</cy>
	 	 	</node>
	 	 	<node id="23" type="1">
	 	 	 	<cx>674</cx>
	 	 	 	<cy>658</cy>
	 	 	</node>
	 	 	<node id="24" type="1">
	 	 	 	<cx>676</cx>
	 	 	 	<cy>904</cy>
	 	 	</node>
	 	 	<node id="25" type="1">
	 	 	 	<cx>815</cx>
	 	 	 	<cy>984</cy>
	 	 	</node>
	 	 	<node id="26" type="1">
	 	 	 	<cx>710</cx>
	 	 	 	<cy>16</cy>
	 	 	</node>
	 	 	<node id="27" type="1">
	 	 	 	<cx>74</cx>
	 	 	 	<cy>658</cy>
	 	 	</node>
	 	 	<node id="28" type="1">
	 	 	 	<cx>576</cx>
	 	 	 	<cy>1000</cy>
	 	 	</node>
	 	 	<node id="29" type="1">
	 	 	 	<cx>636</cx>
	 	 	 	<cy>695</cy>
	 	 	</node>
	 	 	<node id="30" type="1">
	 	 	 	<cx>547</cx>
	 	 	 	<cy>92</cy>
	 	 	</node>
	 	 	<node id="31" type="1">
	 	 	 	<cx>587</cx>
	 	 	 	<cy>397</cy>
	 	 	</node>
	 	 	<node id="32" type="1">
	 	 	 	<cx>26</cx>
	 	 	 	<cy>150</cy>
	 	 	</node>
	 	 	<node id="33" type="1">
	 	 	 	<cx>182</cx>
	 	 	 	<cy>561</cy>
	 	 	</node>
	 	 	<node id="34" type="1">
	 	 	 	<cx>938</cx>
	 	 	 	<cy>462</cy>
	 	 	</node>
	 	 	<node id="35" type="1">
	 	 	 	<cx>362</cx>
	 	 	 	<cy>928</cy>
	 	 	</node>
	 	 	<node id="36" type="1">
	 	 	 	<cx>366</cx>
	 	 	 	<cy>835</cy>
	 	 	</node>
	 	 	<node id="37" type="1">
	 	 	 	<cx>516</cx>
	 	 	 	<cy>892</cy>
	 	 	</node>
	 	 	<node id="38" type="1">
	 	 	 	<cx>448</cx>
	 	 	 	<cy>923</cy>
	 	 	</node>
	 	 	<node id="39" type="1">
	 	 	 	<cx>501</cx>
	 	 	 	<cy>445</cy>
	 	 	</node>
	 	 	<node id="40" type="1">
	 	 	 	<cx>513</cx>
	 	 	 	<cy>799</cy>
	 	 	</node>
	 	 	<node id="41" type="1">
	 	 	 	<cx>905</cx>
	 	 	 	<cy>388</cy>
	 	 	</node>
	 	 	<node id="42" type="1">
	 	 	 	<cx>474</cx>
	 	 	 	<cy>791</cy>
	 	 	</node>
	 	 	<node id="43" type="1">
	 	 	 	<cx>560</cx>
	 	 	 	<cy>782</cy>
	 	 	</node>
	 	 	<node id="44" type="1">
	 	 	 	<cx>465</cx>
	 	 	 	<cy>552</cy>
	 	 	</node>
	 	 	<node id="45" type="1">
	 	 	 	<cx>315</cx>
	 	 	 	<cy>645</cy>
	 	 	</node>
	 	 	<node id="46" type="1">
	 	 	 	<cx>738</cx>
	 	 	 	<cy>396</cy>
	 	 	</node>
	 	 	<node id="47" type="1">
	 	 	 	<cx>45</cx>
	 	 	 	<cy>915</cy>
	 	 	</node>
	 	 	<node id="48" type="1">
	 	 	 	<cx>797</cx>
	 	 	 	<cy>871</cy>
	 	 	</node>
	 	 	<node id="49" type="1">
	 	 	 	<cx>922</cx>
	 	 	 	<cy>643</cy>
	 	 	</node>
	 	 	<node id="50" type="1">
	 	 	 	<cx>793</cx>
	 	 	 	<cy>586</cy>
	 	 	</node>
	 	 	<node id="51" type="1">
	 	 	 	<cx>921</cx>
	 	 	 	<cy>458</cy>
	 	 	</node>
	 	 	<node id="52" type="1">
	 	 	 	<cx>160</cx>
	 	 	 	<cy>295</cy>
	 	 	</node>
	 	 	<node id="53" type="1">
	 	 	 	<cx>598</cx>
	 	 	 	<cy>257</cy>
	 	 	</node>
	 	 	<node id="54" type="1">
	 	 	 	<cx>516</cx>
	 	 	 	<cy>221</cy>
	 	 	</node>
	 	 	<node id="55" type="1">
	 	 	 	<cx>99</cx>
	 	 	 	<cy>169</cy>
	 	 	</node>
	 	 	<node id="56" type="1">
	 	 	 	<cx>788</cx>
	 	 	 	<cy>634</cy>
	 	 	</node>
	 	 	<node id="57" type="1">
	 	 	 	<cx>425</cx>
	 	 	 	<cy>751</cy>
	 	 	</node>
	 	 	<node id="58" type="1">
	 	 	 	<cx>616</cx>
	 	 	 	<cy>680</cy>
	 	 	</node>
	 	 	<node id="59" type="1">
	 	 	 	<cx>949</cx>
	 	 	 	<cy>444</cy>
	 	 	</node>
	 	 	<node id="60" type="1">
	 	 	 	<cx>987</cx>
	 	 	 	<cy>459</cy>
	 	 	</node>
	 	 	<node id="61" type="1">
	 	 	 	<cx>182</cx>
	 	 	 	<cy>279</cy>
	 	 	</node>
	 	 	<node id="62" type="1">
	 	 	 	<cx>127</cx>
	 	 	 	<cy>354</cy>
	 	 	</node>
	 	 	<node id="63" type="1">
	 	 	 	<cx>791</cx>
	 	 	 	<cy>822</cy>
	 	 	</node>
	 	 	<node id="64" type="1">
	 	 	 	<cx>645</cx>
	 	 	 	<cy>609</cy>
	 	 	</node>
	 	 	<node id="65" type="1">
	 	 	 	<cx>857</cx>
	 	 	 	<cy>386</cy>
	 	 	</node>
	 	 	<node id="66" type="1">
	 	 	 	<cx>917</cx>
	 	 	 	<cy>154</cy>
	 	 	</node>
	 	 	<node id="67" type="1">
	 	 	 	<cx>398</cx>
	 	 	 	<cy>480</cy>
	 	 	</node>
	 	 	<node id="68" type="1">
	 	 	 	<cx>729</cx>
	 	 	 	<cy>688</cy>
	 	 	</node>
	 	 	<node id="69" type="1">
	 	 	 	<cx>134</cx>
	 	 	 	<cy>510</cy>
	 	 	</node>
	 	 	<node id="70" type="1">
	 	 	 	<cx>172</cx>
	 	 	 	<cy>2</cy>
	 	 	</node>
	 	 	<node id="71" type="1">
	 	 	 	<cx>499</cx>
	 	 	 	<cy>737</cy>
	 	 	</node>
	 	 	<node id="72" type="1">
	 	 	 	<cx>780</cx>
	 	 	 	<cy>565</cy>
	 	 	</node>
	 	 	<node id="73" type="1">
	 	 	 	<cx>908</cx>
	 	 	 	<cy>477</cy>
	 	 	</node>
	 	 	<node id="74" type="1">
	 	 	 	<cx>917</cx>
	 	 	 	<cy>341</cy>
	 	 	</node>
	 	 	<node id="75" type="1">
	 	 	 	<cx>272</cx>
	 	 	 	<cy>553</cy>
	 	 	</node>
	 	 	<node id="76" type="1">
	 	 	 	<cx>421</cx>
	 	 	 	<cy>876</cy>
	 	 	</node>
	 	 	<node id="77" type="1">
	 	 	 	<cx>770</cx>
	 	 	 	<cy>2</cy>
	 	 	</node>
	 	 	<node id="78" type="1">
	 	 	 	<cx>497</cx>
	 	 	 	<cy>623</cy>
	 	 	</node>
	 	 	<node id="79" type="1">
	 	 	 	<cx>853</cx>
	 	 	 	<cy>27</cy>
	 	 	</node>
	 	 	<node id="80" type="1">
	 	 	 	<cx>853</cx>
	 	 	 	<cy>521</cy>
	 	 	</node>
	 	 	<node id="81" type="1">
	 	 	 	<cx>519</cx>
	 	 	 	<cy>196</cy>
	 	 	</node>
	 	 	<node id="82" type="1">
	 	 	 	<cx>90</cx>
	 	 	 	<cy>822</cy>
	 	 	</node>
	 	 	<node id="83" type="1">
	 	 	 	<cx>827</cx>
	 	 	 	<cy>901</cy>
	 	 	</node>
	 	 	<node id="84" type="1">
	 	 	 	<cx>350</cx>
	 	 	 	<cy>168</cy>
	 	 	</node>
	 	 	<node id="85" type="1">
	 	 	 	<cx>656</cx>
	 	 	 	<cy>56</cy>
	 	 	</node>
	 	 	<node id="86" type="1">
	 	 	 	<cx>199</cx>
	 	 	 	<cy>924</cy>
	 	 	</node>
	 	 	<node id="87" type="1">
	 	 	 	<cx>732</cx>
	 	 	 	<cy>55</cy>
	 	 	</node>
	 	 	<node id="88" type="1">
	 	 	 	<cx>772</cx>
	 	 	 	<cy>748</cy>
	 	 	</node>
	 	 	<node id="89" type="1">
	 	 	 	<cx>884</cx>
	 	 	 	<cy>973</cy>
	 	 	</node>
	 	 	<node id="90" type="1">
	 	 	 	<cx>158</cx>
	 	 	 	<cy>430</cy>
	 	 	</node>
	 	 	<node id="91" type="1">
	 	 	 	<cx>563</cx>
	 	 	 	<cy>13</cy>
	 	 	</node>
	 	 	<node id="92" type="1">
	 	 	 	<cx>50</cx>
	 	 	 	<cy>959</cy>
	 	 	</node>
	 	 	<node id="93" type="1">
	 	 	 	<cx>609</cx>
	 	 	 	<cy>223</cy>
	 	 	</node>
	 	 	<node id="94" type="1">
	 	 	 	<cx>628</cx>
	 	 	 	<cy>860</cy>
	 	 	</node>
	 	 	<node id="95" type="1">
	 	 	 	<cx>264</cx>
	 	 	 	<cy>436</cy>
	 	 	</node>
	 	 	<node id="96" type="1">
	 	 	 	<cx>699</cx>
	 	 	 	<cy>764</cy>
	 	 	</node>
	 	 	<node id="97" type="1">
	 	 	 	<cx>441</cx>
	 	 	 	<cy>479</cy>
	 	 	</node>
	 	 	<node id="98" type="1">
	 	 	 	<cx>95</cx>
	 	 	 	<cy>246</cy>
	 	 	</node>
	 	 	<node id="99" type="1">
	 	 	 	<cx>236</cx>
	 	 	 	<cy>627</cy>
	 	 	</node>
	 	 	<node id="100" type="1">
	 	 	 	<cx>307</cx>
	 	 	 	<cy>893</cy>
	 	 	</node>
	 	 	<node id="101" type="1">
	 	 	 	<cx>695</cx>
	 	 	 	<cy>302</cy>
	 	 	</node>
	 	 	<node id="102" type="1">
	 	 	 	<cx>378</cx>
	 	 	 	<cy>639</cy>
	 	 	</node>
	 	 	<node id="103" type="1">
	 	 	 	<cx>830</cx>
	 	 	 	<cy>30</cy>
	 	 	</node>
	 	 	<node id="104" type="1">
	 	 	 	<cx>44</cx>
	 	 	 	<cy>339</cy>
	 	 	</node>
	 	 	<node id="105" type="1">
	 	 	 	<cx>885</cx>
	 	 	 	<cy>644</cy>
	 	 	</node>
	 	 	<node id="106" type="1">
	 	 	 	<cx>122</cx>
	 	 	 	<cy>603</cy>
	 	 	</node>
	 	 	<node id="107" type="1">
	 	 	 	<cx>850</cx>
	 	 	 	<cy>732</cy>
	 	 	</node>
	 	 	<node id="108" type="1">
	 	 	 	<cx>155</cx>
	 	 	 	<cy>865</cy>
	 	 	</node>
	 	 	<node id="109" type="1">
	 	 	 	<cx>230</cx>
	 	 	 	<cy>346</cy>
	 	 	</node>
	 	 	<node id="110" type="1">
	 	 	 	<cx>300</cx>
	 	 	 	<cy>719</cy>
	 	 	</node>
	 	 	<node id="111" type="1">
	 	 	 	<cx>55</cx>
	 	 	 	<cy>954</cy>
	 	 	</node>
	 	 	<node id="112" type="1">
	 	 	 	<cx>467</cx>
	 	 	 	<cy>494</cy>
	 	 	</node>
	 	 	<node id="113" type="1">
	 	 	 	<cx>153</cx>
	 	 	 	<cy>641</cy>
	 	 	</node>
	 	 	<node id="114" type="1">
	 	 	 	<cx>713</cx>
	 	 	 	<cy>82</cy>
	 	 	</node>
	 	 	<node id="115" type="1">
	 	 	 	<cx>659</cx>
	 	 	 	<cy>564</cy>
	 	 	</node>
	 	 	<node id="116" type="1">
	 	 	 	<cx>881</cx>
	 	 	 	<cy>18</cy>
	 	 	</node>
	 	 	<node id="117" type="1">
	 	 	 	<cx>781</cx>
	 	 	 	<cy>654</cy>
	 	 	</node>
	 	 	<node id="118" type="1">
	 	 	 	<cx>490</cx>
	 	 	 	<cy>806</cy>
	 	 	</node>
	 	 	<node id="119" type="1">
	 	 	 	<cx>823</cx>
	 	 	 	<cy>569</cy>
	 	 	</node>
	 	 	<node id="120" type="1">
	 	 	 	<cx>878</cx>
	 	 	 	<cy>496</cy>
	 	 	</node>
	 	 	<node id="121" type="1">
	 	 	 	<cx>441</cx>
	 	 	 	<cy>898</cy>
	 	 	</node>
	 	 	<node id="122" type="1">
	 	 	 	<cx>589</cx>
	 	 	 	<cy>516</cy>
	 	 	</node>
	 	 	<node id="123" type="1">
	 	 	 	<cx>165</cx>
	 	 	 	<cy>614</cy>
	 	 	</node>
	 	 	<node id="124" type="1">
	 	 	 	<cx>17</cx>
	 	 	 	<cy>749</cy>
	 	 	</node>
	 	 	<node id="125" type="1">
	 	 	 	<cx>164</cx>
	 	 	 	<cy>778</cy>
	 	 	</node>
	 	 	<node id="126" type="1">
	 	 	 	<cx>296</cx>
	 	 	 	<cy>858</cy>
	 	 	</node>
	 	 	<node id="127" type="1">
	 	 	 	<cx>258</cx>
	 	 	 	<cy>488</cy>
	 	 	</node>
	 	 	<node id="128" type="1">
	 	 	 	<cx>437</cx>
	 	 	 	<cy>866</cy>
	 	 	</node>
	 	 	<node id="129" type="1">
	 	 	 	<cx>187</cx>
	 	 	 	<cy>88</cy>
	 	 	</node>
	 	 	<node id="130" type="1">
	 	 	 	<cx>725</cx>
	 	 	 	<cy>988</cy>
	 	 	</node>
	 	 	<node id="131" type="1">
	 	 	 	<cx>125</cx>
	 	 	 	<cy>619</cy>
	 	 	</node>
	 	 	<node id="132" type="1">
	 	 	 	<cx>352</cx>
	 	 	 	<cy>701</cy>
	 	 	</node>
	 	 	<node id="133" type="1">
	 	 	 	<cx>447</cx>
	 	 	 	<cy>517</cy>
	 	 	</node>
	 	 	<node id="134" type="1">
	 	 	 	<cx>316</cx>
	 	 	 	<cy>80</cy>
	 	 	</node>
	 	 	<node id="135" type="1">
	 	 	 	<cx>743</cx>
	 	 	 	<cy>575</cy>
	 	 	</node>
	 	 	<node id="136" type="1">
	 	 	 	<cx>555</cx>
	 	 	 	<cy>373</cy>
	 	 	</node>
	 	 	<node id="137" type="1">
	 	 	 	<cx>84</cx>
	 	 	 	<cy>140</cy>
	 	 	</node>
	 	 	<node id="138" type="1">
	 	 	 	<cx>341</cx>
	 	 	 	<cy>827</cy>
	 	 	</node>
	 	 	<node id="139" type="1">
	 	 	 	<cx>541</cx>
	 	 	 	<cy>567</cy>
	 	 	</node>
	 	 	<node id="140" type="1">
	 	 	 	<cx>919</cx>
	 	 	 	<cy>768</cy>
	 	 	</node>
	 	 	<node id="141" type="1">
	 	 	 	<cx>945</cx>
	 	 	 	<cy>924</cy>
	 	 	</node>
	 	 	<node id="142" type="1">
	 	 	 	<cx>397</cx>
	 	 	 	<cy>932</cy>
	 	 	</node>
	 	 	<node id="143" type="1">
	 	 	 	<cx>905</cx>
	 	 	 	<cy>944</cy>
	 	 	</node>
	 	 	<node id="144" type="1">
	 	 	 	<cx>892</cx>
	 	 	 	<cy>37</cy>
	 	 	</node>
	 	 	<node id="145" type="1">
	 	 	 	<cx>74</cx>
	 	 	 	<cy>227</cy>
	 	 	</node>
	 	 	<node id="146" type="1">
	 	 	 	<cx>911</cx>
	 	 	 	<cy>617</cy>
	 	 	</node>
	 	 	<node id="147" type="1">
	 	 	 	<cx>668</cx>
	 	 	 	<cy>697</cy>
	 	 	</node>
	 	 	<node id="148" type="1">
	 	 	 	<cx>1</cx>
	 	 	 	<cy>96</cy>
	 	 	</node>
	 	 	<node id="149" type="1">
	 	 	 	<cx>223</cx>
	 	 	 	<cy>299</cy>
	 	 	</node>
	 	 	<node id="150" type="1">
	 	 	 	<cx>637</cx>
	 	 	 	<cy>118</cy>
	 	 	</node>
	 	 	<node id="151" type="1">
	 	 	 	<cx>622</cx>
	 	 	 	<cy>958</cy>
	 	 	</node>
	 	 	<node id="152" type="1">
	 	 	 	<cx>356</cx>
	 	 	 	<cy>127</cy>
	 	 	</node>
	 	 	<node id="153" type="1">
	 	 	 	<cx>347</cx>
	 	 	 	<cy>777</cy>
	 	 	</node>
	 	 	<node id="154" type="1">
	 	 	 	<cx>157</cx>
	 	 	 	<cy>190</cy>
	 	 	</node>
	 	 	<node id="155" type="1">
	 	 	 	<cx>8</cx>
	 	 	 	<cy>497</cy>
	 	 	</node>
	 	 	<node id="156" type="1">
	 	 	 	<cx>138</cx>
	 	 	 	<cy>78</cy>
	 	 	</node>
	 	 	<node id="157" type="1">
	 	 	 	<cx>100</cx>
	 	 	 	<cy>192</cy>
	 	 	</node>
	 	 	<node id="158" type="1">
	 	 	 	<cx>384</cx>
	 	 	 	<cy>598</cy>
	 	 	</node>
	 	 	<node id="159" type="1">
	 	 	 	<cx>23</cx>
	 	 	 	<cy>228</cy>
	 	 	</node>
	 	 	<node id="160" type="1">
	 	 	 	<cx>110</cx>
	 	 	 	<cy>163</cy>
	 	 	</node>
	 	 	<node id="161" type="1">
	 	 	 	<cx>345</cx>
	 	 	 	<cy>464</cy>
	 	 	</node>
	 	 	<node id="162" type="1">
	 	 	 	<cx>53</cx>
	 	 	 	<cy>628</cy>
	 	 	</node>
	 	 	<node id="163" type="1">
	 	 	 	<cx>316</cx>
	 	 	 	<cy>705</cy>
	 	 	</node>
	 	 	<node id="164" type="1">
	 	 	 	<cx>112</cx>
	 	 	 	<cy>361</cy>
	 	 	</node>
	 	 	<node id="165" type="1">
	 	 	 	<cx>642</cx>
	 	 	 	<cy>405</cy>
	 	 	</node>
	 	 	<node id="166" type="1">
	 	 	 	<cx>235</cx>
	 	 	 	<cy>578</cy>
	 	 	</node>
	 	 	<node id="167" type="1">
	 	 	 	<cx>489</cx>
	 	 	 	<cy>621</cy>
	 	 	</node>
	 	 	<node id="168" type="1">
	 	 	 	<cx>563</cx>
	 	 	 	<cy>916</cy>
	 	 	</node>
	 	 	<node id="169" type="1">
	 	 	 	<cx>759</cx>
	 	 	 	<cy>215</cy>
	 	 	</node>
	 	 	<node id="170" type="1">
	 	 	 	<cx>822</cx>
	 	 	 	<cy>262</cy>
	 	 	</node>
	 	 	<node id="171" type="1">
	 	 	 	<cx>597</cx>
	 	 	 	<cy>310</cy>
	 	 	</node>
	 	 	<node id="172" type="1">
	 	 	 	<cx>960</cx>
	 	 	 	<cy>837</cy>
	 	 	</node>
	 	 	<node id="173" type="1">
	 	 	 	<cx>164</cx>
	 	 	 	<cy>988</cy>
	 	 	</node>
	 	 	<node id="174" type="1">
	 	 	 	<cx>37</cx>
	 	 	 	<cy>513</cy>
	 	 	</node>
	 	 	<node id="175" type="1">
	 	 	 	<cx>648</cx>
	 	 	 	<cy>247</cy>
	 	 	</node>
	 	 	<node id="176" type="1">
	 	 	 	<cx>375</cx>
	 	 	 	<cy>402</cy>
	 	 	</node>
	 	 	<node id="177" type="1">
	 	 	 	<cx>531</cx>
	 	 	 	<cy>205</cy>
	 	 	</node>
	 	 	<node id="178" type="1">
	 	 	 	<cx>935</cx>
	 	 	 	<cy>676</cy>
	 	 	</node>
	 	 	<node id="179" type="1">
	 	 	 	<cx>103</cx>
	 	 	 	<cy>549</cy>
	 	 	</node>
	 	 	<node id="180" type="1">
	 	 	 	<cx>964</cx>
	 	 	 	<cy>651</cy>
	 	 	</node>
	 	 	<node id="181" type="1">
	 	 	 	<cx>233</cx>
	 	 	 	<cy>241</cy>
	 	 	</node>
	 	 	<node id="182" type="1">
	 	 	 	<cx>891</cx>
	 	 	 	<cy>112</cy>
	 	 	</node>
	 	 	<node id="183" type="1">
	 	 	 	<cx>378</cx>
	 	 	 	<cy>472</cy>
	 	 	</node>
	 	 	<node id="184" type="1">
	 	 	 	<cx>457</cx>
	 	 	 	<cy>893</cy>
	 	 	</node>
	 	 	<node id="185" type="1">
	 	 	 	<cx>852</cx>
	 	 	 	<cy>861</cy>
	 	 	</node>
	 	 	<node id="186" type="1">
	 	 	 	<cx>113</cx>
	 	 	 	<cy>701</cy>
	 	 	</node>
	 	 	<node id="187" type="1">
	 	 	 	<cx>340</cx>
	 	 	 	<cy>913</cy>
	 	 	</node>
	 	 	<node id="188" type="1">
	 	 	 	<cx>662</cx>
	 	 	 	<cy>198</cy>
	 	 	</node>
	 	 	<node id="189" type="1">
	 	 	 	<cx>667</cx>
	 	 	 	<cy>718</cy>
	 	 	</node>
	 	 	<node id="190" type="1">
	 	 	 	<cx>140</cx>
	 	 	 	<cy>332</cy>
	 	 	</node>
	 	 	<node id="191" type="1">
	 	 	 	<cx>809</cx>
	 	 	 	<cy>908</cy>
	 	 	</node>
	 	 	<node id="192" type="1">
	 	 	 	<cx>968</cx>
	 	 	 	<cy>908</cy>
	 	 	</node>
	 	 	<node id="193" type="1">
	 	 	 	<cx>163</cx>
	 	 	 	<cy>857</cy>
	 	 	</node>
	 	 	<node id="194" type="1">
	 	 	 	<cx>333</cx>
	 	 	 	<cy>418</cy>
	 	 	</node>
	 	 	<node id="195" type="1">
	 	 	 	<cx>59</cx>
	 	 	 	<cy>136</cy>
	 	 	</node>
	 	 	<node id="196" type="1">
	 	 	 	<cx>839</cx>
	 	 	 	<cy>123</cy>
	 	 	</node>
	 	 	<node id="197" type="1">
	 	 	 	<cx>529</cx>
	 	 	 	<cy>215</cy>
	 	 	</node>
	 	 	<node id="198" type="1">
	 	 	 	<cx>385</cx>
	 	 	 	<cy>380</cy>
	 	 	</node>
	 	 	<node id="199" type="1">
	 	 	 	<cx>319</cx>
	 	 	 	<cy>417</cy>
	 	 	</node>
	 	 	<node id="200" type="1">
	 	 	 	<cx>318</cx>
	 	 	 	<cy>216</cy>
	 	 	</node>
	 	 	<node id="201" type="1">
	 	 	 	<cx>156</cx>
	 	 	 	<cy>119</cy>
	 	 	</node>
	 	 	<node id="202" type="1">
	 	 	 	<cx>816</cx>
	 	 	 	<cy>160</cy>
	 	 	</node>
	 	 	<node id="203" type="1">
	 	 	 	<cx>267</cx>
	 	 	 	<cy>210</cy>
	 	 	</node>
	 	 	<node id="204" type="1">
	 	 	 	<cx>528</cx>
	 	 	 	<cy>320</cy>
	 	 	</node>
	 	 	<node id="205" type="1">
	 	 	 	<cx>138</cx>
	 	 	 	<cy>787</cy>
	 	 	</node>
	 	 	<node id="206" type="1">
	 	 	 	<cx>473</cx>
	 	 	 	<cy>713</cy>
	 	 	</node>
	 	 	<node id="207" type="1">
	 	 	 	<cx>537</cx>
	 	 	 	<cy>114</cy>
	 	 	</node>
	 	 	<node id="208" type="1">
	 	 	 	<cx>168</cx>
	 	 	 	<cy>838</cy>
	 	 	</node>
	 	 	<node id="209" type="1">
	 	 	 	<cx>774</cx>
	 	 	 	<cy>825</cy>
	 	 	</node>
	 	 	<node id="210" type="1">
	 	 	 	<cx>32</cx>
	 	 	 	<cy>510</cy>
	 	 	</node>
	 	 	<node id="211" type="1">
	 	 	 	<cx>216</cx>
	 	 	 	<cy>372</cy>
	 	 	</node>
	 	 	<node id="212" type="1">
	 	 	 	<cx>16</cx>
	 	 	 	<cy>935</cy>
	 	 	</node>
	 	 	<node id="213" type="1">
	 	 	 	<cx>60</cx>
	 	 	 	<cy>733</cy>
	 	 	</node>
	 	 	<node id="214" type="1">
	 	 	 	<cx>500</cx>
	 	 	 	<cy>37</cy>
	 	 	</node>
	 	 	<node id="215" type="1">
	 	 	 	<cx>343</cx>
	 	 	 	<cy>363</cy>
	 	 	</node>
	 	 	<node id="216" type="1">
	 	 	 	<cx>429</cx>
	 	 	 	<cy>41</cy>
	 	 	</node>
	 	 	<node id="217" type="1">
	 	 	 	<cx>205</cx>
	 	 	 	<cy>398</cy>
	 	 	</node>
	 	 	<node id="218" type="1">
	 	 	 	<cx>708</cx>
	 	 	 	<cy>298</cy>
	 	 	</node>
	 	 	<node id="219" type="1">
	 	 	 	<cx>411</cx>
	 	 	 	<cy>109</cy>
	 	 	</node>
	 	 	<node id="220" type="1">
	 	 	 	<cx>840</cx>
	 	 	 	<cy>359</cy>
	 	 	</node>
	 	 	<node id="221" type="1">
	 	 	 	<cx>112</cx>
	 	 	 	<cy>603</cy>
	 	 	</node>
	 	 	<node id="222" type="1">
	 	 	 	<cx>816</cx>
	 	 	 	<cy>310</cy>
	 	 	</node>
	 	 	<node id="223" type="1">
	 	 	 	<cx>865</cx>
	 	 	 	<cy>775</cy>
	 	 	</node>
	 	 	<node id="224" type="1">
	 	 	 	<cx>259</cx>
	 	 	 	<cy>348</cy>
	 	 	</node>
	 	 	<node id="225" type="1">
	 	 	 	<cx>893</cx>
	 	 	 	<cy>516</cy>
	 	 	</node>
	 	 	<node id="226" type="1">
	 	 	 	<cx>814</cx>
	 	 	 	<cy>607</cy>
	 	 	</node>
	 	 	<node id="227" type="1">
	 	 	 	<cx>605</cx>
	 	 	 	<cy>162</cy>
	 	 	</node>
	 	 	<node id="228" type="1">
	 	 	 	<cx>781</cx>
	 	 	 	<cy>239</cy>
	 	 	</node>
	 	 	<node id="229" type="1">
	 	 	 	<cx>359</cx>
	 	 	 	<cy>199</cy>
	 	 	</node>
	 	 	<node id="230" type="1">
	 	 	 	<cx>16</cx>
	 	 	 	<cy>739</cy>
	 	 	</node>
	 	 	<node id="231" type="1">
	 	 	 	<cx>482</cx>
	 	 	 	<cy>214</cy>
	 	 	</node>
	 	 	<node id="232" type="1">
	 	 	 	<cx>70</cx>
	 	 	 	<cy>526</cy>
	 	 	</node>
	 	 	<node id="233" type="1">
	 	 	 	<cx>528</cx>
	 	 	 	<cy>103</cy>
	 	 	</node>
	 	 	<node id="234" type="1">
	 	 	 	<cx>572</cx>
	 	 	 	<cy>770</cy>
	 	 	</node>
	 	 	<node id="235" type="1">
	 	 	 	<cx>802</cx>
	 	 	 	<cy>517</cy>
	 	 	</node>
	 	 	<node id="236" type="1">
	 	 	 	<cx>876</cx>
	 	 	 	<cy>469</cy>
	 	 	</node>
	 	 	<node id="237" type="1">
	 	 	 	<cx>118</cx>
	 	 	 	<cy>571</cy>
	 	 	</node>
	 	 	<node id="238" type="1">
	 	 	 	<cx>952</cx>
	 	 	 	<cy>781</cy>
	 	 	</node>
	 	 	<node id="239" type="1">
	 	 	 	<cx>823</cx>
	 	 	 	<cy>795</cy>
	 	 	</node>
	 	 	<node id="240" type="1">
	 	 	 	<cx>522</cx>
	 	 	 	<cy>595</cy>
	 	 	</node>
	 	 	<node id="241" type="1">
	 	 	 	<cx>52</cx>
	 	 	 	<cy>336</cy>
	 	 	</node>
	 	 	<node id="242" type="1">
	 	 	 	<cx>456</cx>
	 	 	 	<cy>367</cy>
	 	 	</node>
	 	 	<node id="243" type="1">
	 	 	 	<cx>255</cx>
	 	 	 	<cy>413</cy>
	 	 	</node>
	 	 	<node id="244" type="1">
	 	 	 	<cx>410</cx>
	 	 	 	<cy>194</cy>
	 	 	</node>
	 	 	<node id="245" type="1">
	 	 	 	<cx>956</cx>
	 	 	 	<cy>21</cy>
	 	 	</node>
	 	 	<node id="246" type="1">
	 	 	 	<cx>717</cx>
	 	 	 	<cy>142</cy>
	 	 	</node>
	 	 	<node id="247" type="1">
	 	 	 	<cx>766</cx>
	 	 	 	<cy>880</cy>
	 	 	</node>
	 	 	<node id="248" type="1">
	 	 	 	<cx>524</cx>
	 	 	 	<cy>825</cy>
	 	 	</node>
	 	 	<node id="249" type="1">
	 	 	 	<cx>657</cx>
	 	 	 	<cy>640</cy>
	 	 	</node>
	 	 	<node id="250" type="1">
	 	 	 	<cx>189</cx>
	 	 	 	<cy>232</cy>
	 	 	</node>
	 	 	<node id="251" type="1">
	 	 	 	<cx>471</cx>
	 	 	 	<cy>339</cy>
	 	 	</node>
	 	 	<node id="252" type="1">
	 	 	 	<cx>920</cx>
	 	 	 	<cy>809</cy>
	 	 	</node>
	 	 	<node id="253" type="1">
	 	 	 	<cx>688</cx>
	 	 	 	<cy>98</cy>
	 	 	</node>
	 	 	<node id="254" type="1">
	 	 	 	<cx>660</cx>
	 	 	 	<cy>781</cy>
	 	 	</node>
	 	 	<node id="255" type="1">
	 	 	 	<cx>441</cx>
	 	 	 	<cy>81</cy>
	 	 	</node>
	 	 	<node id="256" type="1">
	 	 	 	<cx>236</cx>
	 	 	 	<cy>735</cy>
	 	 	</node>
	 	 	<node id="257" type="1">
	 	 	 	<cx>784</cx>
	 	 	 	<cy>692</cy>
	 	 	</node>
	 	 	<node id="258" type="1">
	 	 	 	<cx>743</cx>
	 	 	 	<cy>446</cy>
	 	 	</node>
	 	 	<node id="259" type="1">
	 	 	 	<cx>201</cx>
	 	 	 	<cy>32</cy>
	 	 	</node>
	 	 	<node id="260" type="1">
	 	 	 	<cx>188</cx>
	 	 	 	<cy>957</cy>
	 	 	</node>
	 	 	<node id="261" type="1">
	 	 	 	<cx>381</cx>
	 	 	 	<cy>605</cy>
	 	 	</node>
	 	 	<node id="262" type="1">
	 	 	 	<cx>380</cx>
	 	 	 	<cy>904</cy>
	 	 	</node>
	 	 	<node id="263" type="1">
	 	 	 	<cx>227</cx>
	 	 	 	<cy>263</cy>
	 	 	</node>
	 	 	<node id="264" type="1">
	 	 	 	<cx>69</cx>
	 	 	 	<cy>94</cy>
	 	 	</node>
	 	 	<node id="265" type="1">
	 	 	 	<cx>123</cx>
	 	 	 	<cy>416</cy>
	 	 	</node>
	 	 	<node id="266" type="1">
	 	 	 	<cx>341</cx>
	 	 	 	<cy>341</cy>
	 	 	</node>
	 	 	<node id="267" type="1">
	 	 	 	<cx>450</cx>
	 	 	 	<cy>482</cy>
	 	 	</node>
	 	 	<node id="268" type="1">
	 	 	 	<cx>251</cx>
	 	 	 	<cy>533</cy>
	 	 	</node>
	 	 	<node id="269" type="1">
	 	 	 	<cx>352</cx>
	 	 	 	<cy>591</cy>
	 	 	</node>
	 	 	<node id="270" type="1">
	 	 	 	<cx>724</cx>
	 	 	 	<cy>967</cy>
	 	 	</node>
	 	 	<node id="271" type="1">
	 	 	 	<cx>753</cx>
	 	 	 	<cy>539</cy>
	 	 	</node>
	 	 	<node id="272" type="1">
	 	 	 	<cx>684</cx>
	 	 	 	<cy>924</cy>
	 	 	</node>
	 	 	<node id="273" type="1">
	 	 	 	<cx>617</cx>
	 	 	 	<cy>989</cy>
	 	 	</node>
	 	 	<node id="274" type="1">
	 	 	 	<cx>455</cx>
	 	 	 	<cy>500</cy>
	 	 	</node>
	 	 	<node id="275" type="1">
	 	 	 	<cx>472</cx>
	 	 	 	<cy>926</cy>
	 	 	</node>
	 	 	<node id="276" type="1">
	 	 	 	<cx>395</cx>
	 	 	 	<cy>683</cy>
	 	 	</node>
	 	 	<node id="277" type="1">
	 	 	 	<cx>167</cx>
	 	 	 	<cy>357</cy>
	 	 	</node>
	 	 	<node id="278" type="1">
	 	 	 	<cx>789</cx>
	 	 	 	<cy>678</cy>
	 	 	</node>
	 	 	<node id="279" type="1">
	 	 	 	<cx>897</cx>
	 	 	 	<cy>272</cy>
	 	 	</node>
	 	 	<node id="280" type="1">
	 	 	 	<cx>991</cx>
	 	 	 	<cy>492</cy>
	 	 	</node>
	 	</nodes>
	 	<euclidean/>
	 	<decimals>0</decimals>
	 </network>
	 <fleet>
	 	 <vehicle_profile type="0">
	 	  	 <departure_node>1</departure_node>
	 	  	 <arrival_node>1</arrival_node>
	 	  	 <capacity>192</capacity>
	 	 </vehicle_profile>
	 </fleet>
	 <requests>
	 	 <request id="1" node="2">
	 	 	 <quantity>92</quantity>
	 	 </request>
	 	 <request id="2" node="3">
	 	 	 <quantity>88</quantity>
	 	 </request>
	 	 <request id="3" node="4">
	 	 	 <quantity>93</quantity>
	 	 </request>
	 	 <request id="4" node="5">
	 	 	 <quantity>90</quantity>
	 	 </request>
	 	 <request id="5" node="6">
	 	 	 <quantity>73</quantity>
	 	 </request>
	 	 <request id="6" node="7">
	 	 	 <quantity>100</quantity>
	 	 </request>
	 	 <request id="7" node="8">
	 	 	 <quantity>53</quantity>
	 	 </request>
	 	 <request id="8" node="9">
	 	 	 <quantity>66</quantity>
	 	 </request>
	 	 <request id="9" node="10">
	 	 	 <quantity>82</quantity>
	 	 </request>
	 	 <request id="10" node="11">
	 	 	 <quantity>59</quantity>
	 	 </request>
	 	 <request id="11" node="12">
	 	 	 <quantity>100</quantity>
	 	 </request>
	 	 <request id="12" node="13">
	 	 	 <quantity>76</quantity>
	 	 </request>
	 	 <request id="13" node="14">
	 	 	 <quantity>84</quantity>
	 	 </request>
	 	 <request id="14" node="15">
	 	 	 <quantity>56</quantity>
	 	 </request>
	 	 <request id="15" node="16">
	 	 	 <quantity>91</quantity>
	 	 </request>
	 	 <request id="16" node="17">
	 	 	 <quantity>58</quantity>
	 	 </request>
	 	 <request id="17" node="18">
	 	 	 <quantity>65</quantity>
	 	 </request>
	 	 <request id="18" node="19">
	 	 	 <quantity>56</quantity>
	 	 </request>
	 	 <request id="19" node="20">
	 	 	 <quantity>68</quantity>
	 	 </request>
	 	 <request id="20" node="21">
	 	 	 <quantity>88</quantity>
	 	 </request>
	 	 <request id="21" node="22">
	 	 	 <quantity>54</quantity>
	 	 </request>
	 	 <request id="22" node="23">
	 	 	 <quantity>76</quantity>
	 	 </request>
	 	 <request id="23" node="24">
	 	 	 <quantity>80</quantity>
	 	 </request>
	 	 <request id="24" node="25">
	 	 	 <quantity>53</quantity>
	 	 </request>
	 	 <request id="25" node="26">
	 	 	 <quantity>1</quantity>
	 	 </request>
	 	 <request id="26" node="27">
	 	 	 <quantity>2</quantity>
	 	 </request>
	 	 <request id="27" node="28">
	 	 	 <quantity>2</quantity>
	 	 </request>
	 	 <request id="28" node="29">
	 	 	 <quantity>7</quantity>
	 	 </request>
	 	 <request id="29" node="30">
	 	 	 <quantity>10</quantity>
	 	 </request>
	 	 <request id="30" node="31">
	 	 	 <quantity>9</quantity>
	 	 </request>
	 	 <request id="31" node="32">
	 	 	 <quantity>8</quantity>
	 	 </request>
	 	 <request id="32" node="33">
	 	 	 <quantity>3</quantity>
	 	 </request>
	 	 <request id="33" node="34">
	 	 	 <quantity>3</quantity>
	 	 </request>
	 	 <request id="34" node="35">
	 	 	 <quantity>2</quantity>
	 	 </request>
	 	 <request id="35" node="36">
	 	 	 <quantity>9</quantity>
	 	 </request>
	 	 <request id="36" node="37">
	 	 	 <quantity>6</quantity>
	 	 </request>
	 	 <request id="37" node="38">
	 	 	 <quantity>10</quantity>
	 	 </request>
	 	 <request id="38" node="39">
	 	 	 <quantity>3</quantity>
	 	 </request>
	 	 <request id="39" node="40">
	 	 	 <quantity>1</quantity>
	 	 </request>
	 	 <request id="40" node="41">
	 	 	 <quantity>4</quantity>
	 	 </request>
	 	 <request id="41" node="42">
	 	 	 <quantity>6</quantity>
	 	 </request>
	 	 <request id="42" node="43">
	 	 	 <quantity>1</quantity>
	 	 </request>
	 	 <request id="43" node="44">
	 	 	 <quantity>4</quantity>
	 	 </request>
	 	 <request id="44" node="45">
	 	 	 <quantity>3</quantity>
	 	 </request>
	 	 <request id="45" node="46">
	 	 	 <quantity>7</quantity>
	 	 </request>
	 	 <request id="46" node="47">
	 	 	 <quantity>7</quantity>
	 	 </request>
	 	 <request id="47" node="48">
	 	 	 <quantity>2</quantity>
	 	 </request>
	 	 <request id="48" node="49">
	 	 	 <quantity>1</quantity>
	 	 </request>
	 	 <request id="49" node="50">
	 	 	 <quantity>1</quantity>
	 	 </request>
	 	 <request id="50" node="51">
	 	 	 <quantity>4</quantity>
	 	 </request>
	 	 <request id="51" node="52">
	 	 	 <quantity>4</quantity>
	 	 </request>
	 	 <request id="52" node="53">
	 	 	 <quantity>5</quantity>
	 	 </request>
	 	 <request id="53" node="54">
	 	 	 <quantity>4</quantity>
	 	 </request>
	 	 <request id="54" node="55">
	 	 	 <quantity>7</quantity>
	 	 </request>
	 	 <request id="55" node="56">
	 	 	 <quantity>3</quantity>
	 	 </request>
	 	 <request id="56" node="57">
	 	 	 <quantity>3</quantity>
	 	 </request>
	 	 <request id="57" node="58">
	 	 	 <quantity>8</quantity>
	 	 </request>
	 	 <request id="58" node="59">
	 	 	 <quantity>6</quantity>
	 	 </request>
	 	 <request id="59" node="60">
	 	 	 <quantity>4</quantity>
	 	 </request>
	 	 <request id="60" node="61">
	 	 	 <quantity>4</quantity>
	 	 </request>
	 	 <request id="61" node="62">
	 	 	 <quantity>2</quantity>
	 	 </request>
	 	 <request id="62" node="63">
	 	 	 <quantity>1</quantity>
	 	 </request>
	 	 <request id="63" node="64">
	 	 	 <quantity>7</quantity>
	 	 </request>
	 	 <request id="64" node="65">
	 	 	 <quantity>5</quantity>
	 	 </request>
	 	 <request id="65" node="66">
	 	 	 <quantity>1</quantity>
	 	 </request>
	 	 <request id="66" node="67">
	 	 	 <quantity>6</quantity>
	 	 </request>
	 	 <request id="67" node="68">
	 	 	 <quantity>8</quantity>
	 	 </request>
	 	 <request id="68" node="69">
	 	 	 <quantity>4</quantity>
	 	 </request>
	 	 <request id="69" node="70">
	 	 	 <quantity>8</quantity>
	 	 </request>
	 	 <request id="70" node="71">
	 	 	 <quantity>7</quantity>
	 	 </request>
	 	 <request id="71" node="72">
	 	 	 <quantity>2</quantity>
	 	 </request>
	 	 <request id="72" node="73">
	 	 	 <quantity>1</quantity>
	 	 </request>
	 	 <request id="73" node="74">
	 	 	 <quantity>9</quantity>
	 	 </request>
	 	 <request id="74" node="75">
	 	 	 <quantity>4</quantity>
	 	 </request>
	 	 <request id="75" node="76">
	 	 	 <quantity>3</quantity>
	 	 </request>
	 	 <request id="76" node="77">
	 	 	 <quantity>3</quantity>
	 	 </request>
	 	 <request id="77" node="78">
	 	 	 <quantity>9</quantity>
	 	 </request>
	 	 <request id="78" node="79">
	 	 	 <quantity>8</quantity>
	 	 </request>
	 	 <request id="79" node="80">
	 	 	 <quantity>5</quantity>
	 	 </request>
	 	 <request id="80" node="81">
	 	 	 <quantity>9</quantity>
	 	 </request>
	 	 <request id="81" node="82">
	 	 	 <quantity>9</quantity>
	 	 </request>
	 	 <request id="82" node="83">
	 	 	 <quantity>4</quantity>
	 	 </request>
	 	 <request id="83" node="84">
	 	 	 <quantity>9</quantity>
	 	 </request>
	 	 <request id="84" node="85">
	 	 	 <quantity>8</quantity>
	 	 </request>
	 	 <request id="85" node="86">
	 	 	 <quantity>6</quantity>
	 	 </request>
	 	 <request id="86" node="87">
	 	 	 <quantity>8</quantity>
	 	 </request>
	 	 <request id="87" node="88">
	 	 	 <quantity>7</quantity>
	 	 </request>
	 	 <request id="88" node="89">
	 	 	 <quantity>9</quantity>
	 	 </request>
	 	 <request id="89" node="90">
	 	 	 <quantity>3</quantity>
	 	 </request>
	 	 <request id="90" node="91">
	 	 	 <quantity>1</quantity>
	 	 </request>
	 	 <request id="91" node="92">
	 	 	 <quantity>8</quantity>
	 	 </request>
	 	 <request id="92" node="93">
	 	 	 <quantity>1</quantity>
	 	 </request>
	 	 <request id="93" node="94">
	 	 	 <quantity>2</quantity>
	 	 </request>
	 	 <request id="94" node="95">
	 	 	 <quantity>4</quantity>
	 	 </request>
	 	 <request id="95" node="96">
	 	 	 <quantity>3</quantity>
	 	 </request>
	 	 <request id="96" node="97">
	 	 	 <quantity>3</quantity>
	 	 </request>
	 	 <request id="97" node="98">
	 	 	 <quantity>7</quantity>
	 	 </request>
	 	 <request id="98" node="99">
	 	 	 <quantity>4</quantity>
	 	 </request>
	 	 <request id="99" node="100">
	 	 	 <quantity>6</quantity>
	 	 </request>
	 	 <request id="100" node="101">
	 	 	 <quantity>6</quantity>
	 	 </request>
	 	 <request id="101" node="102">
	 	 	 <quantity>2</quantity>
	 	 </request>
	 	 <request id="102" node="103">
	 	 	 <quantity>6</quantity>
	 	 </request>
	 	 <request id="103" node="104">
	 	 	 <quantity>7</quantity>
	 	 </request>
	 	 <request id="104" node="105">
	 	 	 <quantity>8</quantity>
	 	 </request>
	 	 <request id="105" node="106">
	 	 	 <quantity>6</quantity>
	 	 </request>
	 	 <request id="106" node="107">
	 	 	 <quantity>3</quantity>
	 	 </request>
	 	 <request id="107" node="108">
	 	 	 <quantity>10</quantity>
	 	 </request>
	 	 <request id="108" node="109">
	 	 	 <quantity>9</quantity>
	 	 </request>
	 	 <request id="109" node="110">
	 	 	 <quantity>5</quantity>
	 	 </request>
	 	 <request id="110" node="111">
	 	 	 <quantity>7</quantity>
	 	 </request>
	 	 <request id="111" node="112">
	 	 	 <quantity>10</quantity>
	 	 </request>
	 	 <request id="112" node="113">
	 	 	 <quantity>10</quantity>
	 	 </request>
	 	 <request id="113" node="114">
	 	 	 <quantity>10</quantity>
	 	 </request>
	 	 <request id="114" node="115">
	 	 	 <quantity>3</quantity>
	 	 </request>
	 	 <request id="115" node="116">
	 	 	 <quantity>10</quantity>
	 	 </request>
	 	 <request id="116" node="117">
	 	 	 <quantity>10</quantity>
	 	 </request>
	 	 <request id="117" node="118">
	 	 	 <quantity>1</quantity>
	 	 </request>
	 	 <request id="118" node="119">
	 	 	 <quantity>9</quantity>
	 	 </request>
	 	 <request id="119" node="120">
	 	 	 <quantity>2</quantity>
	 	 </request>
	 	 <request id="120" node="121">
	 	 	 <quantity>10</quantity>
	 	 </request>
	 	 <request id="121" node="122">
	 	 	 <quantity>1</quantity>
	 	 </request>
	 	 <request id="122" node="123">
	 	 	 <quantity>8</quantity>
	 	 </request>
	 	 <request id="123" node="124">
	 	 	 <quantity>7</quantity>
	 	 </request>
	 	 <request id="124" node="125">
	 	 	 <quantity>10</quantity>
	 	 </request>
	 	 <request id="125" node="126">
	 	 	 <quantity>2</quantity>
	 	 </request>
	 	 <request id="126" node="127">
	 	 	 <quantity>2</quantity>
	 	 </request>
	 	 <request id="127" node="128">
	 	 	 <quantity>7</quantity>
	 	 </request>
	 	 <request id="128" node="129">
	 	 	 <quantity>10</quantity>
	 	 </request>
	 	 <request id="129" node="130">
	 	 	 <quantity>2</quantity>
	 	 </request>
	 	 <request id="130" node="131">
	 	 	 <quantity>8</quantity>
	 	 </request>
	 	 <request id="131" node="132">
	 	 	 <quantity>8</quantity>
	 	 </request>
	 	 <request id="132" node="133">
	 	 	 <quantity>2</quantity>
	 	 </request>
	 	 <request id="133" node="134">
	 	 	 <quantity>5</quantity>
	 	 </request>
	 	 <request id="134" node="135">
	 	 	 <quantity>3</quantity>
	 	 </request>
	 	 <request id="135" node="136">
	 	 	 <quantity>10</quantity>
	 	 </request>
	 	 <request id="136" node="137">
	 	 	 <quantity>7</quantity>
	 	 </request>
	 	 <request id="137" node="138">
	 	 	 <quantity>1</quantity>
	 	 </request>
	 	 <request id="138" node="139">
	 	 	 <quantity>2</quantity>
	 	 </request>
	 	 <request id="139" node="140">
	 	 	 <quantity>9</quantity>
	 	 </request>
	 	 <request id="140" node="141">
	 	 	 <quantity>4</quantity>
	 	 </request>
	 	 <request id="141" node="142">
	 	 	 <quantity>8</quantity>
	 	 </request>
	 	 <request id="142" node="143">
	 	 	 <quantity>6</quantity>
	 	 </request>
	 	 <request id="143" node="144">
	 	 	 <quantity>1</quantity>
	 	 </request>
	 	 <request id="144" node="145">
	 	 	 <quantity>6</quantity>
	 	 </request>
	 	 <request id="145" node="146">
	 	 	 <quantity>7</quantity>
	 	 </request>
	 	 <request id="146" node="147">
	 	 	 <quantity>4</quantity>
	 	 </request>
	 	 <request id="147" node="148">
	 	 	 <quantity>10</quantity>
	 	 </request>
	 	 <request id="148" node="149">
	 	 	 <quantity>4</quantity>
	 	 </request>
	 	 <request id="149" node="150">
	 	 	 <quantity>10</quantity>
	 	 </request>
	 	 <request id="150" node="151">
	 	 	 <quantity>5</quantity>
	 	 </request>
	 	 <request id="151" node="152">
	 	 	 <quantity>10</quantity>
	 	 </request>
	 	 <request id="152" node="153">
	 	 	 <quantity>9</quantity>
	 	 </request>
	 	 <request id="153" node="154">
	 	 	 <quantity>2</quantity>
	 	 </request>
	 	 <request id="154" node="155">
	 	 	 <quantity>1</quantity>
	 	 </request>
	 	 <request id="155" node="156">
	 	 	 <quantity>3</quantity>
	 	 </request>
	 	 <request id="156" node="157">
	 	 	 <quantity>3</quantity>
	 	 </request>
	 	 <request id="157" node="158">
	 	 	 <quantity>6</quantity>
	 	 </request>
	 	 <request id="158" node="159">
	 	 	 <quantity>6</quantity>
	 	 </request>
	 	 <request id="159" node="160">
	 	 	 <quantity>2</quantity>
	 	 </request>
	 	 <request id="160" node="161">
	 	 	 <quantity>9</quantity>
	 	 </request>
	 	 <request id="161" node="162">
	 	 	 <quantity>9</quantity>
	 	 </request>
	 	 <request id="162" node="163">
	 	 	 <quantity>10</quantity>
	 	 </request>
	 	 <request id="163" node="164">
	 	 	 <quantity>4</quantity>
	 	 </request>
	 	 <request id="164" node="165">
	 	 	 <quantity>7</quantity>
	 	 </request>
	 	 <request id="165" node="166">
	 	 	 <quantity>9</quantity>
	 	 </request>
	 	 <request id="166" node="167">
	 	 	 <quantity>10</quantity>
	 	 </request>
	 	 <request id="167" node="168">
	 	 	 <quantity>2</quantity>
	 	 </request>
	 	 <request id="168" node="169">
	 	 	 <quantity>10</quantity>
	 	 </request>
	 	 <request id="169" node="170">
	 	 	 <quantity>6</quantity>
	 	 </request>
	 	 <request id="170" node="171">
	 	 	 <quantity>2</quantity>
	 	 </request>
	 	 <request id="171" node="172">
	 	 	 <quantity>10</quantity>
	 	 </request>
	 	 <request id="172" node="173">
	 	 	 <quantity>10</quantity>
	 	 </request>
	 	 <request id="173" node="174">
	 	 	 <quantity>10</quantity>
	 	 </request>
	 	 <request id="174" node="175">
	 	 	 <quantity>9</quantity>
	 	 </request>
	 	 <request id="175" node="176">
	 	 	 <quantity>9</quantity>
	 	 </request>
	 	 <request id="176" node="177">
	 	 	 <quantity>10</quantity>
	 	 </request>
	 	 <request id="177" node="178">
	 	 	 <quantity>3</quantity>
	 	 </request>
	 	 <request id="178" node="179">
	 	 	 <quantity>10</quantity>
	 	 </request>
	 	 <request id="179" node="180">
	 	 	 <quantity>1</quantity>
	 	 </request>
	 	 <request id="180" node="181">
	 	 	 <quantity>2</quantity>
	 	 </request>
	 	 <request id="181" node="182">
	 	 	 <quantity>7</quantity>
	 	 </request>
	 	 <request id="182" node="183">
	 	 	 <quantity>6</quantity>
	 	 </request>
	 	 <request id="183" node="184">
	 	 	 <quantity>4</quantity>
	 	 </request>
	 	 <request id="184" node="185">
	 	 	 <quantity>9</quantity>
	 	 </request>
	 	 <request id="185" node="186">
	 	 	 <quantity>9</quantity>
	 	 </request>
	 	 <request id="186" node="187">
	 	 	 <quantity>1</quantity>
	 	 </request>
	 	 <request id="187" node="188">
	 	 	 <quantity>9</quantity>
	 	 </request>
	 	 <request id="188" node="189">
	 	 	 <quantity>4</quantity>
	 	 </request>
	 	 <request id="189" node="190">
	 	 	 <quantity>4</quantity>
	 	 </request>
	 	 <request id="190" node="191">
	 	 	 <quantity>10</quantity>
	 	 </request>
	 	 <request id="191" node="192">
	 	 	 <quantity>1</quantity>
	 	 </request>
	 	 <request id="192" node="193">
	 	 	 <quantity>1</quantity>
	 	 </request>
	 	 <request id="193" node="194">
	 	 	 <quantity>1</quantity>
	 	 </request>
	 	 <request id="194" node="195">
	 	 	 <quantity>3</quantity>
	 	 </request>
	 	 <request id="195" node="196">
	 	 	 <quantity>9</quantity>
	 	 </request>
	 	 <request id="196" node="197">
	 	 	 <quantity>1</quantity>
	 	 </request>
	 	 <request id="197" node="198">
	 	 	 <quantity>7</quantity>
	 	 </request>
	 	 <request id="198" node="199">
	 	 	 <quantity>9</quantity>
	 	 </request>
	 	 <request id="199" node="200">
	 	 	 <quantity>6</quantity>
	 	 </request>
	 	 <request id="200" node="201">
	 	 	 <quantity>10</quantity>
	 	 </request>
	 	 <request id="201" node="202">
	 	 	 <quantity>4</quantity>
	 	 </request>
	 	 <request id="202" node="203">
	 	 	 <quantity>6</quantity>
	 	 </request>
	 	 <request id="203" node="204">
	 	 	 <quantity>8</quantity>
	 	 </request>
	 	 <request id="204" node="205">
	 	 	 <quantity>9</quantity>
	 	 </request>
	 	 <request id="205" node="206">
	 	 	 <quantity>3</quantity>
	 	 </request>
	 	 <request id="206" node="207">
	 	 	 <quantity>7</quantity>
	 	 </request>
	 	 <request id="207" node="208">
	 	 	 <quantity>7</quantity>
	 	 </request>
	 	 <request id="208" node="209">
	 	 	 <quantity>4</quantity>
	 	 </request>
	 	 <request id="209" node="210">
	 	 	 <quantity>9</quantity>
	 	 </request>
	 	 <request id="210" node="211">
	 	 	 <quantity>3</quantity>
	 	 </request>
	 	 <request id="211" node="212">
	 	 	 <quantity>7</quantity>
	 	 </request>
	 	 <request id="212" node="213">
	 	 	 <quantity>7</quantity>
	 	 </request>
	 	 <request id="213" node="214">
	 	 	 <quantity>4</quantity>
	 	 </request>
	 	 <request id="214" node="215">
	 	 	 <quantity>6</quantity>
	 	 </request>
	 	 <request id="215" node="216">
	 	 	 <quantity>6</quantity>
	 	 </request>
	 	 <request id="216" node="217">
	 	 	 <quantity>3</quantity>
	 	 </request>
	 	 <request id="217" node="218">
	 	 	 <quantity>6</quantity>
	 	 </request>
	 	 <request id="218" node="219">
	 	 	 <quantity>2</quantity>
	 	 </request>
	 	 <request id="219" node="220">
	 	 	 <quantity>7</quantity>
	 	 </request>
	 	 <request id="220" node="221">
	 	 	 <quantity>5</quantity>
	 	 </request>
	 	 <request id="221" node="222">
	 	 	 <quantity>1</quantity>
	 	 </request>
	 	 <request id="222" node="223">
	 	 	 <quantity>5</quantity>
	 	 </request>
	 	 <request id="223" node="224">
	 	 	 <quantity>6</quantity>
	 	 </request>
	 	 <request id="224" node="225">
	 	 	 <quantity>10</quantity>
	 	 </request>
	 	 <request id="225" node="226">
	 	 	 <quantity>10</quantity>
	 	 </request>
	 	 <request id="226" node="227">
	 	 	 <quantity>9</quantity>
	 	 </request>
	 	 <request id="227" node="228">
	 	 	 <quantity>4</quantity>
	 	 </request>
	 	 <request id="228" node="229">
	 	 	 <quantity>9</quantity>
	 	 </request>
	 	 <request id="229" node="230">
	 	 	 <quantity>1</quantity>
	 	 </request>
	 	 <request id="230" node="231">
	 	 	 <quantity>3</quantity>
	 	 </request>
	 	 <request id="231" node="232">
	 	 	 <quantity>4</quantity>
	 	 </request>
	 	 <request id="232" node="233">
	 	 	 <quantity>9</quantity>
	 	 </request>
	 	 <request id="233" node="234">
	 	 	 <quantity>7</quantity>
	 	 </request>
	 	 <request id="234" node="235">
	 	 	 <quantity>6</quantity>
	 	 </request>
	 	 <request id="235" node="236">
	 	 	 <quantity>5</quantity>
	 	 </request>
	 	 <request id="236" node="237">
	 	 	 <quantity>4</quantity>
	 	 </request>
	 	 <request id="237" node="238">
	 	 	 <quantity>1</quantity>
	 	 </request>
	 	 <request id="238" node="239">
	 	 	 <quantity>3</quantity>
	 	 </request>
	 	 <request id="239" node="240">
	 	 	 <quantity>7</quantity>
	 	 </request>
	 	 <request id="240" node="241">
	 	 	 <quantity>10</quantity>
	 	 </request>
	 	 <request id="241" node="242">
	 	 	 <quantity>8</quantity>
	 	 </request>
	 	 <request id="242" node="243">
	 	 	 <quantity>6</quantity>
	 	 </request>
	 	 <request id="243" node="244">
	 	 	 <quantity>9</quantity>
	 	 </request>
	 	 <request id="244" node="245">
	 	 	 <quantity>10</quantity>
	 	 </request>
	 	 <request id="245" node="246">
	 	 	 <quantity>3</quantity>
	 	 </request>
	 	 <request id="246" node="247">
	 	 	 <quantity>8</quantity>
	 	 </request>
	 	 <request id="247" node="248">
	 	 	 <quantity>8</quantity>
	 	 </request>
	 	 <request id="248" node="249">
	 	 	 <quantity>2</quantity>
	 	 </request>
	 	 <request id="249" node="250">
	 	 	 <quantity>4</quantity>
	 	 </request>
	 	 <request id="250" node="251">
	 	 	 <quantity>5</quantity>
	 	 </request>
	 	 <request id="251" node="252">
	 	 	 <quantity>10</quantity>
	 	 </request>
	 	 <request id="252" node="253">
	 	 	 <quantity>8</quantity>
	 	 </request>
	 	 <request id="253" node="254">
	 	 	 <quantity>8</quantity>
	 	 </request>
	 	 <request id="254" node="255">
	 	 	 <quantity>5</quantity>
	 	 </request>
	 	 <request id="255" node="256">
	 	 	 <quantity>10</quantity>
	 	 </request>
	 	 <request id="256" node="257">
	 	 	 <quantity>7</quantity>
	 	 </request>
	 	 <request id="257" node="258">
	 	 	 <quantity>8</quantity>
	 	 </request>
	 	 <request id="258" node="259">
	 	 	 <quantity>1</quantity>
	 	 </request>
	 	 <request id="259" node="260">
	 	 	 <quantity>2</quantity>
	 	 </request>
	 	 <request id="260" node="261">
	 	 	 <quantity>2</quantity>
	 	 </request>
	 	 <request id="261" node="262">
	 	 	 <quantity>3</quantity>
	 	 </request>
	 	 <request id="262" node="263">
	 	 	 <quantity>5</quantity>
	 	 </request>
	 	 <request id="263" node="264">
	 	 	 <quantity>9</quantity>
	 	 </request>
	 	 <request id="264" node="265">
	 	 	 <quantity>1</quantity>
	 	 </request>
	 	 <request id="265" node="266">
	 	 	 <quantity>8</quantity>
	 	 </request>
	 	 <request id="266" node="267">
	 	 	 <quantity>5</quantity>
	 	 </request>
	 	 <request id="267" node="268">
	 	 	 <quantity>2</quantity>
	 	 </request>
	 	 <request id="268" node="269">
	 	 	 <quantity>8</quantity>
	 	 </request>
	 	 <request id="269" node="270">
	 	 	 <quantity>6</quantity>
	 	 </request>
	 	 <request id="270" node="271">
	 	 	 <quantity>9</quantity>
	 	 </request>
	 	 <request id="271" node="272">
	 	 	 <quantity>3</quantity>
	 	 </request>
	 	 <request id="272" node="273">
	 	 	 <quantity>2</quantity>
	 	 </request>
	 	 <request id="273" node="274">
	 	 	 <quantity>3</quantity>
	 	 </request>
	 	 <request id="274" node="275">
	 	 	 <quantity>1</quantity>
	 	 </request>
	 	 <request id="275" node="276">
	 	 	 <quantity>10</quantity>
	 	 </request>
	 	 <request id="276" node="277">
	 	 	 <quantity>6</quantity>
	 	 </request>
	 	 <request id="277" node="278">
	 	 	 <quantity>7</quantity>
	 	 </request>
	 	 <request id="278" node="279">
	 	 	 <quantity>3</quantity>
	 	 </request>
	 	 <request id="279" node="280">
	 	 	 <quantity>4</quantity>
	 	 </request>
	 </requests>
</instance>
