<?xml version="1.0" encoding="UTF-8" standalone="yes"?>
<instance>
	<info>
	 	<dataset>Uchoa 2014 — Set X</dataset>
	 	<name>X-n298-k31</name>
	</info>
	<network>
	 	<nodes>
	 	 	<node id="1" type="1">
	 	 	 	<cx>440</cx>
	 	 	 	<cy>732</cy>
	 	 	</node>
	 	 	<node id="2" type="1">
	 	 	 	<cx>221</cx>
	 	 	 	<cy>348</cy>
	 	 	</node>
	 	 	<node id="3" type="1">
	 	 	 	<cx>117</cx>
	 	 	 	<cy>545</cy>
	 	 	</node>
	 	 	<node id="4" type="1">
	 	 	 	<cx>493</cx>
	 	 	 	<cy>645</cy>
	 	 	</node>
	 	 	<node id="5" type="1">
	 	 	 	<cx>135</cx>
	 	 	 	<cy>12</cy>
	 	 	</node>
	 	 	<node id="6" type="1">
	 	 	 	<cx>775</cx>
	 	 	 	<cy>997</cy>
	 	 	</node>
	 	 	<node id="7" type="1">
	 	 	 	<cx>745</cx>
	 	 	 	<cy>444</cy>
	 	 	</node>
	 	 	<node id="8" type="1">
	 	 	 	<cx>950</cx>
	 	 	 	<cy>311</cy>
	 	 	</node>
	 	 	<node id="9" type="1">
	 	 	 	<cx>530</cx>
	 	 	 	<cy>150</cy>
	 	 	</node>
	 	 	<node id="10" type="1">
	 	 	 	<cx>900</cx>
	 	 	 	<cy>508</cy>
	 	 	</node>
	 	 	<node id="11" type="1">
	 	 	 	<cx>48</cx>
	 	 	 	<cy>519</cy>
	 	 	</node>
	 	 	<node id="12" type="1">
	 	 	 	<cx>269</cx>
	 	 	 	<cy>217</cy>
	 	 	</node>
	 	 	<node id="13" type="1">
	 	 	 	<cx>722</cx>
	 	 	 	<cy>349</cy>
	 	 	</node>
	 	 	<node id="14" type="1">
	 	 	 	<cx>480</cx>
	 	 	 	<cy>733</cy>
	 	 	</node>
	 	 	<node id="15" type="1">
	 	 	 	<cx>977</cx>
	 	 	 	<cy>422</cy>
	 	 	</node>
	 	 	<node id="16" type="1">
	 	 	 	<cx>999</cx>
	 	 	 	<cy>220</cy>
	 	 	</node>
	 	 	<node id="17" type="1">
	 	 	 	<cx>636</cx>
	 	 	 	<cy>332</cy>
	 	 	</node>
	 	 	<node id="18" type="1">
	 	 	 	<cx>851</cx>
	 	 	 	<cy>162</cy>
	 	 	</node>
	 	 	<node id="19" type="1">
	 	 	 	<cx>559</cx>
	 	 	 	<cy>567</cy>
	 	 	</node>
	 	 	<node id="20" type="1">
	 	 	 	<cx>389</cx>
	 	 	 	<cy>69</cy>
	 	 	</node>
	 	 	<node id="21" type="1">
	 	 	 	<cx>529</cx>
	 	 	 	<cy>835</cy>
	 	 	</node>
	 	 	<node id="22" type="1">
	 	 	 	<cx>303</cx>
	 	 	 	<cy>427</cy>
	 	 	</node>
	 	 	<node id="23" type="1">
	 	 	 	<cx>400</cx>
	 	 	 	<cy>638</cy>
	 	 	</node>
	 	 	<node id="24" type="1">
	 	 	 	<cx>894</cx>
	 	 	 	<cy>904</cy>
	 	 	</node>
	 	 	<node id="25" type="1">
	 	 	 	<cx>482</cx>
	 	 	 	<cy>109</cy>
	 	 	</node>
	 	 	<node id="26" type="1">
	 	 	 	<cx>579</cx>
	 	 	 	<cy>800</cy>
	 	 	</node>
	 	 	<node id="27" type="1">
	 	 	 	<cx>184</cx>
	 	 	 	<cy>82</cy>
	 	 	</node>
	 	 	<node id="28" type="1">
	 	 	 	<cx>669</cx>
	 	 	 	<cy>753</cy>
	 	 	</node>
	 	 	<node id="29" type="1">
	 	 	 	<cx>906</cx>
	 	 	 	<cy>424</cy>
	 	 	</node>
	 	 	<node id="30" type="1">
	 	 	 	<cx>374</cx>
	 	 	 	<cy>692</cy>
	 	 	</node>
	 	 	<node id="31" type="1">
	 	 	 	<cx>174</cx>
	 	 	 	<cy>613</cy>
	 	 	</node>
	 	 	<node id="32" type="1">
	 	 	 	<cx>75</cx>
	 	 	 	<cy>37</cy>
	 	 	</node>
	 	 	<node id="33" type="1">
	 	 	 	<cx>38</cx>
	 	 	 	<cy>563</cy>
	 	 	</node>
	 	 	<node id="34" type="1">
	 	 	 	<cx>838</cx>
	 	 	 	<cy>157</cy>
	 	 	</node>
	 	 	<node id="35" type="1">
	 	 	 	<cx>710</cx>
	 	 	 	<cy>709</cy>
	 	 	</node>
	 	 	<node id="36" type="1">
	 	 	 	<cx>176</cx>
	 	 	 	<cy>67</cy>
	 	 	</node>
	 	 	<node id="37" type="1">
	 	 	 	<cx>449</cx>
	 	 	 	<cy>326</cy>
	 	 	</node>
	 	 	<node id="38" type="1">
	 	 	 	<cx>71</cx>
	 	 	 	<cy>389</cy>
	 	 	</node>
	 	 	<node id="39" type="1">
	 	 	 	<cx>710</cx>
	 	 	 	<cy>115</cy>
	 	 	</node>
	 	 	<node id="40" type="1">
	 	 	 	<cx>237</cx>
	 	 	 	<cy>547</cy>
	 	 	</node>
	 	 	<node id="41" type="1">
	 	 	 	<cx>530</cx>
	 	 	 	<cy>27</cy>
	 	 	</node>
	 	 	<node id="42" type="1">
	 	 	 	<cx>631</cx>
	 	 	 	<cy>223</cy>
	 	 	</node>
	 	 	<node id="43" type="1">
	 	 	 	<cx>171</cx>
	 	 	 	<cy>342</cy>
	 	 	</node>
	 	 	<node id="44" type="1">
	 	 	 	<cx>226</cx>
	 	 	 	<cy>65</cy>
	 	 	</node>
	 	 	<node id="45" type="1">
	 	 	 	<cx>6</cx>
	 	 	 	<cy>998</cy>
	 	 	</node>
	 	 	<node id="46" type="1">
	 	 	 	<cx>24</cx>
	 	 	 	<cy>635</cy>
	 	 	</node>
	 	 	<node id="47" type="1">
	 	 	 	<cx>668</cx>
	 	 	 	<cy>165</cy>
	 	 	</node>
	 	 	<node id="48" type="1">
	 	 	 	<cx>318</cx>
	 	 	 	<cy>608</cy>
	 	 	</node>
	 	 	<node id="49" type="1">
	 	 	 	<cx>429</cx>
	 	 	 	<cy>82</cy>
	 	 	</node>
	 	 	<node id="50" type="1">
	 	 	 	<cx>212</cx>
	 	 	 	<cy>237</cy>
	 	 	</node>
	 	 	<node id="51" type="1">
	 	 	 	<cx>853</cx>
	 	 	 	<cy>126</cy>
	 	 	</node>
	 	 	<node id="52" type="1">
	 	 	 	<cx>387</cx>
	 	 	 	<cy>47</cy>
	 	 	</node>
	 	 	<node id="53" type="1">
	 	 	 	<cx>677</cx>
	 	 	 	<cy>144</cy>
	 	 	</node>
	 	 	<node id="54" type="1">
	 	 	 	<cx>111</cx>
	 	 	 	<cy>790</cy>
	 	 	</node>
	 	 	<node id="55" type="1">
	 	 	 	<cx>957</cx>
	 	 	 	<cy>32</cy>
	 	 	</node>
	 	 	<node id="56" type="1">
	 	 	 	<cx>511</cx>
	 	 	 	<cy>647</cy>
	 	 	</node>
	 	 	<node id="57" type="1">
	 	 	 	<cx>457</cx>
	 	 	 	<cy>561</cy>
	 	 	</node>
	 	 	<node id="58" type="1">
	 	 	 	<cx>86</cx>
	 	 	 	<cy>687</cy>
	 	 	</node>
	 	 	<node id="59" type="1">
	 	 	 	<cx>290</cx>
	 	 	 	<cy>456</cy>
	 	 	</node>
	 	 	<node id="60" type="1">
	 	 	 	<cx>473</cx>
	 	 	 	<cy>563</cy>
	 	 	</node>
	 	 	<node id="61" type="1">
	 	 	 	<cx>807</cx>
	 	 	 	<cy>725</cy>
	 	 	</node>
	 	 	<node id="62" type="1">
	 	 	 	<cx>461</cx>
	 	 	 	<cy>468</cy>
	 	 	</node>
	 	 	<node id="63" type="1">
	 	 	 	<cx>739</cx>
	 	 	 	<cy>235</cy>
	 	 	</node>
	 	 	<node id="64" type="1">
	 	 	 	<cx>257</cx>
	 	 	 	<cy>340</cy>
	 	 	</node>
	 	 	<node id="65" type="1">
	 	 	 	<cx>588</cx>
	 	 	 	<cy>545</cy>
	 	 	</node>
	 	 	<node id="66" type="1">
	 	 	 	<cx>6</cx>
	 	 	 	<cy>311</cy>
	 	 	</node>
	 	 	<node id="67" type="1">
	 	 	 	<cx>268</cx>
	 	 	 	<cy>976</cy>
	 	 	</node>
	 	 	<node id="68" type="1">
	 	 	 	<cx>552</cx>
	 	 	 	<cy>414</cy>
	 	 	</node>
	 	 	<node id="69" type="1">
	 	 	 	<cx>994</cx>
	 	 	 	<cy>946</cy>
	 	 	</node>
	 	 	<node id="70" type="1">
	 	 	 	<cx>452</cx>
	 	 	 	<cy>534</cy>
	 	 	</node>
	 	 	<node id="71" type="1">
	 	 	 	<cx>422</cx>
	 	 	 	<cy>545</cy>
	 	 	</node>
	 	 	<node id="72" type="1">
	 	 	 	<cx>248</cx>
	 	 	 	<cy>611</cy>
	 	 	</node>
	 	 	<node id="73" type="1">
	 	 	 	<cx>43</cx>
	 	 	 	<cy>366</cy>
	 	 	</node>
	 	 	<node id="74" type="1">
	 	 	 	<cx>977</cx>
	 	 	 	<cy>96</cy>
	 	 	</node>
	 	 	<node id="75" type="1">
	 	 	 	<cx>822</cx>
	 	 	 	<cy>580</cy>
	 	 	</node>
	 	 	<node id="76" type="1">
	 	 	 	<cx>940</cx>
	 	 	 	<cy>650</cy>
	 	 	</node>
	 	 	<node id="77" type="1">
	 	 	 	<cx>86</cx>
	 	 	 	<cy>263</cy>
	 	 	</node>
	 	 	<node id="78" type="1">
	 	 	 	<cx>715</cx>
	 	 	 	<cy>99</cy>
	 	 	</node>
	 	 	<node id="79" type="1">
	 	 	 	<cx>668</cx>
	 	 	 	<cy>981</cy>
	 	 	</node>
	 	 	<node id="80" type="1">
	 	 	 	<cx>424</cx>
	 	 	 	<cy>638</cy>
	 	 	</node>
	 	 	<node id="81" type="1">
	 	 	 	<cx>297</cx>
	 	 	 	<cy>607</cy>
	 	 	</node>
	 	 	<node id="82" type="1">
	 	 	 	<cx>251</cx>
	 	 	 	<cy>282</cy>
	 	 	</node>
	 	 	<node id="83" type="1">
	 	 	 	<cx>237</cx>
	 	 	 	<cy>413</cy>
	 	 	</node>
	 	 	<node id="84" type="1">
	 	 	 	<cx>202</cx>
	 	 	 	<cy>573</cy>
	 	 	</node>
	 	 	<node id="85" type="1">
	 	 	 	<cx>181</cx>
	 	 	 	<cy>385</cy>
	 	 	</node>
	 	 	<node id="86" type="1">
	 	 	 	<cx>126</cx>
	 	 	 	<cy>528</cy>
	 	 	</node>
	 	 	<node id="87" type="1">
	 	 	 	<cx>386</cx>
	 	 	 	<cy>811</cy>
	 	 	</node>
	 	 	<node id="88" type="1">
	 	 	 	<cx>978</cx>
	 	 	 	<cy>846</cy>
	 	 	</node>
	 	 	<node id="89" type="1">
	 	 	 	<cx>70</cx>
	 	 	 	<cy>99</cy>
	 	 	</node>
	 	 	<node id="90" type="1">
	 	 	 	<cx>333</cx>
	 	 	 	<cy>357</cy>
	 	 	</node>
	 	 	<node id="91" type="1">
	 	 	 	<cx>49</cx>
	 	 	 	<cy>870</cy>
	 	 	</node>
	 	 	<node id="92" type="1">
	 	 	 	<cx>157</cx>
	 	 	 	<cy>734</cy>
	 	 	</node>
	 	 	<node id="93" type="1">
	 	 	 	<cx>627</cx>
	 	 	 	<cy>268</cy>
	 	 	</node>
	 	 	<node id="94" type="1">
	 	 	 	<cx>818</cx>
	 	 	 	<cy>433</cy>
	 	 	</node>
	 	 	<node id="95" type="1">
	 	 	 	<cx>738</cx>
	 	 	 	<cy>555</cy>
	 	 	</node>
	 	 	<node id="96" type="1">
	 	 	 	<cx>350</cx>
	 	 	 	<cy>909</cy>
	 	 	</node>
	 	 	<node id="97" type="1">
	 	 	 	<cx>337</cx>
	 	 	 	<cy>926</cy>
	 	 	</node>
	 	 	<node id="98" type="1">
	 	 	 	<cx>978</cx>
	 	 	 	<cy>59</cy>
	 	 	</node>
	 	 	<node id="99" type="1">
	 	 	 	<cx>42</cx>
	 	 	 	<cy>595</cy>
	 	 	</node>
	 	 	<node id="100" type="1">
	 	 	 	<cx>870</cx>
	 	 	 	<cy>933</cy>
	 	 	</node>
	 	 	<node id="101" type="1">
	 	 	 	<cx>19</cx>
	 	 	 	<cy>120</cy>
	 	 	</node>
	 	 	<node id="102" type="1">
	 	 	 	<cx>165</cx>
	 	 	 	<cy>679</cy>
	 	 	</node>
	 	 	<node id="103" type="1">
	 	 	 	<cx>131</cx>
	 	 	 	<cy>984</cy>
	 	 	</node>
	 	 	<node id="104" type="1">
	 	 	 	<cx>232</cx>
	 	 	 	<cy>755</cy>
	 	 	</node>
	 	 	<node id="105" type="1">
	 	 	 	<cx>319</cx>
	 	 	 	<cy>417</cy>
	 	 	</node>
	 	 	<node id="106" type="1">
	 	 	 	<cx>187</cx>
	 	 	 	<cy>376</cy>
	 	 	</node>
	 	 	<node id="107" type="1">
	 	 	 	<cx>251</cx>
	 	 	 	<cy>482</cy>
	 	 	</node>
	 	 	<node id="108" type="1">
	 	 	 	<cx>657</cx>
	 	 	 	<cy>219</cy>
	 	 	</node>
	 	 	<node id="109" type="1">
	 	 	 	<cx>209</cx>
	 	 	 	<cy>397</cy>
	 	 	</node>
	 	 	<node id="110" type="1">
	 	 	 	<cx>800</cx>
	 	 	 	<cy>377</cy>
	 	 	</node>
	 	 	<node id="111" type="1">
	 	 	 	<cx>228</cx>
	 	 	 	<cy>116</cy>
	 	 	</node>
	 	 	<node id="112" type="1">
	 	 	 	<cx>566</cx>
	 	 	 	<cy>559</cy>
	 	 	</node>
	 	 	<node id="113" type="1">
	 	 	 	<cx>490</cx>
	 	 	 	<cy>156</cy>
	 	 	</node>
	 	 	<node id="114" type="1">
	 	 	 	<cx>216</cx>
	 	 	 	<cy>547</cy>
	 	 	</node>
	 	 	<node id="115" type="1">
	 	 	 	<cx>964</cx>
	 	 	 	<cy>677</cy>
	 	 	</node>
	 	 	<node id="116" type="1">
	 	 	 	<cx>85</cx>
	 	 	 	<cy>897</cy>
	 	 	</node>
	 	 	<node id="117" type="1">
	 	 	 	<cx>292</cx>
	 	 	 	<cy>807</cy>
	 	 	</node>
	 	 	<node id="118" type="1">
	 	 	 	<cx>600</cx>
	 	 	 	<cy>893</cy>
	 	 	</node>
	 	 	<node id="119" type="1">
	 	 	 	<cx>938</cx>
	 	 	 	<cy>222</cy>
	 	 	</node>
	 	 	<node id="120" type="1">
	 	 	 	<cx>543</cx>
	 	 	 	<cy>747</cy>
	 	 	</node>
	 	 	<node id="121" type="1">
	 	 	 	<cx>572</cx>
	 	 	 	<cy>976</cy>
	 	 	</node>
	 	 	<node id="122" type="1">
	 	 	 	<cx>569</cx>
	 	 	 	<cy>59</cy>
	 	 	</node>
	 	 	<node id="123" type="1">
	 	 	 	<cx>712</cx>
	 	 	 	<cy>574</cy>
	 	 	</node>
	 	 	<node id="124" type="1">
	 	 	 	<cx>971</cx>
	 	 	 	<cy>515</cy>
	 	 	</node>
	 	 	<node id="125" type="1">
	 	 	 	<cx>616</cx>
	 	 	 	<cy>306</cy>
	 	 	</node>
	 	 	<node id="126" type="1">
	 	 	 	<cx>695</cx>
	 	 	 	<cy>837</cy>
	 	 	</node>
	 	 	<node id="127" type="1">
	 	 	 	<cx>421</cx>
	 	 	 	<cy>821</cy>
	 	 	</node>
	 	 	<node id="128" type="1">
	 	 	 	<cx>604</cx>
	 	 	 	<cy>995</cy>
	 	 	</node>
	 	 	<node id="129" type="1">
	 	 	 	<cx>537</cx>
	 	 	 	<cy>957</cy>
	 	 	</node>
	 	 	<node id="130" type="1">
	 	 	 	<cx>1000</cx>
	 	 	 	<cy>653</cy>
	 	 	</node>
	 	 	<node id="131" type="1">
	 	 	 	<cx>282</cx>
	 	 	 	<cy>817</cy>
	 	 	</node>
	 	 	<node id="132" type="1">
	 	 	 	<cx>380</cx>
	 	 	 	<cy>874</cy>
	 	 	</node>
	 	 	<node id="133" type="1">
	 	 	 	<cx>778</cx>
	 	 	 	<cy>101</cy>
	 	 	</node>
	 	 	<node id="134" type="1">
	 	 	 	<cx>462</cx>
	 	 	 	<cy>74</cy>
	 	 	</node>
	 	 	<node id="135" type="1">
	 	 	 	<cx>87</cx>
	 	 	 	<cy>682</cy>
	 	 	</node>
	 	 	<node id="136" type="1">
	 	 	 	<cx>441</cx>
	 	 	 	<cy>228</cy>
	 	 	</node>
	 	 	<node id="137" type="1">
	 	 	 	<cx>608</cx>
	 	 	 	<cy>430</cy>
	 	 	</node>
	 	 	<node id="138" type="1">
	 	 	 	<cx>511</cx>
	 	 	 	<cy>313</cy>
	 	 	</node>
	 	 	<node id="139" type="1">
	 	 	 	<cx>710</cx>
	 	 	 	<cy>300</cy>
	 	 	</node>
	 	 	<node id="140" type="1">
	 	 	 	<cx>630</cx>
	 	 	 	<cy>24</cy>
	 	 	</node>
	 	 	<node id="141" type="1">
	 	 	 	<cx>626</cx>
	 	 	 	<cy>650</cy>
	 	 	</node>
	 	 	<node id="142" type="1">
	 	 	 	<cx>531</cx>
	 	 	 	<cy>719</cy>
	 	 	</node>
	 	 	<node id="143" type="1">
	 	 	 	<cx>598</cx>
	 	 	 	<cy>824</cy>
	 	 	</node>
	 	 	<node id="144" type="1">
	 	 	 	<cx>995</cx>
	 	 	 	<cy>622</cy>
	 	 	</node>
	 	 	<node id="145" type="1">
	 	 	 	<cx>258</cx>
	 	 	 	<cy>981</cy>
	 	 	</node>
	 	 	<node id="146" type="1">
	 	 	 	<cx>358</cx>
	 	 	 	<cy>281</cy>
	 	 	</node>
	 	 	<node id="147" type="1">
	 	 	 	<cx>279</cx>
	 	 	 	<cy>169</cy>
	 	 	</node>
	 	 	<node id="148" type="1">
	 	 	 	<cx>286</cx>
	 	 	 	<cy>268</cy>
	 	 	</node>
	 	 	<node id="149" type="1">
	 	 	 	<cx>259</cx>
	 	 	 	<cy>659</cy>
	 	 	</node>
	 	 	<node id="150" type="1">
	 	 	 	<cx>782</cx>
	 	 	 	<cy>132</cy>
	 	 	</node>
	 	 	<node id="151" type="1">
	 	 	 	<cx>862</cx>
	 	 	 	<cy>518</cy>
	 	 	</node>
	 	 	<node id="152" type="1">
	 	 	 	<cx>457</cx>
	 	 	 	<cy>603</cy>
	 	 	</node>
	 	 	<node id="153" type="1">
	 	 	 	<cx>210</cx>
	 	 	 	<cy>438</cy>
	 	 	</node>
	 	 	<node id="154" type="1">
	 	 	 	<cx>44</cx>
	 	 	 	<cy>44</cy>
	 	 	</node>
	 	 	<node id="155" type="1">
	 	 	 	<cx>527</cx>
	 	 	 	<cy>818</cy>
	 	 	</node>
	 	 	<node id="156" type="1">
	 	 	 	<cx>164</cx>
	 	 	 	<cy>156</cy>
	 	 	</node>
	 	 	<node id="157" type="1">
	 	 	 	<cx>23</cx>
	 	 	 	<cy>86</cy>
	 	 	</node>
	 	 	<node id="158" type="1">
	 	 	 	<cx>342</cx>
	 	 	 	<cy>930</cy>
	 	 	</node>
	 	 	<node id="159" type="1">
	 	 	 	<cx>39</cx>
	 	 	 	<cy>282</cy>
	 	 	</node>
	 	 	<node id="160" type="1">
	 	 	 	<cx>269</cx>
	 	 	 	<cy>848</cy>
	 	 	</node>
	 	 	<node id="161" type="1">
	 	 	 	<cx>436</cx>
	 	 	 	<cy>886</cy>
	 	 	</node>
	 	 	<node id="162" type="1">
	 	 	 	<cx>323</cx>
	 	 	 	<cy>340</cy>
	 	 	</node>
	 	 	<node id="163" type="1">
	 	 	 	<cx>237</cx>
	 	 	 	<cy>891</cy>
	 	 	</node>
	 	 	<node id="164" type="1">
	 	 	 	<cx>333</cx>
	 	 	 	<cy>488</cy>
	 	 	</node>
	 	 	<node id="165" type="1">
	 	 	 	<cx>517</cx>
	 	 	 	<cy>137</cy>
	 	 	</node>
	 	 	<node id="166" type="1">
	 	 	 	<cx>591</cx>
	 	 	 	<cy>972</cy>
	 	 	</node>
	 	 	<node id="167" type="1">
	 	 	 	<cx>541</cx>
	 	 	 	<cy>888</cy>
	 	 	</node>
	 	 	<node id="168" type="1">
	 	 	 	<cx>122</cx>
	 	 	 	<cy>280</cy>
	 	 	</node>
	 	 	<node id="169" type="1">
	 	 	 	<cx>159</cx>
	 	 	 	<cy>655</cy>
	 	 	</node>
	 	 	<node id="170" type="1">
	 	 	 	<cx>200</cx>
	 	 	 	<cy>158</cy>
	 	 	</node>
	 	 	<node id="171" type="1">
	 	 	 	<cx>446</cx>
	 	 	 	<cy>283</cy>
	 	 	</node>
	 	 	<node id="172" type="1">
	 	 	 	<cx>107</cx>
	 	 	 	<cy>315</cy>
	 	 	</node>
	 	 	<node id="173" type="1">
	 	 	 	<cx>588</cx>
	 	 	 	<cy>270</cy>
	 	 	</node>
	 	 	<node id="174" type="1">
	 	 	 	<cx>158</cx>
	 	 	 	<cy>374</cy>
	 	 	</node>
	 	 	<node id="175" type="1">
	 	 	 	<cx>26</cx>
	 	 	 	<cy>353</cy>
	 	 	</node>
	 	 	<node id="176" type="1">
	 	 	 	<cx>959</cx>
	 	 	 	<cy>76</cy>
	 	 	</node>
	 	 	<node id="177" type="1">
	 	 	 	<cx>852</cx>
	 	 	 	<cy>328</cy>
	 	 	</node>
	 	 	<node id="178" type="1">
	 	 	 	<cx>927</cx>
	 	 	 	<cy>736</cy>
	 	 	</node>
	 	 	<node id="179" type="1">
	 	 	 	<cx>437</cx>
	 	 	 	<cy>138</cy>
	 	 	</node>
	 	 	<node id="180" type="1">
	 	 	 	<cx>53</cx>
	 	 	 	<cy>938</cy>
	 	 	</node>
	 	 	<node id="181" type="1">
	 	 	 	<cx>333</cx>
	 	 	 	<cy>192</cy>
	 	 	</node>
	 	 	<node id="182" type="1">
	 	 	 	<cx>922</cx>
	 	 	 	<cy>499</cy>
	 	 	</node>
	 	 	<node id="183" type="1">
	 	 	 	<cx>407</cx>
	 	 	 	<cy>948</cy>
	 	 	</node>
	 	 	<node id="184" type="1">
	 	 	 	<cx>970</cx>
	 	 	 	<cy>664</cy>
	 	 	</node>
	 	 	<node id="185" type="1">
	 	 	 	<cx>237</cx>
	 	 	 	<cy>738</cy>
	 	 	</node>
	 	 	<node id="186" type="1">
	 	 	 	<cx>8</cx>
	 	 	 	<cy>561</cy>
	 	 	</node>
	 	 	<node id="187" type="1">
	 	 	 	<cx>747</cx>
	 	 	 	<cy>852</cy>
	 	 	</node>
	 	 	<node id="188" type="1">
	 	 	 	<cx>989</cx>
	 	 	 	<cy>908</cy>
	 	 	</node>
	 	 	<node id="189" type="1">
	 	 	 	<cx>100</cx>
	 	 	 	<cy>860</cy>
	 	 	</node>
	 	 	<node id="190" type="1">
	 	 	 	<cx>10</cx>
	 	 	 	<cy>960</cy>
	 	 	</node>
	 	 	<node id="191" type="1">
	 	 	 	<cx>842</cx>
	 	 	 	<cy>190</cy>
	 	 	</node>
	 	 	<node id="192" type="1">
	 	 	 	<cx>595</cx>
	 	 	 	<cy>716</cy>
	 	 	</node>
	 	 	<node id="193" type="1">
	 	 	 	<cx>286</cx>
	 	 	 	<cy>965</cy>
	 	 	</node>
	 	 	<node id="194" type="1">
	 	 	 	<cx>199</cx>
	 	 	 	<cy>373</cy>
	 	 	</node>
	 	 	<node id="195" type="1">
	 	 	 	<cx>159</cx>
	 	 	 	<cy>67</cy>
	 	 	</node>
	 	 	<node id="196" type="1">
	 	 	 	<cx>979</cx>
	 	 	 	<cy>25</cy>
	 	 	</node>
	 	 	<node id="197" type="1">
	 	 	 	<cx>488</cx>
	 	 	 	<cy>479</cy>
	 	 	</node>
	 	 	<node id="198" type="1">
	 	 	 	<cx>804</cx>
	 	 	 	<cy>620</cy>
	 	 	</node>
	 	 	<node id="199" type="1">
	 	 	 	<cx>742</cx>
	 	 	 	<cy>853</cy>
	 	 	</node>
	 	 	<node id="200" type="1">
	 	 	 	<cx>528</cx>
	 	 	 	<cy>160</cy>
	 	 	</node>
	 	 	<node id="201" type="1">
	 	 	 	<cx>223</cx>
	 	 	 	<cy>342</cy>
	 	 	</node>
	 	 	<node id="202" type="1">
	 	 	 	<cx>503</cx>
	 	 	 	<cy>159</cy>
	 	 	</node>
	 	 	<node id="203" type="1">
	 	 	 	<cx>711</cx>
	 	 	 	<cy>681</cy>
	 	 	</node>
	 	 	<node id="204" type="1">
	 	 	 	<cx>339</cx>
	 	 	 	<cy>340</cy>
	 	 	</node>
	 	 	<node id="205" type="1">
	 	 	 	<cx>342</cx>
	 	 	 	<cy>509</cy>
	 	 	</node>
	 	 	<node id="206" type="1">
	 	 	 	<cx>931</cx>
	 	 	 	<cy>593</cy>
	 	 	</node>
	 	 	<node id="207" type="1">
	 	 	 	<cx>766</cx>
	 	 	 	<cy>953</cy>
	 	 	</node>
	 	 	<node id="208" type="1">
	 	 	 	<cx>710</cx>
	 	 	 	<cy>172</cy>
	 	 	</node>
	 	 	<node id="209" type="1">
	 	 	 	<cx>521</cx>
	 	 	 	<cy>451</cy>
	 	 	</node>
	 	 	<node id="210" type="1">
	 	 	 	<cx>172</cx>
	 	 	 	<cy>159</cy>
	 	 	</node>
	 	 	<node id="211" type="1">
	 	 	 	<cx>685</cx>
	 	 	 	<cy>836</cy>
	 	 	</node>
	 	 	<node id="212" type="1">
	 	 	 	<cx>639</cx>
	 	 	 	<cy>155</cy>
	 	 	</node>
	 	 	<node id="213" type="1">
	 	 	 	<cx>763</cx>
	 	 	 	<cy>656</cy>
	 	 	</node>
	 	 	<node id="214" type="1">
	 	 	 	<cx>269</cx>
	 	 	 	<cy>241</cy>
	 	 	</node>
	 	 	<node id="215" type="1">
	 	 	 	<cx>825</cx>
	 	 	 	<cy>761</cy>
	 	 	</node>
	 	 	<node id="216" type="1">
	 	 	 	<cx>330</cx>
	 	 	 	<cy>177</cy>
	 	 	</node>
	 	 	<node id="217" type="1">
	 	 	 	<cx>901</cx>
	 	 	 	<cy>124</cy>
	 	 	</node>
	 	 	<node id="218" type="1">
	 	 	 	<cx>713</cx>
	 	 	 	<cy>860</cy>
	 	 	</node>
	 	 	<node id="219" type="1">
	 	 	 	<cx>619</cx>
	 	 	 	<cy>926</cy>
	 	 	</node>
	 	 	<node id="220" type="1">
	 	 	 	<cx>692</cx>
	 	 	 	<cy>19</cy>
	 	 	</node>
	 	 	<node id="221" type="1">
	 	 	 	<cx>96</cx>
	 	 	 	<cy>876</cy>
	 	 	</node>
	 	 	<node id="222" type="1">
	 	 	 	<cx>949</cx>
	 	 	 	<cy>178</cy>
	 	 	</node>
	 	 	<node id="223" type="1">
	 	 	 	<cx>79</cx>
	 	 	 	<cy>795</cy>
	 	 	</node>
	 	 	<node id="224" type="1">
	 	 	 	<cx>833</cx>
	 	 	 	<cy>852</cy>
	 	 	</node>
	 	 	<node id="225" type="1">
	 	 	 	<cx>336</cx>
	 	 	 	<cy>444</cy>
	 	 	</node>
	 	 	<node id="226" type="1">
	 	 	 	<cx>877</cx>
	 	 	 	<cy>0</cy>
	 	 	</node>
	 	 	<node id="227" type="1">
	 	 	 	<cx>296</cx>
	 	 	 	<cy>597</cy>
	 	 	</node>
	 	 	<node id="228" type="1">
	 	 	 	<cx>566</cx>
	 	 	 	<cy>735</cy>
	 	 	</node>
	 	 	<node id="229" type="1">
	 	 	 	<cx>940</cx>
	 	 	 	<cy>377</cy>
	 	 	</node>
	 	 	<node id="230" type="1">
	 	 	 	<cx>349</cx>
	 	 	 	<cy>269</cy>
	 	 	</node>
	 	 	<node id="231" type="1">
	 	 	 	<cx>939</cx>
	 	 	 	<cy>827</cy>
	 	 	</node>
	 	 	<node id="232" type="1">
	 	 	 	<cx>908</cx>
	 	 	 	<cy>120</cy>
	 	 	</node>
	 	 	<node id="233" type="1">
	 	 	 	<cx>50</cx>
	 	 	 	<cy>741</cy>
	 	 	</node>
	 	 	<node id="234" type="1">
	 	 	 	<cx>670</cx>
	 	 	 	<cy>569</cy>
	 	 	</node>
	 	 	<node id="235" type="1">
	 	 	 	<cx>753</cx>
	 	 	 	<cy>744</cy>
	 	 	</node>
	 	 	<node id="236" type="1">
	 	 	 	<cx>577</cx>
	 	 	 	<cy>351</cy>
	 	 	</node>
	 	 	<node id="237" type="1">
	 	 	 	<cx>141</cx>
	 	 	 	<cy>616</cy>
	 	 	</node>
	 	 	<node id="238" type="1">
	 	 	 	<cx>97</cx>
	 	 	 	<cy>625</cy>
	 	 	</node>
	 	 	<node id="239" type="1">
	 	 	 	<cx>64</cx>
	 	 	 	<cy>875</cy>
	 	 	</node>
	 	 	<node id="240" type="1">
	 	 	 	<cx>496</cx>
	 	 	 	<cy>160</cy>
	 	 	</node>
	 	 	<node id="241" type="1">
	 	 	 	<cx>515</cx>
	 	 	 	<cy>598</cy>
	 	 	</node>
	 	 	<node id="242" type="1">
	 	 	 	<cx>344</cx>
	 	 	 	<cy>803</cy>
	 	 	</node>
	 	 	<node id="243" type="1">
	 	 	 	<cx>274</cx>
	 	 	 	<cy>510</cy>
	 	 	</node>
	 	 	<node id="244" type="1">
	 	 	 	<cx>291</cx>
	 	 	 	<cy>170</cy>
	 	 	</node>
	 	 	<node id="245" type="1">
	 	 	 	<cx>800</cx>
	 	 	 	<cy>300</cy>
	 	 	</node>
	 	 	<node id="246" type="1">
	 	 	 	<cx>74</cx>
	 	 	 	<cy>609</cy>
	 	 	</node>
	 	 	<node id="247" type="1">
	 	 	 	<cx>365</cx>
	 	 	 	<cy>207</cy>
	 	 	</node>
	 	 	<node id="248" type="1">
	 	 	 	<cx>791</cx>
	 	 	 	<cy>396</cy>
	 	 	</node>
	 	 	<node id="249" type="1">
	 	 	 	<cx>453</cx>
	 	 	 	<cy>848</cy>
	 	 	</node>
	 	 	<node id="250" type="1">
	 	 	 	<cx>405</cx>
	 	 	 	<cy>191</cy>
	 	 	</node>
	 	 	<node id="251" type="1">
	 	 	 	<cx>395</cx>
	 	 	 	<cy>290</cy>
	 	 	</node>
	 	 	<node id="252" type="1">
	 	 	 	<cx>525</cx>
	 	 	 	<cy>743</cy>
	 	 	</node>
	 	 	<node id="253" type="1">
	 	 	 	<cx>260</cx>
	 	 	 	<cy>385</cy>
	 	 	</node>
	 	 	<node id="254" type="1">
	 	 	 	<cx>408</cx>
	 	 	 	<cy>837</cy>
	 	 	</node>
	 	 	<node id="255" type="1">
	 	 	 	<cx>1</cx>
	 	 	 	<cy>346</cy>
	 	 	</node>
	 	 	<node id="256" type="1">
	 	 	 	<cx>231</cx>
	 	 	 	<cy>504</cy>
	 	 	</node>
	 	 	<node id="257" type="1">
	 	 	 	<cx>837</cx>
	 	 	 	<cy>572</cy>
	 	 	</node>
	 	 	<node id="258" type="1">
	 	 	 	<cx>606</cx>
	 	 	 	<cy>473</cy>
	 	 	</node>
	 	 	<node id="259" type="1">
	 	 	 	<cx>900</cx>
	 	 	 	<cy>729</cy>
	 	 	</node>
	 	 	<node id="260" type="1">
	 	 	 	<cx>346</cx>
	 	 	 	<cy>868</cy>
	 	 	</node>
	 	 	<node id="261" type="1">
	 	 	 	<cx>123</cx>
	 	 	 	<cy>80</cy>
	 	 	</node>
	 	 	<node id="262" type="1">
	 	 	 	<cx>477</cx>
	 	 	 	<cy>169</cy>
	 	 	</node>
	 	 	<node id="263" type="1">
	 	 	 	<cx>383</cx>
	 	 	 	<cy>59</cy>
	 	 	</node>
	 	 	<node id="264" type="1">
	 	 	 	<cx>510</cx>
	 	 	 	<cy>410</cy>
	 	 	</node>
	 	 	<node id="265" type="1">
	 	 	 	<cx>890</cx>
	 	 	 	<cy>101</cy>
	 	 	</node>
	 	 	<node id="266" type="1">
	 	 	 	<cx>952</cx>
	 	 	 	<cy>635</cy>
	 	 	</node>
	 	 	<node id="267" type="1">
	 	 	 	<cx>825</cx>
	 	 	 	<cy>722</cy>
	 	 	</node>
	 	 	<node id="268" type="1">
	 	 	 	<cx>68</cx>
	 	 	 	<cy>598</cy>
	 	 	</node>
	 	 	<node id="269" type="1">
	 	 	 	<cx>234</cx>
	 	 	 	<cy>841</cy>
	 	 	</node>
	 	 	<node id="270" type="1">
	 	 	 	<cx>911</cx>
	 	 	 	<cy>720</cy>
	 	 	</node>
	 	 	<node id="271" type="1">
	 	 	 	<cx>172</cx>
	 	 	 	<cy>367</cy>
	 	 	</node>
	 	 	<node id="272" type="1">
	 	 	 	<cx>569</cx>
	 	 	 	<cy>289</cy>
	 	 	</node>
	 	 	<node id="273" type="1">
	 	 	 	<cx>84</cx>
	 	 	 	<cy>19</cy>
	 	 	</node>
	 	 	<node id="274" type="1">
	 	 	 	<cx>694</cx>
	 	 	 	<cy>916</cy>
	 	 	</node>
	 	 	<node id="275" type="1">
	 	 	 	<cx>454</cx>
	 	 	 	<cy>412</cy>
	 	 	</node>
	 	 	<node id="276" type="1">
	 	 	 	<cx>261</cx>
	 	 	 	<cy>233</cy>
	 	 	</node>
	 	 	<node id="277" type="1">
	 	 	 	<cx>693</cx>
	 	 	 	<cy>375</cy>
	 	 	</node>
	 	 	<node id="278" type="1">
	 	 	 	<cx>588</cx>
	 	 	 	<cy>854</cy>
	 	 	</node>
	 	 	<node id="279" type="1">
	 	 	 	<cx>276</cx>
	 	 	 	<cy>538</cy>
	 	 	</node>
	 	 	<node id="280" type="1">
	 	 	 	<cx>599</cx>
	 	 	 	<cy>569</cy>
	 	 	</node>
	 	 	<node id="281" type="1">
	 	 	 	<cx>142</cx>
	 	 	 	<cy>158</cy>
	 	 	</node>
	 	 	<node id="282" type="1">
	 	 	 	<cx>338</cx>
	 	 	 	<cy>805</cy>
	 	 	</node>
	 	 	<node id="283" type="1">
	 	 	 	<cx>324</cx>
	 	 	 	<cy>194</cy>
	 	 	</node>
	 	 	<node id="284" type="1">
	 	 	 	<cx>739</cx>
	 	 	 	<cy>325</cy>
	 	 	</node>
	 	 	<node id="285" type="1">
	 	 	 	<cx>845</cx>
	 	 	 	<cy>639</cy>
	 	 	</node>
	 	 	<node id="286" type="1">
	 	 	 	<cx>638</cx>
	 	 	 	<cy>182</cy>
	 	 	</node>
	 	 	<node id="287" type="1">
	 	 	 	<cx>858</cx>
	 	 	 	<cy>93</cy>
	 	 	</node>
	 	 	<node id="288" type="1">
	 	 	 	<cx>40</cx>
	 	 	 	<cy>923</cy>
	 	 	</node>
	 	 	<node id="289" type="1">
	 	 	 	<cx>37</cx>
	 	 	 	<cy>599</cy>
	 	 	</node>
	 	 	<node id="290" type="1">
	 	 	 	<cx>638</cx>
	 	 	 	<cy>39</cy>
	 	 	</node>
	 	 	<node id="291" type="1">
	 	 	 	<cx>218</cx>
	 	 	 	<cy>714</cy>
	 	 	</node>
	 	 	<node id="292" type="1">
	 	 	 	<cx>568</cx>
	 	 	 	<cy>674</cy>
	 	 	</node>
	 	 	<node id="293" type="1">
	 	 	 	<cx>288</cx>
	 	 	 	<cy>840</cy>
	 	 	</node>
	 	 	<node id="294" type="1">
	 	 	 	<cx>439</cx>
	 	 	 	<cy>570</cy>
	 	 	</node>
	 	 	<node id="295" type="1">
	 	 	 	<cx>325</cx>
	 	 	 	<cy>801</cy>
	 	 	</node>
	 	 	<node id="296" type="1">
	 	 	 	<cx>587</cx>
	 	 	 	<cy>278</cy>
	 	 	</node>
	 	 	<node id="297" type="1">
	 	 	 	<cx>992</cx>
	 	 	 	<cy>674</cy>
	 	 	</node>
	 	 	<node id="298" type="1">
	 	 	 	<cx>597</cx>
	 	 	 	<cy>608</cy>
	 	 	</node>
	 	</nodes>
	 	<euclidean/>
	 	<decimals>0</decimals>
	 </network>
	 <fleet>
	 	 <vehicle_profile type="0">
	 	  	 <departure_node>1</departure_node>
	 	  	 <arrival_node>1</arrival_node>
	 	  	 <capacity>55</capacity>
	 	 </vehicle_profile>
	 </fleet>
	 <requests>
	 	 <request id="1" node="2">
	 	 	 <quantity>2</quantity>
	 	 </request>
	 	 <request id="2" node="3">
	 	 	 <quantity>9</quantity>
	 	 </request>
	 	 <request id="3" node="4">
	 	 	 <quantity>1</quantity>
	 	 </request>
	 	 <request id="4" node="5">
	 	 	 <quantity>4</quantity>
	 	 </request>
	 	 <request id="5" node="6">
	 	 	 <quantity>9</quantity>
	 	 </request>
	 	 <request id="6" node="7">
	 	 	 <quantity>5</quantity>
	 	 </request>
	 	 <request id="7" node="8">
	 	 	 <quantity>7</quantity>
	 	 </request>
	 	 <request id="8" node="9">
	 	 	 <quantity>2</quantity>
	 	 </request>
	 	 <request id="9" node="10">
	 	 	 <quantity>4</quantity>
	 	 </request>
	 	 <request id="10" node="11">
	 	 	 <quantity>7</quantity>
	 	 </request>
	 	 <request id="11" node="12">
	 	 	 <quantity>2</quantity>
	 	 </request>
	 	 <request id="12" node="13">
	 	 	 <quantity>9</quantity>
	 	 </request>
	 	 <request id="13" node="14">
	 	 	 <quantity>5</quantity>
	 	 </request>
	 	 <request id="14" node="15">
	 	 	 <quantity>10</quantity>
	 	 </request>
	 	 <request id="15" node="16">
	 	 	 <quantity>5</quantity>
	 	 </request>
	 	 <request id="16" node="17">
	 	 	 <quantity>8</quantity>
	 	 </request>
	 	 <request id="17" node="18">
	 	 	 <quantity>5</quantity>
	 	 </request>
	 	 <request id="18" node="19">
	 	 	 <quantity>8</quantity>
	 	 </request>
	 	 <request id="19" node="20">
	 	 	 <quantity>8</quantity>
	 	 </request>
	 	 <request id="20" node="21">
	 	 	 <quantity>6</quantity>
	 	 </request>
	 	 <request id="21" node="22">
	 	 	 <quantity>7</quantity>
	 	 </request>
	 	 <request id="22" node="23">
	 	 	 <quantity>2</quantity>
	 	 </request>
	 	 <request id="23" node="24">
	 	 	 <quantity>1</quantity>
	 	 </request>
	 	 <request id="24" node="25">
	 	 	 <quantity>3</quantity>
	 	 </request>
	 	 <request id="25" node="26">
	 	 	 <quantity>9</quantity>
	 	 </request>
	 	 <request id="26" node="27">
	 	 	 <quantity>1</quantity>
	 	 </request>
	 	 <request id="27" node="28">
	 	 	 <quantity>1</quantity>
	 	 </request>
	 	 <request id="28" node="29">
	 	 	 <quantity>10</quantity>
	 	 </request>
	 	 <request id="29" node="30">
	 	 	 <quantity>3</quantity>
	 	 </request>
	 	 <request id="30" node="31">
	 	 	 <quantity>4</quantity>
	 	 </request>
	 	 <request id="31" node="32">
	 	 	 <quantity>8</quantity>
	 	 </request>
	 	 <request id="32" node="33">
	 	 	 <quantity>10</quantity>
	 	 </request>
	 	 <request id="33" node="34">
	 	 	 <quantity>7</quantity>
	 	 </request>
	 	 <request id="34" node="35">
	 	 	 <quantity>9</quantity>
	 	 </request>
	 	 <request id="35" node="36">
	 	 	 <quantity>6</quantity>
	 	 </request>
	 	 <request id="36" node="37">
	 	 	 <quantity>1</quantity>
	 	 </request>
	 	 <request id="37" node="38">
	 	 	 <quantity>1</quantity>
	 	 </request>
	 	 <request id="38" node="39">
	 	 	 <quantity>9</quantity>
	 	 </request>
	 	 <request id="39" node="40">
	 	 	 <quantity>9</quantity>
	 	 </request>
	 	 <request id="40" node="41">
	 	 	 <quantity>5</quantity>
	 	 </request>
	 	 <request id="41" node="42">
	 	 	 <quantity>9</quantity>
	 	 </request>
	 	 <request id="42" node="43">
	 	 	 <quantity>3</quantity>
	 	 </request>
	 	 <request id="43" node="44">
	 	 	 <quantity>6</quantity>
	 	 </request>
	 	 <request id="44" node="45">
	 	 	 <quantity>4</quantity>
	 	 </request>
	 	 <request id="45" node="46">
	 	 	 <quantity>2</quantity>
	 	 </request>
	 	 <request id="46" node="47">
	 	 	 <quantity>8</quantity>
	 	 </request>
	 	 <request id="47" node="48">
	 	 	 <quantity>3</quantity>
	 	 </request>
	 	 <request id="48" node="49">
	 	 	 <quantity>10</quantity>
	 	 </request>
	 	 <request id="49" node="50">
	 	 	 <quantity>6</quantity>
	 	 </request>
	 	 <request id="50" node="51">
	 	 	 <quantity>9</quantity>
	 	 </request>
	 	 <request id="51" node="52">
	 	 	 <quantity>5</quantity>
	 	 </request>
	 	 <request id="52" node="53">
	 	 	 <quantity>5</quantity>
	 	 </request>
	 	 <request id="53" node="54">
	 	 	 <quantity>7</quantity>
	 	 </request>
	 	 <request id="54" node="55">
	 	 	 <quantity>10</quantity>
	 	 </request>
	 	 <request id="55" node="56">
	 	 	 <quantity>5</quantity>
	 	 </request>
	 	 <request id="56" node="57">
	 	 	 <quantity>8</quantity>
	 	 </request>
	 	 <request id="57" node="58">
	 	 	 <quantity>1</quantity>
	 	 </request>
	 	 <request id="58" node="59">
	 	 	 <quantity>4</quantity>
	 	 </request>
	 	 <request id="59" node="60">
	 	 	 <quantity>4</quantity>
	 	 </request>
	 	 <request id="60" node="61">
	 	 	 <quantity>10</quantity>
	 	 </request>
	 	 <request id="61" node="62">
	 	 	 <quantity>7</quantity>
	 	 </request>
	 	 <request id="62" node="63">
	 	 	 <quantity>8</quantity>
	 	 </request>
	 	 <request id="63" node="64">
	 	 	 <quantity>9</quantity>
	 	 </request>
	 	 <request id="64" node="65">
	 	 	 <quantity>8</quantity>
	 	 </request>
	 	 <request id="65" node="66">
	 	 	 <quantity>1</quantity>
	 	 </request>
	 	 <request id="66" node="67">
	 	 	 <quantity>5</quantity>
	 	 </request>
	 	 <request id="67" node="68">
	 	 	 <quantity>9</quantity>
	 	 </request>
	 	 <request id="68" node="69">
	 	 	 <quantity>8</quantity>
	 	 </request>
	 	 <request id="69" node="70">
	 	 	 <quantity>4</quantity>
	 	 </request>
	 	 <request id="70" node="71">
	 	 	 <quantity>7</quantity>
	 	 </request>
	 	 <request id="71" node="72">
	 	 	 <quantity>5</quantity>
	 	 </request>
	 	 <request id="72" node="73">
	 	 	 <quantity>2</quantity>
	 	 </request>
	 	 <request id="73" node="74">
	 	 	 <quantity>9</quantity>
	 	 </request>
	 	 <request id="74" node="75">
	 	 	 <quantity>1</quantity>
	 	 </request>
	 	 <request id="75" node="76">
	 	 	 <quantity>6</quantity>
	 	 </request>
	 	 <request id="76" node="77">
	 	 	 <quantity>10</quantity>
	 	 </request>
	 	 <request id="77" node="78">
	 	 	 <quantity>10</quantity>
	 	 </request>
	 	 <request id="78" node="79">
	 	 	 <quantity>7</quantity>
	 	 </request>
	 	 <request id="79" node="80">
	 	 	 <quantity>10</quantity>
	 	 </request>
	 	 <request id="80" node="81">
	 	 	 <quantity>6</quantity>
	 	 </request>
	 	 <request id="81" node="82">
	 	 	 <quantity>6</quantity>
	 	 </request>
	 	 <request id="82" node="83">
	 	 	 <quantity>9</quantity>
	 	 </request>
	 	 <request id="83" node="84">
	 	 	 <quantity>2</quantity>
	 	 </request>
	 	 <request id="84" node="85">
	 	 	 <quantity>6</quantity>
	 	 </request>
	 	 <request id="85" node="86">
	 	 	 <quantity>1</quantity>
	 	 </request>
	 	 <request id="86" node="87">
	 	 	 <quantity>9</quantity>
	 	 </request>
	 	 <request id="87" node="88">
	 	 	 <quantity>8</quantity>
	 	 </request>
	 	 <request id="88" node="89">
	 	 	 <quantity>10</quantity>
	 	 </request>
	 	 <request id="89" node="90">
	 	 	 <quantity>3</quantity>
	 	 </request>
	 	 <request id="90" node="91">
	 	 	 <quantity>9</quantity>
	 	 </request>
	 	 <request id="91" node="92">
	 	 	 <quantity>3</quantity>
	 	 </request>
	 	 <request id="92" node="93">
	 	 	 <quantity>8</quantity>
	 	 </request>
	 	 <request id="93" node="94">
	 	 	 <quantity>10</quantity>
	 	 </request>
	 	 <request id="94" node="95">
	 	 	 <quantity>6</quantity>
	 	 </request>
	 	 <request id="95" node="96">
	 	 	 <quantity>10</quantity>
	 	 </request>
	 	 <request id="96" node="97">
	 	 	 <quantity>9</quantity>
	 	 </request>
	 	 <request id="97" node="98">
	 	 	 <quantity>7</quantity>
	 	 </request>
	 	 <request id="98" node="99">
	 	 	 <quantity>7</quantity>
	 	 </request>
	 	 <request id="99" node="100">
	 	 	 <quantity>4</quantity>
	 	 </request>
	 	 <request id="100" node="101">
	 	 	 <quantity>1</quantity>
	 	 </request>
	 	 <request id="101" node="102">
	 	 	 <quantity>3</quantity>
	 	 </request>
	 	 <request id="102" node="103">
	 	 	 <quantity>4</quantity>
	 	 </request>
	 	 <request id="103" node="104">
	 	 	 <quantity>5</quantity>
	 	 </request>
	 	 <request id="104" node="105">
	 	 	 <quantity>10</quantity>
	 	 </request>
	 	 <request id="105" node="106">
	 	 	 <quantity>4</quantity>
	 	 </request>
	 	 <request id="106" node="107">
	 	 	 <quantity>2</quantity>
	 	 </request>
	 	 <request id="107" node="108">
	 	 	 <quantity>9</quantity>
	 	 </request>
	 	 <request id="108" node="109">
	 	 	 <quantity>1</quantity>
	 	 </request>
	 	 <request id="109" node="110">
	 	 	 <quantity>6</quantity>
	 	 </request>
	 	 <request id="110" node="111">
	 	 	 <quantity>4</quantity>
	 	 </request>
	 	 <request id="111" node="112">
	 	 	 <quantity>7</quantity>
	 	 </request>
	 	 <request id="112" node="113">
	 	 	 <quantity>5</quantity>
	 	 </request>
	 	 <request id="113" node="114">
	 	 	 <quantity>1</quantity>
	 	 </request>
	 	 <request id="114" node="115">
	 	 	 <quantity>3</quantity>
	 	 </request>
	 	 <request id="115" node="116">
	 	 	 <quantity>4</quantity>
	 	 </request>
	 	 <request id="116" node="117">
	 	 	 <quantity>4</quantity>
	 	 </request>
	 	 <request id="117" node="118">
	 	 	 <quantity>6</quantity>
	 	 </request>
	 	 <request id="118" node="119">
	 	 	 <quantity>6</quantity>
	 	 </request>
	 	 <request id="119" node="120">
	 	 	 <quantity>9</quantity>
	 	 </request>
	 	 <request id="120" node="121">
	 	 	 <quantity>9</quantity>
	 	 </request>
	 	 <request id="121" node="122">
	 	 	 <quantity>7</quantity>
	 	 </request>
	 	 <request id="122" node="123">
	 	 	 <quantity>9</quantity>
	 	 </request>
	 	 <request id="123" node="124">
	 	 	 <quantity>2</quantity>
	 	 </request>
	 	 <request id="124" node="125">
	 	 	 <quantity>8</quantity>
	 	 </request>
	 	 <request id="125" node="126">
	 	 	 <quantity>10</quantity>
	 	 </request>
	 	 <request id="126" node="127">
	 	 	 <quantity>5</quantity>
	 	 </request>
	 	 <request id="127" node="128">
	 	 	 <quantity>10</quantity>
	 	 </request>
	 	 <request id="128" node="129">
	 	 	 <quantity>3</quantity>
	 	 </request>
	 	 <request id="129" node="130">
	 	 	 <quantity>8</quantity>
	 	 </request>
	 	 <request id="130" node="131">
	 	 	 <quantity>7</quantity>
	 	 </request>
	 	 <request id="131" node="132">
	 	 	 <quantity>6</quantity>
	 	 </request>
	 	 <request id="132" node="133">
	 	 	 <quantity>3</quantity>
	 	 </request>
	 	 <request id="133" node="134">
	 	 	 <quantity>8</quantity>
	 	 </request>
	 	 <request id="134" node="135">
	 	 	 <quantity>8</quantity>
	 	 </request>
	 	 <request id="135" node="136">
	 	 	 <quantity>8</quantity>
	 	 </request>
	 	 <request id="136" node="137">
	 	 	 <quantity>9</quantity>
	 	 </request>
	 	 <request id="137" node="138">
	 	 	 <quantity>9</quantity>
	 	 </request>
	 	 <request id="138" node="139">
	 	 	 <quantity>8</quantity>
	 	 </request>
	 	 <request id="139" node="140">
	 	 	 <quantity>1</quantity>
	 	 </request>
	 	 <request id="140" node="141">
	 	 	 <quantity>1</quantity>
	 	 </request>
	 	 <request id="141" node="142">
	 	 	 <quantity>8</quantity>
	 	 </request>
	 	 <request id="142" node="143">
	 	 	 <quantity>5</quantity>
	 	 </request>
	 	 <request id="143" node="144">
	 	 	 <quantity>4</quantity>
	 	 </request>
	 	 <request id="144" node="145">
	 	 	 <quantity>6</quantity>
	 	 </request>
	 	 <request id="145" node="146">
	 	 	 <quantity>1</quantity>
	 	 </request>
	 	 <request id="146" node="147">
	 	 	 <quantity>10</quantity>
	 	 </request>
	 	 <request id="147" node="148">
	 	 	 <quantity>6</quantity>
	 	 </request>
	 	 <request id="148" node="149">
	 	 	 <quantity>3</quantity>
	 	 </request>
	 	 <request id="149" node="150">
	 	 	 <quantity>1</quantity>
	 	 </request>
	 	 <request id="150" node="151">
	 	 	 <quantity>7</quantity>
	 	 </request>
	 	 <request id="151" node="152">
	 	 	 <quantity>9</quantity>
	 	 </request>
	 	 <request id="152" node="153">
	 	 	 <quantity>4</quantity>
	 	 </request>
	 	 <request id="153" node="154">
	 	 	 <quantity>8</quantity>
	 	 </request>
	 	 <request id="154" node="155">
	 	 	 <quantity>4</quantity>
	 	 </request>
	 	 <request id="155" node="156">
	 	 	 <quantity>7</quantity>
	 	 </request>
	 	 <request id="156" node="157">
	 	 	 <quantity>4</quantity>
	 	 </request>
	 	 <request id="157" node="158">
	 	 	 <quantity>6</quantity>
	 	 </request>
	 	 <request id="158" node="159">
	 	 	 <quantity>2</quantity>
	 	 </request>
	 	 <request id="159" node="160">
	 	 	 <quantity>1</quantity>
	 	 </request>
	 	 <request id="160" node="161">
	 	 	 <quantity>9</quantity>
	 	 </request>
	 	 <request id="161" node="162">
	 	 	 <quantity>6</quantity>
	 	 </request>
	 	 <request id="162" node="163">
	 	 	 <quantity>7</quantity>
	 	 </request>
	 	 <request id="163" node="164">
	 	 	 <quantity>2</quantity>
	 	 </request>
	 	 <request id="164" node="165">
	 	 	 <quantity>8</quantity>
	 	 </request>
	 	 <request id="165" node="166">
	 	 	 <quantity>7</quantity>
	 	 </request>
	 	 <request id="166" node="167">
	 	 	 <quantity>4</quantity>
	 	 </request>
	 	 <request id="167" node="168">
	 	 	 <quantity>5</quantity>
	 	 </request>
	 	 <request id="168" node="169">
	 	 	 <quantity>9</quantity>
	 	 </request>
	 	 <request id="169" node="170">
	 	 	 <quantity>6</quantity>
	 	 </request>
	 	 <request id="170" node="171">
	 	 	 <quantity>1</quantity>
	 	 </request>
	 	 <request id="171" node="172">
	 	 	 <quantity>5</quantity>
	 	 </request>
	 	 <request id="172" node="173">
	 	 	 <quantity>3</quantity>
	 	 </request>
	 	 <request id="173" node="174">
	 	 	 <quantity>4</quantity>
	 	 </request>
	 	 <request id="174" node="175">
	 	 	 <quantity>6</quantity>
	 	 </request>
	 	 <request id="175" node="176">
	 	 	 <quantity>1</quantity>
	 	 </request>
	 	 <request id="176" node="177">
	 	 	 <quantity>9</quantity>
	 	 </request>
	 	 <request id="177" node="178">
	 	 	 <quantity>10</quantity>
	 	 </request>
	 	 <request id="178" node="179">
	 	 	 <quantity>3</quantity>
	 	 </request>
	 	 <request id="179" node="180">
	 	 	 <quantity>4</quantity>
	 	 </request>
	 	 <request id="180" node="181">
	 	 	 <quantity>7</quantity>
	 	 </request>
	 	 <request id="181" node="182">
	 	 	 <quantity>2</quantity>
	 	 </request>
	 	 <request id="182" node="183">
	 	 	 <quantity>10</quantity>
	 	 </request>
	 	 <request id="183" node="184">
	 	 	 <quantity>9</quantity>
	 	 </request>
	 	 <request id="184" node="185">
	 	 	 <quantity>3</quantity>
	 	 </request>
	 	 <request id="185" node="186">
	 	 	 <quantity>7</quantity>
	 	 </request>
	 	 <request id="186" node="187">
	 	 	 <quantity>6</quantity>
	 	 </request>
	 	 <request id="187" node="188">
	 	 	 <quantity>2</quantity>
	 	 </request>
	 	 <request id="188" node="189">
	 	 	 <quantity>9</quantity>
	 	 </request>
	 	 <request id="189" node="190">
	 	 	 <quantity>4</quantity>
	 	 </request>
	 	 <request id="190" node="191">
	 	 	 <quantity>2</quantity>
	 	 </request>
	 	 <request id="191" node="192">
	 	 	 <quantity>3</quantity>
	 	 </request>
	 	 <request id="192" node="193">
	 	 	 <quantity>5</quantity>
	 	 </request>
	 	 <request id="193" node="194">
	 	 	 <quantity>4</quantity>
	 	 </request>
	 	 <request id="194" node="195">
	 	 	 <quantity>8</quantity>
	 	 </request>
	 	 <request id="195" node="196">
	 	 	 <quantity>6</quantity>
	 	 </request>
	 	 <request id="196" node="197">
	 	 	 <quantity>10</quantity>
	 	 </request>
	 	 <request id="197" node="198">
	 	 	 <quantity>6</quantity>
	 	 </request>
	 	 <request id="198" node="199">
	 	 	 <quantity>10</quantity>
	 	 </request>
	 	 <request id="199" node="200">
	 	 	 <quantity>7</quantity>
	 	 </request>
	 	 <request id="200" node="201">
	 	 	 <quantity>8</quantity>
	 	 </request>
	 	 <request id="201" node="202">
	 	 	 <quantity>7</quantity>
	 	 </request>
	 	 <request id="202" node="203">
	 	 	 <quantity>1</quantity>
	 	 </request>
	 	 <request id="203" node="204">
	 	 	 <quantity>8</quantity>
	 	 </request>
	 	 <request id="204" node="205">
	 	 	 <quantity>3</quantity>
	 	 </request>
	 	 <request id="205" node="206">
	 	 	 <quantity>2</quantity>
	 	 </request>
	 	 <request id="206" node="207">
	 	 	 <quantity>5</quantity>
	 	 </request>
	 	 <request id="207" node="208">
	 	 	 <quantity>9</quantity>
	 	 </request>
	 	 <request id="208" node="209">
	 	 	 <quantity>1</quantity>
	 	 </request>
	 	 <request id="209" node="210">
	 	 	 <quantity>1</quantity>
	 	 </request>
	 	 <request id="210" node="211">
	 	 	 <quantity>3</quantity>
	 	 </request>
	 	 <request id="211" node="212">
	 	 	 <quantity>4</quantity>
	 	 </request>
	 	 <request id="212" node="213">
	 	 	 <quantity>10</quantity>
	 	 </request>
	 	 <request id="213" node="214">
	 	 	 <quantity>9</quantity>
	 	 </request>
	 	 <request id="214" node="215">
	 	 	 <quantity>10</quantity>
	 	 </request>
	 	 <request id="215" node="216">
	 	 	 <quantity>8</quantity>
	 	 </request>
	 	 <request id="216" node="217">
	 	 	 <quantity>6</quantity>
	 	 </request>
	 	 <request id="217" node="218">
	 	 	 <quantity>7</quantity>
	 	 </request>
	 	 <request id="218" node="219">
	 	 	 <quantity>7</quantity>
	 	 </request>
	 	 <request id="219" node="220">
	 	 	 <quantity>4</quantity>
	 	 </request>
	 	 <request id="220" node="221">
	 	 	 <quantity>8</quantity>
	 	 </request>
	 	 <request id="221" node="222">
	 	 	 <quantity>3</quantity>
	 	 </request>
	 	 <request id="222" node="223">
	 	 	 <quantity>3</quantity>
	 	 </request>
	 	 <request id="223" node="224">
	 	 	 <quantity>5</quantity>
	 	 </request>
	 	 <request id="224" node="225">
	 	 	 <quantity>1</quantity>
	 	 </request>
	 	 <request id="225" node="226">
	 	 	 <quantity>6</quantity>
	 	 </request>
	 	 <request id="226" node="227">
	 	 	 <quantity>3</quantity>
	 	 </request>
	 	 <request id="227" node="228">
	 	 	 <quantity>4</quantity>
	 	 </request>
	 	 <request id="228" node="229">
	 	 	 <quantity>3</quantity>
	 	 </request>
	 	 <request id="229" node="230">
	 	 	 <quantity>4</quantity>
	 	 </request>
	 	 <request id="230" node="231">
	 	 	 <quantity>1</quantity>
	 	 </request>
	 	 <request id="231" node="232">
	 	 	 <quantity>3</quantity>
	 	 </request>
	 	 <request id="232" node="233">
	 	 	 <quantity>5</quantity>
	 	 </request>
	 	 <request id="233" node="234">
	 	 	 <quantity>7</quantity>
	 	 </request>
	 	 <request id="234" node="235">
	 	 	 <quantity>1</quantity>
	 	 </request>
	 	 <request id="235" node="236">
	 	 	 <quantity>4</quantity>
	 	 </request>
	 	 <request id="236" node="237">
	 	 	 <quantity>3</quantity>
	 	 </request>
	 	 <request id="237" node="238">
	 	 	 <quantity>9</quantity>
	 	 </request>
	 	 <request id="238" node="239">
	 	 	 <quantity>8</quantity>
	 	 </request>
	 	 <request id="239" node="240">
	 	 	 <quantity>8</quantity>
	 	 </request>
	 	 <request id="240" node="241">
	 	 	 <quantity>3</quantity>
	 	 </request>
	 	 <request id="241" node="242">
	 	 	 <quantity>7</quantity>
	 	 </request>
	 	 <request id="242" node="243">
	 	 	 <quantity>2</quantity>
	 	 </request>
	 	 <request id="243" node="244">
	 	 	 <quantity>9</quantity>
	 	 </request>
	 	 <request id="244" node="245">
	 	 	 <quantity>7</quantity>
	 	 </request>
	 	 <request id="245" node="246">
	 	 	 <quantity>8</quantity>
	 	 </request>
	 	 <request id="246" node="247">
	 	 	 <quantity>5</quantity>
	 	 </request>
	 	 <request id="247" node="248">
	 	 	 <quantity>7</quantity>
	 	 </request>
	 	 <request id="248" node="249">
	 	 	 <quantity>2</quantity>
	 	 </request>
	 	 <request id="249" node="250">
	 	 	 <quantity>1</quantity>
	 	 </request>
	 	 <request id="250" node="251">
	 	 	 <quantity>9</quantity>
	 	 </request>
	 	 <request id="251" node="252">
	 	 	 <quantity>7</quantity>
	 	 </request>
	 	 <request id="252" node="253">
	 	 	 <quantity>6</quantity>
	 	 </request>
	 	 <request id="253" node="254">
	 	 	 <quantity>1</quantity>
	 	 </request>
	 	 <request id="254" node="255">
	 	 	 <quantity>1</quantity>
	 	 </request>
	 	 <request id="255" node="256">
	 	 	 <quantity>9</quantity>
	 	 </request>
	 	 <request id="256" node="257">
	 	 	 <quantity>6</quantity>
	 	 </request>
	 	 <request id="257" node="258">
	 	 	 <quantity>4</quantity>
	 	 </request>
	 	 <request id="258" node="259">
	 	 	 <quantity>1</quantity>
	 	 </request>
	 	 <request id="259" node="260">
	 	 	 <quantity>2</quantity>
	 	 </request>
	 	 <request id="260" node="261">
	 	 	 <quantity>2</quantity>
	 	 </request>
	 	 <request id="261" node="262">
	 	 	 <quantity>9</quantity>
	 	 </request>
	 	 <request id="262" node="263">
	 	 	 <quantity>5</quantity>
	 	 </request>
	 	 <request id="263" node="264">
	 	 	 <quantity>5</quantity>
	 	 </request>
	 	 <request id="264" node="265">
	 	 	 <quantity>10</quantity>
	 	 </request>
	 	 <request id="265" node="266">
	 	 	 <quantity>7</quantity>
	 	 </request>
	 	 <request id="266" node="267">
	 	 	 <quantity>2</quantity>
	 	 </request>
	 	 <request id="267" node="268">
	 	 	 <quantity>10</quantity>
	 	 </request>
	 	 <request id="268" node="269">
	 	 	 <quantity>9</quantity>
	 	 </request>
	 	 <request id="269" node="270">
	 	 	 <quantity>4</quantity>
	 	 </request>
	 	 <request id="270" node="271">
	 	 	 <quantity>10</quantity>
	 	 </request>
	 	 <request id="271" node="272">
	 	 	 <quantity>9</quantity>
	 	 </request>
	 	 <request id="272" node="273">
	 	 	 <quantity>3</quantity>
	 	 </request>
	 	 <request id="273" node="274">
	 	 	 <quantity>10</quantity>
	 	 </request>
	 	 <request id="274" node="275">
	 	 	 <quantity>1</quantity>
	 	 </request>
	 	 <request id="275" node="276">
	 	 	 <quantity>7</quantity>
	 	 </request>
	 	 <request id="276" node="277">
	 	 	 <quantity>1</quantity>
	 	 </request>
	 	 <request id="277" node="278">
	 	 	 <quantity>8</quantity>
	 	 </request>
	 	 <request id="278" node="279">
	 	 	 <quantity>10</quantity>
	 	 </request>
	 	 <request id="279" node="280">
	 	 	 <quantity>6</quantity>
	 	 </request>
	 	 <request id="280" node="281">
	 	 	 <quantity>10</quantity>
	 	 </request>
	 	 <request id="281" node="282">
	 	 	 <quantity>2</quantity>
	 	 </request>
	 	 <request id="282" node="283">
	 	 	 <quantity>2</quantity>
	 	 </request>
	 	 <request id="283" node="284">
	 	 	 <quantity>7</quantity>
	 	 </request>
	 	 <request id="284" node="285">
	 	 	 <quantity>5</quantity>
	 	 </request>
	 	 <request id="285" node="286">
	 	 	 <quantity>5</quantity>
	 	 </request>
	 	 <request id="286" node="287">
	 	 	 <quantity>3</quantity>
	 	 </request>
	 	 <request id="287" node="288">
	 	 	 <quantity>4</quantity>
	 	 </request>
	 	 <request id="288" node="289">
	 	 	 <quantity>9</quantity>
	 	 </request>
	 	 <request id="289" node="290">
	 	 	 <quantity>1</quantity>
	 	 </request>
	 	 <request id="290" node="291">
	 	 	 <quantity>6</quantity>
	 	 </request>
	 	 <request id="291" node="292">
	 	 	 <quantity>3</quantity>
	 	 </request>
	 	 <request id="292" node="293">
	 	 	 <quantity>9</quantity>
	 	 </request>
	 	 <request id="293" node="294">
	 	 	 <quantity>8</quantity>
	 	 </request>
	 	 <request id="294" node="295">
	 	 	 <quantity>9</quantity>
	 	 </request>
	 	 <request id="295" node="296">
	 	 	 <quantity>1</quantity>
	 	 </request>
	 	 <request id="296" node="297">
	 	 	 <quantity>10</quantity>
	 	 </request>
	 	 <request id="297" node="298">
	 	 	 <quantity>10</quantity>
	 	 </request>
	 </requests>
</instance>
