<?xml version="1.0" encoding="UTF-8" standalone="yes"?>
<instance>
    <info>
        <dataset>Gehring and Homberger 1999 — Set 200</dataset>
        <name>R1_02_10</name>
    </info>
    <network>
        <nodes>
            <node id="0" type="0">
                <cx>70.0</cx>
                <cy>70.0</cy>
            </node>
            <node id="1" type="1">
                <cx>107.0</cx>
                <cy>77.0</cy>
            </node>
            <node id="2" type="1">
                <cx>109.0</cx>
                <cy>139.0</cy>
            </node>
            <node id="3" type="1">
                <cx>120.0</cx>
                <cy>22.0</cy>
            </node>
            <node id="4" type="1">
                <cx>48.0</cx>
                <cy>47.0</cy>
            </node>
            <node id="5" type="1">
                <cx>116.0</cx>
                <cy>22.0</cy>
            </node>
            <node id="6" type="1">
                <cx>12.0</cx>
                <cy>138.0</cy>
            </node>
            <node id="7" type="1">
                <cx>86.0</cx>
                <cy>40.0</cy>
            </node>
            <node id="8" type="1">
                <cx>121.0</cx>
                <cy>124.0</cy>
            </node>
            <node id="9" type="1">
                <cx>61.0</cx>
                <cy>57.0</cy>
            </node>
            <node id="10" type="1">
                <cx>40.0</cx>
                <cy>113.0</cy>
            </node>
            <node id="11" type="1">
                <cx>129.0</cx>
                <cy>24.0</cy>
            </node>
            <node id="12" type="1">
                <cx>12.0</cx>
                <cy>84.0</cy>
            </node>
            <node id="13" type="1">
                <cx>44.0</cx>
                <cy>116.0</cy>
            </node>
            <node id="14" type="1">
                <cx>102.0</cx>
                <cy>52.0</cy>
            </node>
            <node id="15" type="1">
                <cx>41.0</cx>
                <cy>36.0</cy>
            </node>
            <node id="16" type="1">
                <cx>132.0</cx>
                <cy>133.0</cy>
            </node>
            <node id="17" type="1">
                <cx>104.0</cx>
                <cy>139.0</cy>
            </node>
            <node id="18" type="1">
                <cx>104.0</cx>
                <cy>54.0</cy>
            </node>
            <node id="19" type="1">
                <cx>22.0</cx>
                <cy>104.0</cy>
            </node>
            <node id="20" type="1">
                <cx>46.0</cx>
                <cy>133.0</cy>
            </node>
            <node id="21" type="1">
                <cx>138.0</cx>
                <cy>78.0</cy>
            </node>
            <node id="22" type="1">
                <cx>16.0</cx>
                <cy>92.0</cy>
            </node>
            <node id="23" type="1">
                <cx>18.0</cx>
                <cy>104.0</cy>
            </node>
            <node id="24" type="1">
                <cx>66.0</cx>
                <cy>82.0</cy>
            </node>
            <node id="25" type="1">
                <cx>107.0</cx>
                <cy>25.0</cy>
            </node>
            <node id="26" type="1">
                <cx>139.0</cx>
                <cy>73.0</cy>
            </node>
            <node id="27" type="1">
                <cx>101.0</cx>
                <cy>0.0</cy>
            </node>
            <node id="28" type="1">
                <cx>90.0</cx>
                <cy>14.0</cy>
            </node>
            <node id="29" type="1">
                <cx>20.0</cx>
                <cy>69.0</cy>
            </node>
            <node id="30" type="1">
                <cx>64.0</cx>
                <cy>132.0</cy>
            </node>
            <node id="31" type="1">
                <cx>115.0</cx>
                <cy>82.0</cy>
            </node>
            <node id="32" type="1">
                <cx>54.0</cx>
                <cy>106.0</cy>
            </node>
            <node id="33" type="1">
                <cx>30.0</cx>
                <cy>21.0</cy>
            </node>
            <node id="34" type="1">
                <cx>63.0</cx>
                <cy>129.0</cy>
            </node>
            <node id="35" type="1">
                <cx>82.0</cx>
                <cy>100.0</cy>
            </node>
            <node id="36" type="1">
                <cx>108.0</cx>
                <cy>30.0</cy>
            </node>
            <node id="37" type="1">
                <cx>37.0</cx>
                <cy>73.0</cy>
            </node>
            <node id="38" type="1">
                <cx>50.0</cx>
                <cy>112.0</cy>
            </node>
            <node id="39" type="1">
                <cx>47.0</cx>
                <cy>83.0</cy>
            </node>
            <node id="40" type="1">
                <cx>92.0</cx>
                <cy>138.0</cy>
            </node>
            <node id="41" type="1">
                <cx>81.0</cx>
                <cy>36.0</cy>
            </node>
            <node id="42" type="1">
                <cx>115.0</cx>
                <cy>124.0</cy>
            </node>
            <node id="43" type="1">
                <cx>13.0</cx>
                <cy>48.0</cy>
            </node>
            <node id="44" type="1">
                <cx>113.0</cx>
                <cy>35.0</cy>
            </node>
            <node id="45" type="1">
                <cx>60.0</cx>
                <cy>84.0</cy>
            </node>
            <node id="46" type="1">
                <cx>44.0</cx>
                <cy>58.0</cy>
            </node>
            <node id="47" type="1">
                <cx>8.0</cx>
                <cy>87.0</cy>
            </node>
            <node id="48" type="1">
                <cx>116.0</cx>
                <cy>105.0</cy>
            </node>
            <node id="49" type="1">
                <cx>117.0</cx>
                <cy>4.0</cy>
            </node>
            <node id="50" type="1">
                <cx>140.0</cx>
                <cy>42.0</cy>
            </node>
            <node id="51" type="1">
                <cx>139.0</cx>
                <cy>68.0</cy>
            </node>
            <node id="52" type="1">
                <cx>58.0</cx>
                <cy>95.0</cy>
            </node>
            <node id="53" type="1">
                <cx>103.0</cx>
                <cy>119.0</cy>
            </node>
            <node id="54" type="1">
                <cx>32.0</cx>
                <cy>52.0</cy>
            </node>
            <node id="55" type="1">
                <cx>89.0</cx>
                <cy>39.0</cy>
            </node>
            <node id="56" type="1">
                <cx>54.0</cx>
                <cy>41.0</cy>
            </node>
            <node id="57" type="1">
                <cx>39.0</cx>
                <cy>100.0</cy>
            </node>
            <node id="58" type="1">
                <cx>5.0</cx>
                <cy>99.0</cy>
            </node>
            <node id="59" type="1">
                <cx>67.0</cx>
                <cy>96.0</cy>
            </node>
            <node id="60" type="1">
                <cx>73.0</cx>
                <cy>96.0</cy>
            </node>
            <node id="61" type="1">
                <cx>112.0</cx>
                <cy>13.0</cy>
            </node>
            <node id="62" type="1">
                <cx>55.0</cx>
                <cy>127.0</cy>
            </node>
            <node id="63" type="1">
                <cx>103.0</cx>
                <cy>44.0</cy>
            </node>
            <node id="64" type="1">
                <cx>97.0</cx>
                <cy>12.0</cy>
            </node>
            <node id="65" type="1">
                <cx>16.0</cx>
                <cy>62.0</cy>
            </node>
            <node id="66" type="1">
                <cx>140.0</cx>
                <cy>36.0</cy>
            </node>
            <node id="67" type="1">
                <cx>90.0</cx>
                <cy>44.0</cy>
            </node>
            <node id="68" type="1">
                <cx>113.0</cx>
                <cy>32.0</cy>
            </node>
            <node id="69" type="1">
                <cx>104.0</cx>
                <cy>73.0</cy>
            </node>
            <node id="70" type="1">
                <cx>36.0</cx>
                <cy>38.0</cy>
            </node>
            <node id="71" type="1">
                <cx>15.0</cx>
                <cy>4.0</cy>
            </node>
            <node id="72" type="1">
                <cx>54.0</cx>
                <cy>33.0</cy>
            </node>
            <node id="73" type="1">
                <cx>70.0</cx>
                <cy>94.0</cy>
            </node>
            <node id="74" type="1">
                <cx>35.0</cx>
                <cy>90.0</cy>
            </node>
            <node id="75" type="1">
                <cx>88.0</cx>
                <cy>29.0</cy>
            </node>
            <node id="76" type="1">
                <cx>109.0</cx>
                <cy>131.0</cy>
            </node>
            <node id="77" type="1">
                <cx>10.0</cx>
                <cy>111.0</cy>
            </node>
            <node id="78" type="1">
                <cx>138.0</cx>
                <cy>105.0</cy>
            </node>
            <node id="79" type="1">
                <cx>113.0</cx>
                <cy>45.0</cy>
            </node>
            <node id="80" type="1">
                <cx>92.0</cx>
                <cy>22.0</cy>
            </node>
            <node id="81" type="1">
                <cx>85.0</cx>
                <cy>75.0</cy>
            </node>
            <node id="82" type="1">
                <cx>10.0</cx>
                <cy>86.0</cy>
            </node>
            <node id="83" type="1">
                <cx>51.0</cx>
                <cy>92.0</cy>
            </node>
            <node id="84" type="1">
                <cx>46.0</cx>
                <cy>112.0</cy>
            </node>
            <node id="85" type="1">
                <cx>12.0</cx>
                <cy>48.0</cy>
            </node>
            <node id="86" type="1">
                <cx>137.0</cx>
                <cy>7.0</cy>
            </node>
            <node id="87" type="1">
                <cx>79.0</cx>
                <cy>80.0</cy>
            </node>
            <node id="88" type="1">
                <cx>69.0</cx>
                <cy>116.0</cy>
            </node>
            <node id="89" type="1">
                <cx>28.0</cx>
                <cy>62.0</cy>
            </node>
            <node id="90" type="1">
                <cx>50.0</cx>
                <cy>106.0</cy>
            </node>
            <node id="91" type="1">
                <cx>83.0</cx>
                <cy>38.0</cy>
            </node>
            <node id="92" type="1">
                <cx>120.0</cx>
                <cy>102.0</cy>
            </node>
            <node id="93" type="1">
                <cx>65.0</cx>
                <cy>0.0</cy>
            </node>
            <node id="94" type="1">
                <cx>4.0</cx>
                <cy>71.0</cy>
            </node>
            <node id="95" type="1">
                <cx>19.0</cx>
                <cy>120.0</cy>
            </node>
            <node id="96" type="1">
                <cx>18.0</cx>
                <cy>70.0</cy>
            </node>
            <node id="97" type="1">
                <cx>58.0</cx>
                <cy>80.0</cy>
            </node>
            <node id="98" type="1">
                <cx>49.0</cx>
                <cy>140.0</cy>
            </node>
            <node id="99" type="1">
                <cx>69.0</cx>
                <cy>115.0</cy>
            </node>
            <node id="100" type="1">
                <cx>36.0</cx>
                <cy>124.0</cy>
            </node>
            <node id="101" type="1">
                <cx>84.0</cx>
                <cy>88.0</cy>
            </node>
            <node id="102" type="1">
                <cx>17.0</cx>
                <cy>138.0</cy>
            </node>
            <node id="103" type="1">
                <cx>103.0</cx>
                <cy>82.0</cy>
            </node>
            <node id="104" type="1">
                <cx>38.0</cx>
                <cy>122.0</cy>
            </node>
            <node id="105" type="1">
                <cx>70.0</cx>
                <cy>83.0</cy>
            </node>
            <node id="106" type="1">
                <cx>29.0</cx>
                <cy>60.0</cy>
            </node>
            <node id="107" type="1">
                <cx>61.0</cx>
                <cy>34.0</cy>
            </node>
            <node id="108" type="1">
                <cx>54.0</cx>
                <cy>78.0</cy>
            </node>
            <node id="109" type="1">
                <cx>83.0</cx>
                <cy>12.0</cy>
            </node>
            <node id="110" type="1">
                <cx>34.0</cx>
                <cy>72.0</cy>
            </node>
            <node id="111" type="1">
                <cx>80.0</cx>
                <cy>103.0</cy>
            </node>
            <node id="112" type="1">
                <cx>78.0</cx>
                <cy>111.0</cy>
            </node>
            <node id="113" type="1">
                <cx>116.0</cx>
                <cy>83.0</cy>
            </node>
            <node id="114" type="1">
                <cx>29.0</cx>
                <cy>94.0</cy>
            </node>
            <node id="115" type="1">
                <cx>137.0</cx>
                <cy>137.0</cy>
            </node>
            <node id="116" type="1">
                <cx>110.0</cx>
                <cy>28.0</cy>
            </node>
            <node id="117" type="1">
                <cx>116.0</cx>
                <cy>13.0</cy>
            </node>
            <node id="118" type="1">
                <cx>59.0</cx>
                <cy>115.0</cy>
            </node>
            <node id="119" type="1">
                <cx>71.0</cx>
                <cy>70.0</cy>
            </node>
            <node id="120" type="1">
                <cx>120.0</cx>
                <cy>60.0</cy>
            </node>
            <node id="121" type="1">
                <cx>85.0</cx>
                <cy>111.0</cy>
            </node>
            <node id="122" type="1">
                <cx>121.0</cx>
                <cy>123.0</cy>
            </node>
            <node id="123" type="1">
                <cx>137.0</cx>
                <cy>84.0</cy>
            </node>
            <node id="124" type="1">
                <cx>103.0</cx>
                <cy>86.0</cy>
            </node>
            <node id="125" type="1">
                <cx>30.0</cx>
                <cy>57.0</cy>
            </node>
            <node id="126" type="1">
                <cx>139.0</cx>
                <cy>72.0</cy>
            </node>
            <node id="127" type="1">
                <cx>2.0</cx>
                <cy>106.0</cy>
            </node>
            <node id="128" type="1">
                <cx>64.0</cx>
                <cy>138.0</cy>
            </node>
            <node id="129" type="1">
                <cx>23.0</cx>
                <cy>39.0</cy>
            </node>
            <node id="130" type="1">
                <cx>126.0</cx>
                <cy>23.0</cy>
            </node>
            <node id="131" type="1">
                <cx>138.0</cx>
                <cy>24.0</cy>
            </node>
            <node id="132" type="1">
                <cx>78.0</cx>
                <cy>63.0</cy>
            </node>
            <node id="133" type="1">
                <cx>98.0</cx>
                <cy>4.0</cy>
            </node>
            <node id="134" type="1">
                <cx>103.0</cx>
                <cy>77.0</cy>
            </node>
            <node id="135" type="1">
                <cx>58.0</cx>
                <cy>11.0</cy>
            </node>
            <node id="136" type="1">
                <cx>26.0</cx>
                <cy>130.0</cy>
            </node>
            <node id="137" type="1">
                <cx>104.0</cx>
                <cy>32.0</cy>
            </node>
            <node id="138" type="1">
                <cx>55.0</cx>
                <cy>102.0</cy>
            </node>
            <node id="139" type="1">
                <cx>137.0</cx>
                <cy>101.0</cy>
            </node>
            <node id="140" type="1">
                <cx>65.0</cx>
                <cy>80.0</cy>
            </node>
            <node id="141" type="1">
                <cx>26.0</cx>
                <cy>50.0</cy>
            </node>
            <node id="142" type="1">
                <cx>56.0</cx>
                <cy>139.0</cy>
            </node>
            <node id="143" type="1">
                <cx>119.0</cx>
                <cy>73.0</cy>
            </node>
            <node id="144" type="1">
                <cx>9.0</cx>
                <cy>19.0</cy>
            </node>
            <node id="145" type="1">
                <cx>82.0</cx>
                <cy>103.0</cy>
            </node>
            <node id="146" type="1">
                <cx>107.0</cx>
                <cy>102.0</cy>
            </node>
            <node id="147" type="1">
                <cx>60.0</cx>
                <cy>23.0</cy>
            </node>
            <node id="148" type="1">
                <cx>123.0</cx>
                <cy>84.0</cy>
            </node>
            <node id="149" type="1">
                <cx>79.0</cx>
                <cy>72.0</cy>
            </node>
            <node id="150" type="1">
                <cx>99.0</cx>
                <cy>34.0</cy>
            </node>
            <node id="151" type="1">
                <cx>27.0</cx>
                <cy>46.0</cy>
            </node>
            <node id="152" type="1">
                <cx>64.0</cx>
                <cy>115.0</cy>
            </node>
            <node id="153" type="1">
                <cx>32.0</cx>
                <cy>6.0</cy>
            </node>
            <node id="154" type="1">
                <cx>86.0</cx>
                <cy>80.0</cy>
            </node>
            <node id="155" type="1">
                <cx>81.0</cx>
                <cy>57.0</cy>
            </node>
            <node id="156" type="1">
                <cx>135.0</cx>
                <cy>65.0</cy>
            </node>
            <node id="157" type="1">
                <cx>66.0</cx>
                <cy>40.0</cy>
            </node>
            <node id="158" type="1">
                <cx>120.0</cx>
                <cy>47.0</cy>
            </node>
            <node id="159" type="1">
                <cx>37.0</cx>
                <cy>125.0</cy>
            </node>
            <node id="160" type="1">
                <cx>120.0</cx>
                <cy>14.0</cy>
            </node>
            <node id="161" type="1">
                <cx>114.0</cx>
                <cy>109.0</cy>
            </node>
            <node id="162" type="1">
                <cx>137.0</cx>
                <cy>127.0</cy>
            </node>
            <node id="163" type="1">
                <cx>37.0</cx>
                <cy>138.0</cy>
            </node>
            <node id="164" type="1">
                <cx>36.0</cx>
                <cy>54.0</cy>
            </node>
            <node id="165" type="1">
                <cx>109.0</cx>
                <cy>78.0</cy>
            </node>
            <node id="166" type="1">
                <cx>34.0</cx>
                <cy>20.0</cy>
            </node>
            <node id="167" type="1">
                <cx>39.0</cx>
                <cy>13.0</cy>
            </node>
            <node id="168" type="1">
                <cx>137.0</cx>
                <cy>96.0</cy>
            </node>
            <node id="169" type="1">
                <cx>110.0</cx>
                <cy>99.0</cy>
            </node>
            <node id="170" type="1">
                <cx>136.0</cx>
                <cy>123.0</cy>
            </node>
            <node id="171" type="1">
                <cx>133.0</cx>
                <cy>130.0</cy>
            </node>
            <node id="172" type="1">
                <cx>120.0</cx>
                <cy>52.0</cy>
            </node>
            <node id="173" type="1">
                <cx>33.0</cx>
                <cy>117.0</cy>
            </node>
            <node id="174" type="1">
                <cx>37.0</cx>
                <cy>79.0</cy>
            </node>
            <node id="175" type="1">
                <cx>60.0</cx>
                <cy>54.0</cy>
            </node>
            <node id="176" type="1">
                <cx>125.0</cx>
                <cy>68.0</cy>
            </node>
            <node id="177" type="1">
                <cx>13.0</cx>
                <cy>129.0</cy>
            </node>
            <node id="178" type="1">
                <cx>20.0</cx>
                <cy>106.0</cy>
            </node>
            <node id="179" type="1">
                <cx>15.0</cx>
                <cy>9.0</cy>
            </node>
            <node id="180" type="1">
                <cx>106.0</cx>
                <cy>10.0</cy>
            </node>
            <node id="181" type="1">
                <cx>100.0</cx>
                <cy>99.0</cy>
            </node>
            <node id="182" type="1">
                <cx>89.0</cx>
                <cy>24.0</cy>
            </node>
            <node id="183" type="1">
                <cx>67.0</cx>
                <cy>120.0</cy>
            </node>
            <node id="184" type="1">
                <cx>42.0</cx>
                <cy>29.0</cy>
            </node>
            <node id="185" type="1">
                <cx>117.0</cx>
                <cy>92.0</cy>
            </node>
            <node id="186" type="1">
                <cx>15.0</cx>
                <cy>18.0</cy>
            </node>
            <node id="187" type="1">
                <cx>139.0</cx>
                <cy>110.0</cy>
            </node>
            <node id="188" type="1">
                <cx>44.0</cx>
                <cy>36.0</cy>
            </node>
            <node id="189" type="1">
                <cx>8.0</cx>
                <cy>138.0</cy>
            </node>
            <node id="190" type="1">
                <cx>33.0</cx>
                <cy>0.0</cy>
            </node>
            <node id="191" type="1">
                <cx>4.0</cx>
                <cy>44.0</cy>
            </node>
            <node id="192" type="1">
                <cx>97.0</cx>
                <cy>115.0</cy>
            </node>
            <node id="193" type="1">
                <cx>23.0</cx>
                <cy>19.0</cy>
            </node>
            <node id="194" type="1">
                <cx>56.0</cx>
                <cy>129.0</cy>
            </node>
            <node id="195" type="1">
                <cx>105.0</cx>
                <cy>2.0</cy>
            </node>
            <node id="196" type="1">
                <cx>66.0</cx>
                <cy>91.0</cy>
            </node>
            <node id="197" type="1">
                <cx>93.0</cx>
                <cy>61.0</cy>
            </node>
            <node id="198" type="1">
                <cx>27.0</cx>
                <cy>104.0</cy>
            </node>
            <node id="199" type="1">
                <cx>69.0</cx>
                <cy>6.0</cy>
            </node>
            <node id="200" type="1">
                <cx>95.0</cx>
                <cy>135.0</cy>
            </node>
        </nodes>
        <euclidean/>
        <decimals>0</decimals>
    </network>
    <fleet>
        <vehicle_profile type="0" number="50">
            <departure_node>0</departure_node>
            <arrival_node>0</arrival_node>
            <capacity>200.0</capacity>
            <max_travel_time>634.0</max_travel_time>
        </vehicle_profile>
    </fleet>
    <requests>
        <request id="1" node="1">
            <tw>
                <start>37</start>
                <end>197</end>
            </tw>
            <quantity>34.0</quantity>
            <service_time>10.0</service_time>
        </request>
        <request id="2" node="2">
            <tw>
                <start>79</start>
                <end>250</end>
            </tw>
            <quantity>8.0</quantity>
            <service_time>10.0</service_time>
        </request>
        <request id="3" node="3">
            <tw>
                <start>69</start>
                <end>207</end>
            </tw>
            <quantity>39.0</quantity>
            <service_time>10.0</service_time>
        </request>
        <request id="4" node="4">
            <tw>
                <start>31</start>
                <end>163</end>
            </tw>
            <quantity>19.0</quantity>
            <service_time>10.0</service_time>
        </request>
        <request id="5" node="5">
            <tw>
                <start>106</start>
                <end>199</end>
            </tw>
            <quantity>32.0</quantity>
            <service_time>10.0</service_time>
        </request>
        <request id="6" node="6">
            <tw>
                <start>236</start>
                <end>343</end>
            </tw>
            <quantity>14.0</quantity>
            <service_time>10.0</service_time>
        </request>
        <request id="7" node="7">
            <tw>
                <start>34</start>
                <end>201</end>
            </tw>
            <quantity>22.0</quantity>
            <service_time>10.0</service_time>
        </request>
        <request id="8" node="8">
            <tw>
                <start>92</start>
                <end>237</end>
            </tw>
            <quantity>21.0</quantity>
            <service_time>10.0</service_time>
        </request>
        <request id="9" node="9">
            <tw>
                <start>334</start>
                <end>446</end>
            </tw>
            <quantity>35.0</quantity>
            <service_time>10.0</service_time>
        </request>
        <request id="10" node="10">
            <tw>
                <start>431</start>
                <end>553</end>
            </tw>
            <quantity>23.0</quantity>
            <service_time>10.0</service_time>
        </request>
        <request id="11" node="11">
            <tw>
                <start>311</start>
                <end>388</end>
            </tw>
            <quantity>18.0</quantity>
            <service_time>10.0</service_time>
        </request>
        <request id="12" node="12">
            <tw>
                <start>150</start>
                <end>278</end>
            </tw>
            <quantity>16.0</quantity>
            <service_time>10.0</service_time>
        </request>
        <request id="13" node="13">
            <tw>
                <start>52</start>
                <end>144</end>
            </tw>
            <quantity>27.0</quantity>
            <service_time>10.0</service_time>
        </request>
        <request id="14" node="14">
            <tw>
                <start>106</start>
                <end>242</end>
            </tw>
            <quantity>15.0</quantity>
            <service_time>10.0</service_time>
        </request>
        <request id="15" node="15">
            <tw>
                <start>44</start>
                <end>153</end>
            </tw>
            <quantity>13.0</quantity>
            <service_time>10.0</service_time>
        </request>
        <request id="16" node="16">
            <tw>
                <start>88</start>
                <end>231</end>
            </tw>
            <quantity>24.0</quantity>
            <service_time>10.0</service_time>
        </request>
        <request id="17" node="17">
            <tw>
                <start>284</start>
                <end>417</end>
            </tw>
            <quantity>29.0</quantity>
            <service_time>10.0</service_time>
        </request>
        <request id="18" node="18">
            <tw>
                <start>37</start>
                <end>155</end>
            </tw>
            <quantity>13.0</quantity>
            <service_time>10.0</service_time>
        </request>
        <request id="19" node="19">
            <tw>
                <start>189</start>
                <end>304</end>
            </tw>
            <quantity>11.0</quantity>
            <service_time>10.0</service_time>
        </request>
        <request id="20" node="20">
            <tw>
                <start>67</start>
                <end>154</end>
            </tw>
            <quantity>7.0</quantity>
            <service_time>10.0</service_time>
        </request>
        <request id="21" node="21">
            <tw>
                <start>168</start>
                <end>267</end>
            </tw>
            <quantity>43.0</quantity>
            <service_time>10.0</service_time>
        </request>
        <request id="22" node="22">
            <tw>
                <start>311</start>
                <end>437</end>
            </tw>
            <quantity>10.0</quantity>
            <service_time>10.0</service_time>
        </request>
        <request id="23" node="23">
            <tw>
                <start>271</start>
                <end>433</end>
            </tw>
            <quantity>18.0</quantity>
            <service_time>10.0</service_time>
        </request>
        <request id="24" node="24">
            <tw>
                <start>450</start>
                <end>582</end>
            </tw>
            <quantity>27.0</quantity>
            <service_time>10.0</service_time>
        </request>
        <request id="25" node="25">
            <tw>
                <start>220</start>
                <end>358</end>
            </tw>
            <quantity>13.0</quantity>
            <service_time>10.0</service_time>
        </request>
        <request id="26" node="26">
            <tw>
                <start>69</start>
                <end>137</end>
            </tw>
            <quantity>10.0</quantity>
            <service_time>10.0</service_time>
        </request>
        <request id="27" node="27">
            <tw>
                <start>412</start>
                <end>548</end>
            </tw>
            <quantity>9.0</quantity>
            <service_time>10.0</service_time>
        </request>
        <request id="28" node="28">
            <tw>
                <start>412</start>
                <end>545</end>
            </tw>
            <quantity>31.0</quantity>
            <service_time>10.0</service_time>
        </request>
        <request id="29" node="29">
            <tw>
                <start>338</start>
                <end>448</end>
            </tw>
            <quantity>13.0</quantity>
            <service_time>10.0</service_time>
        </request>
        <request id="30" node="30">
            <tw>
                <start>62</start>
                <end>144</end>
            </tw>
            <quantity>8.0</quantity>
            <service_time>10.0</service_time>
        </request>
        <request id="31" node="31">
            <tw>
                <start>204</start>
                <end>361</end>
            </tw>
            <quantity>30.0</quantity>
            <service_time>10.0</service_time>
        </request>
        <request id="32" node="32">
            <tw>
                <start>219</start>
                <end>400</end>
            </tw>
            <quantity>9.0</quantity>
            <service_time>10.0</service_time>
        </request>
        <request id="33" node="33">
            <tw>
                <start>268</start>
                <end>406</end>
            </tw>
            <quantity>12.0</quantity>
            <service_time>10.0</service_time>
        </request>
        <request id="34" node="34">
            <tw>
                <start>183</start>
                <end>260</end>
            </tw>
            <quantity>7.0</quantity>
            <service_time>10.0</service_time>
        </request>
        <request id="35" node="35">
            <tw>
                <start>61</start>
                <end>177</end>
            </tw>
            <quantity>18.0</quantity>
            <service_time>10.0</service_time>
        </request>
        <request id="36" node="36">
            <tw>
                <start>77</start>
                <end>145</end>
            </tw>
            <quantity>18.0</quantity>
            <service_time>10.0</service_time>
        </request>
        <request id="37" node="37">
            <tw>
                <start>279</start>
                <end>423</end>
            </tw>
            <quantity>33.0</quantity>
            <service_time>10.0</service_time>
        </request>
        <request id="38" node="38">
            <tw>
                <start>188</start>
                <end>305</end>
            </tw>
            <quantity>18.0</quantity>
            <service_time>10.0</service_time>
        </request>
        <request id="39" node="39">
            <tw>
                <start>277</start>
                <end>388</end>
            </tw>
            <quantity>1.0</quantity>
            <service_time>10.0</service_time>
        </request>
        <request id="40" node="40">
            <tw>
                <start>353</start>
                <end>480</end>
            </tw>
            <quantity>12.0</quantity>
            <service_time>10.0</service_time>
        </request>
        <request id="41" node="41">
            <tw>
                <start>35</start>
                <end>165</end>
            </tw>
            <quantity>17.0</quantity>
            <service_time>10.0</service_time>
        </request>
        <request id="42" node="42">
            <tw>
                <start>353</start>
                <end>499</end>
            </tw>
            <quantity>11.0</quantity>
            <service_time>10.0</service_time>
        </request>
        <request id="43" node="43">
            <tw>
                <start>388</start>
                <end>482</end>
            </tw>
            <quantity>15.0</quantity>
            <service_time>10.0</service_time>
        </request>
        <request id="44" node="44">
            <tw>
                <start>55</start>
                <end>136</end>
            </tw>
            <quantity>9.0</quantity>
            <service_time>10.0</service_time>
        </request>
        <request id="45" node="45">
            <tw>
                <start>404</start>
                <end>590</end>
            </tw>
            <quantity>23.0</quantity>
            <service_time>10.0</service_time>
        </request>
        <request id="46" node="46">
            <tw>
                <start>28</start>
                <end>144</end>
            </tw>
            <quantity>30.0</quantity>
            <service_time>10.0</service_time>
        </request>
        <request id="47" node="47">
            <tw>
                <start>360</start>
                <end>473</end>
            </tw>
            <quantity>17.0</quantity>
            <service_time>10.0</service_time>
        </request>
        <request id="48" node="48">
            <tw>
                <start>123</start>
                <end>195</end>
            </tw>
            <quantity>23.0</quantity>
            <service_time>10.0</service_time>
        </request>
        <request id="49" node="49">
            <tw>
                <start>384</start>
                <end>482</end>
            </tw>
            <quantity>9.0</quantity>
            <service_time>10.0</service_time>
        </request>
        <request id="50" node="50">
            <tw>
                <start>75</start>
                <end>216</end>
            </tw>
            <quantity>13.0</quantity>
            <service_time>10.0</service_time>
        </request>
        <request id="51" node="51">
            <tw>
                <start>69</start>
                <end>200</end>
            </tw>
            <quantity>25.0</quantity>
            <service_time>10.0</service_time>
        </request>
        <request id="52" node="52">
            <tw>
                <start>438</start>
                <end>562</end>
            </tw>
            <quantity>35.0</quantity>
            <service_time>10.0</service_time>
        </request>
        <request id="53" node="53">
            <tw>
                <start>306</start>
                <end>393</end>
            </tw>
            <quantity>18.0</quantity>
            <service_time>10.0</service_time>
        </request>
        <request id="54" node="54">
            <tw>
                <start>129</start>
                <end>203</end>
            </tw>
            <quantity>32.0</quantity>
            <service_time>10.0</service_time>
        </request>
        <request id="55" node="55">
            <tw>
                <start>36</start>
                <end>206</end>
            </tw>
            <quantity>23.0</quantity>
            <service_time>10.0</service_time>
        </request>
        <request id="56" node="56">
            <tw>
                <start>259</start>
                <end>334</end>
            </tw>
            <quantity>9.0</quantity>
            <service_time>10.0</service_time>
        </request>
        <request id="57" node="57">
            <tw>
                <start>43</start>
                <end>212</end>
            </tw>
            <quantity>31.0</quantity>
            <service_time>10.0</service_time>
        </request>
        <request id="58" node="58">
            <tw>
                <start>267</start>
                <end>411</end>
            </tw>
            <quantity>24.0</quantity>
            <service_time>10.0</service_time>
        </request>
        <request id="59" node="59">
            <tw>
                <start>443</start>
                <end>572</end>
            </tw>
            <quantity>26.0</quantity>
            <service_time>10.0</service_time>
        </request>
        <request id="60" node="60">
            <tw>
                <start>139</start>
                <end>223</end>
            </tw>
            <quantity>9.0</quantity>
            <service_time>10.0</service_time>
        </request>
        <request id="61" node="61">
            <tw>
                <start>410</start>
                <end>554</end>
            </tw>
            <quantity>27.0</quantity>
            <service_time>10.0</service_time>
        </request>
        <request id="62" node="62">
            <tw>
                <start>204</start>
                <end>342</end>
            </tw>
            <quantity>17.0</quantity>
            <service_time>10.0</service_time>
        </request>
        <request id="63" node="63">
            <tw>
                <start>42</start>
                <end>157</end>
            </tw>
            <quantity>12.0</quantity>
            <service_time>10.0</service_time>
        </request>
        <request id="64" node="64">
            <tw>
                <start>142</start>
                <end>300</end>
            </tw>
            <quantity>10.0</quantity>
            <service_time>10.0</service_time>
        </request>
        <request id="65" node="65">
            <tw>
                <start>348</start>
                <end>475</end>
            </tw>
            <quantity>15.0</quantity>
            <service_time>10.0</service_time>
        </request>
        <request id="66" node="66">
            <tw>
                <start>124</start>
                <end>257</end>
            </tw>
            <quantity>1.0</quantity>
            <service_time>10.0</service_time>
        </request>
        <request id="67" node="67">
            <tw>
                <start>32</start>
                <end>143</end>
            </tw>
            <quantity>6.0</quantity>
            <service_time>10.0</service_time>
        </request>
        <request id="68" node="68">
            <tw>
                <start>86</start>
                <end>233</end>
            </tw>
            <quantity>36.0</quantity>
            <service_time>10.0</service_time>
        </request>
        <request id="69" node="69">
            <tw>
                <start>196</start>
                <end>332</end>
            </tw>
            <quantity>17.0</quantity>
            <service_time>10.0</service_time>
        </request>
        <request id="70" node="70">
            <tw>
                <start>395</start>
                <end>510</end>
            </tw>
            <quantity>5.0</quantity>
            <service_time>10.0</service_time>
        </request>
        <request id="71" node="71">
            <tw>
                <start>85</start>
                <end>208</end>
            </tw>
            <quantity>23.0</quantity>
            <service_time>10.0</service_time>
        </request>
        <request id="72" node="72">
            <tw>
                <start>40</start>
                <end>149</end>
            </tw>
            <quantity>20.0</quantity>
            <service_time>10.0</service_time>
        </request>
        <request id="73" node="73">
            <tw>
                <start>24</start>
                <end>127</end>
            </tw>
            <quantity>32.0</quantity>
            <service_time>10.0</service_time>
        </request>
        <request id="74" node="74">
            <tw>
                <start>388</start>
                <end>534</end>
            </tw>
            <quantity>20.0</quantity>
            <service_time>10.0</service_time>
        </request>
        <request id="75" node="75">
            <tw>
                <start>455</start>
                <end>580</end>
            </tw>
            <quantity>33.0</quantity>
            <service_time>10.0</service_time>
        </request>
        <request id="76" node="76">
            <tw>
                <start>168</start>
                <end>314</end>
            </tw>
            <quantity>16.0</quantity>
            <service_time>10.0</service_time>
        </request>
        <request id="77" node="77">
            <tw>
                <start>467</start>
                <end>549</end>
            </tw>
            <quantity>21.0</quantity>
            <service_time>10.0</service_time>
        </request>
        <request id="78" node="78">
            <tw>
                <start>369</start>
                <end>468</end>
            </tw>
            <quantity>24.0</quantity>
            <service_time>10.0</service_time>
        </request>
        <request id="79" node="79">
            <tw>
                <start>257</start>
                <end>371</end>
            </tw>
            <quantity>4.0</quantity>
            <service_time>10.0</service_time>
        </request>
        <request id="80" node="80">
            <tw>
                <start>140</start>
                <end>270</end>
            </tw>
            <quantity>18.0</quantity>
            <service_time>10.0</service_time>
        </request>
        <request id="81" node="81">
            <tw>
                <start>15</start>
                <end>171</end>
            </tw>
            <quantity>37.0</quantity>
            <service_time>10.0</service_time>
        </request>
        <request id="82" node="82">
            <tw>
                <start>364</start>
                <end>488</end>
            </tw>
            <quantity>14.0</quantity>
            <service_time>10.0</service_time>
        </request>
        <request id="83" node="83">
            <tw>
                <start>396</start>
                <end>530</end>
            </tw>
            <quantity>9.0</quantity>
            <service_time>10.0</service_time>
        </request>
        <request id="84" node="84">
            <tw>
                <start>204</start>
                <end>397</end>
            </tw>
            <quantity>10.0</quantity>
            <service_time>10.0</service_time>
        </request>
        <request id="85" node="85">
            <tw>
                <start>62</start>
                <end>164</end>
            </tw>
            <quantity>4.0</quantity>
            <service_time>10.0</service_time>
        </request>
        <request id="86" node="86">
            <tw>
                <start>119</start>
                <end>222</end>
            </tw>
            <quantity>40.0</quantity>
            <service_time>10.0</service_time>
        </request>
        <request id="87" node="87">
            <tw>
                <start>13</start>
                <end>142</end>
            </tw>
            <quantity>4.0</quantity>
            <service_time>10.0</service_time>
        </request>
        <request id="88" node="88">
            <tw>
                <start>272</start>
                <end>447</end>
            </tw>
            <quantity>26.0</quantity>
            <service_time>10.0</service_time>
        </request>
        <request id="89" node="89">
            <tw>
                <start>158</start>
                <end>265</end>
            </tw>
            <quantity>23.0</quantity>
            <service_time>10.0</service_time>
        </request>
        <request id="90" node="90">
            <tw>
                <start>276</start>
                <end>395</end>
            </tw>
            <quantity>25.0</quantity>
            <service_time>10.0</service_time>
        </request>
        <request id="91" node="91">
            <tw>
                <start>433</start>
                <end>549</end>
            </tw>
            <quantity>22.0</quantity>
            <service_time>10.0</service_time>
        </request>
        <request id="92" node="92">
            <tw>
                <start>68</start>
                <end>156</end>
            </tw>
            <quantity>18.0</quantity>
            <service_time>10.0</service_time>
        </request>
        <request id="93" node="93">
            <tw>
                <start>70</start>
                <end>215</end>
            </tw>
            <quantity>20.0</quantity>
            <service_time>10.0</service_time>
        </request>
        <request id="94" node="94">
            <tw>
                <start>108</start>
                <end>243</end>
            </tw>
            <quantity>19.0</quantity>
            <service_time>10.0</service_time>
        </request>
        <request id="95" node="95">
            <tw>
                <start>237</start>
                <end>316</end>
            </tw>
            <quantity>16.0</quantity>
            <service_time>10.0</service_time>
        </request>
        <request id="96" node="96">
            <tw>
                <start>360</start>
                <end>452</end>
            </tw>
            <quantity>26.0</quantity>
            <service_time>10.0</service_time>
        </request>
        <request id="97" node="97">
            <tw>
                <start>419</start>
                <end>531</end>
            </tw>
            <quantity>18.0</quantity>
            <service_time>10.0</service_time>
        </request>
        <request id="98" node="98">
            <tw>
                <start>178</start>
                <end>320</end>
            </tw>
            <quantity>3.0</quantity>
            <service_time>10.0</service_time>
        </request>
        <request id="99" node="99">
            <tw>
                <start>164</start>
                <end>296</end>
            </tw>
            <quantity>20.0</quantity>
            <service_time>10.0</service_time>
        </request>
        <request id="100" node="100">
            <tw>
                <start>196</start>
                <end>302</end>
            </tw>
            <quantity>34.0</quantity>
            <service_time>10.0</service_time>
        </request>
        <request id="101" node="101">
            <tw>
                <start>312</start>
                <end>430</end>
            </tw>
            <quantity>16.0</quantity>
            <service_time>10.0</service_time>
        </request>
        <request id="102" node="102">
            <tw>
                <start>403</start>
                <end>493</end>
            </tw>
            <quantity>8.0</quantity>
            <service_time>10.0</service_time>
        </request>
        <request id="103" node="103">
            <tw>
                <start>285</start>
                <end>397</end>
            </tw>
            <quantity>27.0</quantity>
            <service_time>10.0</service_time>
        </request>
        <request id="104" node="104">
            <tw>
                <start>190</start>
                <end>309</end>
            </tw>
            <quantity>13.0</quantity>
            <service_time>10.0</service_time>
        </request>
        <request id="105" node="105">
            <tw>
                <start>432</start>
                <end>567</end>
            </tw>
            <quantity>23.0</quantity>
            <service_time>10.0</service_time>
        </request>
        <request id="106" node="106">
            <tw>
                <start>42</start>
                <end>199</end>
            </tw>
            <quantity>14.0</quantity>
            <service_time>10.0</service_time>
        </request>
        <request id="107" node="107">
            <tw>
                <start>402</start>
                <end>573</end>
            </tw>
            <quantity>7.0</quantity>
            <service_time>10.0</service_time>
        </request>
        <request id="108" node="108">
            <tw>
                <start>458</start>
                <end>607</end>
            </tw>
            <quantity>11.0</quantity>
            <service_time>10.0</service_time>
        </request>
        <request id="109" node="109">
            <tw>
                <start>201</start>
                <end>290</end>
            </tw>
            <quantity>29.0</quantity>
            <service_time>10.0</service_time>
        </request>
        <request id="110" node="110">
            <tw>
                <start>421</start>
                <end>588</end>
            </tw>
            <quantity>21.0</quantity>
            <service_time>10.0</service_time>
        </request>
        <request id="111" node="111">
            <tw>
                <start>318</start>
                <end>456</end>
            </tw>
            <quantity>15.0</quantity>
            <service_time>10.0</service_time>
        </request>
        <request id="112" node="112">
            <tw>
                <start>41</start>
                <end>164</end>
            </tw>
            <quantity>22.0</quantity>
            <service_time>10.0</service_time>
        </request>
        <request id="113" node="113">
            <tw>
                <start>141</start>
                <end>247</end>
            </tw>
            <quantity>30.0</quantity>
            <service_time>10.0</service_time>
        </request>
        <request id="114" node="114">
            <tw>
                <start>220</start>
                <end>364</end>
            </tw>
            <quantity>1.0</quantity>
            <service_time>10.0</service_time>
        </request>
        <request id="115" node="115">
            <tw>
                <start>94</start>
                <end>230</end>
            </tw>
            <quantity>27.0</quantity>
            <service_time>10.0</service_time>
        </request>
        <request id="116" node="116">
            <tw>
                <start>232</start>
                <end>408</end>
            </tw>
            <quantity>20.0</quantity>
            <service_time>10.0</service_time>
        </request>
        <request id="117" node="117">
            <tw>
                <start>73</start>
                <end>200</end>
            </tw>
            <quantity>5.0</quantity>
            <service_time>10.0</service_time>
        </request>
        <request id="118" node="118">
            <tw>
                <start>261</start>
                <end>397</end>
            </tw>
            <quantity>26.0</quantity>
            <service_time>10.0</service_time>
        </request>
        <request id="119" node="119">
            <tw>
                <start>438</start>
                <end>553</end>
            </tw>
            <quantity>9.0</quantity>
            <service_time>10.0</service_time>
        </request>
        <request id="120" node="120">
            <tw>
                <start>50</start>
                <end>164</end>
            </tw>
            <quantity>18.0</quantity>
            <service_time>10.0</service_time>
        </request>
        <request id="121" node="121">
            <tw>
                <start>206</start>
                <end>329</end>
            </tw>
            <quantity>25.0</quantity>
            <service_time>10.0</service_time>
        </request>
        <request id="122" node="122">
            <tw>
                <start>209</start>
                <end>335</end>
            </tw>
            <quantity>9.0</quantity>
            <service_time>10.0</service_time>
        </request>
        <request id="123" node="123">
            <tw>
                <start>68</start>
                <end>194</end>
            </tw>
            <quantity>41.0</quantity>
            <service_time>10.0</service_time>
        </request>
        <request id="124" node="124">
            <tw>
                <start>229</start>
                <end>316</end>
            </tw>
            <quantity>19.0</quantity>
            <service_time>10.0</service_time>
        </request>
        <request id="125" node="125">
            <tw>
                <start>194</start>
                <end>297</end>
            </tw>
            <quantity>20.0</quantity>
            <service_time>10.0</service_time>
        </request>
        <request id="126" node="126">
            <tw>
                <start>301</start>
                <end>403</end>
            </tw>
            <quantity>23.0</quantity>
            <service_time>10.0</service_time>
        </request>
        <request id="127" node="127">
            <tw>
                <start>333</start>
                <end>470</end>
            </tw>
            <quantity>16.0</quantity>
            <service_time>10.0</service_time>
        </request>
        <request id="128" node="128">
            <tw>
                <start>389</start>
                <end>520</end>
            </tw>
            <quantity>15.0</quantity>
            <service_time>10.0</service_time>
        </request>
        <request id="129" node="129">
            <tw>
                <start>307</start>
                <end>427</end>
            </tw>
            <quantity>20.0</quantity>
            <service_time>10.0</service_time>
        </request>
        <request id="130" node="130">
            <tw>
                <start>214</start>
                <end>343</end>
            </tw>
            <quantity>13.0</quantity>
            <service_time>10.0</service_time>
        </request>
        <request id="131" node="131">
            <tw>
                <start>152</start>
                <end>237</end>
            </tw>
            <quantity>12.0</quantity>
            <service_time>10.0</service_time>
        </request>
        <request id="132" node="132">
            <tw>
                <start>10</start>
                <end>124</end>
            </tw>
            <quantity>19.0</quantity>
            <service_time>10.0</service_time>
        </request>
        <request id="133" node="133">
            <tw>
                <start>140</start>
                <end>245</end>
            </tw>
            <quantity>20.0</quantity>
            <service_time>10.0</service_time>
        </request>
        <request id="134" node="134">
            <tw>
                <start>235</start>
                <end>377</end>
            </tw>
            <quantity>17.0</quantity>
            <service_time>10.0</service_time>
        </request>
        <request id="135" node="135">
            <tw>
                <start>72</start>
                <end>212</end>
            </tw>
            <quantity>9.0</quantity>
            <service_time>10.0</service_time>
        </request>
        <request id="136" node="136">
            <tw>
                <start>243</start>
                <end>323</end>
            </tw>
            <quantity>20.0</quantity>
            <service_time>10.0</service_time>
        </request>
        <request id="137" node="137">
            <tw>
                <start>100</start>
                <end>200</end>
            </tw>
            <quantity>18.0</quantity>
            <service_time>10.0</service_time>
        </request>
        <request id="138" node="138">
            <tw>
                <start>249</start>
                <end>411</end>
            </tw>
            <quantity>4.0</quantity>
            <service_time>10.0</service_time>
        </request>
        <request id="139" node="139">
            <tw>
                <start>78</start>
                <end>290</end>
            </tw>
            <quantity>12.0</quantity>
            <service_time>10.0</service_time>
        </request>
        <request id="140" node="140">
            <tw>
                <start>11</start>
                <end>118</end>
            </tw>
            <quantity>20.0</quantity>
            <service_time>10.0</service_time>
        </request>
        <request id="141" node="141">
            <tw>
                <start>312</start>
                <end>492</end>
            </tw>
            <quantity>7.0</quantity>
            <service_time>10.0</service_time>
        </request>
        <request id="142" node="142">
            <tw>
                <start>254</start>
                <end>395</end>
            </tw>
            <quantity>18.0</quantity>
            <service_time>10.0</service_time>
        </request>
        <request id="143" node="143">
            <tw>
                <start>74</start>
                <end>191</end>
            </tw>
            <quantity>15.0</quantity>
            <service_time>10.0</service_time>
        </request>
        <request id="144" node="144">
            <tw>
                <start>327</start>
                <end>449</end>
            </tw>
            <quantity>10.0</quantity>
            <service_time>10.0</service_time>
        </request>
        <request id="145" node="145">
            <tw>
                <start>35</start>
                <end>220</end>
            </tw>
            <quantity>15.0</quantity>
            <service_time>10.0</service_time>
        </request>
        <request id="146" node="146">
            <tw>
                <start>159</start>
                <end>310</end>
            </tw>
            <quantity>12.0</quantity>
            <service_time>10.0</service_time>
        </request>
        <request id="147" node="147">
            <tw>
                <start>48</start>
                <end>229</end>
            </tw>
            <quantity>16.0</quantity>
            <service_time>10.0</service_time>
        </request>
        <request id="148" node="148">
            <tw>
                <start>373</start>
                <end>490</end>
            </tw>
            <quantity>13.0</quantity>
            <service_time>10.0</service_time>
        </request>
        <request id="149" node="149">
            <tw>
                <start>9</start>
                <end>133</end>
            </tw>
            <quantity>22.0</quantity>
            <service_time>10.0</service_time>
        </request>
        <request id="150" node="150">
            <tw>
                <start>46</start>
                <end>162</end>
            </tw>
            <quantity>9.0</quantity>
            <service_time>10.0</service_time>
        </request>
        <request id="151" node="151">
            <tw>
                <start>171</start>
                <end>276</end>
            </tw>
            <quantity>35.0</quantity>
            <service_time>10.0</service_time>
        </request>
        <request id="152" node="152">
            <tw>
                <start>107</start>
                <end>194</end>
            </tw>
            <quantity>15.0</quantity>
            <service_time>10.0</service_time>
        </request>
        <request id="153" node="153">
            <tw>
                <start>74</start>
                <end>201</end>
            </tw>
            <quantity>11.0</quantity>
            <service_time>10.0</service_time>
        </request>
        <request id="154" node="154">
            <tw>
                <start>316</start>
                <end>462</end>
            </tw>
            <quantity>21.0</quantity>
            <service_time>10.0</service_time>
        </request>
        <request id="155" node="155">
            <tw>
                <start>17</start>
                <end>204</end>
            </tw>
            <quantity>8.0</quantity>
            <service_time>10.0</service_time>
        </request>
        <request id="156" node="156">
            <tw>
                <start>279</start>
                <end>429</end>
            </tw>
            <quantity>3.0</quantity>
            <service_time>10.0</service_time>
        </request>
        <request id="157" node="157">
            <tw>
                <start>30</start>
                <end>147</end>
            </tw>
            <quantity>20.0</quantity>
            <service_time>10.0</service_time>
        </request>
        <request id="158" node="158">
            <tw>
                <start>55</start>
                <end>156</end>
            </tw>
            <quantity>18.0</quantity>
            <service_time>10.0</service_time>
        </request>
        <request id="159" node="159">
            <tw>
                <start>292</start>
                <end>424</end>
            </tw>
            <quantity>10.0</quantity>
            <service_time>10.0</service_time>
        </request>
        <request id="160" node="160">
            <tw>
                <start>224</start>
                <end>324</end>
            </tw>
            <quantity>20.0</quantity>
            <service_time>10.0</service_time>
        </request>
        <request id="161" node="161">
            <tw>
                <start>58</start>
                <end>183</end>
            </tw>
            <quantity>16.0</quantity>
            <service_time>10.0</service_time>
        </request>
        <request id="162" node="162">
            <tw>
                <start>171</start>
                <end>250</end>
            </tw>
            <quantity>28.0</quantity>
            <service_time>10.0</service_time>
        </request>
        <request id="163" node="163">
            <tw>
                <start>170</start>
                <end>280</end>
            </tw>
            <quantity>5.0</quantity>
            <service_time>10.0</service_time>
        </request>
        <request id="164" node="164">
            <tw>
                <start>306</start>
                <end>467</end>
            </tw>
            <quantity>15.0</quantity>
            <service_time>10.0</service_time>
        </request>
        <request id="165" node="165">
            <tw>
                <start>200</start>
                <end>305</end>
            </tw>
            <quantity>21.0</quantity>
            <service_time>10.0</service_time>
        </request>
        <request id="166" node="166">
            <tw>
                <start>121</start>
                <end>210</end>
            </tw>
            <quantity>15.0</quantity>
            <service_time>10.0</service_time>
        </request>
        <request id="167" node="167">
            <tw>
                <start>318</start>
                <end>463</end>
            </tw>
            <quantity>20.0</quantity>
            <service_time>10.0</service_time>
        </request>
        <request id="168" node="168">
            <tw>
                <start>71</start>
                <end>204</end>
            </tw>
            <quantity>9.0</quantity>
            <service_time>10.0</service_time>
        </request>
        <request id="169" node="169">
            <tw>
                <start>240</start>
                <end>395</end>
            </tw>
            <quantity>21.0</quantity>
            <service_time>10.0</service_time>
        </request>
        <request id="170" node="170">
            <tw>
                <start>260</start>
                <end>408</end>
            </tw>
            <quantity>31.0</quantity>
            <service_time>10.0</service_time>
        </request>
        <request id="171" node="171">
            <tw>
                <start>163</start>
                <end>311</end>
            </tw>
            <quantity>13.0</quantity>
            <service_time>10.0</service_time>
        </request>
        <request id="172" node="172">
            <tw>
                <start>338</start>
                <end>440</end>
            </tw>
            <quantity>20.0</quantity>
            <service_time>10.0</service_time>
        </request>
        <request id="173" node="173">
            <tw>
                <start>59</start>
                <end>195</end>
            </tw>
            <quantity>20.0</quantity>
            <service_time>10.0</service_time>
        </request>
        <request id="174" node="174">
            <tw>
                <start>383</start>
                <end>503</end>
            </tw>
            <quantity>5.0</quantity>
            <service_time>10.0</service_time>
        </request>
        <request id="175" node="175">
            <tw>
                <start>193</start>
                <end>316</end>
            </tw>
            <quantity>3.0</quantity>
            <service_time>10.0</service_time>
        </request>
        <request id="176" node="176">
            <tw>
                <start>140</start>
                <end>274</end>
            </tw>
            <quantity>20.0</quantity>
            <service_time>10.0</service_time>
        </request>
        <request id="177" node="177">
            <tw>
                <start>318</start>
                <end>415</end>
            </tw>
            <quantity>25.0</quantity>
            <service_time>10.0</service_time>
        </request>
        <request id="178" node="178">
            <tw>
                <start>218</start>
                <end>362</end>
            </tw>
            <quantity>24.0</quantity>
            <service_time>10.0</service_time>
        </request>
        <request id="179" node="179">
            <tw>
                <start>368</start>
                <end>483</end>
            </tw>
            <quantity>2.0</quantity>
            <service_time>10.0</service_time>
        </request>
        <request id="180" node="180">
            <tw>
                <start>228</start>
                <end>400</end>
            </tw>
            <quantity>13.0</quantity>
            <service_time>10.0</service_time>
        </request>
        <request id="181" node="181">
            <tw>
                <start>253</start>
                <end>374</end>
            </tw>
            <quantity>17.0</quantity>
            <service_time>10.0</service_time>
        </request>
        <request id="182" node="182">
            <tw>
                <start>263</start>
                <end>370</end>
            </tw>
            <quantity>15.0</quantity>
            <service_time>10.0</service_time>
        </request>
        <request id="183" node="183">
            <tw>
                <start>331</start>
                <end>417</end>
            </tw>
            <quantity>5.0</quantity>
            <service_time>10.0</service_time>
        </request>
        <request id="184" node="184">
            <tw>
                <start>49</start>
                <end>135</end>
            </tw>
            <quantity>12.0</quantity>
            <service_time>10.0</service_time>
        </request>
        <request id="185" node="185">
            <tw>
                <start>241</start>
                <end>354</end>
            </tw>
            <quantity>25.0</quantity>
            <service_time>10.0</service_time>
        </request>
        <request id="186" node="186">
            <tw>
                <start>344</start>
                <end>486</end>
            </tw>
            <quantity>10.0</quantity>
            <service_time>10.0</service_time>
        </request>
        <request id="187" node="187">
            <tw>
                <start>130</start>
                <end>282</end>
            </tw>
            <quantity>19.0</quantity>
            <service_time>10.0</service_time>
        </request>
        <request id="188" node="188">
            <tw>
                <start>42</start>
                <end>161</end>
            </tw>
            <quantity>9.0</quantity>
            <service_time>10.0</service_time>
        </request>
        <request id="189" node="189">
            <tw>
                <start>240</start>
                <end>373</end>
            </tw>
            <quantity>10.0</quantity>
            <service_time>10.0</service_time>
        </request>
        <request id="190" node="190">
            <tw>
                <start>424</start>
                <end>545</end>
            </tw>
            <quantity>20.0</quantity>
            <service_time>10.0</service_time>
        </request>
        <request id="191" node="191">
            <tw>
                <start>372</start>
                <end>490</end>
            </tw>
            <quantity>24.0</quantity>
            <service_time>10.0</service_time>
        </request>
        <request id="192" node="192">
            <tw>
                <start>312</start>
                <end>455</end>
            </tw>
            <quantity>25.0</quantity>
            <service_time>10.0</service_time>
        </request>
        <request id="193" node="193">
            <tw>
                <start>118</start>
                <end>256</end>
            </tw>
            <quantity>16.0</quantity>
            <service_time>10.0</service_time>
        </request>
        <request id="194" node="194">
            <tw>
                <start>250</start>
                <end>353</end>
            </tw>
            <quantity>21.0</quantity>
            <service_time>10.0</service_time>
        </request>
        <request id="195" node="195">
            <tw>
                <start>195</start>
                <end>282</end>
            </tw>
            <quantity>1.0</quantity>
            <service_time>10.0</service_time>
        </request>
        <request id="196" node="196">
            <tw>
                <start>21</start>
                <end>151</end>
            </tw>
            <quantity>16.0</quantity>
            <service_time>10.0</service_time>
        </request>
        <request id="197" node="197">
            <tw>
                <start>465</start>
                <end>600</end>
            </tw>
            <quantity>10.0</quantity>
            <service_time>10.0</service_time>
        </request>
        <request id="198" node="198">
            <tw>
                <start>476</start>
                <end>558</end>
            </tw>
            <quantity>1.0</quantity>
            <service_time>10.0</service_time>
        </request>
        <request id="199" node="199">
            <tw>
                <start>64</start>
                <end>175</end>
            </tw>
            <quantity>8.0</quantity>
            <service_time>10.0</service_time>
        </request>
        <request id="200" node="200">
            <tw>
                <start>350</start>
                <end>482</end>
            </tw>
            <quantity>27.0</quantity>
            <service_time>10.0</service_time>
        </request>
    </requests>
</instance>
