<?xml version="1.0" encoding="UTF-8" standalone="yes"?>
<instance>
	<info>
	 	<dataset>Uchoa 2014 — Set X</dataset>
	 	<name>X-n351-k40</name>
	</info>
	<network>
	 	<nodes>
	 	 	<node id="1" type="1">
	 	 	 	<cx>500</cx>
	 	 	 	<cy>500</cy>
	 	 	</node>
	 	 	<node id="2" type="1">
	 	 	 	<cx>740</cx>
	 	 	 	<cy>442</cy>
	 	 	</node>
	 	 	<node id="3" type="1">
	 	 	 	<cx>261</cx>
	 	 	 	<cy>710</cy>
	 	 	</node>
	 	 	<node id="4" type="1">
	 	 	 	<cx>578</cx>
	 	 	 	<cy>522</cy>
	 	 	</node>
	 	 	<node id="5" type="1">
	 	 	 	<cx>562</cx>
	 	 	 	<cy>509</cy>
	 	 	</node>
	 	 	<node id="6" type="1">
	 	 	 	<cx>795</cx>
	 	 	 	<cy>425</cy>
	 	 	</node>
	 	 	<node id="7" type="1">
	 	 	 	<cx>636</cx>
	 	 	 	<cy>463</cy>
	 	 	</node>
	 	 	<node id="8" type="1">
	 	 	 	<cx>645</cx>
	 	 	 	<cy>617</cy>
	 	 	</node>
	 	 	<node id="9" type="1">
	 	 	 	<cx>595</cx>
	 	 	 	<cy>524</cy>
	 	 	</node>
	 	 	<node id="10" type="1">
	 	 	 	<cx>649</cx>
	 	 	 	<cy>599</cy>
	 	 	</node>
	 	 	<node id="11" type="1">
	 	 	 	<cx>745</cx>
	 	 	 	<cy>252</cy>
	 	 	</node>
	 	 	<node id="12" type="1">
	 	 	 	<cx>180</cx>
	 	 	 	<cy>757</cy>
	 	 	</node>
	 	 	<node id="13" type="1">
	 	 	 	<cx>590</cx>
	 	 	 	<cy>598</cy>
	 	 	</node>
	 	 	<node id="14" type="1">
	 	 	 	<cx>332</cx>
	 	 	 	<cy>775</cy>
	 	 	</node>
	 	 	<node id="15" type="1">
	 	 	 	<cx>544</cx>
	 	 	 	<cy>551</cy>
	 	 	</node>
	 	 	<node id="16" type="1">
	 	 	 	<cx>1000</cx>
	 	 	 	<cy>444</cy>
	 	 	</node>
	 	 	<node id="17" type="1">
	 	 	 	<cx>581</cx>
	 	 	 	<cy>521</cy>
	 	 	</node>
	 	 	<node id="18" type="1">
	 	 	 	<cx>240</cx>
	 	 	 	<cy>609</cy>
	 	 	</node>
	 	 	<node id="19" type="1">
	 	 	 	<cx>700</cx>
	 	 	 	<cy>468</cy>
	 	 	</node>
	 	 	<node id="20" type="1">
	 	 	 	<cx>735</cx>
	 	 	 	<cy>579</cy>
	 	 	</node>
	 	 	<node id="21" type="1">
	 	 	 	<cx>403</cx>
	 	 	 	<cy>569</cy>
	 	 	</node>
	 	 	<node id="22" type="1">
	 	 	 	<cx>352</cx>
	 	 	 	<cy>905</cy>
	 	 	</node>
	 	 	<node id="23" type="1">
	 	 	 	<cx>733</cx>
	 	 	 	<cy>352</cy>
	 	 	</node>
	 	 	<node id="24" type="1">
	 	 	 	<cx>289</cx>
	 	 	 	<cy>705</cy>
	 	 	</node>
	 	 	<node id="25" type="1">
	 	 	 	<cx>598</cx>
	 	 	 	<cy>249</cy>
	 	 	</node>
	 	 	<node id="26" type="1">
	 	 	 	<cx>565</cx>
	 	 	 	<cy>570</cy>
	 	 	</node>
	 	 	<node id="27" type="1">
	 	 	 	<cx>711</cx>
	 	 	 	<cy>336</cy>
	 	 	</node>
	 	 	<node id="28" type="1">
	 	 	 	<cx>816</cx>
	 	 	 	<cy>497</cy>
	 	 	</node>
	 	 	<node id="29" type="1">
	 	 	 	<cx>769</cx>
	 	 	 	<cy>411</cy>
	 	 	</node>
	 	 	<node id="30" type="1">
	 	 	 	<cx>409</cx>
	 	 	 	<cy>651</cy>
	 	 	</node>
	 	 	<node id="31" type="1">
	 	 	 	<cx>231</cx>
	 	 	 	<cy>742</cy>
	 	 	</node>
	 	 	<node id="32" type="1">
	 	 	 	<cx>575</cx>
	 	 	 	<cy>555</cy>
	 	 	</node>
	 	 	<node id="33" type="1">
	 	 	 	<cx>567</cx>
	 	 	 	<cy>477</cy>
	 	 	</node>
	 	 	<node id="34" type="1">
	 	 	 	<cx>693</cx>
	 	 	 	<cy>537</cy>
	 	 	</node>
	 	 	<node id="35" type="1">
	 	 	 	<cx>521</cx>
	 	 	 	<cy>534</cy>
	 	 	</node>
	 	 	<node id="36" type="1">
	 	 	 	<cx>457</cx>
	 	 	 	<cy>414</cy>
	 	 	</node>
	 	 	<node id="37" type="1">
	 	 	 	<cx>826</cx>
	 	 	 	<cy>450</cy>
	 	 	</node>
	 	 	<node id="38" type="1">
	 	 	 	<cx>638</cx>
	 	 	 	<cy>617</cy>
	 	 	</node>
	 	 	<node id="39" type="1">
	 	 	 	<cx>245</cx>
	 	 	 	<cy>744</cy>
	 	 	</node>
	 	 	<node id="40" type="1">
	 	 	 	<cx>235</cx>
	 	 	 	<cy>859</cy>
	 	 	</node>
	 	 	<node id="41" type="1">
	 	 	 	<cx>233</cx>
	 	 	 	<cy>821</cy>
	 	 	</node>
	 	 	<node id="42" type="1">
	 	 	 	<cx>863</cx>
	 	 	 	<cy>455</cy>
	 	 	</node>
	 	 	<node id="43" type="1">
	 	 	 	<cx>739</cx>
	 	 	 	<cy>480</cy>
	 	 	</node>
	 	 	<node id="44" type="1">
	 	 	 	<cx>311</cx>
	 	 	 	<cy>717</cy>
	 	 	</node>
	 	 	<node id="45" type="1">
	 	 	 	<cx>567</cx>
	 	 	 	<cy>373</cy>
	 	 	</node>
	 	 	<node id="46" type="1">
	 	 	 	<cx>753</cx>
	 	 	 	<cy>427</cy>
	 	 	</node>
	 	 	<node id="47" type="1">
	 	 	 	<cx>547</cx>
	 	 	 	<cy>493</cy>
	 	 	</node>
	 	 	<node id="48" type="1">
	 	 	 	<cx>732</cx>
	 	 	 	<cy>382</cy>
	 	 	</node>
	 	 	<node id="49" type="1">
	 	 	 	<cx>664</cx>
	 	 	 	<cy>511</cy>
	 	 	</node>
	 	 	<node id="50" type="1">
	 	 	 	<cx>945</cx>
	 	 	 	<cy>316</cy>
	 	 	</node>
	 	 	<node id="51" type="1">
	 	 	 	<cx>250</cx>
	 	 	 	<cy>770</cy>
	 	 	</node>
	 	 	<node id="52" type="1">
	 	 	 	<cx>598</cx>
	 	 	 	<cy>493</cy>
	 	 	</node>
	 	 	<node id="53" type="1">
	 	 	 	<cx>262</cx>
	 	 	 	<cy>653</cy>
	 	 	</node>
	 	 	<node id="54" type="1">
	 	 	 	<cx>568</cx>
	 	 	 	<cy>558</cy>
	 	 	</node>
	 	 	<node id="55" type="1">
	 	 	 	<cx>877</cx>
	 	 	 	<cy>808</cy>
	 	 	</node>
	 	 	<node id="56" type="1">
	 	 	 	<cx>395</cx>
	 	 	 	<cy>796</cy>
	 	 	</node>
	 	 	<node id="57" type="1">
	 	 	 	<cx>467</cx>
	 	 	 	<cy>732</cy>
	 	 	</node>
	 	 	<node id="58" type="1">
	 	 	 	<cx>685</cx>
	 	 	 	<cy>327</cy>
	 	 	</node>
	 	 	<node id="59" type="1">
	 	 	 	<cx>260</cx>
	 	 	 	<cy>910</cy>
	 	 	</node>
	 	 	<node id="60" type="1">
	 	 	 	<cx>571</cx>
	 	 	 	<cy>648</cy>
	 	 	</node>
	 	 	<node id="61" type="1">
	 	 	 	<cx>747</cx>
	 	 	 	<cy>398</cy>
	 	 	</node>
	 	 	<node id="62" type="1">
	 	 	 	<cx>571</cx>
	 	 	 	<cy>650</cy>
	 	 	</node>
	 	 	<node id="63" type="1">
	 	 	 	<cx>541</cx>
	 	 	 	<cy>442</cy>
	 	 	</node>
	 	 	<node id="64" type="1">
	 	 	 	<cx>841</cx>
	 	 	 	<cy>466</cy>
	 	 	</node>
	 	 	<node id="65" type="1">
	 	 	 	<cx>744</cx>
	 	 	 	<cy>725</cy>
	 	 	</node>
	 	 	<node id="66" type="1">
	 	 	 	<cx>662</cx>
	 	 	 	<cy>349</cy>
	 	 	</node>
	 	 	<node id="67" type="1">
	 	 	 	<cx>686</cx>
	 	 	 	<cy>543</cy>
	 	 	</node>
	 	 	<node id="68" type="1">
	 	 	 	<cx>184</cx>
	 	 	 	<cy>776</cy>
	 	 	</node>
	 	 	<node id="69" type="1">
	 	 	 	<cx>177</cx>
	 	 	 	<cy>770</cy>
	 	 	</node>
	 	 	<node id="70" type="1">
	 	 	 	<cx>664</cx>
	 	 	 	<cy>559</cy>
	 	 	</node>
	 	 	<node id="71" type="1">
	 	 	 	<cx>802</cx>
	 	 	 	<cy>446</cy>
	 	 	</node>
	 	 	<node id="72" type="1">
	 	 	 	<cx>110</cx>
	 	 	 	<cy>559</cy>
	 	 	</node>
	 	 	<node id="73" type="1">
	 	 	 	<cx>662</cx>
	 	 	 	<cy>566</cy>
	 	 	</node>
	 	 	<node id="74" type="1">
	 	 	 	<cx>605</cx>
	 	 	 	<cy>544</cy>
	 	 	</node>
	 	 	<node id="75" type="1">
	 	 	 	<cx>287</cx>
	 	 	 	<cy>671</cy>
	 	 	</node>
	 	 	<node id="76" type="1">
	 	 	 	<cx>556</cx>
	 	 	 	<cy>738</cy>
	 	 	</node>
	 	 	<node id="77" type="1">
	 	 	 	<cx>615</cx>
	 	 	 	<cy>511</cy>
	 	 	</node>
	 	 	<node id="78" type="1">
	 	 	 	<cx>293</cx>
	 	 	 	<cy>693</cy>
	 	 	</node>
	 	 	<node id="79" type="1">
	 	 	 	<cx>375</cx>
	 	 	 	<cy>671</cy>
	 	 	</node>
	 	 	<node id="80" type="1">
	 	 	 	<cx>383</cx>
	 	 	 	<cy>614</cy>
	 	 	</node>
	 	 	<node id="81" type="1">
	 	 	 	<cx>834</cx>
	 	 	 	<cy>417</cy>
	 	 	</node>
	 	 	<node id="82" type="1">
	 	 	 	<cx>704</cx>
	 	 	 	<cy>397</cy>
	 	 	</node>
	 	 	<node id="83" type="1">
	 	 	 	<cx>255</cx>
	 	 	 	<cy>696</cy>
	 	 	</node>
	 	 	<node id="84" type="1">
	 	 	 	<cx>708</cx>
	 	 	 	<cy>388</cy>
	 	 	</node>
	 	 	<node id="85" type="1">
	 	 	 	<cx>799</cx>
	 	 	 	<cy>172</cy>
	 	 	</node>
	 	 	<node id="86" type="1">
	 	 	 	<cx>298</cx>
	 	 	 	<cy>531</cy>
	 	 	</node>
	 	 	<node id="87" type="1">
	 	 	 	<cx>740</cx>
	 	 	 	<cy>456</cy>
	 	 	</node>
	 	 	<node id="88" type="1">
	 	 	 	<cx>661</cx>
	 	 	 	<cy>582</cy>
	 	 	</node>
	 	 	<node id="89" type="1">
	 	 	 	<cx>664</cx>
	 	 	 	<cy>398</cy>
	 	 	</node>
	 	 	<node id="90" type="1">
	 	 	 	<cx>659</cx>
	 	 	 	<cy>461</cy>
	 	 	</node>
	 	 	<node id="91" type="1">
	 	 	 	<cx>630</cx>
	 	 	 	<cy>290</cy>
	 	 	</node>
	 	 	<node id="92" type="1">
	 	 	 	<cx>267</cx>
	 	 	 	<cy>721</cy>
	 	 	</node>
	 	 	<node id="93" type="1">
	 	 	 	<cx>682</cx>
	 	 	 	<cy>474</cy>
	 	 	</node>
	 	 	<node id="94" type="1">
	 	 	 	<cx>269</cx>
	 	 	 	<cy>639</cy>
	 	 	</node>
	 	 	<node id="95" type="1">
	 	 	 	<cx>577</cx>
	 	 	 	<cy>361</cy>
	 	 	</node>
	 	 	<node id="96" type="1">
	 	 	 	<cx>540</cx>
	 	 	 	<cy>550</cy>
	 	 	</node>
	 	 	<node id="97" type="1">
	 	 	 	<cx>370</cx>
	 	 	 	<cy>733</cy>
	 	 	</node>
	 	 	<node id="98" type="1">
	 	 	 	<cx>546</cx>
	 	 	 	<cy>587</cy>
	 	 	</node>
	 	 	<node id="99" type="1">
	 	 	 	<cx>708</cx>
	 	 	 	<cy>412</cy>
	 	 	</node>
	 	 	<node id="100" type="1">
	 	 	 	<cx>724</cx>
	 	 	 	<cy>572</cy>
	 	 	</node>
	 	 	<node id="101" type="1">
	 	 	 	<cx>416</cx>
	 	 	 	<cy>688</cy>
	 	 	</node>
	 	 	<node id="102" type="1">
	 	 	 	<cx>544</cx>
	 	 	 	<cy>794</cy>
	 	 	</node>
	 	 	<node id="103" type="1">
	 	 	 	<cx>714</cx>
	 	 	 	<cy>478</cy>
	 	 	</node>
	 	 	<node id="104" type="1">
	 	 	 	<cx>916</cx>
	 	 	 	<cy>502</cy>
	 	 	</node>
	 	 	<node id="105" type="1">
	 	 	 	<cx>313</cx>
	 	 	 	<cy>770</cy>
	 	 	</node>
	 	 	<node id="106" type="1">
	 	 	 	<cx>464</cx>
	 	 	 	<cy>361</cy>
	 	 	</node>
	 	 	<node id="107" type="1">
	 	 	 	<cx>356</cx>
	 	 	 	<cy>921</cy>
	 	 	</node>
	 	 	<node id="108" type="1">
	 	 	 	<cx>776</cx>
	 	 	 	<cy>470</cy>
	 	 	</node>
	 	 	<node id="109" type="1">
	 	 	 	<cx>477</cx>
	 	 	 	<cy>721</cy>
	 	 	</node>
	 	 	<node id="110" type="1">
	 	 	 	<cx>733</cx>
	 	 	 	<cy>447</cy>
	 	 	</node>
	 	 	<node id="111" type="1">
	 	 	 	<cx>724</cx>
	 	 	 	<cy>495</cy>
	 	 	</node>
	 	 	<node id="112" type="1">
	 	 	 	<cx>272</cx>
	 	 	 	<cy>792</cy>
	 	 	</node>
	 	 	<node id="113" type="1">
	 	 	 	<cx>491</cx>
	 	 	 	<cy>471</cy>
	 	 	</node>
	 	 	<node id="114" type="1">
	 	 	 	<cx>348</cx>
	 	 	 	<cy>505</cy>
	 	 	</node>
	 	 	<node id="115" type="1">
	 	 	 	<cx>168</cx>
	 	 	 	<cy>309</cy>
	 	 	</node>
	 	 	<node id="116" type="1">
	 	 	 	<cx>595</cx>
	 	 	 	<cy>628</cy>
	 	 	</node>
	 	 	<node id="117" type="1">
	 	 	 	<cx>227</cx>
	 	 	 	<cy>720</cy>
	 	 	</node>
	 	 	<node id="118" type="1">
	 	 	 	<cx>781</cx>
	 	 	 	<cy>585</cy>
	 	 	</node>
	 	 	<node id="119" type="1">
	 	 	 	<cx>228</cx>
	 	 	 	<cy>680</cy>
	 	 	</node>
	 	 	<node id="120" type="1">
	 	 	 	<cx>807</cx>
	 	 	 	<cy>595</cy>
	 	 	</node>
	 	 	<node id="121" type="1">
	 	 	 	<cx>582</cx>
	 	 	 	<cy>503</cy>
	 	 	</node>
	 	 	<node id="122" type="1">
	 	 	 	<cx>327</cx>
	 	 	 	<cy>603</cy>
	 	 	</node>
	 	 	<node id="123" type="1">
	 	 	 	<cx>505</cx>
	 	 	 	<cy>586</cy>
	 	 	</node>
	 	 	<node id="124" type="1">
	 	 	 	<cx>235</cx>
	 	 	 	<cy>788</cy>
	 	 	</node>
	 	 	<node id="125" type="1">
	 	 	 	<cx>135</cx>
	 	 	 	<cy>677</cy>
	 	 	</node>
	 	 	<node id="126" type="1">
	 	 	 	<cx>716</cx>
	 	 	 	<cy>440</cy>
	 	 	</node>
	 	 	<node id="127" type="1">
	 	 	 	<cx>221</cx>
	 	 	 	<cy>678</cy>
	 	 	</node>
	 	 	<node id="128" type="1">
	 	 	 	<cx>633</cx>
	 	 	 	<cy>421</cy>
	 	 	</node>
	 	 	<node id="129" type="1">
	 	 	 	<cx>826</cx>
	 	 	 	<cy>476</cy>
	 	 	</node>
	 	 	<node id="130" type="1">
	 	 	 	<cx>879</cx>
	 	 	 	<cy>350</cy>
	 	 	</node>
	 	 	<node id="131" type="1">
	 	 	 	<cx>738</cx>
	 	 	 	<cy>475</cy>
	 	 	</node>
	 	 	<node id="132" type="1">
	 	 	 	<cx>676</cx>
	 	 	 	<cy>446</cy>
	 	 	</node>
	 	 	<node id="133" type="1">
	 	 	 	<cx>388</cx>
	 	 	 	<cy>669</cy>
	 	 	</node>
	 	 	<node id="134" type="1">
	 	 	 	<cx>465</cx>
	 	 	 	<cy>690</cy>
	 	 	</node>
	 	 	<node id="135" type="1">
	 	 	 	<cx>543</cx>
	 	 	 	<cy>422</cy>
	 	 	</node>
	 	 	<node id="136" type="1">
	 	 	 	<cx>675</cx>
	 	 	 	<cy>544</cy>
	 	 	</node>
	 	 	<node id="137" type="1">
	 	 	 	<cx>770</cx>
	 	 	 	<cy>613</cy>
	 	 	</node>
	 	 	<node id="138" type="1">
	 	 	 	<cx>309</cx>
	 	 	 	<cy>590</cy>
	 	 	</node>
	 	 	<node id="139" type="1">
	 	 	 	<cx>434</cx>
	 	 	 	<cy>594</cy>
	 	 	</node>
	 	 	<node id="140" type="1">
	 	 	 	<cx>647</cx>
	 	 	 	<cy>551</cy>
	 	 	</node>
	 	 	<node id="141" type="1">
	 	 	 	<cx>468</cx>
	 	 	 	<cy>405</cy>
	 	 	</node>
	 	 	<node id="142" type="1">
	 	 	 	<cx>0</cx>
	 	 	 	<cy>863</cy>
	 	 	</node>
	 	 	<node id="143" type="1">
	 	 	 	<cx>663</cx>
	 	 	 	<cy>582</cy>
	 	 	</node>
	 	 	<node id="144" type="1">
	 	 	 	<cx>209</cx>
	 	 	 	<cy>755</cy>
	 	 	</node>
	 	 	<node id="145" type="1">
	 	 	 	<cx>966</cx>
	 	 	 	<cy>516</cy>
	 	 	</node>
	 	 	<node id="146" type="1">
	 	 	 	<cx>580</cx>
	 	 	 	<cy>593</cy>
	 	 	</node>
	 	 	<node id="147" type="1">
	 	 	 	<cx>221</cx>
	 	 	 	<cy>558</cy>
	 	 	</node>
	 	 	<node id="148" type="1">
	 	 	 	<cx>230</cx>
	 	 	 	<cy>594</cy>
	 	 	</node>
	 	 	<node id="149" type="1">
	 	 	 	<cx>329</cx>
	 	 	 	<cy>768</cy>
	 	 	</node>
	 	 	<node id="150" type="1">
	 	 	 	<cx>786</cx>
	 	 	 	<cy>523</cy>
	 	 	</node>
	 	 	<node id="151" type="1">
	 	 	 	<cx>636</cx>
	 	 	 	<cy>512</cy>
	 	 	</node>
	 	 	<node id="152" type="1">
	 	 	 	<cx>704</cx>
	 	 	 	<cy>474</cy>
	 	 	</node>
	 	 	<node id="153" type="1">
	 	 	 	<cx>819</cx>
	 	 	 	<cy>376</cy>
	 	 	</node>
	 	 	<node id="154" type="1">
	 	 	 	<cx>516</cx>
	 	 	 	<cy>472</cy>
	 	 	</node>
	 	 	<node id="155" type="1">
	 	 	 	<cx>724</cx>
	 	 	 	<cy>505</cy>
	 	 	</node>
	 	 	<node id="156" type="1">
	 	 	 	<cx>565</cx>
	 	 	 	<cy>501</cy>
	 	 	</node>
	 	 	<node id="157" type="1">
	 	 	 	<cx>404</cx>
	 	 	 	<cy>589</cy>
	 	 	</node>
	 	 	<node id="158" type="1">
	 	 	 	<cx>663</cx>
	 	 	 	<cy>527</cy>
	 	 	</node>
	 	 	<node id="159" type="1">
	 	 	 	<cx>901</cx>
	 	 	 	<cy>693</cy>
	 	 	</node>
	 	 	<node id="160" type="1">
	 	 	 	<cx>254</cx>
	 	 	 	<cy>640</cy>
	 	 	</node>
	 	 	<node id="161" type="1">
	 	 	 	<cx>726</cx>
	 	 	 	<cy>813</cy>
	 	 	</node>
	 	 	<node id="162" type="1">
	 	 	 	<cx>253</cx>
	 	 	 	<cy>708</cy>
	 	 	</node>
	 	 	<node id="163" type="1">
	 	 	 	<cx>269</cx>
	 	 	 	<cy>730</cy>
	 	 	</node>
	 	 	<node id="164" type="1">
	 	 	 	<cx>823</cx>
	 	 	 	<cy>519</cy>
	 	 	</node>
	 	 	<node id="165" type="1">
	 	 	 	<cx>586</cx>
	 	 	 	<cy>689</cy>
	 	 	</node>
	 	 	<node id="166" type="1">
	 	 	 	<cx>739</cx>
	 	 	 	<cy>421</cy>
	 	 	</node>
	 	 	<node id="167" type="1">
	 	 	 	<cx>706</cx>
	 	 	 	<cy>519</cy>
	 	 	</node>
	 	 	<node id="168" type="1">
	 	 	 	<cx>726</cx>
	 	 	 	<cy>423</cy>
	 	 	</node>
	 	 	<node id="169" type="1">
	 	 	 	<cx>614</cx>
	 	 	 	<cy>525</cy>
	 	 	</node>
	 	 	<node id="170" type="1">
	 	 	 	<cx>239</cx>
	 	 	 	<cy>690</cy>
	 	 	</node>
	 	 	<node id="171" type="1">
	 	 	 	<cx>643</cx>
	 	 	 	<cy>328</cy>
	 	 	</node>
	 	 	<node id="172" type="1">
	 	 	 	<cx>793</cx>
	 	 	 	<cy>426</cy>
	 	 	</node>
	 	 	<node id="173" type="1">
	 	 	 	<cx>221</cx>
	 	 	 	<cy>731</cy>
	 	 	</node>
	 	 	<node id="174" type="1">
	 	 	 	<cx>290</cx>
	 	 	 	<cy>732</cy>
	 	 	</node>
	 	 	<node id="175" type="1">
	 	 	 	<cx>709</cx>
	 	 	 	<cy>310</cy>
	 	 	</node>
	 	 	<node id="176" type="1">
	 	 	 	<cx>654</cx>
	 	 	 	<cy>492</cy>
	 	 	</node>
	 	 	<node id="177" type="1">
	 	 	 	<cx>745</cx>
	 	 	 	<cy>370</cy>
	 	 	</node>
	 	 	<node id="178" type="1">
	 	 	 	<cx>459</cx>
	 	 	 	<cy>639</cy>
	 	 	</node>
	 	 	<node id="179" type="1">
	 	 	 	<cx>618</cx>
	 	 	 	<cy>570</cy>
	 	 	</node>
	 	 	<node id="180" type="1">
	 	 	 	<cx>613</cx>
	 	 	 	<cy>528</cy>
	 	 	</node>
	 	 	<node id="181" type="1">
	 	 	 	<cx>808</cx>
	 	 	 	<cy>359</cy>
	 	 	</node>
	 	 	<node id="182" type="1">
	 	 	 	<cx>652</cx>
	 	 	 	<cy>434</cy>
	 	 	</node>
	 	 	<node id="183" type="1">
	 	 	 	<cx>258</cx>
	 	 	 	<cy>637</cy>
	 	 	</node>
	 	 	<node id="184" type="1">
	 	 	 	<cx>722</cx>
	 	 	 	<cy>421</cy>
	 	 	</node>
	 	 	<node id="185" type="1">
	 	 	 	<cx>837</cx>
	 	 	 	<cy>321</cy>
	 	 	</node>
	 	 	<node id="186" type="1">
	 	 	 	<cx>68</cx>
	 	 	 	<cy>544</cy>
	 	 	</node>
	 	 	<node id="187" type="1">
	 	 	 	<cx>191</cx>
	 	 	 	<cy>686</cy>
	 	 	</node>
	 	 	<node id="188" type="1">
	 	 	 	<cx>535</cx>
	 	 	 	<cy>578</cy>
	 	 	</node>
	 	 	<node id="189" type="1">
	 	 	 	<cx>242</cx>
	 	 	 	<cy>624</cy>
	 	 	</node>
	 	 	<node id="190" type="1">
	 	 	 	<cx>371</cx>
	 	 	 	<cy>387</cy>
	 	 	</node>
	 	 	<node id="191" type="1">
	 	 	 	<cx>835</cx>
	 	 	 	<cy>757</cy>
	 	 	</node>
	 	 	<node id="192" type="1">
	 	 	 	<cx>671</cx>
	 	 	 	<cy>445</cy>
	 	 	</node>
	 	 	<node id="193" type="1">
	 	 	 	<cx>764</cx>
	 	 	 	<cy>425</cy>
	 	 	</node>
	 	 	<node id="194" type="1">
	 	 	 	<cx>771</cx>
	 	 	 	<cy>480</cy>
	 	 	</node>
	 	 	<node id="195" type="1">
	 	 	 	<cx>242</cx>
	 	 	 	<cy>763</cy>
	 	 	</node>
	 	 	<node id="196" type="1">
	 	 	 	<cx>670</cx>
	 	 	 	<cy>520</cy>
	 	 	</node>
	 	 	<node id="197" type="1">
	 	 	 	<cx>580</cx>
	 	 	 	<cy>482</cy>
	 	 	</node>
	 	 	<node id="198" type="1">
	 	 	 	<cx>292</cx>
	 	 	 	<cy>823</cy>
	 	 	</node>
	 	 	<node id="199" type="1">
	 	 	 	<cx>547</cx>
	 	 	 	<cy>443</cy>
	 	 	</node>
	 	 	<node id="200" type="1">
	 	 	 	<cx>807</cx>
	 	 	 	<cy>780</cy>
	 	 	</node>
	 	 	<node id="201" type="1">
	 	 	 	<cx>520</cx>
	 	 	 	<cy>622</cy>
	 	 	</node>
	 	 	<node id="202" type="1">
	 	 	 	<cx>797</cx>
	 	 	 	<cy>356</cy>
	 	 	</node>
	 	 	<node id="203" type="1">
	 	 	 	<cx>555</cx>
	 	 	 	<cy>484</cy>
	 	 	</node>
	 	 	<node id="204" type="1">
	 	 	 	<cx>747</cx>
	 	 	 	<cy>340</cy>
	 	 	</node>
	 	 	<node id="205" type="1">
	 	 	 	<cx>228</cx>
	 	 	 	<cy>846</cy>
	 	 	</node>
	 	 	<node id="206" type="1">
	 	 	 	<cx>760</cx>
	 	 	 	<cy>446</cy>
	 	 	</node>
	 	 	<node id="207" type="1">
	 	 	 	<cx>734</cx>
	 	 	 	<cy>451</cy>
	 	 	</node>
	 	 	<node id="208" type="1">
	 	 	 	<cx>604</cx>
	 	 	 	<cy>277</cy>
	 	 	</node>
	 	 	<node id="209" type="1">
	 	 	 	<cx>790</cx>
	 	 	 	<cy>405</cy>
	 	 	</node>
	 	 	<node id="210" type="1">
	 	 	 	<cx>680</cx>
	 	 	 	<cy>445</cy>
	 	 	</node>
	 	 	<node id="211" type="1">
	 	 	 	<cx>741</cx>
	 	 	 	<cy>460</cy>
	 	 	</node>
	 	 	<node id="212" type="1">
	 	 	 	<cx>244</cx>
	 	 	 	<cy>758</cy>
	 	 	</node>
	 	 	<node id="213" type="1">
	 	 	 	<cx>632</cx>
	 	 	 	<cy>536</cy>
	 	 	</node>
	 	 	<node id="214" type="1">
	 	 	 	<cx>600</cx>
	 	 	 	<cy>503</cy>
	 	 	</node>
	 	 	<node id="215" type="1">
	 	 	 	<cx>562</cx>
	 	 	 	<cy>518</cy>
	 	 	</node>
	 	 	<node id="216" type="1">
	 	 	 	<cx>672</cx>
	 	 	 	<cy>398</cy>
	 	 	</node>
	 	 	<node id="217" type="1">
	 	 	 	<cx>620</cx>
	 	 	 	<cy>425</cy>
	 	 	</node>
	 	 	<node id="218" type="1">
	 	 	 	<cx>852</cx>
	 	 	 	<cy>489</cy>
	 	 	</node>
	 	 	<node id="219" type="1">
	 	 	 	<cx>577</cx>
	 	 	 	<cy>553</cy>
	 	 	</node>
	 	 	<node id="220" type="1">
	 	 	 	<cx>235</cx>
	 	 	 	<cy>755</cy>
	 	 	</node>
	 	 	<node id="221" type="1">
	 	 	 	<cx>879</cx>
	 	 	 	<cy>359</cy>
	 	 	</node>
	 	 	<node id="222" type="1">
	 	 	 	<cx>187</cx>
	 	 	 	<cy>725</cy>
	 	 	</node>
	 	 	<node id="223" type="1">
	 	 	 	<cx>724</cx>
	 	 	 	<cy>328</cy>
	 	 	</node>
	 	 	<node id="224" type="1">
	 	 	 	<cx>775</cx>
	 	 	 	<cy>451</cy>
	 	 	</node>
	 	 	<node id="225" type="1">
	 	 	 	<cx>283</cx>
	 	 	 	<cy>660</cy>
	 	 	</node>
	 	 	<node id="226" type="1">
	 	 	 	<cx>195</cx>
	 	 	 	<cy>572</cy>
	 	 	</node>
	 	 	<node id="227" type="1">
	 	 	 	<cx>830</cx>
	 	 	 	<cy>457</cy>
	 	 	</node>
	 	 	<node id="228" type="1">
	 	 	 	<cx>205</cx>
	 	 	 	<cy>739</cy>
	 	 	</node>
	 	 	<node id="229" type="1">
	 	 	 	<cx>733</cx>
	 	 	 	<cy>341</cy>
	 	 	</node>
	 	 	<node id="230" type="1">
	 	 	 	<cx>884</cx>
	 	 	 	<cy>418</cy>
	 	 	</node>
	 	 	<node id="231" type="1">
	 	 	 	<cx>434</cx>
	 	 	 	<cy>452</cy>
	 	 	</node>
	 	 	<node id="232" type="1">
	 	 	 	<cx>716</cx>
	 	 	 	<cy>458</cy>
	 	 	</node>
	 	 	<node id="233" type="1">
	 	 	 	<cx>495</cx>
	 	 	 	<cy>573</cy>
	 	 	</node>
	 	 	<node id="234" type="1">
	 	 	 	<cx>579</cx>
	 	 	 	<cy>545</cy>
	 	 	</node>
	 	 	<node id="235" type="1">
	 	 	 	<cx>228</cx>
	 	 	 	<cy>725</cy>
	 	 	</node>
	 	 	<node id="236" type="1">
	 	 	 	<cx>604</cx>
	 	 	 	<cy>417</cy>
	 	 	</node>
	 	 	<node id="237" type="1">
	 	 	 	<cx>806</cx>
	 	 	 	<cy>347</cy>
	 	 	</node>
	 	 	<node id="238" type="1">
	 	 	 	<cx>420</cx>
	 	 	 	<cy>730</cy>
	 	 	</node>
	 	 	<node id="239" type="1">
	 	 	 	<cx>626</cx>
	 	 	 	<cy>499</cy>
	 	 	</node>
	 	 	<node id="240" type="1">
	 	 	 	<cx>555</cx>
	 	 	 	<cy>449</cy>
	 	 	</node>
	 	 	<node id="241" type="1">
	 	 	 	<cx>326</cx>
	 	 	 	<cy>598</cy>
	 	 	</node>
	 	 	<node id="242" type="1">
	 	 	 	<cx>551</cx>
	 	 	 	<cy>554</cy>
	 	 	</node>
	 	 	<node id="243" type="1">
	 	 	 	<cx>177</cx>
	 	 	 	<cy>983</cy>
	 	 	</node>
	 	 	<node id="244" type="1">
	 	 	 	<cx>794</cx>
	 	 	 	<cy>430</cy>
	 	 	</node>
	 	 	<node id="245" type="1">
	 	 	 	<cx>771</cx>
	 	 	 	<cy>573</cy>
	 	 	</node>
	 	 	<node id="246" type="1">
	 	 	 	<cx>135</cx>
	 	 	 	<cy>683</cy>
	 	 	</node>
	 	 	<node id="247" type="1">
	 	 	 	<cx>487</cx>
	 	 	 	<cy>291</cy>
	 	 	</node>
	 	 	<node id="248" type="1">
	 	 	 	<cx>239</cx>
	 	 	 	<cy>703</cy>
	 	 	</node>
	 	 	<node id="249" type="1">
	 	 	 	<cx>789</cx>
	 	 	 	<cy>477</cy>
	 	 	</node>
	 	 	<node id="250" type="1">
	 	 	 	<cx>273</cx>
	 	 	 	<cy>752</cy>
	 	 	</node>
	 	 	<node id="251" type="1">
	 	 	 	<cx>521</cx>
	 	 	 	<cy>478</cy>
	 	 	</node>
	 	 	<node id="252" type="1">
	 	 	 	<cx>677</cx>
	 	 	 	<cy>456</cy>
	 	 	</node>
	 	 	<node id="253" type="1">
	 	 	 	<cx>505</cx>
	 	 	 	<cy>327</cy>
	 	 	</node>
	 	 	<node id="254" type="1">
	 	 	 	<cx>453</cx>
	 	 	 	<cy>744</cy>
	 	 	</node>
	 	 	<node id="255" type="1">
	 	 	 	<cx>321</cx>
	 	 	 	<cy>753</cy>
	 	 	</node>
	 	 	<node id="256" type="1">
	 	 	 	<cx>509</cx>
	 	 	 	<cy>497</cy>
	 	 	</node>
	 	 	<node id="257" type="1">
	 	 	 	<cx>749</cx>
	 	 	 	<cy>451</cy>
	 	 	</node>
	 	 	<node id="258" type="1">
	 	 	 	<cx>633</cx>
	 	 	 	<cy>815</cy>
	 	 	</node>
	 	 	<node id="259" type="1">
	 	 	 	<cx>796</cx>
	 	 	 	<cy>429</cy>
	 	 	</node>
	 	 	<node id="260" type="1">
	 	 	 	<cx>341</cx>
	 	 	 	<cy>677</cy>
	 	 	</node>
	 	 	<node id="261" type="1">
	 	 	 	<cx>797</cx>
	 	 	 	<cy>485</cy>
	 	 	</node>
	 	 	<node id="262" type="1">
	 	 	 	<cx>571</cx>
	 	 	 	<cy>649</cy>
	 	 	</node>
	 	 	<node id="263" type="1">
	 	 	 	<cx>276</cx>
	 	 	 	<cy>631</cy>
	 	 	</node>
	 	 	<node id="264" type="1">
	 	 	 	<cx>857</cx>
	 	 	 	<cy>439</cy>
	 	 	</node>
	 	 	<node id="265" type="1">
	 	 	 	<cx>587</cx>
	 	 	 	<cy>776</cy>
	 	 	</node>
	 	 	<node id="266" type="1">
	 	 	 	<cx>750</cx>
	 	 	 	<cy>412</cy>
	 	 	</node>
	 	 	<node id="267" type="1">
	 	 	 	<cx>752</cx>
	 	 	 	<cy>393</cy>
	 	 	</node>
	 	 	<node id="268" type="1">
	 	 	 	<cx>338</cx>
	 	 	 	<cy>657</cy>
	 	 	</node>
	 	 	<node id="269" type="1">
	 	 	 	<cx>206</cx>
	 	 	 	<cy>651</cy>
	 	 	</node>
	 	 	<node id="270" type="1">
	 	 	 	<cx>170</cx>
	 	 	 	<cy>716</cy>
	 	 	</node>
	 	 	<node id="271" type="1">
	 	 	 	<cx>831</cx>
	 	 	 	<cy>441</cy>
	 	 	</node>
	 	 	<node id="272" type="1">
	 	 	 	<cx>104</cx>
	 	 	 	<cy>694</cy>
	 	 	</node>
	 	 	<node id="273" type="1">
	 	 	 	<cx>809</cx>
	 	 	 	<cy>569</cy>
	 	 	</node>
	 	 	<node id="274" type="1">
	 	 	 	<cx>591</cx>
	 	 	 	<cy>407</cy>
	 	 	</node>
	 	 	<node id="275" type="1">
	 	 	 	<cx>605</cx>
	 	 	 	<cy>549</cy>
	 	 	</node>
	 	 	<node id="276" type="1">
	 	 	 	<cx>201</cx>
	 	 	 	<cy>625</cy>
	 	 	</node>
	 	 	<node id="277" type="1">
	 	 	 	<cx>300</cx>
	 	 	 	<cy>676</cy>
	 	 	</node>
	 	 	<node id="278" type="1">
	 	 	 	<cx>548</cx>
	 	 	 	<cy>478</cy>
	 	 	</node>
	 	 	<node id="279" type="1">
	 	 	 	<cx>637</cx>
	 	 	 	<cy>450</cy>
	 	 	</node>
	 	 	<node id="280" type="1">
	 	 	 	<cx>706</cx>
	 	 	 	<cy>463</cy>
	 	 	</node>
	 	 	<node id="281" type="1">
	 	 	 	<cx>788</cx>
	 	 	 	<cy>583</cy>
	 	 	</node>
	 	 	<node id="282" type="1">
	 	 	 	<cx>611</cx>
	 	 	 	<cy>574</cy>
	 	 	</node>
	 	 	<node id="283" type="1">
	 	 	 	<cx>176</cx>
	 	 	 	<cy>761</cy>
	 	 	</node>
	 	 	<node id="284" type="1">
	 	 	 	<cx>404</cx>
	 	 	 	<cy>508</cy>
	 	 	</node>
	 	 	<node id="285" type="1">
	 	 	 	<cx>798</cx>
	 	 	 	<cy>573</cy>
	 	 	</node>
	 	 	<node id="286" type="1">
	 	 	 	<cx>614</cx>
	 	 	 	<cy>415</cy>
	 	 	</node>
	 	 	<node id="287" type="1">
	 	 	 	<cx>257</cx>
	 	 	 	<cy>707</cy>
	 	 	</node>
	 	 	<node id="288" type="1">
	 	 	 	<cx>780</cx>
	 	 	 	<cy>394</cy>
	 	 	</node>
	 	 	<node id="289" type="1">
	 	 	 	<cx>729</cx>
	 	 	 	<cy>472</cy>
	 	 	</node>
	 	 	<node id="290" type="1">
	 	 	 	<cx>547</cx>
	 	 	 	<cy>462</cy>
	 	 	</node>
	 	 	<node id="291" type="1">
	 	 	 	<cx>379</cx>
	 	 	 	<cy>817</cy>
	 	 	</node>
	 	 	<node id="292" type="1">
	 	 	 	<cx>539</cx>
	 	 	 	<cy>556</cy>
	 	 	</node>
	 	 	<node id="293" type="1">
	 	 	 	<cx>498</cx>
	 	 	 	<cy>909</cy>
	 	 	</node>
	 	 	<node id="294" type="1">
	 	 	 	<cx>275</cx>
	 	 	 	<cy>706</cy>
	 	 	</node>
	 	 	<node id="295" type="1">
	 	 	 	<cx>726</cx>
	 	 	 	<cy>426</cy>
	 	 	</node>
	 	 	<node id="296" type="1">
	 	 	 	<cx>269</cx>
	 	 	 	<cy>637</cy>
	 	 	</node>
	 	 	<node id="297" type="1">
	 	 	 	<cx>780</cx>
	 	 	 	<cy>439</cy>
	 	 	</node>
	 	 	<node id="298" type="1">
	 	 	 	<cx>724</cx>
	 	 	 	<cy>478</cy>
	 	 	</node>
	 	 	<node id="299" type="1">
	 	 	 	<cx>832</cx>
	 	 	 	<cy>405</cy>
	 	 	</node>
	 	 	<node id="300" type="1">
	 	 	 	<cx>229</cx>
	 	 	 	<cy>700</cy>
	 	 	</node>
	 	 	<node id="301" type="1">
	 	 	 	<cx>223</cx>
	 	 	 	<cy>692</cy>
	 	 	</node>
	 	 	<node id="302" type="1">
	 	 	 	<cx>512</cx>
	 	 	 	<cy>428</cy>
	 	 	</node>
	 	 	<node id="303" type="1">
	 	 	 	<cx>623</cx>
	 	 	 	<cy>445</cy>
	 	 	</node>
	 	 	<node id="304" type="1">
	 	 	 	<cx>763</cx>
	 	 	 	<cy>481</cy>
	 	 	</node>
	 	 	<node id="305" type="1">
	 	 	 	<cx>817</cx>
	 	 	 	<cy>463</cy>
	 	 	</node>
	 	 	<node id="306" type="1">
	 	 	 	<cx>755</cx>
	 	 	 	<cy>418</cy>
	 	 	</node>
	 	 	<node id="307" type="1">
	 	 	 	<cx>655</cx>
	 	 	 	<cy>522</cy>
	 	 	</node>
	 	 	<node id="308" type="1">
	 	 	 	<cx>720</cx>
	 	 	 	<cy>471</cy>
	 	 	</node>
	 	 	<node id="309" type="1">
	 	 	 	<cx>286</cx>
	 	 	 	<cy>645</cy>
	 	 	</node>
	 	 	<node id="310" type="1">
	 	 	 	<cx>320</cx>
	 	 	 	<cy>745</cy>
	 	 	</node>
	 	 	<node id="311" type="1">
	 	 	 	<cx>111</cx>
	 	 	 	<cy>606</cy>
	 	 	</node>
	 	 	<node id="312" type="1">
	 	 	 	<cx>289</cx>
	 	 	 	<cy>737</cy>
	 	 	</node>
	 	 	<node id="313" type="1">
	 	 	 	<cx>636</cx>
	 	 	 	<cy>260</cy>
	 	 	</node>
	 	 	<node id="314" type="1">
	 	 	 	<cx>184</cx>
	 	 	 	<cy>680</cy>
	 	 	</node>
	 	 	<node id="315" type="1">
	 	 	 	<cx>679</cx>
	 	 	 	<cy>590</cy>
	 	 	</node>
	 	 	<node id="316" type="1">
	 	 	 	<cx>256</cx>
	 	 	 	<cy>618</cy>
	 	 	</node>
	 	 	<node id="317" type="1">
	 	 	 	<cx>200</cx>
	 	 	 	<cy>671</cy>
	 	 	</node>
	 	 	<node id="318" type="1">
	 	 	 	<cx>264</cx>
	 	 	 	<cy>677</cy>
	 	 	</node>
	 	 	<node id="319" type="1">
	 	 	 	<cx>326</cx>
	 	 	 	<cy>681</cy>
	 	 	</node>
	 	 	<node id="320" type="1">
	 	 	 	<cx>102</cx>
	 	 	 	<cy>640</cy>
	 	 	</node>
	 	 	<node id="321" type="1">
	 	 	 	<cx>229</cx>
	 	 	 	<cy>729</cy>
	 	 	</node>
	 	 	<node id="322" type="1">
	 	 	 	<cx>553</cx>
	 	 	 	<cy>266</cy>
	 	 	</node>
	 	 	<node id="323" type="1">
	 	 	 	<cx>519</cx>
	 	 	 	<cy>526</cy>
	 	 	</node>
	 	 	<node id="324" type="1">
	 	 	 	<cx>692</cx>
	 	 	 	<cy>552</cy>
	 	 	</node>
	 	 	<node id="325" type="1">
	 	 	 	<cx>709</cx>
	 	 	 	<cy>509</cy>
	 	 	</node>
	 	 	<node id="326" type="1">
	 	 	 	<cx>547</cx>
	 	 	 	<cy>655</cy>
	 	 	</node>
	 	 	<node id="327" type="1">
	 	 	 	<cx>794</cx>
	 	 	 	<cy>421</cy>
	 	 	</node>
	 	 	<node id="328" type="1">
	 	 	 	<cx>189</cx>
	 	 	 	<cy>728</cy>
	 	 	</node>
	 	 	<node id="329" type="1">
	 	 	 	<cx>565</cx>
	 	 	 	<cy>676</cy>
	 	 	</node>
	 	 	<node id="330" type="1">
	 	 	 	<cx>326</cx>
	 	 	 	<cy>462</cy>
	 	 	</node>
	 	 	<node id="331" type="1">
	 	 	 	<cx>687</cx>
	 	 	 	<cy>334</cy>
	 	 	</node>
	 	 	<node id="332" type="1">
	 	 	 	<cx>298</cx>
	 	 	 	<cy>705</cy>
	 	 	</node>
	 	 	<node id="333" type="1">
	 	 	 	<cx>582</cx>
	 	 	 	<cy>478</cy>
	 	 	</node>
	 	 	<node id="334" type="1">
	 	 	 	<cx>737</cx>
	 	 	 	<cy>579</cy>
	 	 	</node>
	 	 	<node id="335" type="1">
	 	 	 	<cx>458</cx>
	 	 	 	<cy>895</cy>
	 	 	</node>
	 	 	<node id="336" type="1">
	 	 	 	<cx>663</cx>
	 	 	 	<cy>391</cy>
	 	 	</node>
	 	 	<node id="337" type="1">
	 	 	 	<cx>394</cx>
	 	 	 	<cy>639</cy>
	 	 	</node>
	 	 	<node id="338" type="1">
	 	 	 	<cx>352</cx>
	 	 	 	<cy>782</cy>
	 	 	</node>
	 	 	<node id="339" type="1">
	 	 	 	<cx>621</cx>
	 	 	 	<cy>303</cy>
	 	 	</node>
	 	 	<node id="340" type="1">
	 	 	 	<cx>268</cx>
	 	 	 	<cy>629</cy>
	 	 	</node>
	 	 	<node id="341" type="1">
	 	 	 	<cx>440</cx>
	 	 	 	<cy>831</cy>
	 	 	</node>
	 	 	<node id="342" type="1">
	 	 	 	<cx>748</cx>
	 	 	 	<cy>593</cy>
	 	 	</node>
	 	 	<node id="343" type="1">
	 	 	 	<cx>400</cx>
	 	 	 	<cy>547</cy>
	 	 	</node>
	 	 	<node id="344" type="1">
	 	 	 	<cx>268</cx>
	 	 	 	<cy>721</cy>
	 	 	</node>
	 	 	<node id="345" type="1">
	 	 	 	<cx>226</cx>
	 	 	 	<cy>646</cy>
	 	 	</node>
	 	 	<node id="346" type="1">
	 	 	 	<cx>578</cx>
	 	 	 	<cy>616</cy>
	 	 	</node>
	 	 	<node id="347" type="1">
	 	 	 	<cx>648</cx>
	 	 	 	<cy>377</cy>
	 	 	</node>
	 	 	<node id="348" type="1">
	 	 	 	<cx>446</cx>
	 	 	 	<cy>574</cy>
	 	 	</node>
	 	 	<node id="349" type="1">
	 	 	 	<cx>502</cx>
	 	 	 	<cy>571</cy>
	 	 	</node>
	 	 	<node id="350" type="1">
	 	 	 	<cx>574</cx>
	 	 	 	<cy>593</cy>
	 	 	</node>
	 	 	<node id="351" type="1">
	 	 	 	<cx>459</cx>
	 	 	 	<cy>466</cy>
	 	 	</node>
	 	</nodes>
	 	<euclidean/>
	 	<decimals>0</decimals>
	 </network>
	 <fleet>
	 	 <vehicle_profile type="0">
	 	  	 <departure_node>1</departure_node>
	 	  	 <arrival_node>1</arrival_node>
	 	  	 <capacity>436</capacity>
	 	 </vehicle_profile>
	 </fleet>
	 <requests>
	 	 <request id="1" node="2">
	 	 	 <quantity>43</quantity>
	 	 </request>
	 	 <request id="2" node="3">
	 	 	 <quantity>82</quantity>
	 	 </request>
	 	 <request id="3" node="4">
	 	 	 <quantity>57</quantity>
	 	 </request>
	 	 <request id="4" node="5">
	 	 	 <quantity>51</quantity>
	 	 </request>
	 	 <request id="5" node="6">
	 	 	 <quantity>29</quantity>
	 	 </request>
	 	 <request id="6" node="7">
	 	 	 <quantity>55</quantity>
	 	 </request>
	 	 <request id="7" node="8">
	 	 	 <quantity>71</quantity>
	 	 </request>
	 	 <request id="8" node="9">
	 	 	 <quantity>35</quantity>
	 	 </request>
	 	 <request id="9" node="10">
	 	 	 <quantity>28</quantity>
	 	 </request>
	 	 <request id="10" node="11">
	 	 	 <quantity>36</quantity>
	 	 </request>
	 	 <request id="11" node="12">
	 	 	 <quantity>18</quantity>
	 	 </request>
	 	 <request id="12" node="13">
	 	 	 <quantity>42</quantity>
	 	 </request>
	 	 <request id="13" node="14">
	 	 	 <quantity>79</quantity>
	 	 </request>
	 	 <request id="14" node="15">
	 	 	 <quantity>88</quantity>
	 	 </request>
	 	 <request id="15" node="16">
	 	 	 <quantity>68</quantity>
	 	 </request>
	 	 <request id="16" node="17">
	 	 	 <quantity>99</quantity>
	 	 </request>
	 	 <request id="17" node="18">
	 	 	 <quantity>10</quantity>
	 	 </request>
	 	 <request id="18" node="19">
	 	 	 <quantity>11</quantity>
	 	 </request>
	 	 <request id="19" node="20">
	 	 	 <quantity>77</quantity>
	 	 </request>
	 	 <request id="20" node="21">
	 	 	 <quantity>68</quantity>
	 	 </request>
	 	 <request id="21" node="22">
	 	 	 <quantity>44</quantity>
	 	 </request>
	 	 <request id="22" node="23">
	 	 	 <quantity>17</quantity>
	 	 </request>
	 	 <request id="23" node="24">
	 	 	 <quantity>60</quantity>
	 	 </request>
	 	 <request id="24" node="25">
	 	 	 <quantity>33</quantity>
	 	 </request>
	 	 <request id="25" node="26">
	 	 	 <quantity>30</quantity>
	 	 </request>
	 	 <request id="26" node="27">
	 	 	 <quantity>37</quantity>
	 	 </request>
	 	 <request id="27" node="28">
	 	 	 <quantity>87</quantity>
	 	 </request>
	 	 <request id="28" node="29">
	 	 	 <quantity>18</quantity>
	 	 </request>
	 	 <request id="29" node="30">
	 	 	 <quantity>6</quantity>
	 	 </request>
	 	 <request id="30" node="31">
	 	 	 <quantity>42</quantity>
	 	 </request>
	 	 <request id="31" node="32">
	 	 	 <quantity>1</quantity>
	 	 </request>
	 	 <request id="32" node="33">
	 	 	 <quantity>22</quantity>
	 	 </request>
	 	 <request id="33" node="34">
	 	 	 <quantity>78</quantity>
	 	 </request>
	 	 <request id="34" node="35">
	 	 	 <quantity>94</quantity>
	 	 </request>
	 	 <request id="35" node="36">
	 	 	 <quantity>65</quantity>
	 	 </request>
	 	 <request id="36" node="37">
	 	 	 <quantity>88</quantity>
	 	 </request>
	 	 <request id="37" node="38">
	 	 	 <quantity>28</quantity>
	 	 </request>
	 	 <request id="38" node="39">
	 	 	 <quantity>29</quantity>
	 	 </request>
	 	 <request id="39" node="40">
	 	 	 <quantity>34</quantity>
	 	 </request>
	 	 <request id="40" node="41">
	 	 	 <quantity>87</quantity>
	 	 </request>
	 	 <request id="41" node="42">
	 	 	 <quantity>47</quantity>
	 	 </request>
	 	 <request id="42" node="43">
	 	 	 <quantity>53</quantity>
	 	 </request>
	 	 <request id="43" node="44">
	 	 	 <quantity>44</quantity>
	 	 </request>
	 	 <request id="44" node="45">
	 	 	 <quantity>34</quantity>
	 	 </request>
	 	 <request id="45" node="46">
	 	 	 <quantity>94</quantity>
	 	 </request>
	 	 <request id="46" node="47">
	 	 	 <quantity>70</quantity>
	 	 </request>
	 	 <request id="47" node="48">
	 	 	 <quantity>41</quantity>
	 	 </request>
	 	 <request id="48" node="49">
	 	 	 <quantity>28</quantity>
	 	 </request>
	 	 <request id="49" node="50">
	 	 	 <quantity>80</quantity>
	 	 </request>
	 	 <request id="50" node="51">
	 	 	 <quantity>32</quantity>
	 	 </request>
	 	 <request id="51" node="52">
	 	 	 <quantity>20</quantity>
	 	 </request>
	 	 <request id="52" node="53">
	 	 	 <quantity>16</quantity>
	 	 </request>
	 	 <request id="53" node="54">
	 	 	 <quantity>70</quantity>
	 	 </request>
	 	 <request id="54" node="55">
	 	 	 <quantity>22</quantity>
	 	 </request>
	 	 <request id="55" node="56">
	 	 	 <quantity>96</quantity>
	 	 </request>
	 	 <request id="56" node="57">
	 	 	 <quantity>81</quantity>
	 	 </request>
	 	 <request id="57" node="58">
	 	 	 <quantity>23</quantity>
	 	 </request>
	 	 <request id="58" node="59">
	 	 	 <quantity>46</quantity>
	 	 </request>
	 	 <request id="59" node="60">
	 	 	 <quantity>2</quantity>
	 	 </request>
	 	 <request id="60" node="61">
	 	 	 <quantity>56</quantity>
	 	 </request>
	 	 <request id="61" node="62">
	 	 	 <quantity>45</quantity>
	 	 </request>
	 	 <request id="62" node="63">
	 	 	 <quantity>66</quantity>
	 	 </request>
	 	 <request id="63" node="64">
	 	 	 <quantity>7</quantity>
	 	 </request>
	 	 <request id="64" node="65">
	 	 	 <quantity>64</quantity>
	 	 </request>
	 	 <request id="65" node="66">
	 	 	 <quantity>73</quantity>
	 	 </request>
	 	 <request id="66" node="67">
	 	 	 <quantity>51</quantity>
	 	 </request>
	 	 <request id="67" node="68">
	 	 	 <quantity>64</quantity>
	 	 </request>
	 	 <request id="68" node="69">
	 	 	 <quantity>81</quantity>
	 	 </request>
	 	 <request id="69" node="70">
	 	 	 <quantity>86</quantity>
	 	 </request>
	 	 <request id="70" node="71">
	 	 	 <quantity>52</quantity>
	 	 </request>
	 	 <request id="71" node="72">
	 	 	 <quantity>76</quantity>
	 	 </request>
	 	 <request id="72" node="73">
	 	 	 <quantity>26</quantity>
	 	 </request>
	 	 <request id="73" node="74">
	 	 	 <quantity>30</quantity>
	 	 </request>
	 	 <request id="74" node="75">
	 	 	 <quantity>3</quantity>
	 	 </request>
	 	 <request id="75" node="76">
	 	 	 <quantity>95</quantity>
	 	 </request>
	 	 <request id="76" node="77">
	 	 	 <quantity>75</quantity>
	 	 </request>
	 	 <request id="77" node="78">
	 	 	 <quantity>85</quantity>
	 	 </request>
	 	 <request id="78" node="79">
	 	 	 <quantity>50</quantity>
	 	 </request>
	 	 <request id="79" node="80">
	 	 	 <quantity>41</quantity>
	 	 </request>
	 	 <request id="80" node="81">
	 	 	 <quantity>1</quantity>
	 	 </request>
	 	 <request id="81" node="82">
	 	 	 <quantity>42</quantity>
	 	 </request>
	 	 <request id="82" node="83">
	 	 	 <quantity>1</quantity>
	 	 </request>
	 	 <request id="83" node="84">
	 	 	 <quantity>47</quantity>
	 	 </request>
	 	 <request id="84" node="85">
	 	 	 <quantity>34</quantity>
	 	 </request>
	 	 <request id="85" node="86">
	 	 	 <quantity>13</quantity>
	 	 </request>
	 	 <request id="86" node="87">
	 	 	 <quantity>1</quantity>
	 	 </request>
	 	 <request id="87" node="88">
	 	 	 <quantity>31</quantity>
	 	 </request>
	 	 <request id="88" node="89">
	 	 	 <quantity>56</quantity>
	 	 </request>
	 	 <request id="89" node="90">
	 	 	 <quantity>63</quantity>
	 	 </request>
	 	 <request id="90" node="91">
	 	 	 <quantity>39</quantity>
	 	 </request>
	 	 <request id="91" node="92">
	 	 	 <quantity>87</quantity>
	 	 </request>
	 	 <request id="92" node="93">
	 	 	 <quantity>8</quantity>
	 	 </request>
	 	 <request id="93" node="94">
	 	 	 <quantity>67</quantity>
	 	 </request>
	 	 <request id="94" node="95">
	 	 	 <quantity>66</quantity>
	 	 </request>
	 	 <request id="95" node="96">
	 	 	 <quantity>11</quantity>
	 	 </request>
	 	 <request id="96" node="97">
	 	 	 <quantity>38</quantity>
	 	 </request>
	 	 <request id="97" node="98">
	 	 	 <quantity>94</quantity>
	 	 </request>
	 	 <request id="98" node="99">
	 	 	 <quantity>57</quantity>
	 	 </request>
	 	 <request id="99" node="100">
	 	 	 <quantity>43</quantity>
	 	 </request>
	 	 <request id="100" node="101">
	 	 	 <quantity>56</quantity>
	 	 </request>
	 	 <request id="101" node="102">
	 	 	 <quantity>18</quantity>
	 	 </request>
	 	 <request id="102" node="103">
	 	 	 <quantity>77</quantity>
	 	 </request>
	 	 <request id="103" node="104">
	 	 	 <quantity>39</quantity>
	 	 </request>
	 	 <request id="104" node="105">
	 	 	 <quantity>30</quantity>
	 	 </request>
	 	 <request id="105" node="106">
	 	 	 <quantity>42</quantity>
	 	 </request>
	 	 <request id="106" node="107">
	 	 	 <quantity>90</quantity>
	 	 </request>
	 	 <request id="107" node="108">
	 	 	 <quantity>62</quantity>
	 	 </request>
	 	 <request id="108" node="109">
	 	 	 <quantity>95</quantity>
	 	 </request>
	 	 <request id="109" node="110">
	 	 	 <quantity>66</quantity>
	 	 </request>
	 	 <request id="110" node="111">
	 	 	 <quantity>84</quantity>
	 	 </request>
	 	 <request id="111" node="112">
	 	 	 <quantity>9</quantity>
	 	 </request>
	 	 <request id="112" node="113">
	 	 	 <quantity>96</quantity>
	 	 </request>
	 	 <request id="113" node="114">
	 	 	 <quantity>63</quantity>
	 	 </request>
	 	 <request id="114" node="115">
	 	 	 <quantity>19</quantity>
	 	 </request>
	 	 <request id="115" node="116">
	 	 	 <quantity>51</quantity>
	 	 </request>
	 	 <request id="116" node="117">
	 	 	 <quantity>50</quantity>
	 	 </request>
	 	 <request id="117" node="118">
	 	 	 <quantity>89</quantity>
	 	 </request>
	 	 <request id="118" node="119">
	 	 	 <quantity>9</quantity>
	 	 </request>
	 	 <request id="119" node="120">
	 	 	 <quantity>6</quantity>
	 	 </request>
	 	 <request id="120" node="121">
	 	 	 <quantity>34</quantity>
	 	 </request>
	 	 <request id="121" node="122">
	 	 	 <quantity>15</quantity>
	 	 </request>
	 	 <request id="122" node="123">
	 	 	 <quantity>20</quantity>
	 	 </request>
	 	 <request id="123" node="124">
	 	 	 <quantity>33</quantity>
	 	 </request>
	 	 <request id="124" node="125">
	 	 	 <quantity>3</quantity>
	 	 </request>
	 	 <request id="125" node="126">
	 	 	 <quantity>87</quantity>
	 	 </request>
	 	 <request id="126" node="127">
	 	 	 <quantity>96</quantity>
	 	 </request>
	 	 <request id="127" node="128">
	 	 	 <quantity>53</quantity>
	 	 </request>
	 	 <request id="128" node="129">
	 	 	 <quantity>24</quantity>
	 	 </request>
	 	 <request id="129" node="130">
	 	 	 <quantity>7</quantity>
	 	 </request>
	 	 <request id="130" node="131">
	 	 	 <quantity>13</quantity>
	 	 </request>
	 	 <request id="131" node="132">
	 	 	 <quantity>94</quantity>
	 	 </request>
	 	 <request id="132" node="133">
	 	 	 <quantity>44</quantity>
	 	 </request>
	 	 <request id="133" node="134">
	 	 	 <quantity>40</quantity>
	 	 </request>
	 	 <request id="134" node="135">
	 	 	 <quantity>56</quantity>
	 	 </request>
	 	 <request id="135" node="136">
	 	 	 <quantity>62</quantity>
	 	 </request>
	 	 <request id="136" node="137">
	 	 	 <quantity>78</quantity>
	 	 </request>
	 	 <request id="137" node="138">
	 	 	 <quantity>50</quantity>
	 	 </request>
	 	 <request id="138" node="139">
	 	 	 <quantity>16</quantity>
	 	 </request>
	 	 <request id="139" node="140">
	 	 	 <quantity>35</quantity>
	 	 </request>
	 	 <request id="140" node="141">
	 	 	 <quantity>21</quantity>
	 	 </request>
	 	 <request id="141" node="142">
	 	 	 <quantity>54</quantity>
	 	 </request>
	 	 <request id="142" node="143">
	 	 	 <quantity>22</quantity>
	 	 </request>
	 	 <request id="143" node="144">
	 	 	 <quantity>85</quantity>
	 	 </request>
	 	 <request id="144" node="145">
	 	 	 <quantity>92</quantity>
	 	 </request>
	 	 <request id="145" node="146">
	 	 	 <quantity>8</quantity>
	 	 </request>
	 	 <request id="146" node="147">
	 	 	 <quantity>90</quantity>
	 	 </request>
	 	 <request id="147" node="148">
	 	 	 <quantity>21</quantity>
	 	 </request>
	 	 <request id="148" node="149">
	 	 	 <quantity>91</quantity>
	 	 </request>
	 	 <request id="149" node="150">
	 	 	 <quantity>12</quantity>
	 	 </request>
	 	 <request id="150" node="151">
	 	 	 <quantity>98</quantity>
	 	 </request>
	 	 <request id="151" node="152">
	 	 	 <quantity>62</quantity>
	 	 </request>
	 	 <request id="152" node="153">
	 	 	 <quantity>95</quantity>
	 	 </request>
	 	 <request id="153" node="154">
	 	 	 <quantity>45</quantity>
	 	 </request>
	 	 <request id="154" node="155">
	 	 	 <quantity>92</quantity>
	 	 </request>
	 	 <request id="155" node="156">
	 	 	 <quantity>30</quantity>
	 	 </request>
	 	 <request id="156" node="157">
	 	 	 <quantity>67</quantity>
	 	 </request>
	 	 <request id="157" node="158">
	 	 	 <quantity>21</quantity>
	 	 </request>
	 	 <request id="158" node="159">
	 	 	 <quantity>8</quantity>
	 	 </request>
	 	 <request id="159" node="160">
	 	 	 <quantity>73</quantity>
	 	 </request>
	 	 <request id="160" node="161">
	 	 	 <quantity>99</quantity>
	 	 </request>
	 	 <request id="161" node="162">
	 	 	 <quantity>76</quantity>
	 	 </request>
	 	 <request id="162" node="163">
	 	 	 <quantity>25</quantity>
	 	 </request>
	 	 <request id="163" node="164">
	 	 	 <quantity>6</quantity>
	 	 </request>
	 	 <request id="164" node="165">
	 	 	 <quantity>71</quantity>
	 	 </request>
	 	 <request id="165" node="166">
	 	 	 <quantity>68</quantity>
	 	 </request>
	 	 <request id="166" node="167">
	 	 	 <quantity>43</quantity>
	 	 </request>
	 	 <request id="167" node="168">
	 	 	 <quantity>86</quantity>
	 	 </request>
	 	 <request id="168" node="169">
	 	 	 <quantity>46</quantity>
	 	 </request>
	 	 <request id="169" node="170">
	 	 	 <quantity>19</quantity>
	 	 </request>
	 	 <request id="170" node="171">
	 	 	 <quantity>85</quantity>
	 	 </request>
	 	 <request id="171" node="172">
	 	 	 <quantity>5</quantity>
	 	 </request>
	 	 <request id="172" node="173">
	 	 	 <quantity>82</quantity>
	 	 </request>
	 	 <request id="173" node="174">
	 	 	 <quantity>64</quantity>
	 	 </request>
	 	 <request id="174" node="175">
	 	 	 <quantity>20</quantity>
	 	 </request>
	 	 <request id="175" node="176">
	 	 	 <quantity>9</quantity>
	 	 </request>
	 	 <request id="176" node="177">
	 	 	 <quantity>66</quantity>
	 	 </request>
	 	 <request id="177" node="178">
	 	 	 <quantity>43</quantity>
	 	 </request>
	 	 <request id="178" node="179">
	 	 	 <quantity>17</quantity>
	 	 </request>
	 	 <request id="179" node="180">
	 	 	 <quantity>48</quantity>
	 	 </request>
	 	 <request id="180" node="181">
	 	 	 <quantity>86</quantity>
	 	 </request>
	 	 <request id="181" node="182">
	 	 	 <quantity>98</quantity>
	 	 </request>
	 	 <request id="182" node="183">
	 	 	 <quantity>22</quantity>
	 	 </request>
	 	 <request id="183" node="184">
	 	 	 <quantity>39</quantity>
	 	 </request>
	 	 <request id="184" node="185">
	 	 	 <quantity>16</quantity>
	 	 </request>
	 	 <request id="185" node="186">
	 	 	 <quantity>18</quantity>
	 	 </request>
	 	 <request id="186" node="187">
	 	 	 <quantity>59</quantity>
	 	 </request>
	 	 <request id="187" node="188">
	 	 	 <quantity>70</quantity>
	 	 </request>
	 	 <request id="188" node="189">
	 	 	 <quantity>30</quantity>
	 	 </request>
	 	 <request id="189" node="190">
	 	 	 <quantity>86</quantity>
	 	 </request>
	 	 <request id="190" node="191">
	 	 	 <quantity>54</quantity>
	 	 </request>
	 	 <request id="191" node="192">
	 	 	 <quantity>12</quantity>
	 	 </request>
	 	 <request id="192" node="193">
	 	 	 <quantity>41</quantity>
	 	 </request>
	 	 <request id="193" node="194">
	 	 	 <quantity>67</quantity>
	 	 </request>
	 	 <request id="194" node="195">
	 	 	 <quantity>93</quantity>
	 	 </request>
	 	 <request id="195" node="196">
	 	 	 <quantity>70</quantity>
	 	 </request>
	 	 <request id="196" node="197">
	 	 	 <quantity>66</quantity>
	 	 </request>
	 	 <request id="197" node="198">
	 	 	 <quantity>17</quantity>
	 	 </request>
	 	 <request id="198" node="199">
	 	 	 <quantity>92</quantity>
	 	 </request>
	 	 <request id="199" node="200">
	 	 	 <quantity>52</quantity>
	 	 </request>
	 	 <request id="200" node="201">
	 	 	 <quantity>15</quantity>
	 	 </request>
	 	 <request id="201" node="202">
	 	 	 <quantity>13</quantity>
	 	 </request>
	 	 <request id="202" node="203">
	 	 	 <quantity>100</quantity>
	 	 </request>
	 	 <request id="203" node="204">
	 	 	 <quantity>62</quantity>
	 	 </request>
	 	 <request id="204" node="205">
	 	 	 <quantity>4</quantity>
	 	 </request>
	 	 <request id="205" node="206">
	 	 	 <quantity>12</quantity>
	 	 </request>
	 	 <request id="206" node="207">
	 	 	 <quantity>30</quantity>
	 	 </request>
	 	 <request id="207" node="208">
	 	 	 <quantity>23</quantity>
	 	 </request>
	 	 <request id="208" node="209">
	 	 	 <quantity>96</quantity>
	 	 </request>
	 	 <request id="209" node="210">
	 	 	 <quantity>32</quantity>
	 	 </request>
	 	 <request id="210" node="211">
	 	 	 <quantity>3</quantity>
	 	 </request>
	 	 <request id="211" node="212">
	 	 	 <quantity>22</quantity>
	 	 </request>
	 	 <request id="212" node="213">
	 	 	 <quantity>63</quantity>
	 	 </request>
	 	 <request id="213" node="214">
	 	 	 <quantity>64</quantity>
	 	 </request>
	 	 <request id="214" node="215">
	 	 	 <quantity>33</quantity>
	 	 </request>
	 	 <request id="215" node="216">
	 	 	 <quantity>79</quantity>
	 	 </request>
	 	 <request id="216" node="217">
	 	 	 <quantity>76</quantity>
	 	 </request>
	 	 <request id="217" node="218">
	 	 	 <quantity>1</quantity>
	 	 </request>
	 	 <request id="218" node="219">
	 	 	 <quantity>23</quantity>
	 	 </request>
	 	 <request id="219" node="220">
	 	 	 <quantity>42</quantity>
	 	 </request>
	 	 <request id="220" node="221">
	 	 	 <quantity>20</quantity>
	 	 </request>
	 	 <request id="221" node="222">
	 	 	 <quantity>96</quantity>
	 	 </request>
	 	 <request id="222" node="223">
	 	 	 <quantity>90</quantity>
	 	 </request>
	 	 <request id="223" node="224">
	 	 	 <quantity>11</quantity>
	 	 </request>
	 	 <request id="224" node="225">
	 	 	 <quantity>29</quantity>
	 	 </request>
	 	 <request id="225" node="226">
	 	 	 <quantity>47</quantity>
	 	 </request>
	 	 <request id="226" node="227">
	 	 	 <quantity>23</quantity>
	 	 </request>
	 	 <request id="227" node="228">
	 	 	 <quantity>78</quantity>
	 	 </request>
	 	 <request id="228" node="229">
	 	 	 <quantity>57</quantity>
	 	 </request>
	 	 <request id="229" node="230">
	 	 	 <quantity>4</quantity>
	 	 </request>
	 	 <request id="230" node="231">
	 	 	 <quantity>54</quantity>
	 	 </request>
	 	 <request id="231" node="232">
	 	 	 <quantity>1</quantity>
	 	 </request>
	 	 <request id="232" node="233">
	 	 	 <quantity>61</quantity>
	 	 </request>
	 	 <request id="233" node="234">
	 	 	 <quantity>100</quantity>
	 	 </request>
	 	 <request id="234" node="235">
	 	 	 <quantity>64</quantity>
	 	 </request>
	 	 <request id="235" node="236">
	 	 	 <quantity>98</quantity>
	 	 </request>
	 	 <request id="236" node="237">
	 	 	 <quantity>18</quantity>
	 	 </request>
	 	 <request id="237" node="238">
	 	 	 <quantity>13</quantity>
	 	 </request>
	 	 <request id="238" node="239">
	 	 	 <quantity>4</quantity>
	 	 </request>
	 	 <request id="239" node="240">
	 	 	 <quantity>68</quantity>
	 	 </request>
	 	 <request id="240" node="241">
	 	 	 <quantity>62</quantity>
	 	 </request>
	 	 <request id="241" node="242">
	 	 	 <quantity>43</quantity>
	 	 </request>
	 	 <request id="242" node="243">
	 	 	 <quantity>52</quantity>
	 	 </request>
	 	 <request id="243" node="244">
	 	 	 <quantity>35</quantity>
	 	 </request>
	 	 <request id="244" node="245">
	 	 	 <quantity>51</quantity>
	 	 </request>
	 	 <request id="245" node="246">
	 	 	 <quantity>25</quantity>
	 	 </request>
	 	 <request id="246" node="247">
	 	 	 <quantity>86</quantity>
	 	 </request>
	 	 <request id="247" node="248">
	 	 	 <quantity>22</quantity>
	 	 </request>
	 	 <request id="248" node="249">
	 	 	 <quantity>53</quantity>
	 	 </request>
	 	 <request id="249" node="250">
	 	 	 <quantity>58</quantity>
	 	 </request>
	 	 <request id="250" node="251">
	 	 	 <quantity>87</quantity>
	 	 </request>
	 	 <request id="251" node="252">
	 	 	 <quantity>39</quantity>
	 	 </request>
	 	 <request id="252" node="253">
	 	 	 <quantity>64</quantity>
	 	 </request>
	 	 <request id="253" node="254">
	 	 	 <quantity>67</quantity>
	 	 </request>
	 	 <request id="254" node="255">
	 	 	 <quantity>66</quantity>
	 	 </request>
	 	 <request id="255" node="256">
	 	 	 <quantity>11</quantity>
	 	 </request>
	 	 <request id="256" node="257">
	 	 	 <quantity>41</quantity>
	 	 </request>
	 	 <request id="257" node="258">
	 	 	 <quantity>80</quantity>
	 	 </request>
	 	 <request id="258" node="259">
	 	 	 <quantity>16</quantity>
	 	 </request>
	 	 <request id="259" node="260">
	 	 	 <quantity>19</quantity>
	 	 </request>
	 	 <request id="260" node="261">
	 	 	 <quantity>72</quantity>
	 	 </request>
	 	 <request id="261" node="262">
	 	 	 <quantity>42</quantity>
	 	 </request>
	 	 <request id="262" node="263">
	 	 	 <quantity>84</quantity>
	 	 </request>
	 	 <request id="263" node="264">
	 	 	 <quantity>72</quantity>
	 	 </request>
	 	 <request id="264" node="265">
	 	 	 <quantity>63</quantity>
	 	 </request>
	 	 <request id="265" node="266">
	 	 	 <quantity>45</quantity>
	 	 </request>
	 	 <request id="266" node="267">
	 	 	 <quantity>80</quantity>
	 	 </request>
	 	 <request id="267" node="268">
	 	 	 <quantity>2</quantity>
	 	 </request>
	 	 <request id="268" node="269">
	 	 	 <quantity>49</quantity>
	 	 </request>
	 	 <request id="269" node="270">
	 	 	 <quantity>83</quantity>
	 	 </request>
	 	 <request id="270" node="271">
	 	 	 <quantity>96</quantity>
	 	 </request>
	 	 <request id="271" node="272">
	 	 	 <quantity>83</quantity>
	 	 </request>
	 	 <request id="272" node="273">
	 	 	 <quantity>40</quantity>
	 	 </request>
	 	 <request id="273" node="274">
	 	 	 <quantity>40</quantity>
	 	 </request>
	 	 <request id="274" node="275">
	 	 	 <quantity>65</quantity>
	 	 </request>
	 	 <request id="275" node="276">
	 	 	 <quantity>77</quantity>
	 	 </request>
	 	 <request id="276" node="277">
	 	 	 <quantity>76</quantity>
	 	 </request>
	 	 <request id="277" node="278">
	 	 	 <quantity>96</quantity>
	 	 </request>
	 	 <request id="278" node="279">
	 	 	 <quantity>31</quantity>
	 	 </request>
	 	 <request id="279" node="280">
	 	 	 <quantity>7</quantity>
	 	 </request>
	 	 <request id="280" node="281">
	 	 	 <quantity>25</quantity>
	 	 </request>
	 	 <request id="281" node="282">
	 	 	 <quantity>56</quantity>
	 	 </request>
	 	 <request id="282" node="283">
	 	 	 <quantity>55</quantity>
	 	 </request>
	 	 <request id="283" node="284">
	 	 	 <quantity>49</quantity>
	 	 </request>
	 	 <request id="284" node="285">
	 	 	 <quantity>91</quantity>
	 	 </request>
	 	 <request id="285" node="286">
	 	 	 <quantity>14</quantity>
	 	 </request>
	 	 <request id="286" node="287">
	 	 	 <quantity>38</quantity>
	 	 </request>
	 	 <request id="287" node="288">
	 	 	 <quantity>51</quantity>
	 	 </request>
	 	 <request id="288" node="289">
	 	 	 <quantity>55</quantity>
	 	 </request>
	 	 <request id="289" node="290">
	 	 	 <quantity>33</quantity>
	 	 </request>
	 	 <request id="290" node="291">
	 	 	 <quantity>76</quantity>
	 	 </request>
	 	 <request id="291" node="292">
	 	 	 <quantity>84</quantity>
	 	 </request>
	 	 <request id="292" node="293">
	 	 	 <quantity>40</quantity>
	 	 </request>
	 	 <request id="293" node="294">
	 	 	 <quantity>49</quantity>
	 	 </request>
	 	 <request id="294" node="295">
	 	 	 <quantity>34</quantity>
	 	 </request>
	 	 <request id="295" node="296">
	 	 	 <quantity>7</quantity>
	 	 </request>
	 	 <request id="296" node="297">
	 	 	 <quantity>99</quantity>
	 	 </request>
	 	 <request id="297" node="298">
	 	 	 <quantity>13</quantity>
	 	 </request>
	 	 <request id="298" node="299">
	 	 	 <quantity>51</quantity>
	 	 </request>
	 	 <request id="299" node="300">
	 	 	 <quantity>65</quantity>
	 	 </request>
	 	 <request id="300" node="301">
	 	 	 <quantity>28</quantity>
	 	 </request>
	 	 <request id="301" node="302">
	 	 	 <quantity>38</quantity>
	 	 </request>
	 	 <request id="302" node="303">
	 	 	 <quantity>60</quantity>
	 	 </request>
	 	 <request id="303" node="304">
	 	 	 <quantity>9</quantity>
	 	 </request>
	 	 <request id="304" node="305">
	 	 	 <quantity>9</quantity>
	 	 </request>
	 	 <request id="305" node="306">
	 	 	 <quantity>90</quantity>
	 	 </request>
	 	 <request id="306" node="307">
	 	 	 <quantity>48</quantity>
	 	 </request>
	 	 <request id="307" node="308">
	 	 	 <quantity>39</quantity>
	 	 </request>
	 	 <request id="308" node="309">
	 	 	 <quantity>68</quantity>
	 	 </request>
	 	 <request id="309" node="310">
	 	 	 <quantity>93</quantity>
	 	 </request>
	 	 <request id="310" node="311">
	 	 	 <quantity>24</quantity>
	 	 </request>
	 	 <request id="311" node="312">
	 	 	 <quantity>77</quantity>
	 	 </request>
	 	 <request id="312" node="313">
	 	 	 <quantity>69</quantity>
	 	 </request>
	 	 <request id="313" node="314">
	 	 	 <quantity>60</quantity>
	 	 </request>
	 	 <request id="314" node="315">
	 	 	 <quantity>30</quantity>
	 	 </request>
	 	 <request id="315" node="316">
	 	 	 <quantity>64</quantity>
	 	 </request>
	 	 <request id="316" node="317">
	 	 	 <quantity>28</quantity>
	 	 </request>
	 	 <request id="317" node="318">
	 	 	 <quantity>55</quantity>
	 	 </request>
	 	 <request id="318" node="319">
	 	 	 <quantity>57</quantity>
	 	 </request>
	 	 <request id="319" node="320">
	 	 	 <quantity>73</quantity>
	 	 </request>
	 	 <request id="320" node="321">
	 	 	 <quantity>48</quantity>
	 	 </request>
	 	 <request id="321" node="322">
	 	 	 <quantity>70</quantity>
	 	 </request>
	 	 <request id="322" node="323">
	 	 	 <quantity>6</quantity>
	 	 </request>
	 	 <request id="323" node="324">
	 	 	 <quantity>64</quantity>
	 	 </request>
	 	 <request id="324" node="325">
	 	 	 <quantity>88</quantity>
	 	 </request>
	 	 <request id="325" node="326">
	 	 	 <quantity>40</quantity>
	 	 </request>
	 	 <request id="326" node="327">
	 	 	 <quantity>58</quantity>
	 	 </request>
	 	 <request id="327" node="328">
	 	 	 <quantity>47</quantity>
	 	 </request>
	 	 <request id="328" node="329">
	 	 	 <quantity>47</quantity>
	 	 </request>
	 	 <request id="329" node="330">
	 	 	 <quantity>69</quantity>
	 	 </request>
	 	 <request id="330" node="331">
	 	 	 <quantity>80</quantity>
	 	 </request>
	 	 <request id="331" node="332">
	 	 	 <quantity>79</quantity>
	 	 </request>
	 	 <request id="332" node="333">
	 	 	 <quantity>82</quantity>
	 	 </request>
	 	 <request id="333" node="334">
	 	 	 <quantity>93</quantity>
	 	 </request>
	 	 <request id="334" node="335">
	 	 	 <quantity>48</quantity>
	 	 </request>
	 	 <request id="335" node="336">
	 	 	 <quantity>87</quantity>
	 	 </request>
	 	 <request id="336" node="337">
	 	 	 <quantity>47</quantity>
	 	 </request>
	 	 <request id="337" node="338">
	 	 	 <quantity>57</quantity>
	 	 </request>
	 	 <request id="338" node="339">
	 	 	 <quantity>1</quantity>
	 	 </request>
	 	 <request id="339" node="340">
	 	 	 <quantity>10</quantity>
	 	 </request>
	 	 <request id="340" node="341">
	 	 	 <quantity>54</quantity>
	 	 </request>
	 	 <request id="341" node="342">
	 	 	 <quantity>31</quantity>
	 	 </request>
	 	 <request id="342" node="343">
	 	 	 <quantity>17</quantity>
	 	 </request>
	 	 <request id="343" node="344">
	 	 	 <quantity>72</quantity>
	 	 </request>
	 	 <request id="344" node="345">
	 	 	 <quantity>65</quantity>
	 	 </request>
	 	 <request id="345" node="346">
	 	 	 <quantity>36</quantity>
	 	 </request>
	 	 <request id="346" node="347">
	 	 	 <quantity>14</quantity>
	 	 </request>
	 	 <request id="347" node="348">
	 	 	 <quantity>74</quantity>
	 	 </request>
	 	 <request id="348" node="349">
	 	 	 <quantity>5</quantity>
	 	 </request>
	 	 <request id="349" node="350">
	 	 	 <quantity>3</quantity>
	 	 </request>
	 	 <request id="350" node="351">
	 	 	 <quantity>77</quantity>
	 	 </request>
	 </requests>
</instance>
