<?xml version="1.0" encoding="UTF-8" standalone="yes"?>
<instance>
	<info>
	 	<dataset>Uchoa 2014 — Set X</dataset>
	 	<name>X-n439-k37</name>
	</info>
	<network>
	 	<nodes>
	 	 	<node id="1" type="1">
	 	 	 	<cx>500</cx>
	 	 	 	<cy>500</cy>
	 	 	</node>
	 	 	<node id="2" type="1">
	 	 	 	<cx>769</cx>
	 	 	 	<cy>259</cy>
	 	 	</node>
	 	 	<node id="3" type="1">
	 	 	 	<cx>91</cx>
	 	 	 	<cy>377</cy>
	 	 	</node>
	 	 	<node id="4" type="1">
	 	 	 	<cx>108</cx>
	 	 	 	<cy>338</cy>
	 	 	</node>
	 	 	<node id="5" type="1">
	 	 	 	<cx>816</cx>
	 	 	 	<cy>567</cy>
	 	 	</node>
	 	 	<node id="6" type="1">
	 	 	 	<cx>698</cx>
	 	 	 	<cy>341</cy>
	 	 	</node>
	 	 	<node id="7" type="1">
	 	 	 	<cx>741</cx>
	 	 	 	<cy>237</cy>
	 	 	</node>
	 	 	<node id="8" type="1">
	 	 	 	<cx>601</cx>
	 	 	 	<cy>140</cy>
	 	 	</node>
	 	 	<node id="9" type="1">
	 	 	 	<cx>63</cx>
	 	 	 	<cy>359</cy>
	 	 	</node>
	 	 	<node id="10" type="1">
	 	 	 	<cx>215</cx>
	 	 	 	<cy>608</cy>
	 	 	</node>
	 	 	<node id="11" type="1">
	 	 	 	<cx>979</cx>
	 	 	 	<cy>914</cy>
	 	 	</node>
	 	 	<node id="12" type="1">
	 	 	 	<cx>911</cx>
	 	 	 	<cy>697</cy>
	 	 	</node>
	 	 	<node id="13" type="1">
	 	 	 	<cx>440</cx>
	 	 	 	<cy>593</cy>
	 	 	</node>
	 	 	<node id="14" type="1">
	 	 	 	<cx>922</cx>
	 	 	 	<cy>765</cy>
	 	 	</node>
	 	 	<node id="15" type="1">
	 	 	 	<cx>185</cx>
	 	 	 	<cy>756</cy>
	 	 	</node>
	 	 	<node id="16" type="1">
	 	 	 	<cx>486</cx>
	 	 	 	<cy>158</cy>
	 	 	</node>
	 	 	<node id="17" type="1">
	 	 	 	<cx>993</cx>
	 	 	 	<cy>628</cy>
	 	 	</node>
	 	 	<node id="18" type="1">
	 	 	 	<cx>241</cx>
	 	 	 	<cy>33</cy>
	 	 	</node>
	 	 	<node id="19" type="1">
	 	 	 	<cx>200</cx>
	 	 	 	<cy>756</cy>
	 	 	</node>
	 	 	<node id="20" type="1">
	 	 	 	<cx>856</cx>
	 	 	 	<cy>440</cy>
	 	 	</node>
	 	 	<node id="21" type="1">
	 	 	 	<cx>471</cx>
	 	 	 	<cy>712</cy>
	 	 	</node>
	 	 	<node id="22" type="1">
	 	 	 	<cx>929</cx>
	 	 	 	<cy>649</cy>
	 	 	</node>
	 	 	<node id="23" type="1">
	 	 	 	<cx>811</cx>
	 	 	 	<cy>44</cy>
	 	 	</node>
	 	 	<node id="24" type="1">
	 	 	 	<cx>125</cx>
	 	 	 	<cy>727</cy>
	 	 	</node>
	 	 	<node id="25" type="1">
	 	 	 	<cx>830</cx>
	 	 	 	<cy>484</cy>
	 	 	</node>
	 	 	<node id="26" type="1">
	 	 	 	<cx>568</cx>
	 	 	 	<cy>366</cy>
	 	 	</node>
	 	 	<node id="27" type="1">
	 	 	 	<cx>261</cx>
	 	 	 	<cy>394</cy>
	 	 	</node>
	 	 	<node id="28" type="1">
	 	 	 	<cx>478</cx>
	 	 	 	<cy>965</cy>
	 	 	</node>
	 	 	<node id="29" type="1">
	 	 	 	<cx>726</cx>
	 	 	 	<cy>474</cy>
	 	 	</node>
	 	 	<node id="30" type="1">
	 	 	 	<cx>68</cx>
	 	 	 	<cy>952</cy>
	 	 	</node>
	 	 	<node id="31" type="1">
	 	 	 	<cx>747</cx>
	 	 	 	<cy>716</cy>
	 	 	</node>
	 	 	<node id="32" type="1">
	 	 	 	<cx>678</cx>
	 	 	 	<cy>366</cy>
	 	 	</node>
	 	 	<node id="33" type="1">
	 	 	 	<cx>17</cx>
	 	 	 	<cy>603</cy>
	 	 	</node>
	 	 	<node id="34" type="1">
	 	 	 	<cx>169</cx>
	 	 	 	<cy>689</cy>
	 	 	</node>
	 	 	<node id="35" type="1">
	 	 	 	<cx>916</cx>
	 	 	 	<cy>565</cy>
	 	 	</node>
	 	 	<node id="36" type="1">
	 	 	 	<cx>564</cx>
	 	 	 	<cy>913</cy>
	 	 	</node>
	 	 	<node id="37" type="1">
	 	 	 	<cx>268</cx>
	 	 	 	<cy>681</cy>
	 	 	</node>
	 	 	<node id="38" type="1">
	 	 	 	<cx>937</cx>
	 	 	 	<cy>878</cy>
	 	 	</node>
	 	 	<node id="39" type="1">
	 	 	 	<cx>370</cx>
	 	 	 	<cy>634</cy>
	 	 	</node>
	 	 	<node id="40" type="1">
	 	 	 	<cx>555</cx>
	 	 	 	<cy>847</cy>
	 	 	</node>
	 	 	<node id="41" type="1">
	 	 	 	<cx>246</cx>
	 	 	 	<cy>911</cy>
	 	 	</node>
	 	 	<node id="42" type="1">
	 	 	 	<cx>267</cx>
	 	 	 	<cy>333</cy>
	 	 	</node>
	 	 	<node id="43" type="1">
	 	 	 	<cx>166</cx>
	 	 	 	<cy>257</cy>
	 	 	</node>
	 	 	<node id="44" type="1">
	 	 	 	<cx>147</cx>
	 	 	 	<cy>179</cy>
	 	 	</node>
	 	 	<node id="45" type="1">
	 	 	 	<cx>418</cx>
	 	 	 	<cy>383</cy>
	 	 	</node>
	 	 	<node id="46" type="1">
	 	 	 	<cx>382</cx>
	 	 	 	<cy>886</cy>
	 	 	</node>
	 	 	<node id="47" type="1">
	 	 	 	<cx>312</cx>
	 	 	 	<cy>911</cy>
	 	 	</node>
	 	 	<node id="48" type="1">
	 	 	 	<cx>416</cx>
	 	 	 	<cy>186</cy>
	 	 	</node>
	 	 	<node id="49" type="1">
	 	 	 	<cx>457</cx>
	 	 	 	<cy>582</cy>
	 	 	</node>
	 	 	<node id="50" type="1">
	 	 	 	<cx>334</cx>
	 	 	 	<cy>882</cy>
	 	 	</node>
	 	 	<node id="51" type="1">
	 	 	 	<cx>269</cx>
	 	 	 	<cy>710</cy>
	 	 	</node>
	 	 	<node id="52" type="1">
	 	 	 	<cx>513</cx>
	 	 	 	<cy>910</cy>
	 	 	</node>
	 	 	<node id="53" type="1">
	 	 	 	<cx>739</cx>
	 	 	 	<cy>882</cy>
	 	 	</node>
	 	 	<node id="54" type="1">
	 	 	 	<cx>503</cx>
	 	 	 	<cy>682</cy>
	 	 	</node>
	 	 	<node id="55" type="1">
	 	 	 	<cx>451</cx>
	 	 	 	<cy>911</cy>
	 	 	</node>
	 	 	<node id="56" type="1">
	 	 	 	<cx>171</cx>
	 	 	 	<cy>656</cy>
	 	 	</node>
	 	 	<node id="57" type="1">
	 	 	 	<cx>843</cx>
	 	 	 	<cy>44</cy>
	 	 	</node>
	 	 	<node id="58" type="1">
	 	 	 	<cx>94</cx>
	 	 	 	<cy>165</cy>
	 	 	</node>
	 	 	<node id="59" type="1">
	 	 	 	<cx>726</cx>
	 	 	 	<cy>411</cy>
	 	 	</node>
	 	 	<node id="60" type="1">
	 	 	 	<cx>197</cx>
	 	 	 	<cy>498</cy>
	 	 	</node>
	 	 	<node id="61" type="1">
	 	 	 	<cx>49</cx>
	 	 	 	<cy>726</cy>
	 	 	</node>
	 	 	<node id="62" type="1">
	 	 	 	<cx>645</cx>
	 	 	 	<cy>224</cy>
	 	 	</node>
	 	 	<node id="63" type="1">
	 	 	 	<cx>915</cx>
	 	 	 	<cy>247</cy>
	 	 	</node>
	 	 	<node id="64" type="1">
	 	 	 	<cx>981</cx>
	 	 	 	<cy>775</cy>
	 	 	</node>
	 	 	<node id="65" type="1">
	 	 	 	<cx>844</cx>
	 	 	 	<cy>973</cy>
	 	 	</node>
	 	 	<node id="66" type="1">
	 	 	 	<cx>519</cx>
	 	 	 	<cy>268</cy>
	 	 	</node>
	 	 	<node id="67" type="1">
	 	 	 	<cx>291</cx>
	 	 	 	<cy>97</cy>
	 	 	</node>
	 	 	<node id="68" type="1">
	 	 	 	<cx>986</cx>
	 	 	 	<cy>589</cy>
	 	 	</node>
	 	 	<node id="69" type="1">
	 	 	 	<cx>414</cx>
	 	 	 	<cy>719</cy>
	 	 	</node>
	 	 	<node id="70" type="1">
	 	 	 	<cx>407</cx>
	 	 	 	<cy>720</cy>
	 	 	</node>
	 	 	<node id="71" type="1">
	 	 	 	<cx>82</cx>
	 	 	 	<cy>782</cy>
	 	 	</node>
	 	 	<node id="72" type="1">
	 	 	 	<cx>255</cx>
	 	 	 	<cy>312</cy>
	 	 	</node>
	 	 	<node id="73" type="1">
	 	 	 	<cx>151</cx>
	 	 	 	<cy>291</cy>
	 	 	</node>
	 	 	<node id="74" type="1">
	 	 	 	<cx>831</cx>
	 	 	 	<cy>520</cy>
	 	 	</node>
	 	 	<node id="75" type="1">
	 	 	 	<cx>970</cx>
	 	 	 	<cy>760</cy>
	 	 	</node>
	 	 	<node id="76" type="1">
	 	 	 	<cx>912</cx>
	 	 	 	<cy>77</cy>
	 	 	</node>
	 	 	<node id="77" type="1">
	 	 	 	<cx>150</cx>
	 	 	 	<cy>909</cy>
	 	 	</node>
	 	 	<node id="78" type="1">
	 	 	 	<cx>638</cx>
	 	 	 	<cy>624</cy>
	 	 	</node>
	 	 	<node id="79" type="1">
	 	 	 	<cx>585</cx>
	 	 	 	<cy>630</cy>
	 	 	</node>
	 	 	<node id="80" type="1">
	 	 	 	<cx>655</cx>
	 	 	 	<cy>287</cy>
	 	 	</node>
	 	 	<node id="81" type="1">
	 	 	 	<cx>708</cx>
	 	 	 	<cy>178</cy>
	 	 	</node>
	 	 	<node id="82" type="1">
	 	 	 	<cx>503</cx>
	 	 	 	<cy>504</cy>
	 	 	</node>
	 	 	<node id="83" type="1">
	 	 	 	<cx>14</cx>
	 	 	 	<cy>634</cy>
	 	 	</node>
	 	 	<node id="84" type="1">
	 	 	 	<cx>261</cx>
	 	 	 	<cy>106</cy>
	 	 	</node>
	 	 	<node id="85" type="1">
	 	 	 	<cx>825</cx>
	 	 	 	<cy>599</cy>
	 	 	</node>
	 	 	<node id="86" type="1">
	 	 	 	<cx>433</cx>
	 	 	 	<cy>646</cy>
	 	 	</node>
	 	 	<node id="87" type="1">
	 	 	 	<cx>298</cx>
	 	 	 	<cy>153</cy>
	 	 	</node>
	 	 	<node id="88" type="1">
	 	 	 	<cx>88</cx>
	 	 	 	<cy>970</cy>
	 	 	</node>
	 	 	<node id="89" type="1">
	 	 	 	<cx>704</cx>
	 	 	 	<cy>58</cy>
	 	 	</node>
	 	 	<node id="90" type="1">
	 	 	 	<cx>258</cx>
	 	 	 	<cy>52</cy>
	 	 	</node>
	 	 	<node id="91" type="1">
	 	 	 	<cx>930</cx>
	 	 	 	<cy>209</cy>
	 	 	</node>
	 	 	<node id="92" type="1">
	 	 	 	<cx>570</cx>
	 	 	 	<cy>72</cy>
	 	 	</node>
	 	 	<node id="93" type="1">
	 	 	 	<cx>252</cx>
	 	 	 	<cy>338</cy>
	 	 	</node>
	 	 	<node id="94" type="1">
	 	 	 	<cx>141</cx>
	 	 	 	<cy>741</cy>
	 	 	</node>
	 	 	<node id="95" type="1">
	 	 	 	<cx>353</cx>
	 	 	 	<cy>966</cy>
	 	 	</node>
	 	 	<node id="96" type="1">
	 	 	 	<cx>718</cx>
	 	 	 	<cy>880</cy>
	 	 	</node>
	 	 	<node id="97" type="1">
	 	 	 	<cx>581</cx>
	 	 	 	<cy>608</cy>
	 	 	</node>
	 	 	<node id="98" type="1">
	 	 	 	<cx>69</cx>
	 	 	 	<cy>246</cy>
	 	 	</node>
	 	 	<node id="99" type="1">
	 	 	 	<cx>469</cx>
	 	 	 	<cy>225</cy>
	 	 	</node>
	 	 	<node id="100" type="1">
	 	 	 	<cx>623</cx>
	 	 	 	<cy>619</cy>
	 	 	</node>
	 	 	<node id="101" type="1">
	 	 	 	<cx>501</cx>
	 	 	 	<cy>929</cy>
	 	 	</node>
	 	 	<node id="102" type="1">
	 	 	 	<cx>359</cx>
	 	 	 	<cy>117</cy>
	 	 	</node>
	 	 	<node id="103" type="1">
	 	 	 	<cx>128</cx>
	 	 	 	<cy>931</cy>
	 	 	</node>
	 	 	<node id="104" type="1">
	 	 	 	<cx>953</cx>
	 	 	 	<cy>786</cy>
	 	 	</node>
	 	 	<node id="105" type="1">
	 	 	 	<cx>30</cx>
	 	 	 	<cy>752</cy>
	 	 	</node>
	 	 	<node id="106" type="1">
	 	 	 	<cx>157</cx>
	 	 	 	<cy>419</cy>
	 	 	</node>
	 	 	<node id="107" type="1">
	 	 	 	<cx>637</cx>
	 	 	 	<cy>668</cy>
	 	 	</node>
	 	 	<node id="108" type="1">
	 	 	 	<cx>454</cx>
	 	 	 	<cy>640</cy>
	 	 	</node>
	 	 	<node id="109" type="1">
	 	 	 	<cx>888</cx>
	 	 	 	<cy>420</cy>
	 	 	</node>
	 	 	<node id="110" type="1">
	 	 	 	<cx>937</cx>
	 	 	 	<cy>231</cy>
	 	 	</node>
	 	 	<node id="111" type="1">
	 	 	 	<cx>252</cx>
	 	 	 	<cy>161</cy>
	 	 	</node>
	 	 	<node id="112" type="1">
	 	 	 	<cx>453</cx>
	 	 	 	<cy>708</cy>
	 	 	</node>
	 	 	<node id="113" type="1">
	 	 	 	<cx>995</cx>
	 	 	 	<cy>666</cy>
	 	 	</node>
	 	 	<node id="114" type="1">
	 	 	 	<cx>998</cx>
	 	 	 	<cy>151</cy>
	 	 	</node>
	 	 	<node id="115" type="1">
	 	 	 	<cx>687</cx>
	 	 	 	<cy>778</cy>
	 	 	</node>
	 	 	<node id="116" type="1">
	 	 	 	<cx>350</cx>
	 	 	 	<cy>281</cy>
	 	 	</node>
	 	 	<node id="117" type="1">
	 	 	 	<cx>977</cx>
	 	 	 	<cy>113</cy>
	 	 	</node>
	 	 	<node id="118" type="1">
	 	 	 	<cx>970</cx>
	 	 	 	<cy>790</cy>
	 	 	</node>
	 	 	<node id="119" type="1">
	 	 	 	<cx>604</cx>
	 	 	 	<cy>21</cy>
	 	 	</node>
	 	 	<node id="120" type="1">
	 	 	 	<cx>128</cx>
	 	 	 	<cy>917</cy>
	 	 	</node>
	 	 	<node id="121" type="1">
	 	 	 	<cx>664</cx>
	 	 	 	<cy>777</cy>
	 	 	</node>
	 	 	<node id="122" type="1">
	 	 	 	<cx>310</cx>
	 	 	 	<cy>275</cy>
	 	 	</node>
	 	 	<node id="123" type="1">
	 	 	 	<cx>122</cx>
	 	 	 	<cy>40</cy>
	 	 	</node>
	 	 	<node id="124" type="1">
	 	 	 	<cx>846</cx>
	 	 	 	<cy>937</cy>
	 	 	</node>
	 	 	<node id="125" type="1">
	 	 	 	<cx>586</cx>
	 	 	 	<cy>561</cy>
	 	 	</node>
	 	 	<node id="126" type="1">
	 	 	 	<cx>806</cx>
	 	 	 	<cy>751</cy>
	 	 	</node>
	 	 	<node id="127" type="1">
	 	 	 	<cx>312</cx>
	 	 	 	<cy>123</cy>
	 	 	</node>
	 	 	<node id="128" type="1">
	 	 	 	<cx>139</cx>
	 	 	 	<cy>930</cy>
	 	 	</node>
	 	 	<node id="129" type="1">
	 	 	 	<cx>479</cx>
	 	 	 	<cy>760</cy>
	 	 	</node>
	 	 	<node id="130" type="1">
	 	 	 	<cx>69</cx>
	 	 	 	<cy>875</cy>
	 	 	</node>
	 	 	<node id="131" type="1">
	 	 	 	<cx>698</cx>
	 	 	 	<cy>197</cy>
	 	 	</node>
	 	 	<node id="132" type="1">
	 	 	 	<cx>726</cx>
	 	 	 	<cy>250</cy>
	 	 	</node>
	 	 	<node id="133" type="1">
	 	 	 	<cx>782</cx>
	 	 	 	<cy>561</cy>
	 	 	</node>
	 	 	<node id="134" type="1">
	 	 	 	<cx>43</cx>
	 	 	 	<cy>320</cy>
	 	 	</node>
	 	 	<node id="135" type="1">
	 	 	 	<cx>757</cx>
	 	 	 	<cy>331</cy>
	 	 	</node>
	 	 	<node id="136" type="1">
	 	 	 	<cx>898</cx>
	 	 	 	<cy>518</cy>
	 	 	</node>
	 	 	<node id="137" type="1">
	 	 	 	<cx>133</cx>
	 	 	 	<cy>541</cy>
	 	 	</node>
	 	 	<node id="138" type="1">
	 	 	 	<cx>497</cx>
	 	 	 	<cy>279</cy>
	 	 	</node>
	 	 	<node id="139" type="1">
	 	 	 	<cx>418</cx>
	 	 	 	<cy>234</cy>
	 	 	</node>
	 	 	<node id="140" type="1">
	 	 	 	<cx>25</cx>
	 	 	 	<cy>118</cy>
	 	 	</node>
	 	 	<node id="141" type="1">
	 	 	 	<cx>880</cx>
	 	 	 	<cy>166</cy>
	 	 	</node>
	 	 	<node id="142" type="1">
	 	 	 	<cx>529</cx>
	 	 	 	<cy>957</cy>
	 	 	</node>
	 	 	<node id="143" type="1">
	 	 	 	<cx>565</cx>
	 	 	 	<cy>758</cy>
	 	 	</node>
	 	 	<node id="144" type="1">
	 	 	 	<cx>60</cx>
	 	 	 	<cy>701</cy>
	 	 	</node>
	 	 	<node id="145" type="1">
	 	 	 	<cx>567</cx>
	 	 	 	<cy>295</cy>
	 	 	</node>
	 	 	<node id="146" type="1">
	 	 	 	<cx>66</cx>
	 	 	 	<cy>72</cy>
	 	 	</node>
	 	 	<node id="147" type="1">
	 	 	 	<cx>535</cx>
	 	 	 	<cy>391</cy>
	 	 	</node>
	 	 	<node id="148" type="1">
	 	 	 	<cx>30</cx>
	 	 	 	<cy>683</cy>
	 	 	</node>
	 	 	<node id="149" type="1">
	 	 	 	<cx>447</cx>
	 	 	 	<cy>677</cy>
	 	 	</node>
	 	 	<node id="150" type="1">
	 	 	 	<cx>362</cx>
	 	 	 	<cy>365</cy>
	 	 	</node>
	 	 	<node id="151" type="1">
	 	 	 	<cx>618</cx>
	 	 	 	<cy>766</cy>
	 	 	</node>
	 	 	<node id="152" type="1">
	 	 	 	<cx>540</cx>
	 	 	 	<cy>747</cy>
	 	 	</node>
	 	 	<node id="153" type="1">
	 	 	 	<cx>972</cx>
	 	 	 	<cy>449</cy>
	 	 	</node>
	 	 	<node id="154" type="1">
	 	 	 	<cx>500</cx>
	 	 	 	<cy>86</cy>
	 	 	</node>
	 	 	<node id="155" type="1">
	 	 	 	<cx>555</cx>
	 	 	 	<cy>154</cy>
	 	 	</node>
	 	 	<node id="156" type="1">
	 	 	 	<cx>275</cx>
	 	 	 	<cy>341</cy>
	 	 	</node>
	 	 	<node id="157" type="1">
	 	 	 	<cx>299</cx>
	 	 	 	<cy>644</cy>
	 	 	</node>
	 	 	<node id="158" type="1">
	 	 	 	<cx>890</cx>
	 	 	 	<cy>504</cy>
	 	 	</node>
	 	 	<node id="159" type="1">
	 	 	 	<cx>42</cx>
	 	 	 	<cy>970</cy>
	 	 	</node>
	 	 	<node id="160" type="1">
	 	 	 	<cx>496</cx>
	 	 	 	<cy>177</cy>
	 	 	</node>
	 	 	<node id="161" type="1">
	 	 	 	<cx>789</cx>
	 	 	 	<cy>679</cy>
	 	 	</node>
	 	 	<node id="162" type="1">
	 	 	 	<cx>770</cx>
	 	 	 	<cy>402</cy>
	 	 	</node>
	 	 	<node id="163" type="1">
	 	 	 	<cx>229</cx>
	 	 	 	<cy>264</cy>
	 	 	</node>
	 	 	<node id="164" type="1">
	 	 	 	<cx>545</cx>
	 	 	 	<cy>735</cy>
	 	 	</node>
	 	 	<node id="165" type="1">
	 	 	 	<cx>504</cx>
	 	 	 	<cy>867</cy>
	 	 	</node>
	 	 	<node id="166" type="1">
	 	 	 	<cx>708</cx>
	 	 	 	<cy>580</cy>
	 	 	</node>
	 	 	<node id="167" type="1">
	 	 	 	<cx>218</cx>
	 	 	 	<cy>232</cy>
	 	 	</node>
	 	 	<node id="168" type="1">
	 	 	 	<cx>339</cx>
	 	 	 	<cy>760</cy>
	 	 	</node>
	 	 	<node id="169" type="1">
	 	 	 	<cx>710</cx>
	 	 	 	<cy>910</cy>
	 	 	</node>
	 	 	<node id="170" type="1">
	 	 	 	<cx>99</cx>
	 	 	 	<cy>352</cy>
	 	 	</node>
	 	 	<node id="171" type="1">
	 	 	 	<cx>564</cx>
	 	 	 	<cy>708</cy>
	 	 	</node>
	 	 	<node id="172" type="1">
	 	 	 	<cx>875</cx>
	 	 	 	<cy>761</cy>
	 	 	</node>
	 	 	<node id="173" type="1">
	 	 	 	<cx>376</cx>
	 	 	 	<cy>398</cy>
	 	 	</node>
	 	 	<node id="174" type="1">
	 	 	 	<cx>667</cx>
	 	 	 	<cy>49</cy>
	 	 	</node>
	 	 	<node id="175" type="1">
	 	 	 	<cx>774</cx>
	 	 	 	<cy>666</cy>
	 	 	</node>
	 	 	<node id="176" type="1">
	 	 	 	<cx>728</cx>
	 	 	 	<cy>515</cy>
	 	 	</node>
	 	 	<node id="177" type="1">
	 	 	 	<cx>676</cx>
	 	 	 	<cy>316</cy>
	 	 	</node>
	 	 	<node id="178" type="1">
	 	 	 	<cx>961</cx>
	 	 	 	<cy>518</cy>
	 	 	</node>
	 	 	<node id="179" type="1">
	 	 	 	<cx>811</cx>
	 	 	 	<cy>724</cy>
	 	 	</node>
	 	 	<node id="180" type="1">
	 	 	 	<cx>551</cx>
	 	 	 	<cy>563</cy>
	 	 	</node>
	 	 	<node id="181" type="1">
	 	 	 	<cx>484</cx>
	 	 	 	<cy>538</cy>
	 	 	</node>
	 	 	<node id="182" type="1">
	 	 	 	<cx>862</cx>
	 	 	 	<cy>621</cy>
	 	 	</node>
	 	 	<node id="183" type="1">
	 	 	 	<cx>589</cx>
	 	 	 	<cy>636</cy>
	 	 	</node>
	 	 	<node id="184" type="1">
	 	 	 	<cx>574</cx>
	 	 	 	<cy>712</cy>
	 	 	</node>
	 	 	<node id="185" type="1">
	 	 	 	<cx>879</cx>
	 	 	 	<cy>326</cy>
	 	 	</node>
	 	 	<node id="186" type="1">
	 	 	 	<cx>77</cx>
	 	 	 	<cy>733</cy>
	 	 	</node>
	 	 	<node id="187" type="1">
	 	 	 	<cx>476</cx>
	 	 	 	<cy>800</cy>
	 	 	</node>
	 	 	<node id="188" type="1">
	 	 	 	<cx>107</cx>
	 	 	 	<cy>535</cy>
	 	 	</node>
	 	 	<node id="189" type="1">
	 	 	 	<cx>643</cx>
	 	 	 	<cy>837</cy>
	 	 	</node>
	 	 	<node id="190" type="1">
	 	 	 	<cx>642</cx>
	 	 	 	<cy>249</cy>
	 	 	</node>
	 	 	<node id="191" type="1">
	 	 	 	<cx>793</cx>
	 	 	 	<cy>754</cy>
	 	 	</node>
	 	 	<node id="192" type="1">
	 	 	 	<cx>37</cx>
	 	 	 	<cy>871</cy>
	 	 	</node>
	 	 	<node id="193" type="1">
	 	 	 	<cx>760</cx>
	 	 	 	<cy>614</cy>
	 	 	</node>
	 	 	<node id="194" type="1">
	 	 	 	<cx>420</cx>
	 	 	 	<cy>78</cy>
	 	 	</node>
	 	 	<node id="195" type="1">
	 	 	 	<cx>312</cx>
	 	 	 	<cy>676</cy>
	 	 	</node>
	 	 	<node id="196" type="1">
	 	 	 	<cx>329</cx>
	 	 	 	<cy>322</cy>
	 	 	</node>
	 	 	<node id="197" type="1">
	 	 	 	<cx>919</cx>
	 	 	 	<cy>95</cy>
	 	 	</node>
	 	 	<node id="198" type="1">
	 	 	 	<cx>605</cx>
	 	 	 	<cy>144</cy>
	 	 	</node>
	 	 	<node id="199" type="1">
	 	 	 	<cx>763</cx>
	 	 	 	<cy>884</cy>
	 	 	</node>
	 	 	<node id="200" type="1">
	 	 	 	<cx>528</cx>
	 	 	 	<cy>760</cy>
	 	 	</node>
	 	 	<node id="201" type="1">
	 	 	 	<cx>9</cx>
	 	 	 	<cy>106</cy>
	 	 	</node>
	 	 	<node id="202" type="1">
	 	 	 	<cx>214</cx>
	 	 	 	<cy>887</cy>
	 	 	</node>
	 	 	<node id="203" type="1">
	 	 	 	<cx>323</cx>
	 	 	 	<cy>338</cy>
	 	 	</node>
	 	 	<node id="204" type="1">
	 	 	 	<cx>253</cx>
	 	 	 	<cy>819</cy>
	 	 	</node>
	 	 	<node id="205" type="1">
	 	 	 	<cx>628</cx>
	 	 	 	<cy>365</cy>
	 	 	</node>
	 	 	<node id="206" type="1">
	 	 	 	<cx>597</cx>
	 	 	 	<cy>761</cy>
	 	 	</node>
	 	 	<node id="207" type="1">
	 	 	 	<cx>128</cx>
	 	 	 	<cy>138</cy>
	 	 	</node>
	 	 	<node id="208" type="1">
	 	 	 	<cx>705</cx>
	 	 	 	<cy>400</cy>
	 	 	</node>
	 	 	<node id="209" type="1">
	 	 	 	<cx>571</cx>
	 	 	 	<cy>979</cy>
	 	 	</node>
	 	 	<node id="210" type="1">
	 	 	 	<cx>931</cx>
	 	 	 	<cy>739</cy>
	 	 	</node>
	 	 	<node id="211" type="1">
	 	 	 	<cx>764</cx>
	 	 	 	<cy>26</cy>
	 	 	</node>
	 	 	<node id="212" type="1">
	 	 	 	<cx>162</cx>
	 	 	 	<cy>169</cy>
	 	 	</node>
	 	 	<node id="213" type="1">
	 	 	 	<cx>338</cx>
	 	 	 	<cy>947</cy>
	 	 	</node>
	 	 	<node id="214" type="1">
	 	 	 	<cx>718</cx>
	 	 	 	<cy>807</cy>
	 	 	</node>
	 	 	<node id="215" type="1">
	 	 	 	<cx>769</cx>
	 	 	 	<cy>882</cy>
	 	 	</node>
	 	 	<node id="216" type="1">
	 	 	 	<cx>480</cx>
	 	 	 	<cy>60</cy>
	 	 	</node>
	 	 	<node id="217" type="1">
	 	 	 	<cx>635</cx>
	 	 	 	<cy>657</cy>
	 	 	</node>
	 	 	<node id="218" type="1">
	 	 	 	<cx>292</cx>
	 	 	 	<cy>467</cy>
	 	 	</node>
	 	 	<node id="219" type="1">
	 	 	 	<cx>136</cx>
	 	 	 	<cy>228</cy>
	 	 	</node>
	 	 	<node id="220" type="1">
	 	 	 	<cx>593</cx>
	 	 	 	<cy>769</cy>
	 	 	</node>
	 	 	<node id="221" type="1">
	 	 	 	<cx>866</cx>
	 	 	 	<cy>390</cy>
	 	 	</node>
	 	 	<node id="222" type="1">
	 	 	 	<cx>313</cx>
	 	 	 	<cy>239</cy>
	 	 	</node>
	 	 	<node id="223" type="1">
	 	 	 	<cx>813</cx>
	 	 	 	<cy>727</cy>
	 	 	</node>
	 	 	<node id="224" type="1">
	 	 	 	<cx>12</cx>
	 	 	 	<cy>260</cy>
	 	 	</node>
	 	 	<node id="225" type="1">
	 	 	 	<cx>642</cx>
	 	 	 	<cy>817</cy>
	 	 	</node>
	 	 	<node id="226" type="1">
	 	 	 	<cx>271</cx>
	 	 	 	<cy>154</cy>
	 	 	</node>
	 	 	<node id="227" type="1">
	 	 	 	<cx>196</cx>
	 	 	 	<cy>682</cy>
	 	 	</node>
	 	 	<node id="228" type="1">
	 	 	 	<cx>330</cx>
	 	 	 	<cy>261</cy>
	 	 	</node>
	 	 	<node id="229" type="1">
	 	 	 	<cx>250</cx>
	 	 	 	<cy>283</cy>
	 	 	</node>
	 	 	<node id="230" type="1">
	 	 	 	<cx>358</cx>
	 	 	 	<cy>273</cy>
	 	 	</node>
	 	 	<node id="231" type="1">
	 	 	 	<cx>950</cx>
	 	 	 	<cy>598</cy>
	 	 	</node>
	 	 	<node id="232" type="1">
	 	 	 	<cx>244</cx>
	 	 	 	<cy>524</cy>
	 	 	</node>
	 	 	<node id="233" type="1">
	 	 	 	<cx>583</cx>
	 	 	 	<cy>858</cy>
	 	 	</node>
	 	 	<node id="234" type="1">
	 	 	 	<cx>388</cx>
	 	 	 	<cy>295</cy>
	 	 	</node>
	 	 	<node id="235" type="1">
	 	 	 	<cx>677</cx>
	 	 	 	<cy>853</cy>
	 	 	</node>
	 	 	<node id="236" type="1">
	 	 	 	<cx>748</cx>
	 	 	 	<cy>608</cy>
	 	 	</node>
	 	 	<node id="237" type="1">
	 	 	 	<cx>254</cx>
	 	 	 	<cy>471</cy>
	 	 	</node>
	 	 	<node id="238" type="1">
	 	 	 	<cx>301</cx>
	 	 	 	<cy>270</cy>
	 	 	</node>
	 	 	<node id="239" type="1">
	 	 	 	<cx>115</cx>
	 	 	 	<cy>623</cy>
	 	 	</node>
	 	 	<node id="240" type="1">
	 	 	 	<cx>159</cx>
	 	 	 	<cy>246</cy>
	 	 	</node>
	 	 	<node id="241" type="1">
	 	 	 	<cx>900</cx>
	 	 	 	<cy>400</cy>
	 	 	</node>
	 	 	<node id="242" type="1">
	 	 	 	<cx>298</cx>
	 	 	 	<cy>216</cy>
	 	 	</node>
	 	 	<node id="243" type="1">
	 	 	 	<cx>313</cx>
	 	 	 	<cy>219</cy>
	 	 	</node>
	 	 	<node id="244" type="1">
	 	 	 	<cx>393</cx>
	 	 	 	<cy>252</cy>
	 	 	</node>
	 	 	<node id="245" type="1">
	 	 	 	<cx>847</cx>
	 	 	 	<cy>676</cy>
	 	 	</node>
	 	 	<node id="246" type="1">
	 	 	 	<cx>271</cx>
	 	 	 	<cy>197</cy>
	 	 	</node>
	 	 	<node id="247" type="1">
	 	 	 	<cx>429</cx>
	 	 	 	<cy>275</cy>
	 	 	</node>
	 	 	<node id="248" type="1">
	 	 	 	<cx>281</cx>
	 	 	 	<cy>865</cy>
	 	 	</node>
	 	 	<node id="249" type="1">
	 	 	 	<cx>842</cx>
	 	 	 	<cy>436</cy>
	 	 	</node>
	 	 	<node id="250" type="1">
	 	 	 	<cx>320</cx>
	 	 	 	<cy>268</cy>
	 	 	</node>
	 	 	<node id="251" type="1">
	 	 	 	<cx>232</cx>
	 	 	 	<cy>202</cy>
	 	 	</node>
	 	 	<node id="252" type="1">
	 	 	 	<cx>503</cx>
	 	 	 	<cy>302</cy>
	 	 	</node>
	 	 	<node id="253" type="1">
	 	 	 	<cx>362</cx>
	 	 	 	<cy>128</cy>
	 	 	</node>
	 	 	<node id="254" type="1">
	 	 	 	<cx>385</cx>
	 	 	 	<cy>201</cy>
	 	 	</node>
	 	 	<node id="255" type="1">
	 	 	 	<cx>222</cx>
	 	 	 	<cy>615</cy>
	 	 	</node>
	 	 	<node id="256" type="1">
	 	 	 	<cx>952</cx>
	 	 	 	<cy>426</cy>
	 	 	</node>
	 	 	<node id="257" type="1">
	 	 	 	<cx>589</cx>
	 	 	 	<cy>627</cy>
	 	 	</node>
	 	 	<node id="258" type="1">
	 	 	 	<cx>400</cx>
	 	 	 	<cy>209</cy>
	 	 	</node>
	 	 	<node id="259" type="1">
	 	 	 	<cx>141</cx>
	 	 	 	<cy>757</cy>
	 	 	</node>
	 	 	<node id="260" type="1">
	 	 	 	<cx>730</cx>
	 	 	 	<cy>710</cy>
	 	 	</node>
	 	 	<node id="261" type="1">
	 	 	 	<cx>242</cx>
	 	 	 	<cy>378</cy>
	 	 	</node>
	 	 	<node id="262" type="1">
	 	 	 	<cx>175</cx>
	 	 	 	<cy>791</cy>
	 	 	</node>
	 	 	<node id="263" type="1">
	 	 	 	<cx>194</cx>
	 	 	 	<cy>777</cy>
	 	 	</node>
	 	 	<node id="264" type="1">
	 	 	 	<cx>190</cx>
	 	 	 	<cy>651</cy>
	 	 	</node>
	 	 	<node id="265" type="1">
	 	 	 	<cx>312</cx>
	 	 	 	<cy>187</cy>
	 	 	</node>
	 	 	<node id="266" type="1">
	 	 	 	<cx>730</cx>
	 	 	 	<cy>646</cy>
	 	 	</node>
	 	 	<node id="267" type="1">
	 	 	 	<cx>366</cx>
	 	 	 	<cy>181</cy>
	 	 	</node>
	 	 	<node id="268" type="1">
	 	 	 	<cx>50</cx>
	 	 	 	<cy>248</cy>
	 	 	</node>
	 	 	<node id="269" type="1">
	 	 	 	<cx>353</cx>
	 	 	 	<cy>270</cy>
	 	 	</node>
	 	 	<node id="270" type="1">
	 	 	 	<cx>652</cx>
	 	 	 	<cy>784</cy>
	 	 	</node>
	 	 	<node id="271" type="1">
	 	 	 	<cx>306</cx>
	 	 	 	<cy>316</cy>
	 	 	</node>
	 	 	<node id="272" type="1">
	 	 	 	<cx>390</cx>
	 	 	 	<cy>185</cy>
	 	 	</node>
	 	 	<node id="273" type="1">
	 	 	 	<cx>767</cx>
	 	 	 	<cy>916</cy>
	 	 	</node>
	 	 	<node id="274" type="1">
	 	 	 	<cx>648</cx>
	 	 	 	<cy>820</cy>
	 	 	</node>
	 	 	<node id="275" type="1">
	 	 	 	<cx>950</cx>
	 	 	 	<cy>134</cy>
	 	 	</node>
	 	 	<node id="276" type="1">
	 	 	 	<cx>259</cx>
	 	 	 	<cy>336</cy>
	 	 	</node>
	 	 	<node id="277" type="1">
	 	 	 	<cx>218</cx>
	 	 	 	<cy>666</cy>
	 	 	</node>
	 	 	<node id="278" type="1">
	 	 	 	<cx>405</cx>
	 	 	 	<cy>778</cy>
	 	 	</node>
	 	 	<node id="279" type="1">
	 	 	 	<cx>176</cx>
	 	 	 	<cy>687</cy>
	 	 	</node>
	 	 	<node id="280" type="1">
	 	 	 	<cx>687</cx>
	 	 	 	<cy>796</cy>
	 	 	</node>
	 	 	<node id="281" type="1">
	 	 	 	<cx>288</cx>
	 	 	 	<cy>233</cy>
	 	 	</node>
	 	 	<node id="282" type="1">
	 	 	 	<cx>164</cx>
	 	 	 	<cy>230</cy>
	 	 	</node>
	 	 	<node id="283" type="1">
	 	 	 	<cx>631</cx>
	 	 	 	<cy>800</cy>
	 	 	</node>
	 	 	<node id="284" type="1">
	 	 	 	<cx>475</cx>
	 	 	 	<cy>364</cy>
	 	 	</node>
	 	 	<node id="285" type="1">
	 	 	 	<cx>644</cx>
	 	 	 	<cy>787</cy>
	 	 	</node>
	 	 	<node id="286" type="1">
	 	 	 	<cx>387</cx>
	 	 	 	<cy>115</cy>
	 	 	</node>
	 	 	<node id="287" type="1">
	 	 	 	<cx>430</cx>
	 	 	 	<cy>195</cy>
	 	 	</node>
	 	 	<node id="288" type="1">
	 	 	 	<cx>844</cx>
	 	 	 	<cy>347</cy>
	 	 	</node>
	 	 	<node id="289" type="1">
	 	 	 	<cx>159</cx>
	 	 	 	<cy>665</cy>
	 	 	</node>
	 	 	<node id="290" type="1">
	 	 	 	<cx>385</cx>
	 	 	 	<cy>195</cy>
	 	 	</node>
	 	 	<node id="291" type="1">
	 	 	 	<cx>777</cx>
	 	 	 	<cy>779</cy>
	 	 	</node>
	 	 	<node id="292" type="1">
	 	 	 	<cx>784</cx>
	 	 	 	<cy>688</cy>
	 	 	</node>
	 	 	<node id="293" type="1">
	 	 	 	<cx>802</cx>
	 	 	 	<cy>671</cy>
	 	 	</node>
	 	 	<node id="294" type="1">
	 	 	 	<cx>273</cx>
	 	 	 	<cy>68</cy>
	 	 	</node>
	 	 	<node id="295" type="1">
	 	 	 	<cx>115</cx>
	 	 	 	<cy>719</cy>
	 	 	</node>
	 	 	<node id="296" type="1">
	 	 	 	<cx>201</cx>
	 	 	 	<cy>591</cy>
	 	 	</node>
	 	 	<node id="297" type="1">
	 	 	 	<cx>126</cx>
	 	 	 	<cy>178</cy>
	 	 	</node>
	 	 	<node id="298" type="1">
	 	 	 	<cx>328</cx>
	 	 	 	<cy>138</cy>
	 	 	</node>
	 	 	<node id="299" type="1">
	 	 	 	<cx>170</cx>
	 	 	 	<cy>673</cy>
	 	 	</node>
	 	 	<node id="300" type="1">
	 	 	 	<cx>43</cx>
	 	 	 	<cy>227</cy>
	 	 	</node>
	 	 	<node id="301" type="1">
	 	 	 	<cx>761</cx>
	 	 	 	<cy>811</cy>
	 	 	</node>
	 	 	<node id="302" type="1">
	 	 	 	<cx>964</cx>
	 	 	 	<cy>859</cy>
	 	 	</node>
	 	 	<node id="303" type="1">
	 	 	 	<cx>949</cx>
	 	 	 	<cy>412</cy>
	 	 	</node>
	 	 	<node id="304" type="1">
	 	 	 	<cx>282</cx>
	 	 	 	<cy>187</cy>
	 	 	</node>
	 	 	<node id="305" type="1">
	 	 	 	<cx>645</cx>
	 	 	 	<cy>937</cy>
	 	 	</node>
	 	 	<node id="306" type="1">
	 	 	 	<cx>88</cx>
	 	 	 	<cy>608</cy>
	 	 	</node>
	 	 	<node id="307" type="1">
	 	 	 	<cx>469</cx>
	 	 	 	<cy>662</cy>
	 	 	</node>
	 	 	<node id="308" type="1">
	 	 	 	<cx>194</cx>
	 	 	 	<cy>760</cy>
	 	 	</node>
	 	 	<node id="309" type="1">
	 	 	 	<cx>307</cx>
	 	 	 	<cy>322</cy>
	 	 	</node>
	 	 	<node id="310" type="1">
	 	 	 	<cx>364</cx>
	 	 	 	<cy>163</cy>
	 	 	</node>
	 	 	<node id="311" type="1">
	 	 	 	<cx>814</cx>
	 	 	 	<cy>726</cy>
	 	 	</node>
	 	 	<node id="312" type="1">
	 	 	 	<cx>44</cx>
	 	 	 	<cy>357</cy>
	 	 	</node>
	 	 	<node id="313" type="1">
	 	 	 	<cx>249</cx>
	 	 	 	<cy>222</cy>
	 	 	</node>
	 	 	<node id="314" type="1">
	 	 	 	<cx>754</cx>
	 	 	 	<cy>663</cy>
	 	 	</node>
	 	 	<node id="315" type="1">
	 	 	 	<cx>457</cx>
	 	 	 	<cy>666</cy>
	 	 	</node>
	 	 	<node id="316" type="1">
	 	 	 	<cx>302</cx>
	 	 	 	<cy>159</cy>
	 	 	</node>
	 	 	<node id="317" type="1">
	 	 	 	<cx>685</cx>
	 	 	 	<cy>772</cy>
	 	 	</node>
	 	 	<node id="318" type="1">
	 	 	 	<cx>224</cx>
	 	 	 	<cy>678</cy>
	 	 	</node>
	 	 	<node id="319" type="1">
	 	 	 	<cx>119</cx>
	 	 	 	<cy>717</cy>
	 	 	</node>
	 	 	<node id="320" type="1">
	 	 	 	<cx>362</cx>
	 	 	 	<cy>172</cy>
	 	 	</node>
	 	 	<node id="321" type="1">
	 	 	 	<cx>660</cx>
	 	 	 	<cy>817</cy>
	 	 	</node>
	 	 	<node id="322" type="1">
	 	 	 	<cx>392</cx>
	 	 	 	<cy>252</cy>
	 	 	</node>
	 	 	<node id="323" type="1">
	 	 	 	<cx>611</cx>
	 	 	 	<cy>940</cy>
	 	 	</node>
	 	 	<node id="324" type="1">
	 	 	 	<cx>421</cx>
	 	 	 	<cy>282</cy>
	 	 	</node>
	 	 	<node id="325" type="1">
	 	 	 	<cx>360</cx>
	 	 	 	<cy>280</cy>
	 	 	</node>
	 	 	<node id="326" type="1">
	 	 	 	<cx>312</cx>
	 	 	 	<cy>272</cy>
	 	 	</node>
	 	 	<node id="327" type="1">
	 	 	 	<cx>359</cx>
	 	 	 	<cy>422</cy>
	 	 	</node>
	 	 	<node id="328" type="1">
	 	 	 	<cx>930</cx>
	 	 	 	<cy>449</cy>
	 	 	</node>
	 	 	<node id="329" type="1">
	 	 	 	<cx>727</cx>
	 	 	 	<cy>839</cy>
	 	 	</node>
	 	 	<node id="330" type="1">
	 	 	 	<cx>362</cx>
	 	 	 	<cy>174</cy>
	 	 	</node>
	 	 	<node id="331" type="1">
	 	 	 	<cx>865</cx>
	 	 	 	<cy>435</cy>
	 	 	</node>
	 	 	<node id="332" type="1">
	 	 	 	<cx>865</cx>
	 	 	 	<cy>403</cy>
	 	 	</node>
	 	 	<node id="333" type="1">
	 	 	 	<cx>652</cx>
	 	 	 	<cy>771</cy>
	 	 	</node>
	 	 	<node id="334" type="1">
	 	 	 	<cx>640</cx>
	 	 	 	<cy>408</cy>
	 	 	</node>
	 	 	<node id="335" type="1">
	 	 	 	<cx>574</cx>
	 	 	 	<cy>311</cy>
	 	 	</node>
	 	 	<node id="336" type="1">
	 	 	 	<cx>205</cx>
	 	 	 	<cy>298</cy>
	 	 	</node>
	 	 	<node id="337" type="1">
	 	 	 	<cx>634</cx>
	 	 	 	<cy>902</cy>
	 	 	</node>
	 	 	<node id="338" type="1">
	 	 	 	<cx>323</cx>
	 	 	 	<cy>219</cy>
	 	 	</node>
	 	 	<node id="339" type="1">
	 	 	 	<cx>378</cx>
	 	 	 	<cy>170</cy>
	 	 	</node>
	 	 	<node id="340" type="1">
	 	 	 	<cx>290</cx>
	 	 	 	<cy>86</cy>
	 	 	</node>
	 	 	<node id="341" type="1">
	 	 	 	<cx>904</cx>
	 	 	 	<cy>421</cy>
	 	 	</node>
	 	 	<node id="342" type="1">
	 	 	 	<cx>439</cx>
	 	 	 	<cy>192</cy>
	 	 	</node>
	 	 	<node id="343" type="1">
	 	 	 	<cx>315</cx>
	 	 	 	<cy>230</cy>
	 	 	</node>
	 	 	<node id="344" type="1">
	 	 	 	<cx>899</cx>
	 	 	 	<cy>450</cy>
	 	 	</node>
	 	 	<node id="345" type="1">
	 	 	 	<cx>623</cx>
	 	 	 	<cy>138</cy>
	 	 	</node>
	 	 	<node id="346" type="1">
	 	 	 	<cx>230</cx>
	 	 	 	<cy>220</cy>
	 	 	</node>
	 	 	<node id="347" type="1">
	 	 	 	<cx>246</cx>
	 	 	 	<cy>268</cy>
	 	 	</node>
	 	 	<node id="348" type="1">
	 	 	 	<cx>155</cx>
	 	 	 	<cy>167</cy>
	 	 	</node>
	 	 	<node id="349" type="1">
	 	 	 	<cx>164</cx>
	 	 	 	<cy>337</cy>
	 	 	</node>
	 	 	<node id="350" type="1">
	 	 	 	<cx>23</cx>
	 	 	 	<cy>271</cy>
	 	 	</node>
	 	 	<node id="351" type="1">
	 	 	 	<cx>432</cx>
	 	 	 	<cy>202</cy>
	 	 	</node>
	 	 	<node id="352" type="1">
	 	 	 	<cx>364</cx>
	 	 	 	<cy>194</cy>
	 	 	</node>
	 	 	<node id="353" type="1">
	 	 	 	<cx>296</cx>
	 	 	 	<cy>166</cy>
	 	 	</node>
	 	 	<node id="354" type="1">
	 	 	 	<cx>347</cx>
	 	 	 	<cy>322</cy>
	 	 	</node>
	 	 	<node id="355" type="1">
	 	 	 	<cx>943</cx>
	 	 	 	<cy>753</cy>
	 	 	</node>
	 	 	<node id="356" type="1">
	 	 	 	<cx>206</cx>
	 	 	 	<cy>641</cy>
	 	 	</node>
	 	 	<node id="357" type="1">
	 	 	 	<cx>795</cx>
	 	 	 	<cy>780</cy>
	 	 	</node>
	 	 	<node id="358" type="1">
	 	 	 	<cx>796</cx>
	 	 	 	<cy>849</cy>
	 	 	</node>
	 	 	<node id="359" type="1">
	 	 	 	<cx>196</cx>
	 	 	 	<cy>585</cy>
	 	 	</node>
	 	 	<node id="360" type="1">
	 	 	 	<cx>189</cx>
	 	 	 	<cy>611</cy>
	 	 	</node>
	 	 	<node id="361" type="1">
	 	 	 	<cx>306</cx>
	 	 	 	<cy>225</cy>
	 	 	</node>
	 	 	<node id="362" type="1">
	 	 	 	<cx>818</cx>
	 	 	 	<cy>409</cy>
	 	 	</node>
	 	 	<node id="363" type="1">
	 	 	 	<cx>95</cx>
	 	 	 	<cy>550</cy>
	 	 	</node>
	 	 	<node id="364" type="1">
	 	 	 	<cx>792</cx>
	 	 	 	<cy>819</cy>
	 	 	</node>
	 	 	<node id="365" type="1">
	 	 	 	<cx>727</cx>
	 	 	 	<cy>707</cy>
	 	 	</node>
	 	 	<node id="366" type="1">
	 	 	 	<cx>190</cx>
	 	 	 	<cy>624</cy>
	 	 	</node>
	 	 	<node id="367" type="1">
	 	 	 	<cx>161</cx>
	 	 	 	<cy>32</cy>
	 	 	</node>
	 	 	<node id="368" type="1">
	 	 	 	<cx>739</cx>
	 	 	 	<cy>302</cy>
	 	 	</node>
	 	 	<node id="369" type="1">
	 	 	 	<cx>769</cx>
	 	 	 	<cy>778</cy>
	 	 	</node>
	 	 	<node id="370" type="1">
	 	 	 	<cx>631</cx>
	 	 	 	<cy>849</cy>
	 	 	</node>
	 	 	<node id="371" type="1">
	 	 	 	<cx>68</cx>
	 	 	 	<cy>320</cy>
	 	 	</node>
	 	 	<node id="372" type="1">
	 	 	 	<cx>952</cx>
	 	 	 	<cy>269</cy>
	 	 	</node>
	 	 	<node id="373" type="1">
	 	 	 	<cx>315</cx>
	 	 	 	<cy>199</cy>
	 	 	</node>
	 	 	<node id="374" type="1">
	 	 	 	<cx>193</cx>
	 	 	 	<cy>734</cy>
	 	 	</node>
	 	 	<node id="375" type="1">
	 	 	 	<cx>605</cx>
	 	 	 	<cy>969</cy>
	 	 	</node>
	 	 	<node id="376" type="1">
	 	 	 	<cx>130</cx>
	 	 	 	<cy>185</cy>
	 	 	</node>
	 	 	<node id="377" type="1">
	 	 	 	<cx>418</cx>
	 	 	 	<cy>214</cy>
	 	 	</node>
	 	 	<node id="378" type="1">
	 	 	 	<cx>326</cx>
	 	 	 	<cy>236</cy>
	 	 	</node>
	 	 	<node id="379" type="1">
	 	 	 	<cx>978</cx>
	 	 	 	<cy>671</cy>
	 	 	</node>
	 	 	<node id="380" type="1">
	 	 	 	<cx>952</cx>
	 	 	 	<cy>836</cy>
	 	 	</node>
	 	 	<node id="381" type="1">
	 	 	 	<cx>344</cx>
	 	 	 	<cy>269</cy>
	 	 	</node>
	 	 	<node id="382" type="1">
	 	 	 	<cx>270</cx>
	 	 	 	<cy>271</cy>
	 	 	</node>
	 	 	<node id="383" type="1">
	 	 	 	<cx>771</cx>
	 	 	 	<cy>647</cy>
	 	 	</node>
	 	 	<node id="384" type="1">
	 	 	 	<cx>397</cx>
	 	 	 	<cy>238</cy>
	 	 	</node>
	 	 	<node id="385" type="1">
	 	 	 	<cx>196</cx>
	 	 	 	<cy>8</cy>
	 	 	</node>
	 	 	<node id="386" type="1">
	 	 	 	<cx>238</cx>
	 	 	 	<cy>225</cy>
	 	 	</node>
	 	 	<node id="387" type="1">
	 	 	 	<cx>49</cx>
	 	 	 	<cy>245</cy>
	 	 	</node>
	 	 	<node id="388" type="1">
	 	 	 	<cx>826</cx>
	 	 	 	<cy>339</cy>
	 	 	</node>
	 	 	<node id="389" type="1">
	 	 	 	<cx>266</cx>
	 	 	 	<cy>151</cy>
	 	 	</node>
	 	 	<node id="390" type="1">
	 	 	 	<cx>914</cx>
	 	 	 	<cy>448</cy>
	 	 	</node>
	 	 	<node id="391" type="1">
	 	 	 	<cx>878</cx>
	 	 	 	<cy>317</cy>
	 	 	</node>
	 	 	<node id="392" type="1">
	 	 	 	<cx>332</cx>
	 	 	 	<cy>208</cy>
	 	 	</node>
	 	 	<node id="393" type="1">
	 	 	 	<cx>68</cx>
	 	 	 	<cy>190</cy>
	 	 	</node>
	 	 	<node id="394" type="1">
	 	 	 	<cx>298</cx>
	 	 	 	<cy>259</cy>
	 	 	</node>
	 	 	<node id="395" type="1">
	 	 	 	<cx>883</cx>
	 	 	 	<cy>786</cy>
	 	 	</node>
	 	 	<node id="396" type="1">
	 	 	 	<cx>865</cx>
	 	 	 	<cy>354</cy>
	 	 	</node>
	 	 	<node id="397" type="1">
	 	 	 	<cx>356</cx>
	 	 	 	<cy>215</cy>
	 	 	</node>
	 	 	<node id="398" type="1">
	 	 	 	<cx>839</cx>
	 	 	 	<cy>318</cy>
	 	 	</node>
	 	 	<node id="399" type="1">
	 	 	 	<cx>243</cx>
	 	 	 	<cy>672</cy>
	 	 	</node>
	 	 	<node id="400" type="1">
	 	 	 	<cx>652</cx>
	 	 	 	<cy>671</cy>
	 	 	</node>
	 	 	<node id="401" type="1">
	 	 	 	<cx>66</cx>
	 	 	 	<cy>242</cy>
	 	 	</node>
	 	 	<node id="402" type="1">
	 	 	 	<cx>668</cx>
	 	 	 	<cy>495</cy>
	 	 	</node>
	 	 	<node id="403" type="1">
	 	 	 	<cx>343</cx>
	 	 	 	<cy>94</cy>
	 	 	</node>
	 	 	<node id="404" type="1">
	 	 	 	<cx>215</cx>
	 	 	 	<cy>0</cy>
	 	 	</node>
	 	 	<node id="405" type="1">
	 	 	 	<cx>269</cx>
	 	 	 	<cy>280</cy>
	 	 	</node>
	 	 	<node id="406" type="1">
	 	 	 	<cx>676</cx>
	 	 	 	<cy>898</cy>
	 	 	</node>
	 	 	<node id="407" type="1">
	 	 	 	<cx>282</cx>
	 	 	 	<cy>320</cy>
	 	 	</node>
	 	 	<node id="408" type="1">
	 	 	 	<cx>185</cx>
	 	 	 	<cy>62</cy>
	 	 	</node>
	 	 	<node id="409" type="1">
	 	 	 	<cx>994</cx>
	 	 	 	<cy>368</cy>
	 	 	</node>
	 	 	<node id="410" type="1">
	 	 	 	<cx>251</cx>
	 	 	 	<cy>159</cy>
	 	 	</node>
	 	 	<node id="411" type="1">
	 	 	 	<cx>56</cx>
	 	 	 	<cy>273</cy>
	 	 	</node>
	 	 	<node id="412" type="1">
	 	 	 	<cx>133</cx>
	 	 	 	<cy>311</cy>
	 	 	</node>
	 	 	<node id="413" type="1">
	 	 	 	<cx>239</cx>
	 	 	 	<cy>64</cy>
	 	 	</node>
	 	 	<node id="414" type="1">
	 	 	 	<cx>376</cx>
	 	 	 	<cy>228</cy>
	 	 	</node>
	 	 	<node id="415" type="1">
	 	 	 	<cx>378</cx>
	 	 	 	<cy>491</cy>
	 	 	</node>
	 	 	<node id="416" type="1">
	 	 	 	<cx>252</cx>
	 	 	 	<cy>657</cy>
	 	 	</node>
	 	 	<node id="417" type="1">
	 	 	 	<cx>182</cx>
	 	 	 	<cy>66</cy>
	 	 	</node>
	 	 	<node id="418" type="1">
	 	 	 	<cx>748</cx>
	 	 	 	<cy>760</cy>
	 	 	</node>
	 	 	<node id="419" type="1">
	 	 	 	<cx>154</cx>
	 	 	 	<cy>103</cy>
	 	 	</node>
	 	 	<node id="420" type="1">
	 	 	 	<cx>656</cx>
	 	 	 	<cy>923</cy>
	 	 	</node>
	 	 	<node id="421" type="1">
	 	 	 	<cx>361</cx>
	 	 	 	<cy>224</cy>
	 	 	</node>
	 	 	<node id="422" type="1">
	 	 	 	<cx>230</cx>
	 	 	 	<cy>160</cy>
	 	 	</node>
	 	 	<node id="423" type="1">
	 	 	 	<cx>363</cx>
	 	 	 	<cy>344</cy>
	 	 	</node>
	 	 	<node id="424" type="1">
	 	 	 	<cx>337</cx>
	 	 	 	<cy>211</cy>
	 	 	</node>
	 	 	<node id="425" type="1">
	 	 	 	<cx>749</cx>
	 	 	 	<cy>800</cy>
	 	 	</node>
	 	 	<node id="426" type="1">
	 	 	 	<cx>1</cx>
	 	 	 	<cy>293</cy>
	 	 	</node>
	 	 	<node id="427" type="1">
	 	 	 	<cx>729</cx>
	 	 	 	<cy>319</cy>
	 	 	</node>
	 	 	<node id="428" type="1">
	 	 	 	<cx>285</cx>
	 	 	 	<cy>650</cy>
	 	 	</node>
	 	 	<node id="429" type="1">
	 	 	 	<cx>331</cx>
	 	 	 	<cy>10</cy>
	 	 	</node>
	 	 	<node id="430" type="1">
	 	 	 	<cx>199</cx>
	 	 	 	<cy>630</cy>
	 	 	</node>
	 	 	<node id="431" type="1">
	 	 	 	<cx>781</cx>
	 	 	 	<cy>445</cy>
	 	 	</node>
	 	 	<node id="432" type="1">
	 	 	 	<cx>590</cx>
	 	 	 	<cy>258</cy>
	 	 	</node>
	 	 	<node id="433" type="1">
	 	 	 	<cx>364</cx>
	 	 	 	<cy>204</cy>
	 	 	</node>
	 	 	<node id="434" type="1">
	 	 	 	<cx>324</cx>
	 	 	 	<cy>224</cy>
	 	 	</node>
	 	 	<node id="435" type="1">
	 	 	 	<cx>56</cx>
	 	 	 	<cy>412</cy>
	 	 	</node>
	 	 	<node id="436" type="1">
	 	 	 	<cx>208</cx>
	 	 	 	<cy>238</cy>
	 	 	</node>
	 	 	<node id="437" type="1">
	 	 	 	<cx>197</cx>
	 	 	 	<cy>739</cy>
	 	 	</node>
	 	 	<node id="438" type="1">
	 	 	 	<cx>455</cx>
	 	 	 	<cy>395</cy>
	 	 	</node>
	 	 	<node id="439" type="1">
	 	 	 	<cx>242</cx>
	 	 	 	<cy>222</cy>
	 	 	</node>
	 	</nodes>
	 	<euclidean/>
	 	<decimals>0</decimals>
	 </network>
	 <fleet>
	 	 <vehicle_profile type="0">
	 	  	 <departure_node>1</departure_node>
	 	  	 <arrival_node>1</arrival_node>
	 	  	 <capacity>12</capacity>
	 	 </vehicle_profile>
	 </fleet>
	 <requests>
	 	 <request id="1" node="2">
	 	 	 <quantity>1</quantity>
	 	 </request>
	 	 <request id="2" node="3">
	 	 	 <quantity>1</quantity>
	 	 </request>
	 	 <request id="3" node="4">
	 	 	 <quantity>1</quantity>
	 	 </request>
	 	 <request id="4" node="5">
	 	 	 <quantity>1</quantity>
	 	 </request>
	 	 <request id="5" node="6">
	 	 	 <quantity>1</quantity>
	 	 </request>
	 	 <request id="6" node="7">
	 	 	 <quantity>1</quantity>
	 	 </request>
	 	 <request id="7" node="8">
	 	 	 <quantity>1</quantity>
	 	 </request>
	 	 <request id="8" node="9">
	 	 	 <quantity>1</quantity>
	 	 </request>
	 	 <request id="9" node="10">
	 	 	 <quantity>1</quantity>
	 	 </request>
	 	 <request id="10" node="11">
	 	 	 <quantity>1</quantity>
	 	 </request>
	 	 <request id="11" node="12">
	 	 	 <quantity>1</quantity>
	 	 </request>
	 	 <request id="12" node="13">
	 	 	 <quantity>1</quantity>
	 	 </request>
	 	 <request id="13" node="14">
	 	 	 <quantity>1</quantity>
	 	 </request>
	 	 <request id="14" node="15">
	 	 	 <quantity>1</quantity>
	 	 </request>
	 	 <request id="15" node="16">
	 	 	 <quantity>1</quantity>
	 	 </request>
	 	 <request id="16" node="17">
	 	 	 <quantity>1</quantity>
	 	 </request>
	 	 <request id="17" node="18">
	 	 	 <quantity>1</quantity>
	 	 </request>
	 	 <request id="18" node="19">
	 	 	 <quantity>1</quantity>
	 	 </request>
	 	 <request id="19" node="20">
	 	 	 <quantity>1</quantity>
	 	 </request>
	 	 <request id="20" node="21">
	 	 	 <quantity>1</quantity>
	 	 </request>
	 	 <request id="21" node="22">
	 	 	 <quantity>1</quantity>
	 	 </request>
	 	 <request id="22" node="23">
	 	 	 <quantity>1</quantity>
	 	 </request>
	 	 <request id="23" node="24">
	 	 	 <quantity>1</quantity>
	 	 </request>
	 	 <request id="24" node="25">
	 	 	 <quantity>1</quantity>
	 	 </request>
	 	 <request id="25" node="26">
	 	 	 <quantity>1</quantity>
	 	 </request>
	 	 <request id="26" node="27">
	 	 	 <quantity>1</quantity>
	 	 </request>
	 	 <request id="27" node="28">
	 	 	 <quantity>1</quantity>
	 	 </request>
	 	 <request id="28" node="29">
	 	 	 <quantity>1</quantity>
	 	 </request>
	 	 <request id="29" node="30">
	 	 	 <quantity>1</quantity>
	 	 </request>
	 	 <request id="30" node="31">
	 	 	 <quantity>1</quantity>
	 	 </request>
	 	 <request id="31" node="32">
	 	 	 <quantity>1</quantity>
	 	 </request>
	 	 <request id="32" node="33">
	 	 	 <quantity>1</quantity>
	 	 </request>
	 	 <request id="33" node="34">
	 	 	 <quantity>1</quantity>
	 	 </request>
	 	 <request id="34" node="35">
	 	 	 <quantity>1</quantity>
	 	 </request>
	 	 <request id="35" node="36">
	 	 	 <quantity>1</quantity>
	 	 </request>
	 	 <request id="36" node="37">
	 	 	 <quantity>1</quantity>
	 	 </request>
	 	 <request id="37" node="38">
	 	 	 <quantity>1</quantity>
	 	 </request>
	 	 <request id="38" node="39">
	 	 	 <quantity>1</quantity>
	 	 </request>
	 	 <request id="39" node="40">
	 	 	 <quantity>1</quantity>
	 	 </request>
	 	 <request id="40" node="41">
	 	 	 <quantity>1</quantity>
	 	 </request>
	 	 <request id="41" node="42">
	 	 	 <quantity>1</quantity>
	 	 </request>
	 	 <request id="42" node="43">
	 	 	 <quantity>1</quantity>
	 	 </request>
	 	 <request id="43" node="44">
	 	 	 <quantity>1</quantity>
	 	 </request>
	 	 <request id="44" node="45">
	 	 	 <quantity>1</quantity>
	 	 </request>
	 	 <request id="45" node="46">
	 	 	 <quantity>1</quantity>
	 	 </request>
	 	 <request id="46" node="47">
	 	 	 <quantity>1</quantity>
	 	 </request>
	 	 <request id="47" node="48">
	 	 	 <quantity>1</quantity>
	 	 </request>
	 	 <request id="48" node="49">
	 	 	 <quantity>1</quantity>
	 	 </request>
	 	 <request id="49" node="50">
	 	 	 <quantity>1</quantity>
	 	 </request>
	 	 <request id="50" node="51">
	 	 	 <quantity>1</quantity>
	 	 </request>
	 	 <request id="51" node="52">
	 	 	 <quantity>1</quantity>
	 	 </request>
	 	 <request id="52" node="53">
	 	 	 <quantity>1</quantity>
	 	 </request>
	 	 <request id="53" node="54">
	 	 	 <quantity>1</quantity>
	 	 </request>
	 	 <request id="54" node="55">
	 	 	 <quantity>1</quantity>
	 	 </request>
	 	 <request id="55" node="56">
	 	 	 <quantity>1</quantity>
	 	 </request>
	 	 <request id="56" node="57">
	 	 	 <quantity>1</quantity>
	 	 </request>
	 	 <request id="57" node="58">
	 	 	 <quantity>1</quantity>
	 	 </request>
	 	 <request id="58" node="59">
	 	 	 <quantity>1</quantity>
	 	 </request>
	 	 <request id="59" node="60">
	 	 	 <quantity>1</quantity>
	 	 </request>
	 	 <request id="60" node="61">
	 	 	 <quantity>1</quantity>
	 	 </request>
	 	 <request id="61" node="62">
	 	 	 <quantity>1</quantity>
	 	 </request>
	 	 <request id="62" node="63">
	 	 	 <quantity>1</quantity>
	 	 </request>
	 	 <request id="63" node="64">
	 	 	 <quantity>1</quantity>
	 	 </request>
	 	 <request id="64" node="65">
	 	 	 <quantity>1</quantity>
	 	 </request>
	 	 <request id="65" node="66">
	 	 	 <quantity>1</quantity>
	 	 </request>
	 	 <request id="66" node="67">
	 	 	 <quantity>1</quantity>
	 	 </request>
	 	 <request id="67" node="68">
	 	 	 <quantity>1</quantity>
	 	 </request>
	 	 <request id="68" node="69">
	 	 	 <quantity>1</quantity>
	 	 </request>
	 	 <request id="69" node="70">
	 	 	 <quantity>1</quantity>
	 	 </request>
	 	 <request id="70" node="71">
	 	 	 <quantity>1</quantity>
	 	 </request>
	 	 <request id="71" node="72">
	 	 	 <quantity>1</quantity>
	 	 </request>
	 	 <request id="72" node="73">
	 	 	 <quantity>1</quantity>
	 	 </request>
	 	 <request id="73" node="74">
	 	 	 <quantity>1</quantity>
	 	 </request>
	 	 <request id="74" node="75">
	 	 	 <quantity>1</quantity>
	 	 </request>
	 	 <request id="75" node="76">
	 	 	 <quantity>1</quantity>
	 	 </request>
	 	 <request id="76" node="77">
	 	 	 <quantity>1</quantity>
	 	 </request>
	 	 <request id="77" node="78">
	 	 	 <quantity>1</quantity>
	 	 </request>
	 	 <request id="78" node="79">
	 	 	 <quantity>1</quantity>
	 	 </request>
	 	 <request id="79" node="80">
	 	 	 <quantity>1</quantity>
	 	 </request>
	 	 <request id="80" node="81">
	 	 	 <quantity>1</quantity>
	 	 </request>
	 	 <request id="81" node="82">
	 	 	 <quantity>1</quantity>
	 	 </request>
	 	 <request id="82" node="83">
	 	 	 <quantity>1</quantity>
	 	 </request>
	 	 <request id="83" node="84">
	 	 	 <quantity>1</quantity>
	 	 </request>
	 	 <request id="84" node="85">
	 	 	 <quantity>1</quantity>
	 	 </request>
	 	 <request id="85" node="86">
	 	 	 <quantity>1</quantity>
	 	 </request>
	 	 <request id="86" node="87">
	 	 	 <quantity>1</quantity>
	 	 </request>
	 	 <request id="87" node="88">
	 	 	 <quantity>1</quantity>
	 	 </request>
	 	 <request id="88" node="89">
	 	 	 <quantity>1</quantity>
	 	 </request>
	 	 <request id="89" node="90">
	 	 	 <quantity>1</quantity>
	 	 </request>
	 	 <request id="90" node="91">
	 	 	 <quantity>1</quantity>
	 	 </request>
	 	 <request id="91" node="92">
	 	 	 <quantity>1</quantity>
	 	 </request>
	 	 <request id="92" node="93">
	 	 	 <quantity>1</quantity>
	 	 </request>
	 	 <request id="93" node="94">
	 	 	 <quantity>1</quantity>
	 	 </request>
	 	 <request id="94" node="95">
	 	 	 <quantity>1</quantity>
	 	 </request>
	 	 <request id="95" node="96">
	 	 	 <quantity>1</quantity>
	 	 </request>
	 	 <request id="96" node="97">
	 	 	 <quantity>1</quantity>
	 	 </request>
	 	 <request id="97" node="98">
	 	 	 <quantity>1</quantity>
	 	 </request>
	 	 <request id="98" node="99">
	 	 	 <quantity>1</quantity>
	 	 </request>
	 	 <request id="99" node="100">
	 	 	 <quantity>1</quantity>
	 	 </request>
	 	 <request id="100" node="101">
	 	 	 <quantity>1</quantity>
	 	 </request>
	 	 <request id="101" node="102">
	 	 	 <quantity>1</quantity>
	 	 </request>
	 	 <request id="102" node="103">
	 	 	 <quantity>1</quantity>
	 	 </request>
	 	 <request id="103" node="104">
	 	 	 <quantity>1</quantity>
	 	 </request>
	 	 <request id="104" node="105">
	 	 	 <quantity>1</quantity>
	 	 </request>
	 	 <request id="105" node="106">
	 	 	 <quantity>1</quantity>
	 	 </request>
	 	 <request id="106" node="107">
	 	 	 <quantity>1</quantity>
	 	 </request>
	 	 <request id="107" node="108">
	 	 	 <quantity>1</quantity>
	 	 </request>
	 	 <request id="108" node="109">
	 	 	 <quantity>1</quantity>
	 	 </request>
	 	 <request id="109" node="110">
	 	 	 <quantity>1</quantity>
	 	 </request>
	 	 <request id="110" node="111">
	 	 	 <quantity>1</quantity>
	 	 </request>
	 	 <request id="111" node="112">
	 	 	 <quantity>1</quantity>
	 	 </request>
	 	 <request id="112" node="113">
	 	 	 <quantity>1</quantity>
	 	 </request>
	 	 <request id="113" node="114">
	 	 	 <quantity>1</quantity>
	 	 </request>
	 	 <request id="114" node="115">
	 	 	 <quantity>1</quantity>
	 	 </request>
	 	 <request id="115" node="116">
	 	 	 <quantity>1</quantity>
	 	 </request>
	 	 <request id="116" node="117">
	 	 	 <quantity>1</quantity>
	 	 </request>
	 	 <request id="117" node="118">
	 	 	 <quantity>1</quantity>
	 	 </request>
	 	 <request id="118" node="119">
	 	 	 <quantity>1</quantity>
	 	 </request>
	 	 <request id="119" node="120">
	 	 	 <quantity>1</quantity>
	 	 </request>
	 	 <request id="120" node="121">
	 	 	 <quantity>1</quantity>
	 	 </request>
	 	 <request id="121" node="122">
	 	 	 <quantity>1</quantity>
	 	 </request>
	 	 <request id="122" node="123">
	 	 	 <quantity>1</quantity>
	 	 </request>
	 	 <request id="123" node="124">
	 	 	 <quantity>1</quantity>
	 	 </request>
	 	 <request id="124" node="125">
	 	 	 <quantity>1</quantity>
	 	 </request>
	 	 <request id="125" node="126">
	 	 	 <quantity>1</quantity>
	 	 </request>
	 	 <request id="126" node="127">
	 	 	 <quantity>1</quantity>
	 	 </request>
	 	 <request id="127" node="128">
	 	 	 <quantity>1</quantity>
	 	 </request>
	 	 <request id="128" node="129">
	 	 	 <quantity>1</quantity>
	 	 </request>
	 	 <request id="129" node="130">
	 	 	 <quantity>1</quantity>
	 	 </request>
	 	 <request id="130" node="131">
	 	 	 <quantity>1</quantity>
	 	 </request>
	 	 <request id="131" node="132">
	 	 	 <quantity>1</quantity>
	 	 </request>
	 	 <request id="132" node="133">
	 	 	 <quantity>1</quantity>
	 	 </request>
	 	 <request id="133" node="134">
	 	 	 <quantity>1</quantity>
	 	 </request>
	 	 <request id="134" node="135">
	 	 	 <quantity>1</quantity>
	 	 </request>
	 	 <request id="135" node="136">
	 	 	 <quantity>1</quantity>
	 	 </request>
	 	 <request id="136" node="137">
	 	 	 <quantity>1</quantity>
	 	 </request>
	 	 <request id="137" node="138">
	 	 	 <quantity>1</quantity>
	 	 </request>
	 	 <request id="138" node="139">
	 	 	 <quantity>1</quantity>
	 	 </request>
	 	 <request id="139" node="140">
	 	 	 <quantity>1</quantity>
	 	 </request>
	 	 <request id="140" node="141">
	 	 	 <quantity>1</quantity>
	 	 </request>
	 	 <request id="141" node="142">
	 	 	 <quantity>1</quantity>
	 	 </request>
	 	 <request id="142" node="143">
	 	 	 <quantity>1</quantity>
	 	 </request>
	 	 <request id="143" node="144">
	 	 	 <quantity>1</quantity>
	 	 </request>
	 	 <request id="144" node="145">
	 	 	 <quantity>1</quantity>
	 	 </request>
	 	 <request id="145" node="146">
	 	 	 <quantity>1</quantity>
	 	 </request>
	 	 <request id="146" node="147">
	 	 	 <quantity>1</quantity>
	 	 </request>
	 	 <request id="147" node="148">
	 	 	 <quantity>1</quantity>
	 	 </request>
	 	 <request id="148" node="149">
	 	 	 <quantity>1</quantity>
	 	 </request>
	 	 <request id="149" node="150">
	 	 	 <quantity>1</quantity>
	 	 </request>
	 	 <request id="150" node="151">
	 	 	 <quantity>1</quantity>
	 	 </request>
	 	 <request id="151" node="152">
	 	 	 <quantity>1</quantity>
	 	 </request>
	 	 <request id="152" node="153">
	 	 	 <quantity>1</quantity>
	 	 </request>
	 	 <request id="153" node="154">
	 	 	 <quantity>1</quantity>
	 	 </request>
	 	 <request id="154" node="155">
	 	 	 <quantity>1</quantity>
	 	 </request>
	 	 <request id="155" node="156">
	 	 	 <quantity>1</quantity>
	 	 </request>
	 	 <request id="156" node="157">
	 	 	 <quantity>1</quantity>
	 	 </request>
	 	 <request id="157" node="158">
	 	 	 <quantity>1</quantity>
	 	 </request>
	 	 <request id="158" node="159">
	 	 	 <quantity>1</quantity>
	 	 </request>
	 	 <request id="159" node="160">
	 	 	 <quantity>1</quantity>
	 	 </request>
	 	 <request id="160" node="161">
	 	 	 <quantity>1</quantity>
	 	 </request>
	 	 <request id="161" node="162">
	 	 	 <quantity>1</quantity>
	 	 </request>
	 	 <request id="162" node="163">
	 	 	 <quantity>1</quantity>
	 	 </request>
	 	 <request id="163" node="164">
	 	 	 <quantity>1</quantity>
	 	 </request>
	 	 <request id="164" node="165">
	 	 	 <quantity>1</quantity>
	 	 </request>
	 	 <request id="165" node="166">
	 	 	 <quantity>1</quantity>
	 	 </request>
	 	 <request id="166" node="167">
	 	 	 <quantity>1</quantity>
	 	 </request>
	 	 <request id="167" node="168">
	 	 	 <quantity>1</quantity>
	 	 </request>
	 	 <request id="168" node="169">
	 	 	 <quantity>1</quantity>
	 	 </request>
	 	 <request id="169" node="170">
	 	 	 <quantity>1</quantity>
	 	 </request>
	 	 <request id="170" node="171">
	 	 	 <quantity>1</quantity>
	 	 </request>
	 	 <request id="171" node="172">
	 	 	 <quantity>1</quantity>
	 	 </request>
	 	 <request id="172" node="173">
	 	 	 <quantity>1</quantity>
	 	 </request>
	 	 <request id="173" node="174">
	 	 	 <quantity>1</quantity>
	 	 </request>
	 	 <request id="174" node="175">
	 	 	 <quantity>1</quantity>
	 	 </request>
	 	 <request id="175" node="176">
	 	 	 <quantity>1</quantity>
	 	 </request>
	 	 <request id="176" node="177">
	 	 	 <quantity>1</quantity>
	 	 </request>
	 	 <request id="177" node="178">
	 	 	 <quantity>1</quantity>
	 	 </request>
	 	 <request id="178" node="179">
	 	 	 <quantity>1</quantity>
	 	 </request>
	 	 <request id="179" node="180">
	 	 	 <quantity>1</quantity>
	 	 </request>
	 	 <request id="180" node="181">
	 	 	 <quantity>1</quantity>
	 	 </request>
	 	 <request id="181" node="182">
	 	 	 <quantity>1</quantity>
	 	 </request>
	 	 <request id="182" node="183">
	 	 	 <quantity>1</quantity>
	 	 </request>
	 	 <request id="183" node="184">
	 	 	 <quantity>1</quantity>
	 	 </request>
	 	 <request id="184" node="185">
	 	 	 <quantity>1</quantity>
	 	 </request>
	 	 <request id="185" node="186">
	 	 	 <quantity>1</quantity>
	 	 </request>
	 	 <request id="186" node="187">
	 	 	 <quantity>1</quantity>
	 	 </request>
	 	 <request id="187" node="188">
	 	 	 <quantity>1</quantity>
	 	 </request>
	 	 <request id="188" node="189">
	 	 	 <quantity>1</quantity>
	 	 </request>
	 	 <request id="189" node="190">
	 	 	 <quantity>1</quantity>
	 	 </request>
	 	 <request id="190" node="191">
	 	 	 <quantity>1</quantity>
	 	 </request>
	 	 <request id="191" node="192">
	 	 	 <quantity>1</quantity>
	 	 </request>
	 	 <request id="192" node="193">
	 	 	 <quantity>1</quantity>
	 	 </request>
	 	 <request id="193" node="194">
	 	 	 <quantity>1</quantity>
	 	 </request>
	 	 <request id="194" node="195">
	 	 	 <quantity>1</quantity>
	 	 </request>
	 	 <request id="195" node="196">
	 	 	 <quantity>1</quantity>
	 	 </request>
	 	 <request id="196" node="197">
	 	 	 <quantity>1</quantity>
	 	 </request>
	 	 <request id="197" node="198">
	 	 	 <quantity>1</quantity>
	 	 </request>
	 	 <request id="198" node="199">
	 	 	 <quantity>1</quantity>
	 	 </request>
	 	 <request id="199" node="200">
	 	 	 <quantity>1</quantity>
	 	 </request>
	 	 <request id="200" node="201">
	 	 	 <quantity>1</quantity>
	 	 </request>
	 	 <request id="201" node="202">
	 	 	 <quantity>1</quantity>
	 	 </request>
	 	 <request id="202" node="203">
	 	 	 <quantity>1</quantity>
	 	 </request>
	 	 <request id="203" node="204">
	 	 	 <quantity>1</quantity>
	 	 </request>
	 	 <request id="204" node="205">
	 	 	 <quantity>1</quantity>
	 	 </request>
	 	 <request id="205" node="206">
	 	 	 <quantity>1</quantity>
	 	 </request>
	 	 <request id="206" node="207">
	 	 	 <quantity>1</quantity>
	 	 </request>
	 	 <request id="207" node="208">
	 	 	 <quantity>1</quantity>
	 	 </request>
	 	 <request id="208" node="209">
	 	 	 <quantity>1</quantity>
	 	 </request>
	 	 <request id="209" node="210">
	 	 	 <quantity>1</quantity>
	 	 </request>
	 	 <request id="210" node="211">
	 	 	 <quantity>1</quantity>
	 	 </request>
	 	 <request id="211" node="212">
	 	 	 <quantity>1</quantity>
	 	 </request>
	 	 <request id="212" node="213">
	 	 	 <quantity>1</quantity>
	 	 </request>
	 	 <request id="213" node="214">
	 	 	 <quantity>1</quantity>
	 	 </request>
	 	 <request id="214" node="215">
	 	 	 <quantity>1</quantity>
	 	 </request>
	 	 <request id="215" node="216">
	 	 	 <quantity>1</quantity>
	 	 </request>
	 	 <request id="216" node="217">
	 	 	 <quantity>1</quantity>
	 	 </request>
	 	 <request id="217" node="218">
	 	 	 <quantity>1</quantity>
	 	 </request>
	 	 <request id="218" node="219">
	 	 	 <quantity>1</quantity>
	 	 </request>
	 	 <request id="219" node="220">
	 	 	 <quantity>1</quantity>
	 	 </request>
	 	 <request id="220" node="221">
	 	 	 <quantity>1</quantity>
	 	 </request>
	 	 <request id="221" node="222">
	 	 	 <quantity>1</quantity>
	 	 </request>
	 	 <request id="222" node="223">
	 	 	 <quantity>1</quantity>
	 	 </request>
	 	 <request id="223" node="224">
	 	 	 <quantity>1</quantity>
	 	 </request>
	 	 <request id="224" node="225">
	 	 	 <quantity>1</quantity>
	 	 </request>
	 	 <request id="225" node="226">
	 	 	 <quantity>1</quantity>
	 	 </request>
	 	 <request id="226" node="227">
	 	 	 <quantity>1</quantity>
	 	 </request>
	 	 <request id="227" node="228">
	 	 	 <quantity>1</quantity>
	 	 </request>
	 	 <request id="228" node="229">
	 	 	 <quantity>1</quantity>
	 	 </request>
	 	 <request id="229" node="230">
	 	 	 <quantity>1</quantity>
	 	 </request>
	 	 <request id="230" node="231">
	 	 	 <quantity>1</quantity>
	 	 </request>
	 	 <request id="231" node="232">
	 	 	 <quantity>1</quantity>
	 	 </request>
	 	 <request id="232" node="233">
	 	 	 <quantity>1</quantity>
	 	 </request>
	 	 <request id="233" node="234">
	 	 	 <quantity>1</quantity>
	 	 </request>
	 	 <request id="234" node="235">
	 	 	 <quantity>1</quantity>
	 	 </request>
	 	 <request id="235" node="236">
	 	 	 <quantity>1</quantity>
	 	 </request>
	 	 <request id="236" node="237">
	 	 	 <quantity>1</quantity>
	 	 </request>
	 	 <request id="237" node="238">
	 	 	 <quantity>1</quantity>
	 	 </request>
	 	 <request id="238" node="239">
	 	 	 <quantity>1</quantity>
	 	 </request>
	 	 <request id="239" node="240">
	 	 	 <quantity>1</quantity>
	 	 </request>
	 	 <request id="240" node="241">
	 	 	 <quantity>1</quantity>
	 	 </request>
	 	 <request id="241" node="242">
	 	 	 <quantity>1</quantity>
	 	 </request>
	 	 <request id="242" node="243">
	 	 	 <quantity>1</quantity>
	 	 </request>
	 	 <request id="243" node="244">
	 	 	 <quantity>1</quantity>
	 	 </request>
	 	 <request id="244" node="245">
	 	 	 <quantity>1</quantity>
	 	 </request>
	 	 <request id="245" node="246">
	 	 	 <quantity>1</quantity>
	 	 </request>
	 	 <request id="246" node="247">
	 	 	 <quantity>1</quantity>
	 	 </request>
	 	 <request id="247" node="248">
	 	 	 <quantity>1</quantity>
	 	 </request>
	 	 <request id="248" node="249">
	 	 	 <quantity>1</quantity>
	 	 </request>
	 	 <request id="249" node="250">
	 	 	 <quantity>1</quantity>
	 	 </request>
	 	 <request id="250" node="251">
	 	 	 <quantity>1</quantity>
	 	 </request>
	 	 <request id="251" node="252">
	 	 	 <quantity>1</quantity>
	 	 </request>
	 	 <request id="252" node="253">
	 	 	 <quantity>1</quantity>
	 	 </request>
	 	 <request id="253" node="254">
	 	 	 <quantity>1</quantity>
	 	 </request>
	 	 <request id="254" node="255">
	 	 	 <quantity>1</quantity>
	 	 </request>
	 	 <request id="255" node="256">
	 	 	 <quantity>1</quantity>
	 	 </request>
	 	 <request id="256" node="257">
	 	 	 <quantity>1</quantity>
	 	 </request>
	 	 <request id="257" node="258">
	 	 	 <quantity>1</quantity>
	 	 </request>
	 	 <request id="258" node="259">
	 	 	 <quantity>1</quantity>
	 	 </request>
	 	 <request id="259" node="260">
	 	 	 <quantity>1</quantity>
	 	 </request>
	 	 <request id="260" node="261">
	 	 	 <quantity>1</quantity>
	 	 </request>
	 	 <request id="261" node="262">
	 	 	 <quantity>1</quantity>
	 	 </request>
	 	 <request id="262" node="263">
	 	 	 <quantity>1</quantity>
	 	 </request>
	 	 <request id="263" node="264">
	 	 	 <quantity>1</quantity>
	 	 </request>
	 	 <request id="264" node="265">
	 	 	 <quantity>1</quantity>
	 	 </request>
	 	 <request id="265" node="266">
	 	 	 <quantity>1</quantity>
	 	 </request>
	 	 <request id="266" node="267">
	 	 	 <quantity>1</quantity>
	 	 </request>
	 	 <request id="267" node="268">
	 	 	 <quantity>1</quantity>
	 	 </request>
	 	 <request id="268" node="269">
	 	 	 <quantity>1</quantity>
	 	 </request>
	 	 <request id="269" node="270">
	 	 	 <quantity>1</quantity>
	 	 </request>
	 	 <request id="270" node="271">
	 	 	 <quantity>1</quantity>
	 	 </request>
	 	 <request id="271" node="272">
	 	 	 <quantity>1</quantity>
	 	 </request>
	 	 <request id="272" node="273">
	 	 	 <quantity>1</quantity>
	 	 </request>
	 	 <request id="273" node="274">
	 	 	 <quantity>1</quantity>
	 	 </request>
	 	 <request id="274" node="275">
	 	 	 <quantity>1</quantity>
	 	 </request>
	 	 <request id="275" node="276">
	 	 	 <quantity>1</quantity>
	 	 </request>
	 	 <request id="276" node="277">
	 	 	 <quantity>1</quantity>
	 	 </request>
	 	 <request id="277" node="278">
	 	 	 <quantity>1</quantity>
	 	 </request>
	 	 <request id="278" node="279">
	 	 	 <quantity>1</quantity>
	 	 </request>
	 	 <request id="279" node="280">
	 	 	 <quantity>1</quantity>
	 	 </request>
	 	 <request id="280" node="281">
	 	 	 <quantity>1</quantity>
	 	 </request>
	 	 <request id="281" node="282">
	 	 	 <quantity>1</quantity>
	 	 </request>
	 	 <request id="282" node="283">
	 	 	 <quantity>1</quantity>
	 	 </request>
	 	 <request id="283" node="284">
	 	 	 <quantity>1</quantity>
	 	 </request>
	 	 <request id="284" node="285">
	 	 	 <quantity>1</quantity>
	 	 </request>
	 	 <request id="285" node="286">
	 	 	 <quantity>1</quantity>
	 	 </request>
	 	 <request id="286" node="287">
	 	 	 <quantity>1</quantity>
	 	 </request>
	 	 <request id="287" node="288">
	 	 	 <quantity>1</quantity>
	 	 </request>
	 	 <request id="288" node="289">
	 	 	 <quantity>1</quantity>
	 	 </request>
	 	 <request id="289" node="290">
	 	 	 <quantity>1</quantity>
	 	 </request>
	 	 <request id="290" node="291">
	 	 	 <quantity>1</quantity>
	 	 </request>
	 	 <request id="291" node="292">
	 	 	 <quantity>1</quantity>
	 	 </request>
	 	 <request id="292" node="293">
	 	 	 <quantity>1</quantity>
	 	 </request>
	 	 <request id="293" node="294">
	 	 	 <quantity>1</quantity>
	 	 </request>
	 	 <request id="294" node="295">
	 	 	 <quantity>1</quantity>
	 	 </request>
	 	 <request id="295" node="296">
	 	 	 <quantity>1</quantity>
	 	 </request>
	 	 <request id="296" node="297">
	 	 	 <quantity>1</quantity>
	 	 </request>
	 	 <request id="297" node="298">
	 	 	 <quantity>1</quantity>
	 	 </request>
	 	 <request id="298" node="299">
	 	 	 <quantity>1</quantity>
	 	 </request>
	 	 <request id="299" node="300">
	 	 	 <quantity>1</quantity>
	 	 </request>
	 	 <request id="300" node="301">
	 	 	 <quantity>1</quantity>
	 	 </request>
	 	 <request id="301" node="302">
	 	 	 <quantity>1</quantity>
	 	 </request>
	 	 <request id="302" node="303">
	 	 	 <quantity>1</quantity>
	 	 </request>
	 	 <request id="303" node="304">
	 	 	 <quantity>1</quantity>
	 	 </request>
	 	 <request id="304" node="305">
	 	 	 <quantity>1</quantity>
	 	 </request>
	 	 <request id="305" node="306">
	 	 	 <quantity>1</quantity>
	 	 </request>
	 	 <request id="306" node="307">
	 	 	 <quantity>1</quantity>
	 	 </request>
	 	 <request id="307" node="308">
	 	 	 <quantity>1</quantity>
	 	 </request>
	 	 <request id="308" node="309">
	 	 	 <quantity>1</quantity>
	 	 </request>
	 	 <request id="309" node="310">
	 	 	 <quantity>1</quantity>
	 	 </request>
	 	 <request id="310" node="311">
	 	 	 <quantity>1</quantity>
	 	 </request>
	 	 <request id="311" node="312">
	 	 	 <quantity>1</quantity>
	 	 </request>
	 	 <request id="312" node="313">
	 	 	 <quantity>1</quantity>
	 	 </request>
	 	 <request id="313" node="314">
	 	 	 <quantity>1</quantity>
	 	 </request>
	 	 <request id="314" node="315">
	 	 	 <quantity>1</quantity>
	 	 </request>
	 	 <request id="315" node="316">
	 	 	 <quantity>1</quantity>
	 	 </request>
	 	 <request id="316" node="317">
	 	 	 <quantity>1</quantity>
	 	 </request>
	 	 <request id="317" node="318">
	 	 	 <quantity>1</quantity>
	 	 </request>
	 	 <request id="318" node="319">
	 	 	 <quantity>1</quantity>
	 	 </request>
	 	 <request id="319" node="320">
	 	 	 <quantity>1</quantity>
	 	 </request>
	 	 <request id="320" node="321">
	 	 	 <quantity>1</quantity>
	 	 </request>
	 	 <request id="321" node="322">
	 	 	 <quantity>1</quantity>
	 	 </request>
	 	 <request id="322" node="323">
	 	 	 <quantity>1</quantity>
	 	 </request>
	 	 <request id="323" node="324">
	 	 	 <quantity>1</quantity>
	 	 </request>
	 	 <request id="324" node="325">
	 	 	 <quantity>1</quantity>
	 	 </request>
	 	 <request id="325" node="326">
	 	 	 <quantity>1</quantity>
	 	 </request>
	 	 <request id="326" node="327">
	 	 	 <quantity>1</quantity>
	 	 </request>
	 	 <request id="327" node="328">
	 	 	 <quantity>1</quantity>
	 	 </request>
	 	 <request id="328" node="329">
	 	 	 <quantity>1</quantity>
	 	 </request>
	 	 <request id="329" node="330">
	 	 	 <quantity>1</quantity>
	 	 </request>
	 	 <request id="330" node="331">
	 	 	 <quantity>1</quantity>
	 	 </request>
	 	 <request id="331" node="332">
	 	 	 <quantity>1</quantity>
	 	 </request>
	 	 <request id="332" node="333">
	 	 	 <quantity>1</quantity>
	 	 </request>
	 	 <request id="333" node="334">
	 	 	 <quantity>1</quantity>
	 	 </request>
	 	 <request id="334" node="335">
	 	 	 <quantity>1</quantity>
	 	 </request>
	 	 <request id="335" node="336">
	 	 	 <quantity>1</quantity>
	 	 </request>
	 	 <request id="336" node="337">
	 	 	 <quantity>1</quantity>
	 	 </request>
	 	 <request id="337" node="338">
	 	 	 <quantity>1</quantity>
	 	 </request>
	 	 <request id="338" node="339">
	 	 	 <quantity>1</quantity>
	 	 </request>
	 	 <request id="339" node="340">
	 	 	 <quantity>1</quantity>
	 	 </request>
	 	 <request id="340" node="341">
	 	 	 <quantity>1</quantity>
	 	 </request>
	 	 <request id="341" node="342">
	 	 	 <quantity>1</quantity>
	 	 </request>
	 	 <request id="342" node="343">
	 	 	 <quantity>1</quantity>
	 	 </request>
	 	 <request id="343" node="344">
	 	 	 <quantity>1</quantity>
	 	 </request>
	 	 <request id="344" node="345">
	 	 	 <quantity>1</quantity>
	 	 </request>
	 	 <request id="345" node="346">
	 	 	 <quantity>1</quantity>
	 	 </request>
	 	 <request id="346" node="347">
	 	 	 <quantity>1</quantity>
	 	 </request>
	 	 <request id="347" node="348">
	 	 	 <quantity>1</quantity>
	 	 </request>
	 	 <request id="348" node="349">
	 	 	 <quantity>1</quantity>
	 	 </request>
	 	 <request id="349" node="350">
	 	 	 <quantity>1</quantity>
	 	 </request>
	 	 <request id="350" node="351">
	 	 	 <quantity>1</quantity>
	 	 </request>
	 	 <request id="351" node="352">
	 	 	 <quantity>1</quantity>
	 	 </request>
	 	 <request id="352" node="353">
	 	 	 <quantity>1</quantity>
	 	 </request>
	 	 <request id="353" node="354">
	 	 	 <quantity>1</quantity>
	 	 </request>
	 	 <request id="354" node="355">
	 	 	 <quantity>1</quantity>
	 	 </request>
	 	 <request id="355" node="356">
	 	 	 <quantity>1</quantity>
	 	 </request>
	 	 <request id="356" node="357">
	 	 	 <quantity>1</quantity>
	 	 </request>
	 	 <request id="357" node="358">
	 	 	 <quantity>1</quantity>
	 	 </request>
	 	 <request id="358" node="359">
	 	 	 <quantity>1</quantity>
	 	 </request>
	 	 <request id="359" node="360">
	 	 	 <quantity>1</quantity>
	 	 </request>
	 	 <request id="360" node="361">
	 	 	 <quantity>1</quantity>
	 	 </request>
	 	 <request id="361" node="362">
	 	 	 <quantity>1</quantity>
	 	 </request>
	 	 <request id="362" node="363">
	 	 	 <quantity>1</quantity>
	 	 </request>
	 	 <request id="363" node="364">
	 	 	 <quantity>1</quantity>
	 	 </request>
	 	 <request id="364" node="365">
	 	 	 <quantity>1</quantity>
	 	 </request>
	 	 <request id="365" node="366">
	 	 	 <quantity>1</quantity>
	 	 </request>
	 	 <request id="366" node="367">
	 	 	 <quantity>1</quantity>
	 	 </request>
	 	 <request id="367" node="368">
	 	 	 <quantity>1</quantity>
	 	 </request>
	 	 <request id="368" node="369">
	 	 	 <quantity>1</quantity>
	 	 </request>
	 	 <request id="369" node="370">
	 	 	 <quantity>1</quantity>
	 	 </request>
	 	 <request id="370" node="371">
	 	 	 <quantity>1</quantity>
	 	 </request>
	 	 <request id="371" node="372">
	 	 	 <quantity>1</quantity>
	 	 </request>
	 	 <request id="372" node="373">
	 	 	 <quantity>1</quantity>
	 	 </request>
	 	 <request id="373" node="374">
	 	 	 <quantity>1</quantity>
	 	 </request>
	 	 <request id="374" node="375">
	 	 	 <quantity>1</quantity>
	 	 </request>
	 	 <request id="375" node="376">
	 	 	 <quantity>1</quantity>
	 	 </request>
	 	 <request id="376" node="377">
	 	 	 <quantity>1</quantity>
	 	 </request>
	 	 <request id="377" node="378">
	 	 	 <quantity>1</quantity>
	 	 </request>
	 	 <request id="378" node="379">
	 	 	 <quantity>1</quantity>
	 	 </request>
	 	 <request id="379" node="380">
	 	 	 <quantity>1</quantity>
	 	 </request>
	 	 <request id="380" node="381">
	 	 	 <quantity>1</quantity>
	 	 </request>
	 	 <request id="381" node="382">
	 	 	 <quantity>1</quantity>
	 	 </request>
	 	 <request id="382" node="383">
	 	 	 <quantity>1</quantity>
	 	 </request>
	 	 <request id="383" node="384">
	 	 	 <quantity>1</quantity>
	 	 </request>
	 	 <request id="384" node="385">
	 	 	 <quantity>1</quantity>
	 	 </request>
	 	 <request id="385" node="386">
	 	 	 <quantity>1</quantity>
	 	 </request>
	 	 <request id="386" node="387">
	 	 	 <quantity>1</quantity>
	 	 </request>
	 	 <request id="387" node="388">
	 	 	 <quantity>1</quantity>
	 	 </request>
	 	 <request id="388" node="389">
	 	 	 <quantity>1</quantity>
	 	 </request>
	 	 <request id="389" node="390">
	 	 	 <quantity>1</quantity>
	 	 </request>
	 	 <request id="390" node="391">
	 	 	 <quantity>1</quantity>
	 	 </request>
	 	 <request id="391" node="392">
	 	 	 <quantity>1</quantity>
	 	 </request>
	 	 <request id="392" node="393">
	 	 	 <quantity>1</quantity>
	 	 </request>
	 	 <request id="393" node="394">
	 	 	 <quantity>1</quantity>
	 	 </request>
	 	 <request id="394" node="395">
	 	 	 <quantity>1</quantity>
	 	 </request>
	 	 <request id="395" node="396">
	 	 	 <quantity>1</quantity>
	 	 </request>
	 	 <request id="396" node="397">
	 	 	 <quantity>1</quantity>
	 	 </request>
	 	 <request id="397" node="398">
	 	 	 <quantity>1</quantity>
	 	 </request>
	 	 <request id="398" node="399">
	 	 	 <quantity>1</quantity>
	 	 </request>
	 	 <request id="399" node="400">
	 	 	 <quantity>1</quantity>
	 	 </request>
	 	 <request id="400" node="401">
	 	 	 <quantity>1</quantity>
	 	 </request>
	 	 <request id="401" node="402">
	 	 	 <quantity>1</quantity>
	 	 </request>
	 	 <request id="402" node="403">
	 	 	 <quantity>1</quantity>
	 	 </request>
	 	 <request id="403" node="404">
	 	 	 <quantity>1</quantity>
	 	 </request>
	 	 <request id="404" node="405">
	 	 	 <quantity>1</quantity>
	 	 </request>
	 	 <request id="405" node="406">
	 	 	 <quantity>1</quantity>
	 	 </request>
	 	 <request id="406" node="407">
	 	 	 <quantity>1</quantity>
	 	 </request>
	 	 <request id="407" node="408">
	 	 	 <quantity>1</quantity>
	 	 </request>
	 	 <request id="408" node="409">
	 	 	 <quantity>1</quantity>
	 	 </request>
	 	 <request id="409" node="410">
	 	 	 <quantity>1</quantity>
	 	 </request>
	 	 <request id="410" node="411">
	 	 	 <quantity>1</quantity>
	 	 </request>
	 	 <request id="411" node="412">
	 	 	 <quantity>1</quantity>
	 	 </request>
	 	 <request id="412" node="413">
	 	 	 <quantity>1</quantity>
	 	 </request>
	 	 <request id="413" node="414">
	 	 	 <quantity>1</quantity>
	 	 </request>
	 	 <request id="414" node="415">
	 	 	 <quantity>1</quantity>
	 	 </request>
	 	 <request id="415" node="416">
	 	 	 <quantity>1</quantity>
	 	 </request>
	 	 <request id="416" node="417">
	 	 	 <quantity>1</quantity>
	 	 </request>
	 	 <request id="417" node="418">
	 	 	 <quantity>1</quantity>
	 	 </request>
	 	 <request id="418" node="419">
	 	 	 <quantity>1</quantity>
	 	 </request>
	 	 <request id="419" node="420">
	 	 	 <quantity>1</quantity>
	 	 </request>
	 	 <request id="420" node="421">
	 	 	 <quantity>1</quantity>
	 	 </request>
	 	 <request id="421" node="422">
	 	 	 <quantity>1</quantity>
	 	 </request>
	 	 <request id="422" node="423">
	 	 	 <quantity>1</quantity>
	 	 </request>
	 	 <request id="423" node="424">
	 	 	 <quantity>1</quantity>
	 	 </request>
	 	 <request id="424" node="425">
	 	 	 <quantity>1</quantity>
	 	 </request>
	 	 <request id="425" node="426">
	 	 	 <quantity>1</quantity>
	 	 </request>
	 	 <request id="426" node="427">
	 	 	 <quantity>1</quantity>
	 	 </request>
	 	 <request id="427" node="428">
	 	 	 <quantity>1</quantity>
	 	 </request>
	 	 <request id="428" node="429">
	 	 	 <quantity>1</quantity>
	 	 </request>
	 	 <request id="429" node="430">
	 	 	 <quantity>1</quantity>
	 	 </request>
	 	 <request id="430" node="431">
	 	 	 <quantity>1</quantity>
	 	 </request>
	 	 <request id="431" node="432">
	 	 	 <quantity>1</quantity>
	 	 </request>
	 	 <request id="432" node="433">
	 	 	 <quantity>1</quantity>
	 	 </request>
	 	 <request id="433" node="434">
	 	 	 <quantity>1</quantity>
	 	 </request>
	 	 <request id="434" node="435">
	 	 	 <quantity>1</quantity>
	 	 </request>
	 	 <request id="435" node="436">
	 	 	 <quantity>1</quantity>
	 	 </request>
	 	 <request id="436" node="437">
	 	 	 <quantity>1</quantity>
	 	 </request>
	 	 <request id="437" node="438">
	 	 	 <quantity>1</quantity>
	 	 </request>
	 	 <request id="438" node="439">
	 	 	 <quantity>1</quantity>
	 	 </request>
	 </requests>
</instance>
