<?xml version="1.0" encoding="UTF-8" standalone="yes"?>
<instance>
	<info>
	 	<dataset>Uchoa 2014 — Set X</dataset>
	 	<name>X-n303-k21</name>
	</info>
	<network>
	 	<nodes>
	 	 	<node id="1" type="1">
	 	 	 	<cx>500</cx>
	 	 	 	<cy>500</cy>
	 	 	</node>
	 	 	<node id="2" type="1">
	 	 	 	<cx>205</cx>
	 	 	 	<cy>638</cy>
	 	 	</node>
	 	 	<node id="3" type="1">
	 	 	 	<cx>893</cx>
	 	 	 	<cy>161</cy>
	 	 	</node>
	 	 	<node id="4" type="1">
	 	 	 	<cx>191</cx>
	 	 	 	<cy>775</cy>
	 	 	</node>
	 	 	<node id="5" type="1">
	 	 	 	<cx>444</cx>
	 	 	 	<cy>871</cy>
	 	 	</node>
	 	 	<node id="6" type="1">
	 	 	 	<cx>225</cx>
	 	 	 	<cy>445</cy>
	 	 	</node>
	 	 	<node id="7" type="1">
	 	 	 	<cx>368</cx>
	 	 	 	<cy>543</cy>
	 	 	</node>
	 	 	<node id="8" type="1">
	 	 	 	<cx>120</cx>
	 	 	 	<cy>270</cy>
	 	 	</node>
	 	 	<node id="9" type="1">
	 	 	 	<cx>612</cx>
	 	 	 	<cy>902</cy>
	 	 	</node>
	 	 	<node id="10" type="1">
	 	 	 	<cx>45</cx>
	 	 	 	<cy>323</cy>
	 	 	</node>
	 	 	<node id="11" type="1">
	 	 	 	<cx>707</cx>
	 	 	 	<cy>182</cy>
	 	 	</node>
	 	 	<node id="12" type="1">
	 	 	 	<cx>125</cx>
	 	 	 	<cy>720</cy>
	 	 	</node>
	 	 	<node id="13" type="1">
	 	 	 	<cx>442</cx>
	 	 	 	<cy>388</cy>
	 	 	</node>
	 	 	<node id="14" type="1">
	 	 	 	<cx>79</cx>
	 	 	 	<cy>759</cy>
	 	 	</node>
	 	 	<node id="15" type="1">
	 	 	 	<cx>904</cx>
	 	 	 	<cy>76</cy>
	 	 	</node>
	 	 	<node id="16" type="1">
	 	 	 	<cx>379</cx>
	 	 	 	<cy>849</cy>
	 	 	</node>
	 	 	<node id="17" type="1">
	 	 	 	<cx>213</cx>
	 	 	 	<cy>595</cy>
	 	 	</node>
	 	 	<node id="18" type="1">
	 	 	 	<cx>164</cx>
	 	 	 	<cy>686</cy>
	 	 	</node>
	 	 	<node id="19" type="1">
	 	 	 	<cx>404</cx>
	 	 	 	<cy>947</cy>
	 	 	</node>
	 	 	<node id="20" type="1">
	 	 	 	<cx>331</cx>
	 	 	 	<cy>615</cy>
	 	 	</node>
	 	 	<node id="21" type="1">
	 	 	 	<cx>842</cx>
	 	 	 	<cy>156</cy>
	 	 	</node>
	 	 	<node id="22" type="1">
	 	 	 	<cx>272</cx>
	 	 	 	<cy>297</cy>
	 	 	</node>
	 	 	<node id="23" type="1">
	 	 	 	<cx>957</cx>
	 	 	 	<cy>227</cy>
	 	 	</node>
	 	 	<node id="24" type="1">
	 	 	 	<cx>274</cx>
	 	 	 	<cy>481</cy>
	 	 	</node>
	 	 	<node id="25" type="1">
	 	 	 	<cx>287</cx>
	 	 	 	<cy>544</cy>
	 	 	</node>
	 	 	<node id="26" type="1">
	 	 	 	<cx>152</cx>
	 	 	 	<cy>403</cy>
	 	 	</node>
	 	 	<node id="27" type="1">
	 	 	 	<cx>873</cx>
	 	 	 	<cy>146</cy>
	 	 	</node>
	 	 	<node id="28" type="1">
	 	 	 	<cx>267</cx>
	 	 	 	<cy>415</cy>
	 	 	</node>
	 	 	<node id="29" type="1">
	 	 	 	<cx>188</cx>
	 	 	 	<cy>727</cy>
	 	 	</node>
	 	 	<node id="30" type="1">
	 	 	 	<cx>594</cx>
	 	 	 	<cy>742</cy>
	 	 	</node>
	 	 	<node id="31" type="1">
	 	 	 	<cx>198</cx>
	 	 	 	<cy>429</cy>
	 	 	</node>
	 	 	<node id="32" type="1">
	 	 	 	<cx>810</cx>
	 	 	 	<cy>797</cy>
	 	 	</node>
	 	 	<node id="33" type="1">
	 	 	 	<cx>383</cx>
	 	 	 	<cy>602</cy>
	 	 	</node>
	 	 	<node id="34" type="1">
	 	 	 	<cx>459</cx>
	 	 	 	<cy>786</cy>
	 	 	</node>
	 	 	<node id="35" type="1">
	 	 	 	<cx>50</cx>
	 	 	 	<cy>183</cy>
	 	 	</node>
	 	 	<node id="36" type="1">
	 	 	 	<cx>395</cx>
	 	 	 	<cy>836</cy>
	 	 	</node>
	 	 	<node id="37" type="1">
	 	 	 	<cx>600</cx>
	 	 	 	<cy>866</cy>
	 	 	</node>
	 	 	<node id="38" type="1">
	 	 	 	<cx>192</cx>
	 	 	 	<cy>744</cy>
	 	 	</node>
	 	 	<node id="39" type="1">
	 	 	 	<cx>12</cx>
	 	 	 	<cy>705</cy>
	 	 	</node>
	 	 	<node id="40" type="1">
	 	 	 	<cx>869</cx>
	 	 	 	<cy>99</cy>
	 	 	</node>
	 	 	<node id="41" type="1">
	 	 	 	<cx>233</cx>
	 	 	 	<cy>811</cy>
	 	 	</node>
	 	 	<node id="42" type="1">
	 	 	 	<cx>235</cx>
	 	 	 	<cy>638</cy>
	 	 	</node>
	 	 	<node id="43" type="1">
	 	 	 	<cx>423</cx>
	 	 	 	<cy>904</cy>
	 	 	</node>
	 	 	<node id="44" type="1">
	 	 	 	<cx>220</cx>
	 	 	 	<cy>619</cy>
	 	 	</node>
	 	 	<node id="45" type="1">
	 	 	 	<cx>236</cx>
	 	 	 	<cy>713</cy>
	 	 	</node>
	 	 	<node id="46" type="1">
	 	 	 	<cx>960</cx>
	 	 	 	<cy>141</cy>
	 	 	</node>
	 	 	<node id="47" type="1">
	 	 	 	<cx>128</cx>
	 	 	 	<cy>321</cy>
	 	 	</node>
	 	 	<node id="48" type="1">
	 	 	 	<cx>160</cx>
	 	 	 	<cy>230</cy>
	 	 	</node>
	 	 	<node id="49" type="1">
	 	 	 	<cx>200</cx>
	 	 	 	<cy>650</cy>
	 	 	</node>
	 	 	<node id="50" type="1">
	 	 	 	<cx>104</cx>
	 	 	 	<cy>544</cy>
	 	 	</node>
	 	 	<node id="51" type="1">
	 	 	 	<cx>375</cx>
	 	 	 	<cy>638</cy>
	 	 	</node>
	 	 	<node id="52" type="1">
	 	 	 	<cx>540</cx>
	 	 	 	<cy>726</cy>
	 	 	</node>
	 	 	<node id="53" type="1">
	 	 	 	<cx>635</cx>
	 	 	 	<cy>790</cy>
	 	 	</node>
	 	 	<node id="54" type="1">
	 	 	 	<cx>512</cx>
	 	 	 	<cy>597</cy>
	 	 	</node>
	 	 	<node id="55" type="1">
	 	 	 	<cx>643</cx>
	 	 	 	<cy>517</cy>
	 	 	</node>
	 	 	<node id="56" type="1">
	 	 	 	<cx>327</cx>
	 	 	 	<cy>750</cy>
	 	 	</node>
	 	 	<node id="57" type="1">
	 	 	 	<cx>198</cx>
	 	 	 	<cy>412</cy>
	 	 	</node>
	 	 	<node id="58" type="1">
	 	 	 	<cx>375</cx>
	 	 	 	<cy>558</cy>
	 	 	</node>
	 	 	<node id="59" type="1">
	 	 	 	<cx>123</cx>
	 	 	 	<cy>259</cy>
	 	 	</node>
	 	 	<node id="60" type="1">
	 	 	 	<cx>365</cx>
	 	 	 	<cy>859</cy>
	 	 	</node>
	 	 	<node id="61" type="1">
	 	 	 	<cx>545</cx>
	 	 	 	<cy>700</cy>
	 	 	</node>
	 	 	<node id="62" type="1">
	 	 	 	<cx>242</cx>
	 	 	 	<cy>431</cy>
	 	 	</node>
	 	 	<node id="63" type="1">
	 	 	 	<cx>140</cx>
	 	 	 	<cy>412</cy>
	 	 	</node>
	 	 	<node id="64" type="1">
	 	 	 	<cx>316</cx>
	 	 	 	<cy>413</cy>
	 	 	</node>
	 	 	<node id="65" type="1">
	 	 	 	<cx>145</cx>
	 	 	 	<cy>764</cy>
	 	 	</node>
	 	 	<node id="66" type="1">
	 	 	 	<cx>892</cx>
	 	 	 	<cy>246</cy>
	 	 	</node>
	 	 	<node id="67" type="1">
	 	 	 	<cx>331</cx>
	 	 	 	<cy>828</cy>
	 	 	</node>
	 	 	<node id="68" type="1">
	 	 	 	<cx>231</cx>
	 	 	 	<cy>342</cy>
	 	 	</node>
	 	 	<node id="69" type="1">
	 	 	 	<cx>676</cx>
	 	 	 	<cy>810</cy>
	 	 	</node>
	 	 	<node id="70" type="1">
	 	 	 	<cx>211</cx>
	 	 	 	<cy>378</cy>
	 	 	</node>
	 	 	<node id="71" type="1">
	 	 	 	<cx>197</cx>
	 	 	 	<cy>538</cy>
	 	 	</node>
	 	 	<node id="72" type="1">
	 	 	 	<cx>808</cx>
	 	 	 	<cy>113</cy>
	 	 	</node>
	 	 	<node id="73" type="1">
	 	 	 	<cx>129</cx>
	 	 	 	<cy>655</cy>
	 	 	</node>
	 	 	<node id="74" type="1">
	 	 	 	<cx>84</cx>
	 	 	 	<cy>714</cy>
	 	 	</node>
	 	 	<node id="75" type="1">
	 	 	 	<cx>416</cx>
	 	 	 	<cy>784</cy>
	 	 	</node>
	 	 	<node id="76" type="1">
	 	 	 	<cx>151</cx>
	 	 	 	<cy>243</cy>
	 	 	</node>
	 	 	<node id="77" type="1">
	 	 	 	<cx>275</cx>
	 	 	 	<cy>442</cy>
	 	 	</node>
	 	 	<node id="78" type="1">
	 	 	 	<cx>46</cx>
	 	 	 	<cy>355</cy>
	 	 	</node>
	 	 	<node id="79" type="1">
	 	 	 	<cx>182</cx>
	 	 	 	<cy>746</cy>
	 	 	</node>
	 	 	<node id="80" type="1">
	 	 	 	<cx>158</cx>
	 	 	 	<cy>717</cy>
	 	 	</node>
	 	 	<node id="81" type="1">
	 	 	 	<cx>198</cx>
	 	 	 	<cy>648</cy>
	 	 	</node>
	 	 	<node id="82" type="1">
	 	 	 	<cx>137</cx>
	 	 	 	<cy>763</cy>
	 	 	</node>
	 	 	<node id="83" type="1">
	 	 	 	<cx>206</cx>
	 	 	 	<cy>872</cy>
	 	 	</node>
	 	 	<node id="84" type="1">
	 	 	 	<cx>30</cx>
	 	 	 	<cy>301</cy>
	 	 	</node>
	 	 	<node id="85" type="1">
	 	 	 	<cx>979</cx>
	 	 	 	<cy>214</cy>
	 	 	</node>
	 	 	<node id="86" type="1">
	 	 	 	<cx>384</cx>
	 	 	 	<cy>855</cy>
	 	 	</node>
	 	 	<node id="87" type="1">
	 	 	 	<cx>212</cx>
	 	 	 	<cy>794</cy>
	 	 	</node>
	 	 	<node id="88" type="1">
	 	 	 	<cx>35</cx>
	 	 	 	<cy>779</cy>
	 	 	</node>
	 	 	<node id="89" type="1">
	 	 	 	<cx>108</cx>
	 	 	 	<cy>640</cy>
	 	 	</node>
	 	 	<node id="90" type="1">
	 	 	 	<cx>186</cx>
	 	 	 	<cy>930</cy>
	 	 	</node>
	 	 	<node id="91" type="1">
	 	 	 	<cx>623</cx>
	 	 	 	<cy>977</cy>
	 	 	</node>
	 	 	<node id="92" type="1">
	 	 	 	<cx>231</cx>
	 	 	 	<cy>796</cy>
	 	 	</node>
	 	 	<node id="93" type="1">
	 	 	 	<cx>402</cx>
	 	 	 	<cy>932</cy>
	 	 	</node>
	 	 	<node id="94" type="1">
	 	 	 	<cx>166</cx>
	 	 	 	<cy>237</cy>
	 	 	</node>
	 	 	<node id="95" type="1">
	 	 	 	<cx>341</cx>
	 	 	 	<cy>803</cy>
	 	 	</node>
	 	 	<node id="96" type="1">
	 	 	 	<cx>559</cx>
	 	 	 	<cy>851</cy>
	 	 	</node>
	 	 	<node id="97" type="1">
	 	 	 	<cx>883</cx>
	 	 	 	<cy>143</cy>
	 	 	</node>
	 	 	<node id="98" type="1">
	 	 	 	<cx>524</cx>
	 	 	 	<cy>909</cy>
	 	 	</node>
	 	 	<node id="99" type="1">
	 	 	 	<cx>387</cx>
	 	 	 	<cy>463</cy>
	 	 	</node>
	 	 	<node id="100" type="1">
	 	 	 	<cx>395</cx>
	 	 	 	<cy>327</cy>
	 	 	</node>
	 	 	<node id="101" type="1">
	 	 	 	<cx>382</cx>
	 	 	 	<cy>787</cy>
	 	 	</node>
	 	 	<node id="102" type="1">
	 	 	 	<cx>341</cx>
	 	 	 	<cy>784</cy>
	 	 	</node>
	 	 	<node id="103" type="1">
	 	 	 	<cx>180</cx>
	 	 	 	<cy>530</cy>
	 	 	</node>
	 	 	<node id="104" type="1">
	 	 	 	<cx>81</cx>
	 	 	 	<cy>261</cy>
	 	 	</node>
	 	 	<node id="105" type="1">
	 	 	 	<cx>379</cx>
	 	 	 	<cy>700</cy>
	 	 	</node>
	 	 	<node id="106" type="1">
	 	 	 	<cx>721</cx>
	 	 	 	<cy>333</cy>
	 	 	</node>
	 	 	<node id="107" type="1">
	 	 	 	<cx>312</cx>
	 	 	 	<cy>756</cy>
	 	 	</node>
	 	 	<node id="108" type="1">
	 	 	 	<cx>424</cx>
	 	 	 	<cy>573</cy>
	 	 	</node>
	 	 	<node id="109" type="1">
	 	 	 	<cx>596</cx>
	 	 	 	<cy>878</cy>
	 	 	</node>
	 	 	<node id="110" type="1">
	 	 	 	<cx>273</cx>
	 	 	 	<cy>514</cy>
	 	 	</node>
	 	 	<node id="111" type="1">
	 	 	 	<cx>281</cx>
	 	 	 	<cy>417</cy>
	 	 	</node>
	 	 	<node id="112" type="1">
	 	 	 	<cx>125</cx>
	 	 	 	<cy>528</cy>
	 	 	</node>
	 	 	<node id="113" type="1">
	 	 	 	<cx>464</cx>
	 	 	 	<cy>893</cy>
	 	 	</node>
	 	 	<node id="114" type="1">
	 	 	 	<cx>140</cx>
	 	 	 	<cy>413</cy>
	 	 	</node>
	 	 	<node id="115" type="1">
	 	 	 	<cx>256</cx>
	 	 	 	<cy>250</cy>
	 	 	</node>
	 	 	<node id="116" type="1">
	 	 	 	<cx>206</cx>
	 	 	 	<cy>384</cy>
	 	 	</node>
	 	 	<node id="117" type="1">
	 	 	 	<cx>204</cx>
	 	 	 	<cy>563</cy>
	 	 	</node>
	 	 	<node id="118" type="1">
	 	 	 	<cx>202</cx>
	 	 	 	<cy>159</cy>
	 	 	</node>
	 	 	<node id="119" type="1">
	 	 	 	<cx>347</cx>
	 	 	 	<cy>420</cy>
	 	 	</node>
	 	 	<node id="120" type="1">
	 	 	 	<cx>283</cx>
	 	 	 	<cy>520</cy>
	 	 	</node>
	 	 	<node id="121" type="1">
	 	 	 	<cx>214</cx>
	 	 	 	<cy>494</cy>
	 	 	</node>
	 	 	<node id="122" type="1">
	 	 	 	<cx>854</cx>
	 	 	 	<cy>142</cy>
	 	 	</node>
	 	 	<node id="123" type="1">
	 	 	 	<cx>502</cx>
	 	 	 	<cy>839</cy>
	 	 	</node>
	 	 	<node id="124" type="1">
	 	 	 	<cx>599</cx>
	 	 	 	<cy>889</cy>
	 	 	</node>
	 	 	<node id="125" type="1">
	 	 	 	<cx>485</cx>
	 	 	 	<cy>898</cy>
	 	 	</node>
	 	 	<node id="126" type="1">
	 	 	 	<cx>339</cx>
	 	 	 	<cy>73</cy>
	 	 	</node>
	 	 	<node id="127" type="1">
	 	 	 	<cx>396</cx>
	 	 	 	<cy>959</cy>
	 	 	</node>
	 	 	<node id="128" type="1">
	 	 	 	<cx>192</cx>
	 	 	 	<cy>533</cy>
	 	 	</node>
	 	 	<node id="129" type="1">
	 	 	 	<cx>234</cx>
	 	 	 	<cy>702</cy>
	 	 	</node>
	 	 	<node id="130" type="1">
	 	 	 	<cx>811</cx>
	 	 	 	<cy>101</cy>
	 	 	</node>
	 	 	<node id="131" type="1">
	 	 	 	<cx>840</cx>
	 	 	 	<cy>272</cy>
	 	 	</node>
	 	 	<node id="132" type="1">
	 	 	 	<cx>266</cx>
	 	 	 	<cy>346</cy>
	 	 	</node>
	 	 	<node id="133" type="1">
	 	 	 	<cx>867</cx>
	 	 	 	<cy>211</cy>
	 	 	</node>
	 	 	<node id="134" type="1">
	 	 	 	<cx>185</cx>
	 	 	 	<cy>436</cy>
	 	 	</node>
	 	 	<node id="135" type="1">
	 	 	 	<cx>61</cx>
	 	 	 	<cy>374</cy>
	 	 	</node>
	 	 	<node id="136" type="1">
	 	 	 	<cx>843</cx>
	 	 	 	<cy>188</cy>
	 	 	</node>
	 	 	<node id="137" type="1">
	 	 	 	<cx>156</cx>
	 	 	 	<cy>795</cy>
	 	 	</node>
	 	 	<node id="138" type="1">
	 	 	 	<cx>387</cx>
	 	 	 	<cy>889</cy>
	 	 	</node>
	 	 	<node id="139" type="1">
	 	 	 	<cx>724</cx>
	 	 	 	<cy>952</cy>
	 	 	</node>
	 	 	<node id="140" type="1">
	 	 	 	<cx>622</cx>
	 	 	 	<cy>16</cy>
	 	 	</node>
	 	 	<node id="141" type="1">
	 	 	 	<cx>235</cx>
	 	 	 	<cy>894</cy>
	 	 	</node>
	 	 	<node id="142" type="1">
	 	 	 	<cx>327</cx>
	 	 	 	<cy>991</cy>
	 	 	</node>
	 	 	<node id="143" type="1">
	 	 	 	<cx>867</cx>
	 	 	 	<cy>172</cy>
	 	 	</node>
	 	 	<node id="144" type="1">
	 	 	 	<cx>329</cx>
	 	 	 	<cy>496</cy>
	 	 	</node>
	 	 	<node id="145" type="1">
	 	 	 	<cx>930</cx>
	 	 	 	<cy>115</cy>
	 	 	</node>
	 	 	<node id="146" type="1">
	 	 	 	<cx>728</cx>
	 	 	 	<cy>950</cy>
	 	 	</node>
	 	 	<node id="147" type="1">
	 	 	 	<cx>371</cx>
	 	 	 	<cy>317</cy>
	 	 	</node>
	 	 	<node id="148" type="1">
	 	 	 	<cx>416</cx>
	 	 	 	<cy>575</cy>
	 	 	</node>
	 	 	<node id="149" type="1">
	 	 	 	<cx>408</cx>
	 	 	 	<cy>744</cy>
	 	 	</node>
	 	 	<node id="150" type="1">
	 	 	 	<cx>98</cx>
	 	 	 	<cy>434</cy>
	 	 	</node>
	 	 	<node id="151" type="1">
	 	 	 	<cx>468</cx>
	 	 	 	<cy>990</cy>
	 	 	</node>
	 	 	<node id="152" type="1">
	 	 	 	<cx>239</cx>
	 	 	 	<cy>775</cy>
	 	 	</node>
	 	 	<node id="153" type="1">
	 	 	 	<cx>231</cx>
	 	 	 	<cy>748</cy>
	 	 	</node>
	 	 	<node id="154" type="1">
	 	 	 	<cx>251</cx>
	 	 	 	<cy>398</cy>
	 	 	</node>
	 	 	<node id="155" type="1">
	 	 	 	<cx>311</cx>
	 	 	 	<cy>725</cy>
	 	 	</node>
	 	 	<node id="156" type="1">
	 	 	 	<cx>913</cx>
	 	 	 	<cy>135</cy>
	 	 	</node>
	 	 	<node id="157" type="1">
	 	 	 	<cx>928</cx>
	 	 	 	<cy>399</cy>
	 	 	</node>
	 	 	<node id="158" type="1">
	 	 	 	<cx>444</cx>
	 	 	 	<cy>596</cy>
	 	 	</node>
	 	 	<node id="159" type="1">
	 	 	 	<cx>337</cx>
	 	 	 	<cy>519</cy>
	 	 	</node>
	 	 	<node id="160" type="1">
	 	 	 	<cx>294</cx>
	 	 	 	<cy>981</cy>
	 	 	</node>
	 	 	<node id="161" type="1">
	 	 	 	<cx>625</cx>
	 	 	 	<cy>824</cy>
	 	 	</node>
	 	 	<node id="162" type="1">
	 	 	 	<cx>153</cx>
	 	 	 	<cy>530</cy>
	 	 	</node>
	 	 	<node id="163" type="1">
	 	 	 	<cx>124</cx>
	 	 	 	<cy>342</cy>
	 	 	</node>
	 	 	<node id="164" type="1">
	 	 	 	<cx>615</cx>
	 	 	 	<cy>881</cy>
	 	 	</node>
	 	 	<node id="165" type="1">
	 	 	 	<cx>534</cx>
	 	 	 	<cy>826</cy>
	 	 	</node>
	 	 	<node id="166" type="1">
	 	 	 	<cx>454</cx>
	 	 	 	<cy>888</cy>
	 	 	</node>
	 	 	<node id="167" type="1">
	 	 	 	<cx>639</cx>
	 	 	 	<cy>789</cy>
	 	 	</node>
	 	 	<node id="168" type="1">
	 	 	 	<cx>48</cx>
	 	 	 	<cy>353</cy>
	 	 	</node>
	 	 	<node id="169" type="1">
	 	 	 	<cx>200</cx>
	 	 	 	<cy>704</cy>
	 	 	</node>
	 	 	<node id="170" type="1">
	 	 	 	<cx>50</cx>
	 	 	 	<cy>483</cy>
	 	 	</node>
	 	 	<node id="171" type="1">
	 	 	 	<cx>269</cx>
	 	 	 	<cy>610</cy>
	 	 	</node>
	 	 	<node id="172" type="1">
	 	 	 	<cx>477</cx>
	 	 	 	<cy>953</cy>
	 	 	</node>
	 	 	<node id="173" type="1">
	 	 	 	<cx>54</cx>
	 	 	 	<cy>300</cy>
	 	 	</node>
	 	 	<node id="174" type="1">
	 	 	 	<cx>346</cx>
	 	 	 	<cy>588</cy>
	 	 	</node>
	 	 	<node id="175" type="1">
	 	 	 	<cx>617</cx>
	 	 	 	<cy>832</cy>
	 	 	</node>
	 	 	<node id="176" type="1">
	 	 	 	<cx>867</cx>
	 	 	 	<cy>63</cy>
	 	 	</node>
	 	 	<node id="177" type="1">
	 	 	 	<cx>304</cx>
	 	 	 	<cy>240</cy>
	 	 	</node>
	 	 	<node id="178" type="1">
	 	 	 	<cx>129</cx>
	 	 	 	<cy>675</cy>
	 	 	</node>
	 	 	<node id="179" type="1">
	 	 	 	<cx>293</cx>
	 	 	 	<cy>547</cy>
	 	 	</node>
	 	 	<node id="180" type="1">
	 	 	 	<cx>110</cx>
	 	 	 	<cy>597</cy>
	 	 	</node>
	 	 	<node id="181" type="1">
	 	 	 	<cx>868</cx>
	 	 	 	<cy>126</cy>
	 	 	</node>
	 	 	<node id="182" type="1">
	 	 	 	<cx>190</cx>
	 	 	 	<cy>760</cy>
	 	 	</node>
	 	 	<node id="183" type="1">
	 	 	 	<cx>894</cx>
	 	 	 	<cy>162</cy>
	 	 	</node>
	 	 	<node id="184" type="1">
	 	 	 	<cx>209</cx>
	 	 	 	<cy>696</cy>
	 	 	</node>
	 	 	<node id="185" type="1">
	 	 	 	<cx>400</cx>
	 	 	 	<cy>495</cy>
	 	 	</node>
	 	 	<node id="186" type="1">
	 	 	 	<cx>283</cx>
	 	 	 	<cy>657</cy>
	 	 	</node>
	 	 	<node id="187" type="1">
	 	 	 	<cx>536</cx>
	 	 	 	<cy>991</cy>
	 	 	</node>
	 	 	<node id="188" type="1">
	 	 	 	<cx>649</cx>
	 	 	 	<cy>872</cy>
	 	 	</node>
	 	 	<node id="189" type="1">
	 	 	 	<cx>198</cx>
	 	 	 	<cy>370</cy>
	 	 	</node>
	 	 	<node id="190" type="1">
	 	 	 	<cx>824</cx>
	 	 	 	<cy>202</cy>
	 	 	</node>
	 	 	<node id="191" type="1">
	 	 	 	<cx>275</cx>
	 	 	 	<cy>889</cy>
	 	 	</node>
	 	 	<node id="192" type="1">
	 	 	 	<cx>904</cx>
	 	 	 	<cy>169</cy>
	 	 	</node>
	 	 	<node id="193" type="1">
	 	 	 	<cx>511</cx>
	 	 	 	<cy>600</cy>
	 	 	</node>
	 	 	<node id="194" type="1">
	 	 	 	<cx>224</cx>
	 	 	 	<cy>441</cy>
	 	 	</node>
	 	 	<node id="195" type="1">
	 	 	 	<cx>674</cx>
	 	 	 	<cy>949</cy>
	 	 	</node>
	 	 	<node id="196" type="1">
	 	 	 	<cx>627</cx>
	 	 	 	<cy>952</cy>
	 	 	</node>
	 	 	<node id="197" type="1">
	 	 	 	<cx>7</cx>
	 	 	 	<cy>213</cy>
	 	 	</node>
	 	 	<node id="198" type="1">
	 	 	 	<cx>155</cx>
	 	 	 	<cy>218</cy>
	 	 	</node>
	 	 	<node id="199" type="1">
	 	 	 	<cx>593</cx>
	 	 	 	<cy>802</cy>
	 	 	</node>
	 	 	<node id="200" type="1">
	 	 	 	<cx>817</cx>
	 	 	 	<cy>211</cy>
	 	 	</node>
	 	 	<node id="201" type="1">
	 	 	 	<cx>212</cx>
	 	 	 	<cy>351</cy>
	 	 	</node>
	 	 	<node id="202" type="1">
	 	 	 	<cx>843</cx>
	 	 	 	<cy>191</cy>
	 	 	</node>
	 	 	<node id="203" type="1">
	 	 	 	<cx>616</cx>
	 	 	 	<cy>902</cy>
	 	 	</node>
	 	 	<node id="204" type="1">
	 	 	 	<cx>230</cx>
	 	 	 	<cy>561</cy>
	 	 	</node>
	 	 	<node id="205" type="1">
	 	 	 	<cx>459</cx>
	 	 	 	<cy>554</cy>
	 	 	</node>
	 	 	<node id="206" type="1">
	 	 	 	<cx>585</cx>
	 	 	 	<cy>595</cy>
	 	 	</node>
	 	 	<node id="207" type="1">
	 	 	 	<cx>204</cx>
	 	 	 	<cy>614</cy>
	 	 	</node>
	 	 	<node id="208" type="1">
	 	 	 	<cx>698</cx>
	 	 	 	<cy>970</cy>
	 	 	</node>
	 	 	<node id="209" type="1">
	 	 	 	<cx>425</cx>
	 	 	 	<cy>539</cy>
	 	 	</node>
	 	 	<node id="210" type="1">
	 	 	 	<cx>430</cx>
	 	 	 	<cy>850</cy>
	 	 	</node>
	 	 	<node id="211" type="1">
	 	 	 	<cx>498</cx>
	 	 	 	<cy>758</cy>
	 	 	</node>
	 	 	<node id="212" type="1">
	 	 	 	<cx>437</cx>
	 	 	 	<cy>622</cy>
	 	 	</node>
	 	 	<node id="213" type="1">
	 	 	 	<cx>107</cx>
	 	 	 	<cy>483</cy>
	 	 	</node>
	 	 	<node id="214" type="1">
	 	 	 	<cx>119</cx>
	 	 	 	<cy>764</cy>
	 	 	</node>
	 	 	<node id="215" type="1">
	 	 	 	<cx>265</cx>
	 	 	 	<cy>615</cy>
	 	 	</node>
	 	 	<node id="216" type="1">
	 	 	 	<cx>547</cx>
	 	 	 	<cy>481</cy>
	 	 	</node>
	 	 	<node id="217" type="1">
	 	 	 	<cx>324</cx>
	 	 	 	<cy>762</cy>
	 	 	</node>
	 	 	<node id="218" type="1">
	 	 	 	<cx>723</cx>
	 	 	 	<cy>745</cy>
	 	 	</node>
	 	 	<node id="219" type="1">
	 	 	 	<cx>163</cx>
	 	 	 	<cy>928</cy>
	 	 	</node>
	 	 	<node id="220" type="1">
	 	 	 	<cx>308</cx>
	 	 	 	<cy>513</cy>
	 	 	</node>
	 	 	<node id="221" type="1">
	 	 	 	<cx>339</cx>
	 	 	 	<cy>599</cy>
	 	 	</node>
	 	 	<node id="222" type="1">
	 	 	 	<cx>314</cx>
	 	 	 	<cy>814</cy>
	 	 	</node>
	 	 	<node id="223" type="1">
	 	 	 	<cx>316</cx>
	 	 	 	<cy>598</cy>
	 	 	</node>
	 	 	<node id="224" type="1">
	 	 	 	<cx>183</cx>
	 	 	 	<cy>159</cy>
	 	 	</node>
	 	 	<node id="225" type="1">
	 	 	 	<cx>325</cx>
	 	 	 	<cy>348</cy>
	 	 	</node>
	 	 	<node id="226" type="1">
	 	 	 	<cx>163</cx>
	 	 	 	<cy>480</cy>
	 	 	</node>
	 	 	<node id="227" type="1">
	 	 	 	<cx>595</cx>
	 	 	 	<cy>727</cy>
	 	 	</node>
	 	 	<node id="228" type="1">
	 	 	 	<cx>303</cx>
	 	 	 	<cy>866</cy>
	 	 	</node>
	 	 	<node id="229" type="1">
	 	 	 	<cx>350</cx>
	 	 	 	<cy>700</cy>
	 	 	</node>
	 	 	<node id="230" type="1">
	 	 	 	<cx>920</cx>
	 	 	 	<cy>82</cy>
	 	 	</node>
	 	 	<node id="231" type="1">
	 	 	 	<cx>105</cx>
	 	 	 	<cy>238</cy>
	 	 	</node>
	 	 	<node id="232" type="1">
	 	 	 	<cx>111</cx>
	 	 	 	<cy>18</cy>
	 	 	</node>
	 	 	<node id="233" type="1">
	 	 	 	<cx>437</cx>
	 	 	 	<cy>482</cy>
	 	 	</node>
	 	 	<node id="234" type="1">
	 	 	 	<cx>88</cx>
	 	 	 	<cy>300</cy>
	 	 	</node>
	 	 	<node id="235" type="1">
	 	 	 	<cx>464</cx>
	 	 	 	<cy>929</cy>
	 	 	</node>
	 	 	<node id="236" type="1">
	 	 	 	<cx>544</cx>
	 	 	 	<cy>846</cy>
	 	 	</node>
	 	 	<node id="237" type="1">
	 	 	 	<cx>201</cx>
	 	 	 	<cy>233</cy>
	 	 	</node>
	 	 	<node id="238" type="1">
	 	 	 	<cx>353</cx>
	 	 	 	<cy>729</cy>
	 	 	</node>
	 	 	<node id="239" type="1">
	 	 	 	<cx>302</cx>
	 	 	 	<cy>404</cy>
	 	 	</node>
	 	 	<node id="240" type="1">
	 	 	 	<cx>708</cx>
	 	 	 	<cy>855</cy>
	 	 	</node>
	 	 	<node id="241" type="1">
	 	 	 	<cx>739</cx>
	 	 	 	<cy>843</cy>
	 	 	</node>
	 	 	<node id="242" type="1">
	 	 	 	<cx>198</cx>
	 	 	 	<cy>250</cy>
	 	 	</node>
	 	 	<node id="243" type="1">
	 	 	 	<cx>55</cx>
	 	 	 	<cy>143</cy>
	 	 	</node>
	 	 	<node id="244" type="1">
	 	 	 	<cx>257</cx>
	 	 	 	<cy>410</cy>
	 	 	</node>
	 	 	<node id="245" type="1">
	 	 	 	<cx>26</cx>
	 	 	 	<cy>411</cy>
	 	 	</node>
	 	 	<node id="246" type="1">
	 	 	 	<cx>832</cx>
	 	 	 	<cy>234</cy>
	 	 	</node>
	 	 	<node id="247" type="1">
	 	 	 	<cx>207</cx>
	 	 	 	<cy>344</cy>
	 	 	</node>
	 	 	<node id="248" type="1">
	 	 	 	<cx>212</cx>
	 	 	 	<cy>757</cy>
	 	 	</node>
	 	 	<node id="249" type="1">
	 	 	 	<cx>277</cx>
	 	 	 	<cy>453</cy>
	 	 	</node>
	 	 	<node id="250" type="1">
	 	 	 	<cx>274</cx>
	 	 	 	<cy>472</cy>
	 	 	</node>
	 	 	<node id="251" type="1">
	 	 	 	<cx>272</cx>
	 	 	 	<cy>828</cy>
	 	 	</node>
	 	 	<node id="252" type="1">
	 	 	 	<cx>875</cx>
	 	 	 	<cy>101</cy>
	 	 	</node>
	 	 	<node id="253" type="1">
	 	 	 	<cx>434</cx>
	 	 	 	<cy>975</cy>
	 	 	</node>
	 	 	<node id="254" type="1">
	 	 	 	<cx>510</cx>
	 	 	 	<cy>975</cy>
	 	 	</node>
	 	 	<node id="255" type="1">
	 	 	 	<cx>709</cx>
	 	 	 	<cy>932</cy>
	 	 	</node>
	 	 	<node id="256" type="1">
	 	 	 	<cx>647</cx>
	 	 	 	<cy>943</cy>
	 	 	</node>
	 	 	<node id="257" type="1">
	 	 	 	<cx>349</cx>
	 	 	 	<cy>428</cy>
	 	 	</node>
	 	 	<node id="258" type="1">
	 	 	 	<cx>317</cx>
	 	 	 	<cy>866</cy>
	 	 	</node>
	 	 	<node id="259" type="1">
	 	 	 	<cx>391</cx>
	 	 	 	<cy>393</cy>
	 	 	</node>
	 	 	<node id="260" type="1">
	 	 	 	<cx>612</cx>
	 	 	 	<cy>815</cy>
	 	 	</node>
	 	 	<node id="261" type="1">
	 	 	 	<cx>217</cx>
	 	 	 	<cy>666</cy>
	 	 	</node>
	 	 	<node id="262" type="1">
	 	 	 	<cx>229</cx>
	 	 	 	<cy>740</cy>
	 	 	</node>
	 	 	<node id="263" type="1">
	 	 	 	<cx>630</cx>
	 	 	 	<cy>918</cy>
	 	 	</node>
	 	 	<node id="264" type="1">
	 	 	 	<cx>125</cx>
	 	 	 	<cy>704</cy>
	 	 	</node>
	 	 	<node id="265" type="1">
	 	 	 	<cx>545</cx>
	 	 	 	<cy>898</cy>
	 	 	</node>
	 	 	<node id="266" type="1">
	 	 	 	<cx>184</cx>
	 	 	 	<cy>757</cy>
	 	 	</node>
	 	 	<node id="267" type="1">
	 	 	 	<cx>492</cx>
	 	 	 	<cy>930</cy>
	 	 	</node>
	 	 	<node id="268" type="1">
	 	 	 	<cx>985</cx>
	 	 	 	<cy>201</cy>
	 	 	</node>
	 	 	<node id="269" type="1">
	 	 	 	<cx>448</cx>
	 	 	 	<cy>998</cy>
	 	 	</node>
	 	 	<node id="270" type="1">
	 	 	 	<cx>117</cx>
	 	 	 	<cy>784</cy>
	 	 	</node>
	 	 	<node id="271" type="1">
	 	 	 	<cx>359</cx>
	 	 	 	<cy>490</cy>
	 	 	</node>
	 	 	<node id="272" type="1">
	 	 	 	<cx>292</cx>
	 	 	 	<cy>715</cy>
	 	 	</node>
	 	 	<node id="273" type="1">
	 	 	 	<cx>365</cx>
	 	 	 	<cy>531</cy>
	 	 	</node>
	 	 	<node id="274" type="1">
	 	 	 	<cx>503</cx>
	 	 	 	<cy>795</cy>
	 	 	</node>
	 	 	<node id="275" type="1">
	 	 	 	<cx>21</cx>
	 	 	 	<cy>220</cy>
	 	 	</node>
	 	 	<node id="276" type="1">
	 	 	 	<cx>225</cx>
	 	 	 	<cy>872</cy>
	 	 	</node>
	 	 	<node id="277" type="1">
	 	 	 	<cx>387</cx>
	 	 	 	<cy>551</cy>
	 	 	</node>
	 	 	<node id="278" type="1">
	 	 	 	<cx>895</cx>
	 	 	 	<cy>120</cy>
	 	 	</node>
	 	 	<node id="279" type="1">
	 	 	 	<cx>476</cx>
	 	 	 	<cy>868</cy>
	 	 	</node>
	 	 	<node id="280" type="1">
	 	 	 	<cx>281</cx>
	 	 	 	<cy>586</cy>
	 	 	</node>
	 	 	<node id="281" type="1">
	 	 	 	<cx>609</cx>
	 	 	 	<cy>944</cy>
	 	 	</node>
	 	 	<node id="282" type="1">
	 	 	 	<cx>868</cx>
	 	 	 	<cy>164</cy>
	 	 	</node>
	 	 	<node id="283" type="1">
	 	 	 	<cx>148</cx>
	 	 	 	<cy>748</cy>
	 	 	</node>
	 	 	<node id="284" type="1">
	 	 	 	<cx>168</cx>
	 	 	 	<cy>463</cy>
	 	 	</node>
	 	 	<node id="285" type="1">
	 	 	 	<cx>364</cx>
	 	 	 	<cy>550</cy>
	 	 	</node>
	 	 	<node id="286" type="1">
	 	 	 	<cx>844</cx>
	 	 	 	<cy>163</cy>
	 	 	</node>
	 	 	<node id="287" type="1">
	 	 	 	<cx>465</cx>
	 	 	 	<cy>614</cy>
	 	 	</node>
	 	 	<node id="288" type="1">
	 	 	 	<cx>214</cx>
	 	 	 	<cy>637</cy>
	 	 	</node>
	 	 	<node id="289" type="1">
	 	 	 	<cx>189</cx>
	 	 	 	<cy>582</cy>
	 	 	</node>
	 	 	<node id="290" type="1">
	 	 	 	<cx>94</cx>
	 	 	 	<cy>186</cy>
	 	 	</node>
	 	 	<node id="291" type="1">
	 	 	 	<cx>863</cx>
	 	 	 	<cy>190</cy>
	 	 	</node>
	 	 	<node id="292" type="1">
	 	 	 	<cx>676</cx>
	 	 	 	<cy>800</cy>
	 	 	</node>
	 	 	<node id="293" type="1">
	 	 	 	<cx>175</cx>
	 	 	 	<cy>686</cy>
	 	 	</node>
	 	 	<node id="294" type="1">
	 	 	 	<cx>393</cx>
	 	 	 	<cy>400</cy>
	 	 	</node>
	 	 	<node id="295" type="1">
	 	 	 	<cx>172</cx>
	 	 	 	<cy>614</cy>
	 	 	</node>
	 	 	<node id="296" type="1">
	 	 	 	<cx>320</cx>
	 	 	 	<cy>504</cy>
	 	 	</node>
	 	 	<node id="297" type="1">
	 	 	 	<cx>35</cx>
	 	 	 	<cy>206</cy>
	 	 	</node>
	 	 	<node id="298" type="1">
	 	 	 	<cx>182</cx>
	 	 	 	<cy>671</cy>
	 	 	</node>
	 	 	<node id="299" type="1">
	 	 	 	<cx>356</cx>
	 	 	 	<cy>599</cy>
	 	 	</node>
	 	 	<node id="300" type="1">
	 	 	 	<cx>88</cx>
	 	 	 	<cy>215</cy>
	 	 	</node>
	 	 	<node id="301" type="1">
	 	 	 	<cx>608</cx>
	 	 	 	<cy>775</cy>
	 	 	</node>
	 	 	<node id="302" type="1">
	 	 	 	<cx>481</cx>
	 	 	 	<cy>721</cy>
	 	 	</node>
	 	 	<node id="303" type="1">
	 	 	 	<cx>449</cx>
	 	 	 	<cy>751</cy>
	 	 	</node>
	 	</nodes>
	 	<euclidean/>
	 	<decimals>0</decimals>
	 </network>
	 <fleet>
	 	 <vehicle_profile type="0">
	 	  	 <departure_node>1</departure_node>
	 	  	 <arrival_node>1</arrival_node>
	 	  	 <capacity>794</capacity>
	 	 </vehicle_profile>
	 </fleet>
	 <requests>
	 	 <request id="1" node="2">
	 	 	 <quantity>20</quantity>
	 	 </request>
	 	 <request id="2" node="3">
	 	 	 <quantity>14</quantity>
	 	 </request>
	 	 <request id="3" node="4">
	 	 	 <quantity>85</quantity>
	 	 </request>
	 	 <request id="4" node="5">
	 	 	 <quantity>33</quantity>
	 	 </request>
	 	 <request id="5" node="6">
	 	 	 <quantity>51</quantity>
	 	 </request>
	 	 <request id="6" node="7">
	 	 	 <quantity>78</quantity>
	 	 </request>
	 	 <request id="7" node="8">
	 	 	 <quantity>51</quantity>
	 	 </request>
	 	 <request id="8" node="9">
	 	 	 <quantity>85</quantity>
	 	 </request>
	 	 <request id="9" node="10">
	 	 	 <quantity>74</quantity>
	 	 </request>
	 	 <request id="10" node="11">
	 	 	 <quantity>4</quantity>
	 	 </request>
	 	 <request id="11" node="12">
	 	 	 <quantity>13</quantity>
	 	 </request>
	 	 <request id="12" node="13">
	 	 	 <quantity>2</quantity>
	 	 </request>
	 	 <request id="13" node="14">
	 	 	 <quantity>33</quantity>
	 	 </request>
	 	 <request id="14" node="15">
	 	 	 <quantity>16</quantity>
	 	 </request>
	 	 <request id="15" node="16">
	 	 	 <quantity>31</quantity>
	 	 </request>
	 	 <request id="16" node="17">
	 	 	 <quantity>16</quantity>
	 	 </request>
	 	 <request id="17" node="18">
	 	 	 <quantity>18</quantity>
	 	 </request>
	 	 <request id="18" node="19">
	 	 	 <quantity>3</quantity>
	 	 </request>
	 	 <request id="19" node="20">
	 	 	 <quantity>66</quantity>
	 	 </request>
	 	 <request id="20" node="21">
	 	 	 <quantity>42</quantity>
	 	 </request>
	 	 <request id="21" node="22">
	 	 	 <quantity>65</quantity>
	 	 </request>
	 	 <request id="22" node="23">
	 	 	 <quantity>15</quantity>
	 	 </request>
	 	 <request id="23" node="24">
	 	 	 <quantity>3</quantity>
	 	 </request>
	 	 <request id="24" node="25">
	 	 	 <quantity>38</quantity>
	 	 </request>
	 	 <request id="25" node="26">
	 	 	 <quantity>81</quantity>
	 	 </request>
	 	 <request id="26" node="27">
	 	 	 <quantity>82</quantity>
	 	 </request>
	 	 <request id="27" node="28">
	 	 	 <quantity>83</quantity>
	 	 </request>
	 	 <request id="28" node="29">
	 	 	 <quantity>86</quantity>
	 	 </request>
	 	 <request id="29" node="30">
	 	 	 <quantity>1</quantity>
	 	 </request>
	 	 <request id="30" node="31">
	 	 	 <quantity>59</quantity>
	 	 </request>
	 	 <request id="31" node="32">
	 	 	 <quantity>69</quantity>
	 	 </request>
	 	 <request id="32" node="33">
	 	 	 <quantity>1</quantity>
	 	 </request>
	 	 <request id="33" node="34">
	 	 	 <quantity>58</quantity>
	 	 </request>
	 	 <request id="34" node="35">
	 	 	 <quantity>98</quantity>
	 	 </request>
	 	 <request id="35" node="36">
	 	 	 <quantity>37</quantity>
	 	 </request>
	 	 <request id="36" node="37">
	 	 	 <quantity>65</quantity>
	 	 </request>
	 	 <request id="37" node="38">
	 	 	 <quantity>92</quantity>
	 	 </request>
	 	 <request id="38" node="39">
	 	 	 <quantity>44</quantity>
	 	 </request>
	 	 <request id="39" node="40">
	 	 	 <quantity>86</quantity>
	 	 </request>
	 	 <request id="40" node="41">
	 	 	 <quantity>83</quantity>
	 	 </request>
	 	 <request id="41" node="42">
	 	 	 <quantity>68</quantity>
	 	 </request>
	 	 <request id="42" node="43">
	 	 	 <quantity>52</quantity>
	 	 </request>
	 	 <request id="43" node="44">
	 	 	 <quantity>82</quantity>
	 	 </request>
	 	 <request id="44" node="45">
	 	 	 <quantity>66</quantity>
	 	 </request>
	 	 <request id="45" node="46">
	 	 	 <quantity>34</quantity>
	 	 </request>
	 	 <request id="46" node="47">
	 	 	 <quantity>33</quantity>
	 	 </request>
	 	 <request id="47" node="48">
	 	 	 <quantity>18</quantity>
	 	 </request>
	 	 <request id="48" node="49">
	 	 	 <quantity>39</quantity>
	 	 </request>
	 	 <request id="49" node="50">
	 	 	 <quantity>97</quantity>
	 	 </request>
	 	 <request id="50" node="51">
	 	 	 <quantity>29</quantity>
	 	 </request>
	 	 <request id="51" node="52">
	 	 	 <quantity>6</quantity>
	 	 </request>
	 	 <request id="52" node="53">
	 	 	 <quantity>74</quantity>
	 	 </request>
	 	 <request id="53" node="54">
	 	 	 <quantity>20</quantity>
	 	 </request>
	 	 <request id="54" node="55">
	 	 	 <quantity>2</quantity>
	 	 </request>
	 	 <request id="55" node="56">
	 	 	 <quantity>89</quantity>
	 	 </request>
	 	 <request id="56" node="57">
	 	 	 <quantity>48</quantity>
	 	 </request>
	 	 <request id="57" node="58">
	 	 	 <quantity>53</quantity>
	 	 </request>
	 	 <request id="58" node="59">
	 	 	 <quantity>57</quantity>
	 	 </request>
	 	 <request id="59" node="60">
	 	 	 <quantity>80</quantity>
	 	 </request>
	 	 <request id="60" node="61">
	 	 	 <quantity>26</quantity>
	 	 </request>
	 	 <request id="61" node="62">
	 	 	 <quantity>85</quantity>
	 	 </request>
	 	 <request id="62" node="63">
	 	 	 <quantity>89</quantity>
	 	 </request>
	 	 <request id="63" node="64">
	 	 	 <quantity>29</quantity>
	 	 </request>
	 	 <request id="64" node="65">
	 	 	 <quantity>68</quantity>
	 	 </request>
	 	 <request id="65" node="66">
	 	 	 <quantity>15</quantity>
	 	 </request>
	 	 <request id="66" node="67">
	 	 	 <quantity>51</quantity>
	 	 </request>
	 	 <request id="67" node="68">
	 	 	 <quantity>9</quantity>
	 	 </request>
	 	 <request id="68" node="69">
	 	 	 <quantity>63</quantity>
	 	 </request>
	 	 <request id="69" node="70">
	 	 	 <quantity>62</quantity>
	 	 </request>
	 	 <request id="70" node="71">
	 	 	 <quantity>49</quantity>
	 	 </request>
	 	 <request id="71" node="72">
	 	 	 <quantity>28</quantity>
	 	 </request>
	 	 <request id="72" node="73">
	 	 	 <quantity>84</quantity>
	 	 </request>
	 	 <request id="73" node="74">
	 	 	 <quantity>82</quantity>
	 	 </request>
	 	 <request id="74" node="75">
	 	 	 <quantity>65</quantity>
	 	 </request>
	 	 <request id="75" node="76">
	 	 	 <quantity>77</quantity>
	 	 </request>
	 	 <request id="76" node="77">
	 	 	 <quantity>74</quantity>
	 	 </request>
	 	 <request id="77" node="78">
	 	 	 <quantity>27</quantity>
	 	 </request>
	 	 <request id="78" node="79">
	 	 	 <quantity>100</quantity>
	 	 </request>
	 	 <request id="79" node="80">
	 	 	 <quantity>82</quantity>
	 	 </request>
	 	 <request id="80" node="81">
	 	 	 <quantity>54</quantity>
	 	 </request>
	 	 <request id="81" node="82">
	 	 	 <quantity>21</quantity>
	 	 </request>
	 	 <request id="82" node="83">
	 	 	 <quantity>43</quantity>
	 	 </request>
	 	 <request id="83" node="84">
	 	 	 <quantity>4</quantity>
	 	 </request>
	 	 <request id="84" node="85">
	 	 	 <quantity>53</quantity>
	 	 </request>
	 	 <request id="85" node="86">
	 	 	 <quantity>55</quantity>
	 	 </request>
	 	 <request id="86" node="87">
	 	 	 <quantity>73</quantity>
	 	 </request>
	 	 <request id="87" node="88">
	 	 	 <quantity>46</quantity>
	 	 </request>
	 	 <request id="88" node="89">
	 	 	 <quantity>68</quantity>
	 	 </request>
	 	 <request id="89" node="90">
	 	 	 <quantity>22</quantity>
	 	 </request>
	 	 <request id="90" node="91">
	 	 	 <quantity>69</quantity>
	 	 </request>
	 	 <request id="91" node="92">
	 	 	 <quantity>93</quantity>
	 	 </request>
	 	 <request id="92" node="93">
	 	 	 <quantity>44</quantity>
	 	 </request>
	 	 <request id="93" node="94">
	 	 	 <quantity>63</quantity>
	 	 </request>
	 	 <request id="94" node="95">
	 	 	 <quantity>64</quantity>
	 	 </request>
	 	 <request id="95" node="96">
	 	 	 <quantity>81</quantity>
	 	 </request>
	 	 <request id="96" node="97">
	 	 	 <quantity>87</quantity>
	 	 </request>
	 	 <request id="97" node="98">
	 	 	 <quantity>44</quantity>
	 	 </request>
	 	 <request id="98" node="99">
	 	 	 <quantity>12</quantity>
	 	 </request>
	 	 <request id="99" node="100">
	 	 	 <quantity>78</quantity>
	 	 </request>
	 	 <request id="100" node="101">
	 	 	 <quantity>91</quantity>
	 	 </request>
	 	 <request id="101" node="102">
	 	 	 <quantity>63</quantity>
	 	 </request>
	 	 <request id="102" node="103">
	 	 	 <quantity>84</quantity>
	 	 </request>
	 	 <request id="103" node="104">
	 	 	 <quantity>7</quantity>
	 	 </request>
	 	 <request id="104" node="105">
	 	 	 <quantity>2</quantity>
	 	 </request>
	 	 <request id="105" node="106">
	 	 	 <quantity>68</quantity>
	 	 </request>
	 	 <request id="106" node="107">
	 	 	 <quantity>85</quantity>
	 	 </request>
	 	 <request id="107" node="108">
	 	 	 <quantity>77</quantity>
	 	 </request>
	 	 <request id="108" node="109">
	 	 	 <quantity>93</quantity>
	 	 </request>
	 	 <request id="109" node="110">
	 	 	 <quantity>16</quantity>
	 	 </request>
	 	 <request id="110" node="111">
	 	 	 <quantity>6</quantity>
	 	 </request>
	 	 <request id="111" node="112">
	 	 	 <quantity>52</quantity>
	 	 </request>
	 	 <request id="112" node="113">
	 	 	 <quantity>79</quantity>
	 	 </request>
	 	 <request id="113" node="114">
	 	 	 <quantity>43</quantity>
	 	 </request>
	 	 <request id="114" node="115">
	 	 	 <quantity>87</quantity>
	 	 </request>
	 	 <request id="115" node="116">
	 	 	 <quantity>40</quantity>
	 	 </request>
	 	 <request id="116" node="117">
	 	 	 <quantity>47</quantity>
	 	 </request>
	 	 <request id="117" node="118">
	 	 	 <quantity>74</quantity>
	 	 </request>
	 	 <request id="118" node="119">
	 	 	 <quantity>19</quantity>
	 	 </request>
	 	 <request id="119" node="120">
	 	 	 <quantity>3</quantity>
	 	 </request>
	 	 <request id="120" node="121">
	 	 	 <quantity>12</quantity>
	 	 </request>
	 	 <request id="121" node="122">
	 	 	 <quantity>40</quantity>
	 	 </request>
	 	 <request id="122" node="123">
	 	 	 <quantity>57</quantity>
	 	 </request>
	 	 <request id="123" node="124">
	 	 	 <quantity>100</quantity>
	 	 </request>
	 	 <request id="124" node="125">
	 	 	 <quantity>4</quantity>
	 	 </request>
	 	 <request id="125" node="126">
	 	 	 <quantity>37</quantity>
	 	 </request>
	 	 <request id="126" node="127">
	 	 	 <quantity>74</quantity>
	 	 </request>
	 	 <request id="127" node="128">
	 	 	 <quantity>51</quantity>
	 	 </request>
	 	 <request id="128" node="129">
	 	 	 <quantity>71</quantity>
	 	 </request>
	 	 <request id="129" node="130">
	 	 	 <quantity>99</quantity>
	 	 </request>
	 	 <request id="130" node="131">
	 	 	 <quantity>23</quantity>
	 	 </request>
	 	 <request id="131" node="132">
	 	 	 <quantity>24</quantity>
	 	 </request>
	 	 <request id="132" node="133">
	 	 	 <quantity>16</quantity>
	 	 </request>
	 	 <request id="133" node="134">
	 	 	 <quantity>100</quantity>
	 	 </request>
	 	 <request id="134" node="135">
	 	 	 <quantity>39</quantity>
	 	 </request>
	 	 <request id="135" node="136">
	 	 	 <quantity>49</quantity>
	 	 </request>
	 	 <request id="136" node="137">
	 	 	 <quantity>52</quantity>
	 	 </request>
	 	 <request id="137" node="138">
	 	 	 <quantity>81</quantity>
	 	 </request>
	 	 <request id="138" node="139">
	 	 	 <quantity>52</quantity>
	 	 </request>
	 	 <request id="139" node="140">
	 	 	 <quantity>60</quantity>
	 	 </request>
	 	 <request id="140" node="141">
	 	 	 <quantity>87</quantity>
	 	 </request>
	 	 <request id="141" node="142">
	 	 	 <quantity>2</quantity>
	 	 </request>
	 	 <request id="142" node="143">
	 	 	 <quantity>42</quantity>
	 	 </request>
	 	 <request id="143" node="144">
	 	 	 <quantity>56</quantity>
	 	 </request>
	 	 <request id="144" node="145">
	 	 	 <quantity>28</quantity>
	 	 </request>
	 	 <request id="145" node="146">
	 	 	 <quantity>17</quantity>
	 	 </request>
	 	 <request id="146" node="147">
	 	 	 <quantity>1</quantity>
	 	 </request>
	 	 <request id="147" node="148">
	 	 	 <quantity>91</quantity>
	 	 </request>
	 	 <request id="148" node="149">
	 	 	 <quantity>20</quantity>
	 	 </request>
	 	 <request id="149" node="150">
	 	 	 <quantity>79</quantity>
	 	 </request>
	 	 <request id="150" node="151">
	 	 	 <quantity>30</quantity>
	 	 </request>
	 	 <request id="151" node="152">
	 	 	 <quantity>88</quantity>
	 	 </request>
	 	 <request id="152" node="153">
	 	 	 <quantity>98</quantity>
	 	 </request>
	 	 <request id="153" node="154">
	 	 	 <quantity>60</quantity>
	 	 </request>
	 	 <request id="154" node="155">
	 	 	 <quantity>63</quantity>
	 	 </request>
	 	 <request id="155" node="156">
	 	 	 <quantity>79</quantity>
	 	 </request>
	 	 <request id="156" node="157">
	 	 	 <quantity>73</quantity>
	 	 </request>
	 	 <request id="157" node="158">
	 	 	 <quantity>11</quantity>
	 	 </request>
	 	 <request id="158" node="159">
	 	 	 <quantity>10</quantity>
	 	 </request>
	 	 <request id="159" node="160">
	 	 	 <quantity>70</quantity>
	 	 </request>
	 	 <request id="160" node="161">
	 	 	 <quantity>39</quantity>
	 	 </request>
	 	 <request id="161" node="162">
	 	 	 <quantity>31</quantity>
	 	 </request>
	 	 <request id="162" node="163">
	 	 	 <quantity>25</quantity>
	 	 </request>
	 	 <request id="163" node="164">
	 	 	 <quantity>24</quantity>
	 	 </request>
	 	 <request id="164" node="165">
	 	 	 <quantity>4</quantity>
	 	 </request>
	 	 <request id="165" node="166">
	 	 	 <quantity>74</quantity>
	 	 </request>
	 	 <request id="166" node="167">
	 	 	 <quantity>4</quantity>
	 	 </request>
	 	 <request id="167" node="168">
	 	 	 <quantity>84</quantity>
	 	 </request>
	 	 <request id="168" node="169">
	 	 	 <quantity>52</quantity>
	 	 </request>
	 	 <request id="169" node="170">
	 	 	 <quantity>72</quantity>
	 	 </request>
	 	 <request id="170" node="171">
	 	 	 <quantity>8</quantity>
	 	 </request>
	 	 <request id="171" node="172">
	 	 	 <quantity>5</quantity>
	 	 </request>
	 	 <request id="172" node="173">
	 	 	 <quantity>22</quantity>
	 	 </request>
	 	 <request id="173" node="174">
	 	 	 <quantity>89</quantity>
	 	 </request>
	 	 <request id="174" node="175">
	 	 	 <quantity>100</quantity>
	 	 </request>
	 	 <request id="175" node="176">
	 	 	 <quantity>21</quantity>
	 	 </request>
	 	 <request id="176" node="177">
	 	 	 <quantity>17</quantity>
	 	 </request>
	 	 <request id="177" node="178">
	 	 	 <quantity>96</quantity>
	 	 </request>
	 	 <request id="178" node="179">
	 	 	 <quantity>25</quantity>
	 	 </request>
	 	 <request id="179" node="180">
	 	 	 <quantity>35</quantity>
	 	 </request>
	 	 <request id="180" node="181">
	 	 	 <quantity>38</quantity>
	 	 </request>
	 	 <request id="181" node="182">
	 	 	 <quantity>73</quantity>
	 	 </request>
	 	 <request id="182" node="183">
	 	 	 <quantity>98</quantity>
	 	 </request>
	 	 <request id="183" node="184">
	 	 	 <quantity>29</quantity>
	 	 </request>
	 	 <request id="184" node="185">
	 	 	 <quantity>40</quantity>
	 	 </request>
	 	 <request id="185" node="186">
	 	 	 <quantity>36</quantity>
	 	 </request>
	 	 <request id="186" node="187">
	 	 	 <quantity>28</quantity>
	 	 </request>
	 	 <request id="187" node="188">
	 	 	 <quantity>9</quantity>
	 	 </request>
	 	 <request id="188" node="189">
	 	 	 <quantity>16</quantity>
	 	 </request>
	 	 <request id="189" node="190">
	 	 	 <quantity>88</quantity>
	 	 </request>
	 	 <request id="190" node="191">
	 	 	 <quantity>62</quantity>
	 	 </request>
	 	 <request id="191" node="192">
	 	 	 <quantity>64</quantity>
	 	 </request>
	 	 <request id="192" node="193">
	 	 	 <quantity>4</quantity>
	 	 </request>
	 	 <request id="193" node="194">
	 	 	 <quantity>95</quantity>
	 	 </request>
	 	 <request id="194" node="195">
	 	 	 <quantity>57</quantity>
	 	 </request>
	 	 <request id="195" node="196">
	 	 	 <quantity>57</quantity>
	 	 </request>
	 	 <request id="196" node="197">
	 	 	 <quantity>19</quantity>
	 	 </request>
	 	 <request id="197" node="198">
	 	 	 <quantity>90</quantity>
	 	 </request>
	 	 <request id="198" node="199">
	 	 	 <quantity>72</quantity>
	 	 </request>
	 	 <request id="199" node="200">
	 	 	 <quantity>39</quantity>
	 	 </request>
	 	 <request id="200" node="201">
	 	 	 <quantity>16</quantity>
	 	 </request>
	 	 <request id="201" node="202">
	 	 	 <quantity>96</quantity>
	 	 </request>
	 	 <request id="202" node="203">
	 	 	 <quantity>92</quantity>
	 	 </request>
	 	 <request id="203" node="204">
	 	 	 <quantity>89</quantity>
	 	 </request>
	 	 <request id="204" node="205">
	 	 	 <quantity>64</quantity>
	 	 </request>
	 	 <request id="205" node="206">
	 	 	 <quantity>81</quantity>
	 	 </request>
	 	 <request id="206" node="207">
	 	 	 <quantity>70</quantity>
	 	 </request>
	 	 <request id="207" node="208">
	 	 	 <quantity>76</quantity>
	 	 </request>
	 	 <request id="208" node="209">
	 	 	 <quantity>62</quantity>
	 	 </request>
	 	 <request id="209" node="210">
	 	 	 <quantity>33</quantity>
	 	 </request>
	 	 <request id="210" node="211">
	 	 	 <quantity>100</quantity>
	 	 </request>
	 	 <request id="211" node="212">
	 	 	 <quantity>50</quantity>
	 	 </request>
	 	 <request id="212" node="213">
	 	 	 <quantity>67</quantity>
	 	 </request>
	 	 <request id="213" node="214">
	 	 	 <quantity>61</quantity>
	 	 </request>
	 	 <request id="214" node="215">
	 	 	 <quantity>13</quantity>
	 	 </request>
	 	 <request id="215" node="216">
	 	 	 <quantity>55</quantity>
	 	 </request>
	 	 <request id="216" node="217">
	 	 	 <quantity>55</quantity>
	 	 </request>
	 	 <request id="217" node="218">
	 	 	 <quantity>21</quantity>
	 	 </request>
	 	 <request id="218" node="219">
	 	 	 <quantity>91</quantity>
	 	 </request>
	 	 <request id="219" node="220">
	 	 	 <quantity>67</quantity>
	 	 </request>
	 	 <request id="220" node="221">
	 	 	 <quantity>99</quantity>
	 	 </request>
	 	 <request id="221" node="222">
	 	 	 <quantity>71</quantity>
	 	 </request>
	 	 <request id="222" node="223">
	 	 	 <quantity>22</quantity>
	 	 </request>
	 	 <request id="223" node="224">
	 	 	 <quantity>62</quantity>
	 	 </request>
	 	 <request id="224" node="225">
	 	 	 <quantity>82</quantity>
	 	 </request>
	 	 <request id="225" node="226">
	 	 	 <quantity>43</quantity>
	 	 </request>
	 	 <request id="226" node="227">
	 	 	 <quantity>61</quantity>
	 	 </request>
	 	 <request id="227" node="228">
	 	 	 <quantity>99</quantity>
	 	 </request>
	 	 <request id="228" node="229">
	 	 	 <quantity>28</quantity>
	 	 </request>
	 	 <request id="229" node="230">
	 	 	 <quantity>50</quantity>
	 	 </request>
	 	 <request id="230" node="231">
	 	 	 <quantity>32</quantity>
	 	 </request>
	 	 <request id="231" node="232">
	 	 	 <quantity>42</quantity>
	 	 </request>
	 	 <request id="232" node="233">
	 	 	 <quantity>59</quantity>
	 	 </request>
	 	 <request id="233" node="234">
	 	 	 <quantity>5</quantity>
	 	 </request>
	 	 <request id="234" node="235">
	 	 	 <quantity>45</quantity>
	 	 </request>
	 	 <request id="235" node="236">
	 	 	 <quantity>90</quantity>
	 	 </request>
	 	 <request id="236" node="237">
	 	 	 <quantity>78</quantity>
	 	 </request>
	 	 <request id="237" node="238">
	 	 	 <quantity>81</quantity>
	 	 </request>
	 	 <request id="238" node="239">
	 	 	 <quantity>42</quantity>
	 	 </request>
	 	 <request id="239" node="240">
	 	 	 <quantity>49</quantity>
	 	 </request>
	 	 <request id="240" node="241">
	 	 	 <quantity>78</quantity>
	 	 </request>
	 	 <request id="241" node="242">
	 	 	 <quantity>81</quantity>
	 	 </request>
	 	 <request id="242" node="243">
	 	 	 <quantity>68</quantity>
	 	 </request>
	 	 <request id="243" node="244">
	 	 	 <quantity>15</quantity>
	 	 </request>
	 	 <request id="244" node="245">
	 	 	 <quantity>73</quantity>
	 	 </request>
	 	 <request id="245" node="246">
	 	 	 <quantity>44</quantity>
	 	 </request>
	 	 <request id="246" node="247">
	 	 	 <quantity>65</quantity>
	 	 </request>
	 	 <request id="247" node="248">
	 	 	 <quantity>92</quantity>
	 	 </request>
	 	 <request id="248" node="249">
	 	 	 <quantity>57</quantity>
	 	 </request>
	 	 <request id="249" node="250">
	 	 	 <quantity>67</quantity>
	 	 </request>
	 	 <request id="250" node="251">
	 	 	 <quantity>94</quantity>
	 	 </request>
	 	 <request id="251" node="252">
	 	 	 <quantity>31</quantity>
	 	 </request>
	 	 <request id="252" node="253">
	 	 	 <quantity>87</quantity>
	 	 </request>
	 	 <request id="253" node="254">
	 	 	 <quantity>63</quantity>
	 	 </request>
	 	 <request id="254" node="255">
	 	 	 <quantity>79</quantity>
	 	 </request>
	 	 <request id="255" node="256">
	 	 	 <quantity>91</quantity>
	 	 </request>
	 	 <request id="256" node="257">
	 	 	 <quantity>90</quantity>
	 	 </request>
	 	 <request id="257" node="258">
	 	 	 <quantity>29</quantity>
	 	 </request>
	 	 <request id="258" node="259">
	 	 	 <quantity>77</quantity>
	 	 </request>
	 	 <request id="259" node="260">
	 	 	 <quantity>31</quantity>
	 	 </request>
	 	 <request id="260" node="261">
	 	 	 <quantity>97</quantity>
	 	 </request>
	 	 <request id="261" node="262">
	 	 	 <quantity>57</quantity>
	 	 </request>
	 	 <request id="262" node="263">
	 	 	 <quantity>74</quantity>
	 	 </request>
	 	 <request id="263" node="264">
	 	 	 <quantity>22</quantity>
	 	 </request>
	 	 <request id="264" node="265">
	 	 	 <quantity>99</quantity>
	 	 </request>
	 	 <request id="265" node="266">
	 	 	 <quantity>52</quantity>
	 	 </request>
	 	 <request id="266" node="267">
	 	 	 <quantity>7</quantity>
	 	 </request>
	 	 <request id="267" node="268">
	 	 	 <quantity>87</quantity>
	 	 </request>
	 	 <request id="268" node="269">
	 	 	 <quantity>31</quantity>
	 	 </request>
	 	 <request id="269" node="270">
	 	 	 <quantity>91</quantity>
	 	 </request>
	 	 <request id="270" node="271">
	 	 	 <quantity>7</quantity>
	 	 </request>
	 	 <request id="271" node="272">
	 	 	 <quantity>68</quantity>
	 	 </request>
	 	 <request id="272" node="273">
	 	 	 <quantity>81</quantity>
	 	 </request>
	 	 <request id="273" node="274">
	 	 	 <quantity>93</quantity>
	 	 </request>
	 	 <request id="274" node="275">
	 	 	 <quantity>67</quantity>
	 	 </request>
	 	 <request id="275" node="276">
	 	 	 <quantity>7</quantity>
	 	 </request>
	 	 <request id="276" node="277">
	 	 	 <quantity>20</quantity>
	 	 </request>
	 	 <request id="277" node="278">
	 	 	 <quantity>26</quantity>
	 	 </request>
	 	 <request id="278" node="279">
	 	 	 <quantity>45</quantity>
	 	 </request>
	 	 <request id="279" node="280">
	 	 	 <quantity>71</quantity>
	 	 </request>
	 	 <request id="280" node="281">
	 	 	 <quantity>62</quantity>
	 	 </request>
	 	 <request id="281" node="282">
	 	 	 <quantity>29</quantity>
	 	 </request>
	 	 <request id="282" node="283">
	 	 	 <quantity>77</quantity>
	 	 </request>
	 	 <request id="283" node="284">
	 	 	 <quantity>81</quantity>
	 	 </request>
	 	 <request id="284" node="285">
	 	 	 <quantity>45</quantity>
	 	 </request>
	 	 <request id="285" node="286">
	 	 	 <quantity>67</quantity>
	 	 </request>
	 	 <request id="286" node="287">
	 	 	 <quantity>24</quantity>
	 	 </request>
	 	 <request id="287" node="288">
	 	 	 <quantity>81</quantity>
	 	 </request>
	 	 <request id="288" node="289">
	 	 	 <quantity>42</quantity>
	 	 </request>
	 	 <request id="289" node="290">
	 	 	 <quantity>6</quantity>
	 	 </request>
	 	 <request id="290" node="291">
	 	 	 <quantity>45</quantity>
	 	 </request>
	 	 <request id="291" node="292">
	 	 	 <quantity>29</quantity>
	 	 </request>
	 	 <request id="292" node="293">
	 	 	 <quantity>90</quantity>
	 	 </request>
	 	 <request id="293" node="294">
	 	 	 <quantity>15</quantity>
	 	 </request>
	 	 <request id="294" node="295">
	 	 	 <quantity>90</quantity>
	 	 </request>
	 	 <request id="295" node="296">
	 	 	 <quantity>6</quantity>
	 	 </request>
	 	 <request id="296" node="297">
	 	 	 <quantity>49</quantity>
	 	 </request>
	 	 <request id="297" node="298">
	 	 	 <quantity>91</quantity>
	 	 </request>
	 	 <request id="298" node="299">
	 	 	 <quantity>20</quantity>
	 	 </request>
	 	 <request id="299" node="300">
	 	 	 <quantity>58</quantity>
	 	 </request>
	 	 <request id="300" node="301">
	 	 	 <quantity>87</quantity>
	 	 </request>
	 	 <request id="301" node="302">
	 	 	 <quantity>15</quantity>
	 	 </request>
	 	 <request id="302" node="303">
	 	 	 <quantity>55</quantity>
	 	 </request>
	 </requests>
</instance>
