<?xml version="1.0" encoding="UTF-8" standalone="yes"?>
<instance>
	<info>
	 	<dataset>Uchoa 2014 — Set X</dataset>
	 	<name>X-n172-k51</name>
	</info>
	<network>
	 	<nodes>
	 	 	<node id="1" type="1">
	 	 	 	<cx>500</cx>
	 	 	 	<cy>500</cy>
	 	 	</node>
	 	 	<node id="2" type="1">
	 	 	 	<cx>363</cx>
	 	 	 	<cy>697</cy>
	 	 	</node>
	 	 	<node id="3" type="1">
	 	 	 	<cx>120</cx>
	 	 	 	<cy>259</cy>
	 	 	</node>
	 	 	<node id="4" type="1">
	 	 	 	<cx>555</cx>
	 	 	 	<cy>718</cy>
	 	 	</node>
	 	 	<node id="5" type="1">
	 	 	 	<cx>522</cx>
	 	 	 	<cy>918</cy>
	 	 	</node>
	 	 	<node id="6" type="1">
	 	 	 	<cx>239</cx>
	 	 	 	<cy>935</cy>
	 	 	</node>
	 	 	<node id="7" type="1">
	 	 	 	<cx>304</cx>
	 	 	 	<cy>517</cy>
	 	 	</node>
	 	 	<node id="8" type="1">
	 	 	 	<cx>856</cx>
	 	 	 	<cy>96</cy>
	 	 	</node>
	 	 	<node id="9" type="1">
	 	 	 	<cx>38</cx>
	 	 	 	<cy>904</cy>
	 	 	</node>
	 	 	<node id="10" type="1">
	 	 	 	<cx>174</cx>
	 	 	 	<cy>951</cy>
	 	 	</node>
	 	 	<node id="11" type="1">
	 	 	 	<cx>294</cx>
	 	 	 	<cy>935</cy>
	 	 	</node>
	 	 	<node id="12" type="1">
	 	 	 	<cx>942</cx>
	 	 	 	<cy>324</cy>
	 	 	</node>
	 	 	<node id="13" type="1">
	 	 	 	<cx>402</cx>
	 	 	 	<cy>176</cy>
	 	 	</node>
	 	 	<node id="14" type="1">
	 	 	 	<cx>766</cx>
	 	 	 	<cy>450</cy>
	 	 	</node>
	 	 	<node id="15" type="1">
	 	 	 	<cx>473</cx>
	 	 	 	<cy>862</cy>
	 	 	</node>
	 	 	<node id="16" type="1">
	 	 	 	<cx>262</cx>
	 	 	 	<cy>550</cy>
	 	 	</node>
	 	 	<node id="17" type="1">
	 	 	 	<cx>661</cx>
	 	 	 	<cy>92</cy>
	 	 	</node>
	 	 	<node id="18" type="1">
	 	 	 	<cx>440</cx>
	 	 	 	<cy>655</cy>
	 	 	</node>
	 	 	<node id="19" type="1">
	 	 	 	<cx>678</cx>
	 	 	 	<cy>291</cy>
	 	 	</node>
	 	 	<node id="20" type="1">
	 	 	 	<cx>345</cx>
	 	 	 	<cy>691</cy>
	 	 	</node>
	 	 	<node id="21" type="1">
	 	 	 	<cx>564</cx>
	 	 	 	<cy>903</cy>
	 	 	</node>
	 	 	<node id="22" type="1">
	 	 	 	<cx>952</cx>
	 	 	 	<cy>802</cy>
	 	 	</node>
	 	 	<node id="23" type="1">
	 	 	 	<cx>698</cx>
	 	 	 	<cy>352</cy>
	 	 	</node>
	 	 	<node id="24" type="1">
	 	 	 	<cx>297</cx>
	 	 	 	<cy>930</cy>
	 	 	</node>
	 	 	<node id="25" type="1">
	 	 	 	<cx>66</cx>
	 	 	 	<cy>244</cy>
	 	 	</node>
	 	 	<node id="26" type="1">
	 	 	 	<cx>882</cx>
	 	 	 	<cy>642</cy>
	 	 	</node>
	 	 	<node id="27" type="1">
	 	 	 	<cx>777</cx>
	 	 	 	<cy>818</cy>
	 	 	</node>
	 	 	<node id="28" type="1">
	 	 	 	<cx>302</cx>
	 	 	 	<cy>212</cy>
	 	 	</node>
	 	 	<node id="29" type="1">
	 	 	 	<cx>824</cx>
	 	 	 	<cy>647</cy>
	 	 	</node>
	 	 	<node id="30" type="1">
	 	 	 	<cx>143</cx>
	 	 	 	<cy>946</cy>
	 	 	</node>
	 	 	<node id="31" type="1">
	 	 	 	<cx>108</cx>
	 	 	 	<cy>600</cy>
	 	 	</node>
	 	 	<node id="32" type="1">
	 	 	 	<cx>121</cx>
	 	 	 	<cy>755</cy>
	 	 	</node>
	 	 	<node id="33" type="1">
	 	 	 	<cx>697</cx>
	 	 	 	<cy>32</cy>
	 	 	</node>
	 	 	<node id="34" type="1">
	 	 	 	<cx>473</cx>
	 	 	 	<cy>995</cy>
	 	 	</node>
	 	 	<node id="35" type="1">
	 	 	 	<cx>342</cx>
	 	 	 	<cy>252</cy>
	 	 	</node>
	 	 	<node id="36" type="1">
	 	 	 	<cx>596</cx>
	 	 	 	<cy>534</cy>
	 	 	</node>
	 	 	<node id="37" type="1">
	 	 	 	<cx>248</cx>
	 	 	 	<cy>211</cy>
	 	 	</node>
	 	 	<node id="38" type="1">
	 	 	 	<cx>940</cx>
	 	 	 	<cy>88</cy>
	 	 	</node>
	 	 	<node id="39" type="1">
	 	 	 	<cx>81</cx>
	 	 	 	<cy>468</cy>
	 	 	</node>
	 	 	<node id="40" type="1">
	 	 	 	<cx>144</cx>
	 	 	 	<cy>796</cy>
	 	 	</node>
	 	 	<node id="41" type="1">
	 	 	 	<cx>244</cx>
	 	 	 	<cy>385</cy>
	 	 	</node>
	 	 	<node id="42" type="1">
	 	 	 	<cx>437</cx>
	 	 	 	<cy>42</cy>
	 	 	</node>
	 	 	<node id="43" type="1">
	 	 	 	<cx>381</cx>
	 	 	 	<cy>583</cy>
	 	 	</node>
	 	 	<node id="44" type="1">
	 	 	 	<cx>263</cx>
	 	 	 	<cy>549</cy>
	 	 	</node>
	 	 	<node id="45" type="1">
	 	 	 	<cx>153</cx>
	 	 	 	<cy>646</cy>
	 	 	</node>
	 	 	<node id="46" type="1">
	 	 	 	<cx>187</cx>
	 	 	 	<cy>688</cy>
	 	 	</node>
	 	 	<node id="47" type="1">
	 	 	 	<cx>248</cx>
	 	 	 	<cy>71</cy>
	 	 	</node>
	 	 	<node id="48" type="1">
	 	 	 	<cx>27</cx>
	 	 	 	<cy>70</cy>
	 	 	</node>
	 	 	<node id="49" type="1">
	 	 	 	<cx>649</cx>
	 	 	 	<cy>477</cy>
	 	 	</node>
	 	 	<node id="50" type="1">
	 	 	 	<cx>244</cx>
	 	 	 	<cy>370</cy>
	 	 	</node>
	 	 	<node id="51" type="1">
	 	 	 	<cx>145</cx>
	 	 	 	<cy>49</cy>
	 	 	</node>
	 	 	<node id="52" type="1">
	 	 	 	<cx>589</cx>
	 	 	 	<cy>402</cy>
	 	 	</node>
	 	 	<node id="53" type="1">
	 	 	 	<cx>105</cx>
	 	 	 	<cy>251</cy>
	 	 	</node>
	 	 	<node id="54" type="1">
	 	 	 	<cx>986</cx>
	 	 	 	<cy>452</cy>
	 	 	</node>
	 	 	<node id="55" type="1">
	 	 	 	<cx>486</cx>
	 	 	 	<cy>773</cy>
	 	 	</node>
	 	 	<node id="56" type="1">
	 	 	 	<cx>679</cx>
	 	 	 	<cy>851</cy>
	 	 	</node>
	 	 	<node id="57" type="1">
	 	 	 	<cx>102</cx>
	 	 	 	<cy>734</cy>
	 	 	</node>
	 	 	<node id="58" type="1">
	 	 	 	<cx>619</cx>
	 	 	 	<cy>809</cy>
	 	 	</node>
	 	 	<node id="59" type="1">
	 	 	 	<cx>139</cx>
	 	 	 	<cy>138</cy>
	 	 	</node>
	 	 	<node id="60" type="1">
	 	 	 	<cx>107</cx>
	 	 	 	<cy>489</cy>
	 	 	</node>
	 	 	<node id="61" type="1">
	 	 	 	<cx>921</cx>
	 	 	 	<cy>579</cy>
	 	 	</node>
	 	 	<node id="62" type="1">
	 	 	 	<cx>681</cx>
	 	 	 	<cy>336</cy>
	 	 	</node>
	 	 	<node id="63" type="1">
	 	 	 	<cx>925</cx>
	 	 	 	<cy>185</cy>
	 	 	</node>
	 	 	<node id="64" type="1">
	 	 	 	<cx>260</cx>
	 	 	 	<cy>655</cy>
	 	 	</node>
	 	 	<node id="65" type="1">
	 	 	 	<cx>46</cx>
	 	 	 	<cy>832</cy>
	 	 	</node>
	 	 	<node id="66" type="1">
	 	 	 	<cx>534</cx>
	 	 	 	<cy>440</cy>
	 	 	</node>
	 	 	<node id="67" type="1">
	 	 	 	<cx>117</cx>
	 	 	 	<cy>590</cy>
	 	 	</node>
	 	 	<node id="68" type="1">
	 	 	 	<cx>604</cx>
	 	 	 	<cy>453</cy>
	 	 	</node>
	 	 	<node id="69" type="1">
	 	 	 	<cx>667</cx>
	 	 	 	<cy>428</cy>
	 	 	</node>
	 	 	<node id="70" type="1">
	 	 	 	<cx>871</cx>
	 	 	 	<cy>548</cy>
	 	 	</node>
	 	 	<node id="71" type="1">
	 	 	 	<cx>943</cx>
	 	 	 	<cy>171</cy>
	 	 	</node>
	 	 	<node id="72" type="1">
	 	 	 	<cx>181</cx>
	 	 	 	<cy>252</cy>
	 	 	</node>
	 	 	<node id="73" type="1">
	 	 	 	<cx>172</cx>
	 	 	 	<cy>696</cy>
	 	 	</node>
	 	 	<node id="74" type="1">
	 	 	 	<cx>211</cx>
	 	 	 	<cy>597</cy>
	 	 	</node>
	 	 	<node id="75" type="1">
	 	 	 	<cx>82</cx>
	 	 	 	<cy>390</cy>
	 	 	</node>
	 	 	<node id="76" type="1">
	 	 	 	<cx>114</cx>
	 	 	 	<cy>189</cy>
	 	 	</node>
	 	 	<node id="77" type="1">
	 	 	 	<cx>659</cx>
	 	 	 	<cy>852</cy>
	 	 	</node>
	 	 	<node id="78" type="1">
	 	 	 	<cx>404</cx>
	 	 	 	<cy>544</cy>
	 	 	</node>
	 	 	<node id="79" type="1">
	 	 	 	<cx>169</cx>
	 	 	 	<cy>845</cy>
	 	 	</node>
	 	 	<node id="80" type="1">
	 	 	 	<cx>101</cx>
	 	 	 	<cy>663</cy>
	 	 	</node>
	 	 	<node id="81" type="1">
	 	 	 	<cx>422</cx>
	 	 	 	<cy>503</cy>
	 	 	</node>
	 	 	<node id="82" type="1">
	 	 	 	<cx>124</cx>
	 	 	 	<cy>861</cy>
	 	 	</node>
	 	 	<node id="83" type="1">
	 	 	 	<cx>289</cx>
	 	 	 	<cy>778</cy>
	 	 	</node>
	 	 	<node id="84" type="1">
	 	 	 	<cx>923</cx>
	 	 	 	<cy>842</cy>
	 	 	</node>
	 	 	<node id="85" type="1">
	 	 	 	<cx>464</cx>
	 	 	 	<cy>148</cy>
	 	 	</node>
	 	 	<node id="86" type="1">
	 	 	 	<cx>377</cx>
	 	 	 	<cy>32</cy>
	 	 	</node>
	 	 	<node id="87" type="1">
	 	 	 	<cx>482</cx>
	 	 	 	<cy>570</cy>
	 	 	</node>
	 	 	<node id="88" type="1">
	 	 	 	<cx>933</cx>
	 	 	 	<cy>156</cy>
	 	 	</node>
	 	 	<node id="89" type="1">
	 	 	 	<cx>987</cx>
	 	 	 	<cy>678</cy>
	 	 	</node>
	 	 	<node id="90" type="1">
	 	 	 	<cx>995</cx>
	 	 	 	<cy>62</cy>
	 	 	</node>
	 	 	<node id="91" type="1">
	 	 	 	<cx>241</cx>
	 	 	 	<cy>242</cy>
	 	 	</node>
	 	 	<node id="92" type="1">
	 	 	 	<cx>802</cx>
	 	 	 	<cy>86</cy>
	 	 	</node>
	 	 	<node id="93" type="1">
	 	 	 	<cx>944</cx>
	 	 	 	<cy>185</cy>
	 	 	</node>
	 	 	<node id="94" type="1">
	 	 	 	<cx>972</cx>
	 	 	 	<cy>48</cy>
	 	 	</node>
	 	 	<node id="95" type="1">
	 	 	 	<cx>964</cx>
	 	 	 	<cy>77</cy>
	 	 	</node>
	 	 	<node id="96" type="1">
	 	 	 	<cx>244</cx>
	 	 	 	<cy>244</cy>
	 	 	</node>
	 	 	<node id="97" type="1">
	 	 	 	<cx>992</cx>
	 	 	 	<cy>67</cy>
	 	 	</node>
	 	 	<node id="98" type="1">
	 	 	 	<cx>89</cx>
	 	 	 	<cy>157</cy>
	 	 	</node>
	 	 	<node id="99" type="1">
	 	 	 	<cx>989</cx>
	 	 	 	<cy>59</cy>
	 	 	</node>
	 	 	<node id="100" type="1">
	 	 	 	<cx>953</cx>
	 	 	 	<cy>76</cy>
	 	 	</node>
	 	 	<node id="101" type="1">
	 	 	 	<cx>347</cx>
	 	 	 	<cy>358</cy>
	 	 	</node>
	 	 	<node id="102" type="1">
	 	 	 	<cx>415</cx>
	 	 	 	<cy>494</cy>
	 	 	</node>
	 	 	<node id="103" type="1">
	 	 	 	<cx>971</cx>
	 	 	 	<cy>672</cy>
	 	 	</node>
	 	 	<node id="104" type="1">
	 	 	 	<cx>941</cx>
	 	 	 	<cy>146</cy>
	 	 	</node>
	 	 	<node id="105" type="1">
	 	 	 	<cx>391</cx>
	 	 	 	<cy>594</cy>
	 	 	</node>
	 	 	<node id="106" type="1">
	 	 	 	<cx>904</cx>
	 	 	 	<cy>106</cy>
	 	 	</node>
	 	 	<node id="107" type="1">
	 	 	 	<cx>649</cx>
	 	 	 	<cy>92</cy>
	 	 	</node>
	 	 	<node id="108" type="1">
	 	 	 	<cx>951</cx>
	 	 	 	<cy>94</cy>
	 	 	</node>
	 	 	<node id="109" type="1">
	 	 	 	<cx>917</cx>
	 	 	 	<cy>77</cy>
	 	 	</node>
	 	 	<node id="110" type="1">
	 	 	 	<cx>134</cx>
	 	 	 	<cy>331</cy>
	 	 	</node>
	 	 	<node id="111" type="1">
	 	 	 	<cx>948</cx>
	 	 	 	<cy>183</cy>
	 	 	</node>
	 	 	<node id="112" type="1">
	 	 	 	<cx>389</cx>
	 	 	 	<cy>254</cy>
	 	 	</node>
	 	 	<node id="113" type="1">
	 	 	 	<cx>796</cx>
	 	 	 	<cy>197</cy>
	 	 	</node>
	 	 	<node id="114" type="1">
	 	 	 	<cx>243</cx>
	 	 	 	<cy>283</cy>
	 	 	</node>
	 	 	<node id="115" type="1">
	 	 	 	<cx>965</cx>
	 	 	 	<cy>174</cy>
	 	 	</node>
	 	 	<node id="116" type="1">
	 	 	 	<cx>304</cx>
	 	 	 	<cy>381</cy>
	 	 	</node>
	 	 	<node id="117" type="1">
	 	 	 	<cx>914</cx>
	 	 	 	<cy>661</cy>
	 	 	</node>
	 	 	<node id="118" type="1">
	 	 	 	<cx>198</cx>
	 	 	 	<cy>245</cy>
	 	 	</node>
	 	 	<node id="119" type="1">
	 	 	 	<cx>207</cx>
	 	 	 	<cy>258</cy>
	 	 	</node>
	 	 	<node id="120" type="1">
	 	 	 	<cx>926</cx>
	 	 	 	<cy>85</cy>
	 	 	</node>
	 	 	<node id="121" type="1">
	 	 	 	<cx>961</cx>
	 	 	 	<cy>726</cy>
	 	 	</node>
	 	 	<node id="122" type="1">
	 	 	 	<cx>881</cx>
	 	 	 	<cy>145</cy>
	 	 	</node>
	 	 	<node id="123" type="1">
	 	 	 	<cx>849</cx>
	 	 	 	<cy>115</cy>
	 	 	</node>
	 	 	<node id="124" type="1">
	 	 	 	<cx>923</cx>
	 	 	 	<cy>678</cy>
	 	 	</node>
	 	 	<node id="125" type="1">
	 	 	 	<cx>577</cx>
	 	 	 	<cy>535</cy>
	 	 	</node>
	 	 	<node id="126" type="1">
	 	 	 	<cx>266</cx>
	 	 	 	<cy>216</cy>
	 	 	</node>
	 	 	<node id="127" type="1">
	 	 	 	<cx>160</cx>
	 	 	 	<cy>154</cy>
	 	 	</node>
	 	 	<node id="128" type="1">
	 	 	 	<cx>890</cx>
	 	 	 	<cy>105</cy>
	 	 	</node>
	 	 	<node id="129" type="1">
	 	 	 	<cx>368</cx>
	 	 	 	<cy>725</cy>
	 	 	</node>
	 	 	<node id="130" type="1">
	 	 	 	<cx>563</cx>
	 	 	 	<cy>538</cy>
	 	 	</node>
	 	 	<node id="131" type="1">
	 	 	 	<cx>509</cx>
	 	 	 	<cy>502</cy>
	 	 	</node>
	 	 	<node id="132" type="1">
	 	 	 	<cx>921</cx>
	 	 	 	<cy>174</cy>
	 	 	</node>
	 	 	<node id="133" type="1">
	 	 	 	<cx>819</cx>
	 	 	 	<cy>266</cy>
	 	 	</node>
	 	 	<node id="134" type="1">
	 	 	 	<cx>324</cx>
	 	 	 	<cy>181</cy>
	 	 	</node>
	 	 	<node id="135" type="1">
	 	 	 	<cx>500</cx>
	 	 	 	<cy>580</cy>
	 	 	</node>
	 	 	<node id="136" type="1">
	 	 	 	<cx>435</cx>
	 	 	 	<cy>652</cy>
	 	 	</node>
	 	 	<node id="137" type="1">
	 	 	 	<cx>470</cx>
	 	 	 	<cy>524</cy>
	 	 	</node>
	 	 	<node id="138" type="1">
	 	 	 	<cx>460</cx>
	 	 	 	<cy>344</cy>
	 	 	</node>
	 	 	<node id="139" type="1">
	 	 	 	<cx>917</cx>
	 	 	 	<cy>630</cy>
	 	 	</node>
	 	 	<node id="140" type="1">
	 	 	 	<cx>843</cx>
	 	 	 	<cy>747</cy>
	 	 	</node>
	 	 	<node id="141" type="1">
	 	 	 	<cx>355</cx>
	 	 	 	<cy>700</cy>
	 	 	</node>
	 	 	<node id="142" type="1">
	 	 	 	<cx>969</cx>
	 	 	 	<cy>653</cy>
	 	 	</node>
	 	 	<node id="143" type="1">
	 	 	 	<cx>956</cx>
	 	 	 	<cy>76</cy>
	 	 	</node>
	 	 	<node id="144" type="1">
	 	 	 	<cx>470</cx>
	 	 	 	<cy>464</cy>
	 	 	</node>
	 	 	<node id="145" type="1">
	 	 	 	<cx>940</cx>
	 	 	 	<cy>704</cy>
	 	 	</node>
	 	 	<node id="146" type="1">
	 	 	 	<cx>982</cx>
	 	 	 	<cy>738</cy>
	 	 	</node>
	 	 	<node id="147" type="1">
	 	 	 	<cx>998</cx>
	 	 	 	<cy>704</cy>
	 	 	</node>
	 	 	<node id="148" type="1">
	 	 	 	<cx>416</cx>
	 	 	 	<cy>492</cy>
	 	 	</node>
	 	 	<node id="149" type="1">
	 	 	 	<cx>215</cx>
	 	 	 	<cy>222</cy>
	 	 	</node>
	 	 	<node id="150" type="1">
	 	 	 	<cx>992</cx>
	 	 	 	<cy>115</cy>
	 	 	</node>
	 	 	<node id="151" type="1">
	 	 	 	<cx>433</cx>
	 	 	 	<cy>446</cy>
	 	 	</node>
	 	 	<node id="152" type="1">
	 	 	 	<cx>354</cx>
	 	 	 	<cy>552</cy>
	 	 	</node>
	 	 	<node id="153" type="1">
	 	 	 	<cx>884</cx>
	 	 	 	<cy>204</cy>
	 	 	</node>
	 	 	<node id="154" type="1">
	 	 	 	<cx>439</cx>
	 	 	 	<cy>345</cy>
	 	 	</node>
	 	 	<node id="155" type="1">
	 	 	 	<cx>472</cx>
	 	 	 	<cy>663</cy>
	 	 	</node>
	 	 	<node id="156" type="1">
	 	 	 	<cx>980</cx>
	 	 	 	<cy>116</cy>
	 	 	</node>
	 	 	<node id="157" type="1">
	 	 	 	<cx>494</cx>
	 	 	 	<cy>573</cy>
	 	 	</node>
	 	 	<node id="158" type="1">
	 	 	 	<cx>51</cx>
	 	 	 	<cy>27</cy>
	 	 	</node>
	 	 	<node id="159" type="1">
	 	 	 	<cx>934</cx>
	 	 	 	<cy>44</cy>
	 	 	</node>
	 	 	<node id="160" type="1">
	 	 	 	<cx>930</cx>
	 	 	 	<cy>835</cy>
	 	 	</node>
	 	 	<node id="161" type="1">
	 	 	 	<cx>216</cx>
	 	 	 	<cy>30</cy>
	 	 	</node>
	 	 	<node id="162" type="1">
	 	 	 	<cx>862</cx>
	 	 	 	<cy>251</cy>
	 	 	</node>
	 	 	<node id="163" type="1">
	 	 	 	<cx>267</cx>
	 	 	 	<cy>215</cy>
	 	 	</node>
	 	 	<node id="164" type="1">
	 	 	 	<cx>212</cx>
	 	 	 	<cy>71</cy>
	 	 	</node>
	 	 	<node id="165" type="1">
	 	 	 	<cx>941</cx>
	 	 	 	<cy>68</cy>
	 	 	</node>
	 	 	<node id="166" type="1">
	 	 	 	<cx>918</cx>
	 	 	 	<cy>719</cy>
	 	 	</node>
	 	 	<node id="167" type="1">
	 	 	 	<cx>554</cx>
	 	 	 	<cy>709</cy>
	 	 	</node>
	 	 	<node id="168" type="1">
	 	 	 	<cx>602</cx>
	 	 	 	<cy>591</cy>
	 	 	</node>
	 	 	<node id="169" type="1">
	 	 	 	<cx>936</cx>
	 	 	 	<cy>725</cy>
	 	 	</node>
	 	 	<node id="170" type="1">
	 	 	 	<cx>428</cx>
	 	 	 	<cy>536</cy>
	 	 	</node>
	 	 	<node id="171" type="1">
	 	 	 	<cx>405</cx>
	 	 	 	<cy>594</cy>
	 	 	</node>
	 	 	<node id="172" type="1">
	 	 	 	<cx>629</cx>
	 	 	 	<cy>450</cy>
	 	 	</node>
	 	</nodes>
	 	<euclidean/>
	 	<decimals>0</decimals>
	 </network>
	 <fleet>
	 	 <vehicle_profile type="0">
	 	  	 <departure_node>1</departure_node>
	 	  	 <arrival_node>1</arrival_node>
	 	  	 <capacity>161</capacity>
	 	 </vehicle_profile>
	 </fleet>
	 <requests>
	 	 <request id="1" node="2">
	 	 	 <quantity>30</quantity>
	 	 </request>
	 	 <request id="2" node="3">
	 	 	 <quantity>82</quantity>
	 	 </request>
	 	 <request id="3" node="4">
	 	 	 <quantity>70</quantity>
	 	 </request>
	 	 <request id="4" node="5">
	 	 	 <quantity>92</quantity>
	 	 </request>
	 	 <request id="5" node="6">
	 	 	 <quantity>25</quantity>
	 	 </request>
	 	 <request id="6" node="7">
	 	 	 <quantity>23</quantity>
	 	 </request>
	 	 <request id="7" node="8">
	 	 	 <quantity>11</quantity>
	 	 </request>
	 	 <request id="8" node="9">
	 	 	 <quantity>41</quantity>
	 	 </request>
	 	 <request id="9" node="10">
	 	 	 <quantity>15</quantity>
	 	 </request>
	 	 <request id="10" node="11">
	 	 	 <quantity>5</quantity>
	 	 </request>
	 	 <request id="11" node="12">
	 	 	 <quantity>17</quantity>
	 	 </request>
	 	 <request id="12" node="13">
	 	 	 <quantity>70</quantity>
	 	 </request>
	 	 <request id="13" node="14">
	 	 	 <quantity>36</quantity>
	 	 </request>
	 	 <request id="14" node="15">
	 	 	 <quantity>47</quantity>
	 	 </request>
	 	 <request id="15" node="16">
	 	 	 <quantity>24</quantity>
	 	 </request>
	 	 <request id="16" node="17">
	 	 	 <quantity>11</quantity>
	 	 </request>
	 	 <request id="17" node="18">
	 	 	 <quantity>6</quantity>
	 	 </request>
	 	 <request id="18" node="19">
	 	 	 <quantity>23</quantity>
	 	 </request>
	 	 <request id="19" node="20">
	 	 	 <quantity>5</quantity>
	 	 </request>
	 	 <request id="20" node="21">
	 	 	 <quantity>54</quantity>
	 	 </request>
	 	 <request id="21" node="22">
	 	 	 <quantity>74</quantity>
	 	 </request>
	 	 <request id="22" node="23">
	 	 	 <quantity>6</quantity>
	 	 </request>
	 	 <request id="23" node="24">
	 	 	 <quantity>9</quantity>
	 	 </request>
	 	 <request id="24" node="25">
	 	 	 <quantity>58</quantity>
	 	 </request>
	 	 <request id="25" node="26">
	 	 	 <quantity>96</quantity>
	 	 </request>
	 	 <request id="26" node="27">
	 	 	 <quantity>80</quantity>
	 	 </request>
	 	 <request id="27" node="28">
	 	 	 <quantity>100</quantity>
	 	 </request>
	 	 <request id="28" node="29">
	 	 	 <quantity>65</quantity>
	 	 </request>
	 	 <request id="29" node="30">
	 	 	 <quantity>3</quantity>
	 	 </request>
	 	 <request id="30" node="31">
	 	 	 <quantity>46</quantity>
	 	 </request>
	 	 <request id="31" node="32">
	 	 	 <quantity>16</quantity>
	 	 </request>
	 	 <request id="32" node="33">
	 	 	 <quantity>47</quantity>
	 	 </request>
	 	 <request id="33" node="34">
	 	 	 <quantity>33</quantity>
	 	 </request>
	 	 <request id="34" node="35">
	 	 	 <quantity>84</quantity>
	 	 </request>
	 	 <request id="35" node="36">
	 	 	 <quantity>73</quantity>
	 	 </request>
	 	 <request id="36" node="37">
	 	 	 <quantity>75</quantity>
	 	 </request>
	 	 <request id="37" node="38">
	 	 	 <quantity>27</quantity>
	 	 </request>
	 	 <request id="38" node="39">
	 	 	 <quantity>99</quantity>
	 	 </request>
	 	 <request id="39" node="40">
	 	 	 <quantity>50</quantity>
	 	 </request>
	 	 <request id="40" node="41">
	 	 	 <quantity>65</quantity>
	 	 </request>
	 	 <request id="41" node="42">
	 	 	 <quantity>79</quantity>
	 	 </request>
	 	 <request id="42" node="43">
	 	 	 <quantity>42</quantity>
	 	 </request>
	 	 <request id="43" node="44">
	 	 	 <quantity>46</quantity>
	 	 </request>
	 	 <request id="44" node="45">
	 	 	 <quantity>9</quantity>
	 	 </request>
	 	 <request id="45" node="46">
	 	 	 <quantity>13</quantity>
	 	 </request>
	 	 <request id="46" node="47">
	 	 	 <quantity>97</quantity>
	 	 </request>
	 	 <request id="47" node="48">
	 	 	 <quantity>79</quantity>
	 	 </request>
	 	 <request id="48" node="49">
	 	 	 <quantity>6</quantity>
	 	 </request>
	 	 <request id="49" node="50">
	 	 	 <quantity>63</quantity>
	 	 </request>
	 	 <request id="50" node="51">
	 	 	 <quantity>65</quantity>
	 	 </request>
	 	 <request id="51" node="52">
	 	 	 <quantity>14</quantity>
	 	 </request>
	 	 <request id="52" node="53">
	 	 	 <quantity>91</quantity>
	 	 </request>
	 	 <request id="53" node="54">
	 	 	 <quantity>6</quantity>
	 	 </request>
	 	 <request id="54" node="55">
	 	 	 <quantity>6</quantity>
	 	 </request>
	 	 <request id="55" node="56">
	 	 	 <quantity>69</quantity>
	 	 </request>
	 	 <request id="56" node="57">
	 	 	 <quantity>13</quantity>
	 	 </request>
	 	 <request id="57" node="58">
	 	 	 <quantity>55</quantity>
	 	 </request>
	 	 <request id="58" node="59">
	 	 	 <quantity>69</quantity>
	 	 </request>
	 	 <request id="59" node="60">
	 	 	 <quantity>67</quantity>
	 	 </request>
	 	 <request id="60" node="61">
	 	 	 <quantity>53</quantity>
	 	 </request>
	 	 <request id="61" node="62">
	 	 	 <quantity>35</quantity>
	 	 </request>
	 	 <request id="62" node="63">
	 	 	 <quantity>19</quantity>
	 	 </request>
	 	 <request id="63" node="64">
	 	 	 <quantity>49</quantity>
	 	 </request>
	 	 <request id="64" node="65">
	 	 	 <quantity>47</quantity>
	 	 </request>
	 	 <request id="65" node="66">
	 	 	 <quantity>36</quantity>
	 	 </request>
	 	 <request id="66" node="67">
	 	 	 <quantity>24</quantity>
	 	 </request>
	 	 <request id="67" node="68">
	 	 	 <quantity>15</quantity>
	 	 </request>
	 	 <request id="68" node="69">
	 	 	 <quantity>15</quantity>
	 	 </request>
	 	 <request id="69" node="70">
	 	 	 <quantity>52</quantity>
	 	 </request>
	 	 <request id="70" node="71">
	 	 	 <quantity>48</quantity>
	 	 </request>
	 	 <request id="71" node="72">
	 	 	 <quantity>60</quantity>
	 	 </request>
	 	 <request id="72" node="73">
	 	 	 <quantity>43</quantity>
	 	 </request>
	 	 <request id="73" node="74">
	 	 	 <quantity>11</quantity>
	 	 </request>
	 	 <request id="74" node="75">
	 	 	 <quantity>72</quantity>
	 	 </request>
	 	 <request id="75" node="76">
	 	 	 <quantity>62</quantity>
	 	 </request>
	 	 <request id="76" node="77">
	 	 	 <quantity>73</quantity>
	 	 </request>
	 	 <request id="77" node="78">
	 	 	 <quantity>43</quantity>
	 	 </request>
	 	 <request id="78" node="79">
	 	 	 <quantity>25</quantity>
	 	 </request>
	 	 <request id="79" node="80">
	 	 	 <quantity>38</quantity>
	 	 </request>
	 	 <request id="80" node="81">
	 	 	 <quantity>19</quantity>
	 	 </request>
	 	 <request id="81" node="82">
	 	 	 <quantity>25</quantity>
	 	 </request>
	 	 <request id="82" node="83">
	 	 	 <quantity>31</quantity>
	 	 </request>
	 	 <request id="83" node="84">
	 	 	 <quantity>77</quantity>
	 	 </request>
	 	 <request id="84" node="85">
	 	 	 <quantity>70</quantity>
	 	 </request>
	 	 <request id="85" node="86">
	 	 	 <quantity>84</quantity>
	 	 </request>
	 	 <request id="86" node="87">
	 	 	 <quantity>36</quantity>
	 	 </request>
	 	 <request id="87" node="88">
	 	 	 <quantity>3</quantity>
	 	 </request>
	 	 <request id="88" node="89">
	 	 	 <quantity>64</quantity>
	 	 </request>
	 	 <request id="89" node="90">
	 	 	 <quantity>36</quantity>
	 	 </request>
	 	 <request id="90" node="91">
	 	 	 <quantity>70</quantity>
	 	 </request>
	 	 <request id="91" node="92">
	 	 	 <quantity>15</quantity>
	 	 </request>
	 	 <request id="92" node="93">
	 	 	 <quantity>8</quantity>
	 	 </request>
	 	 <request id="93" node="94">
	 	 	 <quantity>14</quantity>
	 	 </request>
	 	 <request id="94" node="95">
	 	 	 <quantity>27</quantity>
	 	 </request>
	 	 <request id="95" node="96">
	 	 	 <quantity>73</quantity>
	 	 </request>
	 	 <request id="96" node="97">
	 	 	 <quantity>11</quantity>
	 	 </request>
	 	 <request id="97" node="98">
	 	 	 <quantity>90</quantity>
	 	 </request>
	 	 <request id="98" node="99">
	 	 	 <quantity>34</quantity>
	 	 </request>
	 	 <request id="99" node="100">
	 	 	 <quantity>7</quantity>
	 	 </request>
	 	 <request id="100" node="101">
	 	 	 <quantity>72</quantity>
	 	 </request>
	 	 <request id="101" node="102">
	 	 	 <quantity>52</quantity>
	 	 </request>
	 	 <request id="102" node="103">
	 	 	 <quantity>90</quantity>
	 	 </request>
	 	 <request id="103" node="104">
	 	 	 <quantity>45</quantity>
	 	 </request>
	 	 <request id="104" node="105">
	 	 	 <quantity>12</quantity>
	 	 </request>
	 	 <request id="105" node="106">
	 	 	 <quantity>2</quantity>
	 	 </request>
	 	 <request id="106" node="107">
	 	 	 <quantity>11</quantity>
	 	 </request>
	 	 <request id="107" node="108">
	 	 	 <quantity>8</quantity>
	 	 </request>
	 	 <request id="108" node="109">
	 	 	 <quantity>16</quantity>
	 	 </request>
	 	 <request id="109" node="110">
	 	 	 <quantity>75</quantity>
	 	 </request>
	 	 <request id="110" node="111">
	 	 	 <quantity>38</quantity>
	 	 </request>
	 	 <request id="111" node="112">
	 	 	 <quantity>52</quantity>
	 	 </request>
	 	 <request id="112" node="113">
	 	 	 <quantity>20</quantity>
	 	 </request>
	 	 <request id="113" node="114">
	 	 	 <quantity>82</quantity>
	 	 </request>
	 	 <request id="114" node="115">
	 	 	 <quantity>20</quantity>
	 	 </request>
	 	 <request id="115" node="116">
	 	 	 <quantity>94</quantity>
	 	 </request>
	 	 <request id="116" node="117">
	 	 	 <quantity>61</quantity>
	 	 </request>
	 	 <request id="117" node="118">
	 	 	 <quantity>84</quantity>
	 	 </request>
	 	 <request id="118" node="119">
	 	 	 <quantity>76</quantity>
	 	 </request>
	 	 <request id="119" node="120">
	 	 	 <quantity>34</quantity>
	 	 </request>
	 	 <request id="120" node="121">
	 	 	 <quantity>51</quantity>
	 	 </request>
	 	 <request id="121" node="122">
	 	 	 <quantity>50</quantity>
	 	 </request>
	 	 <request id="122" node="123">
	 	 	 <quantity>44</quantity>
	 	 </request>
	 	 <request id="123" node="124">
	 	 	 <quantity>53</quantity>
	 	 </request>
	 	 <request id="124" node="125">
	 	 	 <quantity>97</quantity>
	 	 </request>
	 	 <request id="125" node="126">
	 	 	 <quantity>81</quantity>
	 	 </request>
	 	 <request id="126" node="127">
	 	 	 <quantity>58</quantity>
	 	 </request>
	 	 <request id="127" node="128">
	 	 	 <quantity>47</quantity>
	 	 </request>
	 	 <request id="128" node="129">
	 	 	 <quantity>4</quantity>
	 	 </request>
	 	 <request id="129" node="130">
	 	 	 <quantity>74</quantity>
	 	 </request>
	 	 <request id="130" node="131">
	 	 	 <quantity>74</quantity>
	 	 </request>
	 	 <request id="131" node="132">
	 	 	 <quantity>42</quantity>
	 	 </request>
	 	 <request id="132" node="133">
	 	 	 <quantity>43</quantity>
	 	 </request>
	 	 <request id="133" node="134">
	 	 	 <quantity>51</quantity>
	 	 </request>
	 	 <request id="134" node="135">
	 	 	 <quantity>94</quantity>
	 	 </request>
	 	 <request id="135" node="136">
	 	 	 <quantity>17</quantity>
	 	 </request>
	 	 <request id="136" node="137">
	 	 	 <quantity>45</quantity>
	 	 </request>
	 	 <request id="137" node="138">
	 	 	 <quantity>88</quantity>
	 	 </request>
	 	 <request id="138" node="139">
	 	 	 <quantity>63</quantity>
	 	 </request>
	 	 <request id="139" node="140">
	 	 	 <quantity>66</quantity>
	 	 </request>
	 	 <request id="140" node="141">
	 	 	 <quantity>34</quantity>
	 	 </request>
	 	 <request id="141" node="142">
	 	 	 <quantity>72</quantity>
	 	 </request>
	 	 <request id="142" node="143">
	 	 	 <quantity>27</quantity>
	 	 </request>
	 	 <request id="143" node="144">
	 	 	 <quantity>78</quantity>
	 	 </request>
	 	 <request id="144" node="145">
	 	 	 <quantity>53</quantity>
	 	 </request>
	 	 <request id="145" node="146">
	 	 	 <quantity>64</quantity>
	 	 </request>
	 	 <request id="146" node="147">
	 	 	 <quantity>58</quantity>
	 	 </request>
	 	 <request id="147" node="148">
	 	 	 <quantity>86</quantity>
	 	 </request>
	 	 <request id="148" node="149">
	 	 	 <quantity>94</quantity>
	 	 </request>
	 	 <request id="149" node="150">
	 	 	 <quantity>23</quantity>
	 	 </request>
	 	 <request id="150" node="151">
	 	 	 <quantity>51</quantity>
	 	 </request>
	 	 <request id="151" node="152">
	 	 	 <quantity>21</quantity>
	 	 </request>
	 	 <request id="152" node="153">
	 	 	 <quantity>34</quantity>
	 	 </request>
	 	 <request id="153" node="154">
	 	 	 <quantity>86</quantity>
	 	 </request>
	 	 <request id="154" node="155">
	 	 	 <quantity>36</quantity>
	 	 </request>
	 	 <request id="155" node="156">
	 	 	 <quantity>35</quantity>
	 	 </request>
	 	 <request id="156" node="157">
	 	 	 <quantity>14</quantity>
	 	 </request>
	 	 <request id="157" node="158">
	 	 	 <quantity>72</quantity>
	 	 </request>
	 	 <request id="158" node="159">
	 	 	 <quantity>33</quantity>
	 	 </request>
	 	 <request id="159" node="160">
	 	 	 <quantity>98</quantity>
	 	 </request>
	 	 <request id="160" node="161">
	 	 	 <quantity>60</quantity>
	 	 </request>
	 	 <request id="161" node="162">
	 	 	 <quantity>45</quantity>
	 	 </request>
	 	 <request id="162" node="163">
	 	 	 <quantity>60</quantity>
	 	 </request>
	 	 <request id="163" node="164">
	 	 	 <quantity>80</quantity>
	 	 </request>
	 	 <request id="164" node="165">
	 	 	 <quantity>13</quantity>
	 	 </request>
	 	 <request id="165" node="166">
	 	 	 <quantity>87</quantity>
	 	 </request>
	 	 <request id="166" node="167">
	 	 	 <quantity>75</quantity>
	 	 </request>
	 	 <request id="167" node="168">
	 	 	 <quantity>77</quantity>
	 	 </request>
	 	 <request id="168" node="169">
	 	 	 <quantity>71</quantity>
	 	 </request>
	 	 <request id="169" node="170">
	 	 	 <quantity>49</quantity>
	 	 </request>
	 	 <request id="170" node="171">
	 	 	 <quantity>22</quantity>
	 	 </request>
	 	 <request id="171" node="172">
	 	 	 <quantity>2</quantity>
	 	 </request>
	 </requests>
</instance>
