<?xml version="1.0" encoding="UTF-8" standalone="yes"?>
<instance>
	<info>
	 	<dataset>Uchoa 2014 — Set X</dataset>
	 	<name>X-n336-k84</name>
	</info>
	<network>
	 	<nodes>
	 	 	<node id="1" type="1">
	 	 	 	<cx>0</cx>
	 	 	 	<cy>0</cy>
	 	 	</node>
	 	 	<node id="2" type="1">
	 	 	 	<cx>365</cx>
	 	 	 	<cy>689</cy>
	 	 	</node>
	 	 	<node id="3" type="1">
	 	 	 	<cx>146</cx>
	 	 	 	<cy>180</cy>
	 	 	</node>
	 	 	<node id="4" type="1">
	 	 	 	<cx>792</cx>
	 	 	 	<cy>5</cy>
	 	 	</node>
	 	 	<node id="5" type="1">
	 	 	 	<cx>658</cx>
	 	 	 	<cy>510</cy>
	 	 	</node>
	 	 	<node id="6" type="1">
	 	 	 	<cx>461</cx>
	 	 	 	<cy>270</cy>
	 	 	</node>
	 	 	<node id="7" type="1">
	 	 	 	<cx>299</cx>
	 	 	 	<cy>531</cy>
	 	 	</node>
	 	 	<node id="8" type="1">
	 	 	 	<cx>812</cx>
	 	 	 	<cy>228</cy>
	 	 	</node>
	 	 	<node id="9" type="1">
	 	 	 	<cx>643</cx>
	 	 	 	<cy>90</cy>
	 	 	</node>
	 	 	<node id="10" type="1">
	 	 	 	<cx>615</cx>
	 	 	 	<cy>630</cy>
	 	 	</node>
	 	 	<node id="11" type="1">
	 	 	 	<cx>258</cx>
	 	 	 	<cy>42</cy>
	 	 	</node>
	 	 	<node id="12" type="1">
	 	 	 	<cx>616</cx>
	 	 	 	<cy>299</cy>
	 	 	</node>
	 	 	<node id="13" type="1">
	 	 	 	<cx>475</cx>
	 	 	 	<cy>957</cy>
	 	 	</node>
	 	 	<node id="14" type="1">
	 	 	 	<cx>425</cx>
	 	 	 	<cy>473</cy>
	 	 	</node>
	 	 	<node id="15" type="1">
	 	 	 	<cx>406</cx>
	 	 	 	<cy>64</cy>
	 	 	</node>
	 	 	<node id="16" type="1">
	 	 	 	<cx>656</cx>
	 	 	 	<cy>369</cy>
	 	 	</node>
	 	 	<node id="17" type="1">
	 	 	 	<cx>202</cx>
	 	 	 	<cy>467</cy>
	 	 	</node>
	 	 	<node id="18" type="1">
	 	 	 	<cx>318</cx>
	 	 	 	<cy>21</cy>
	 	 	</node>
	 	 	<node id="19" type="1">
	 	 	 	<cx>579</cx>
	 	 	 	<cy>587</cy>
	 	 	</node>
	 	 	<node id="20" type="1">
	 	 	 	<cx>458</cx>
	 	 	 	<cy>354</cy>
	 	 	</node>
	 	 	<node id="21" type="1">
	 	 	 	<cx>575</cx>
	 	 	 	<cy>871</cy>
	 	 	</node>
	 	 	<node id="22" type="1">
	 	 	 	<cx>47</cx>
	 	 	 	<cy>512</cy>
	 	 	</node>
	 	 	<node id="23" type="1">
	 	 	 	<cx>568</cx>
	 	 	 	<cy>742</cy>
	 	 	</node>
	 	 	<node id="24" type="1">
	 	 	 	<cx>128</cx>
	 	 	 	<cy>436</cy>
	 	 	</node>
	 	 	<node id="25" type="1">
	 	 	 	<cx>546</cx>
	 	 	 	<cy>806</cy>
	 	 	</node>
	 	 	<node id="26" type="1">
	 	 	 	<cx>197</cx>
	 	 	 	<cy>696</cy>
	 	 	</node>
	 	 	<node id="27" type="1">
	 	 	 	<cx>615</cx>
	 	 	 	<cy>300</cy>
	 	 	</node>
	 	 	<node id="28" type="1">
	 	 	 	<cx>852</cx>
	 	 	 	<cy>563</cy>
	 	 	</node>
	 	 	<node id="29" type="1">
	 	 	 	<cx>772</cx>
	 	 	 	<cy>803</cy>
	 	 	</node>
	 	 	<node id="30" type="1">
	 	 	 	<cx>678</cx>
	 	 	 	<cy>342</cy>
	 	 	</node>
	 	 	<node id="31" type="1">
	 	 	 	<cx>916</cx>
	 	 	 	<cy>176</cy>
	 	 	</node>
	 	 	<node id="32" type="1">
	 	 	 	<cx>390</cx>
	 	 	 	<cy>949</cy>
	 	 	</node>
	 	 	<node id="33" type="1">
	 	 	 	<cx>113</cx>
	 	 	 	<cy>782</cy>
	 	 	</node>
	 	 	<node id="34" type="1">
	 	 	 	<cx>226</cx>
	 	 	 	<cy>736</cy>
	 	 	</node>
	 	 	<node id="35" type="1">
	 	 	 	<cx>119</cx>
	 	 	 	<cy>923</cy>
	 	 	</node>
	 	 	<node id="36" type="1">
	 	 	 	<cx>584</cx>
	 	 	 	<cy>572</cy>
	 	 	</node>
	 	 	<node id="37" type="1">
	 	 	 	<cx>134</cx>
	 	 	 	<cy>554</cy>
	 	 	</node>
	 	 	<node id="38" type="1">
	 	 	 	<cx>912</cx>
	 	 	 	<cy>173</cy>
	 	 	</node>
	 	 	<node id="39" type="1">
	 	 	 	<cx>827</cx>
	 	 	 	<cy>233</cy>
	 	 	</node>
	 	 	<node id="40" type="1">
	 	 	 	<cx>851</cx>
	 	 	 	<cy>677</cy>
	 	 	</node>
	 	 	<node id="41" type="1">
	 	 	 	<cx>598</cx>
	 	 	 	<cy>322</cy>
	 	 	</node>
	 	 	<node id="42" type="1">
	 	 	 	<cx>627</cx>
	 	 	 	<cy>472</cy>
	 	 	</node>
	 	 	<node id="43" type="1">
	 	 	 	<cx>94</cx>
	 	 	 	<cy>442</cy>
	 	 	</node>
	 	 	<node id="44" type="1">
	 	 	 	<cx>688</cx>
	 	 	 	<cy>274</cy>
	 	 	</node>
	 	 	<node id="45" type="1">
	 	 	 	<cx>977</cx>
	 	 	 	<cy>176</cy>
	 	 	</node>
	 	 	<node id="46" type="1">
	 	 	 	<cx>597</cx>
	 	 	 	<cy>461</cy>
	 	 	</node>
	 	 	<node id="47" type="1">
	 	 	 	<cx>931</cx>
	 	 	 	<cy>23</cy>
	 	 	</node>
	 	 	<node id="48" type="1">
	 	 	 	<cx>170</cx>
	 	 	 	<cy>640</cy>
	 	 	</node>
	 	 	<node id="49" type="1">
	 	 	 	<cx>941</cx>
	 	 	 	<cy>601</cy>
	 	 	</node>
	 	 	<node id="50" type="1">
	 	 	 	<cx>873</cx>
	 	 	 	<cy>487</cy>
	 	 	</node>
	 	 	<node id="51" type="1">
	 	 	 	<cx>797</cx>
	 	 	 	<cy>95</cy>
	 	 	</node>
	 	 	<node id="52" type="1">
	 	 	 	<cx>451</cx>
	 	 	 	<cy>816</cy>
	 	 	</node>
	 	 	<node id="53" type="1">
	 	 	 	<cx>866</cx>
	 	 	 	<cy>970</cy>
	 	 	</node>
	 	 	<node id="54" type="1">
	 	 	 	<cx>833</cx>
	 	 	 	<cy>912</cy>
	 	 	</node>
	 	 	<node id="55" type="1">
	 	 	 	<cx>106</cx>
	 	 	 	<cy>913</cy>
	 	 	</node>
	 	 	<node id="56" type="1">
	 	 	 	<cx>260</cx>
	 	 	 	<cy>107</cy>
	 	 	</node>
	 	 	<node id="57" type="1">
	 	 	 	<cx>332</cx>
	 	 	 	<cy>45</cy>
	 	 	</node>
	 	 	<node id="58" type="1">
	 	 	 	<cx>685</cx>
	 	 	 	<cy>613</cy>
	 	 	</node>
	 	 	<node id="59" type="1">
	 	 	 	<cx>728</cx>
	 	 	 	<cy>372</cy>
	 	 	</node>
	 	 	<node id="60" type="1">
	 	 	 	<cx>407</cx>
	 	 	 	<cy>590</cy>
	 	 	</node>
	 	 	<node id="61" type="1">
	 	 	 	<cx>619</cx>
	 	 	 	<cy>484</cy>
	 	 	</node>
	 	 	<node id="62" type="1">
	 	 	 	<cx>966</cx>
	 	 	 	<cy>483</cy>
	 	 	</node>
	 	 	<node id="63" type="1">
	 	 	 	<cx>482</cx>
	 	 	 	<cy>512</cy>
	 	 	</node>
	 	 	<node id="64" type="1">
	 	 	 	<cx>278</cx>
	 	 	 	<cy>599</cy>
	 	 	</node>
	 	 	<node id="65" type="1">
	 	 	 	<cx>213</cx>
	 	 	 	<cy>330</cy>
	 	 	</node>
	 	 	<node id="66" type="1">
	 	 	 	<cx>37</cx>
	 	 	 	<cy>932</cy>
	 	 	</node>
	 	 	<node id="67" type="1">
	 	 	 	<cx>643</cx>
	 	 	 	<cy>10</cy>
	 	 	</node>
	 	 	<node id="68" type="1">
	 	 	 	<cx>341</cx>
	 	 	 	<cy>241</cy>
	 	 	</node>
	 	 	<node id="69" type="1">
	 	 	 	<cx>302</cx>
	 	 	 	<cy>521</cy>
	 	 	</node>
	 	 	<node id="70" type="1">
	 	 	 	<cx>593</cx>
	 	 	 	<cy>382</cy>
	 	 	</node>
	 	 	<node id="71" type="1">
	 	 	 	<cx>438</cx>
	 	 	 	<cy>686</cy>
	 	 	</node>
	 	 	<node id="72" type="1">
	 	 	 	<cx>637</cx>
	 	 	 	<cy>885</cy>
	 	 	</node>
	 	 	<node id="73" type="1">
	 	 	 	<cx>277</cx>
	 	 	 	<cy>382</cy>
	 	 	</node>
	 	 	<node id="74" type="1">
	 	 	 	<cx>152</cx>
	 	 	 	<cy>776</cy>
	 	 	</node>
	 	 	<node id="75" type="1">
	 	 	 	<cx>546</cx>
	 	 	 	<cy>999</cy>
	 	 	</node>
	 	 	<node id="76" type="1">
	 	 	 	<cx>288</cx>
	 	 	 	<cy>665</cy>
	 	 	</node>
	 	 	<node id="77" type="1">
	 	 	 	<cx>232</cx>
	 	 	 	<cy>131</cy>
	 	 	</node>
	 	 	<node id="78" type="1">
	 	 	 	<cx>563</cx>
	 	 	 	<cy>66</cy>
	 	 	</node>
	 	 	<node id="79" type="1">
	 	 	 	<cx>602</cx>
	 	 	 	<cy>547</cy>
	 	 	</node>
	 	 	<node id="80" type="1">
	 	 	 	<cx>996</cx>
	 	 	 	<cy>983</cy>
	 	 	</node>
	 	 	<node id="81" type="1">
	 	 	 	<cx>464</cx>
	 	 	 	<cy>377</cy>
	 	 	</node>
	 	 	<node id="82" type="1">
	 	 	 	<cx>502</cx>
	 	 	 	<cy>727</cy>
	 	 	</node>
	 	 	<node id="83" type="1">
	 	 	 	<cx>691</cx>
	 	 	 	<cy>574</cy>
	 	 	</node>
	 	 	<node id="84" type="1">
	 	 	 	<cx>535</cx>
	 	 	 	<cy>4</cy>
	 	 	</node>
	 	 	<node id="85" type="1">
	 	 	 	<cx>975</cx>
	 	 	 	<cy>616</cy>
	 	 	</node>
	 	 	<node id="86" type="1">
	 	 	 	<cx>974</cx>
	 	 	 	<cy>242</cy>
	 	 	</node>
	 	 	<node id="87" type="1">
	 	 	 	<cx>853</cx>
	 	 	 	<cy>459</cy>
	 	 	</node>
	 	 	<node id="88" type="1">
	 	 	 	<cx>263</cx>
	 	 	 	<cy>163</cy>
	 	 	</node>
	 	 	<node id="89" type="1">
	 	 	 	<cx>967</cx>
	 	 	 	<cy>740</cy>
	 	 	</node>
	 	 	<node id="90" type="1">
	 	 	 	<cx>810</cx>
	 	 	 	<cy>617</cy>
	 	 	</node>
	 	 	<node id="91" type="1">
	 	 	 	<cx>580</cx>
	 	 	 	<cy>226</cy>
	 	 	</node>
	 	 	<node id="92" type="1">
	 	 	 	<cx>615</cx>
	 	 	 	<cy>656</cy>
	 	 	</node>
	 	 	<node id="93" type="1">
	 	 	 	<cx>346</cx>
	 	 	 	<cy>526</cy>
	 	 	</node>
	 	 	<node id="94" type="1">
	 	 	 	<cx>172</cx>
	 	 	 	<cy>867</cy>
	 	 	</node>
	 	 	<node id="95" type="1">
	 	 	 	<cx>319</cx>
	 	 	 	<cy>35</cy>
	 	 	</node>
	 	 	<node id="96" type="1">
	 	 	 	<cx>602</cx>
	 	 	 	<cy>946</cy>
	 	 	</node>
	 	 	<node id="97" type="1">
	 	 	 	<cx>224</cx>
	 	 	 	<cy>146</cy>
	 	 	</node>
	 	 	<node id="98" type="1">
	 	 	 	<cx>48</cx>
	 	 	 	<cy>527</cy>
	 	 	</node>
	 	 	<node id="99" type="1">
	 	 	 	<cx>970</cx>
	 	 	 	<cy>693</cy>
	 	 	</node>
	 	 	<node id="100" type="1">
	 	 	 	<cx>314</cx>
	 	 	 	<cy>262</cy>
	 	 	</node>
	 	 	<node id="101" type="1">
	 	 	 	<cx>413</cx>
	 	 	 	<cy>661</cy>
	 	 	</node>
	 	 	<node id="102" type="1">
	 	 	 	<cx>756</cx>
	 	 	 	<cy>147</cy>
	 	 	</node>
	 	 	<node id="103" type="1">
	 	 	 	<cx>381</cx>
	 	 	 	<cy>139</cy>
	 	 	</node>
	 	 	<node id="104" type="1">
	 	 	 	<cx>421</cx>
	 	 	 	<cy>100</cy>
	 	 	</node>
	 	 	<node id="105" type="1">
	 	 	 	<cx>930</cx>
	 	 	 	<cy>522</cy>
	 	 	</node>
	 	 	<node id="106" type="1">
	 	 	 	<cx>440</cx>
	 	 	 	<cy>792</cy>
	 	 	</node>
	 	 	<node id="107" type="1">
	 	 	 	<cx>862</cx>
	 	 	 	<cy>962</cy>
	 	 	</node>
	 	 	<node id="108" type="1">
	 	 	 	<cx>668</cx>
	 	 	 	<cy>720</cy>
	 	 	</node>
	 	 	<node id="109" type="1">
	 	 	 	<cx>493</cx>
	 	 	 	<cy>72</cy>
	 	 	</node>
	 	 	<node id="110" type="1">
	 	 	 	<cx>573</cx>
	 	 	 	<cy>541</cy>
	 	 	</node>
	 	 	<node id="111" type="1">
	 	 	 	<cx>668</cx>
	 	 	 	<cy>884</cy>
	 	 	</node>
	 	 	<node id="112" type="1">
	 	 	 	<cx>380</cx>
	 	 	 	<cy>646</cy>
	 	 	</node>
	 	 	<node id="113" type="1">
	 	 	 	<cx>24</cx>
	 	 	 	<cy>44</cy>
	 	 	</node>
	 	 	<node id="114" type="1">
	 	 	 	<cx>457</cx>
	 	 	 	<cy>991</cy>
	 	 	</node>
	 	 	<node id="115" type="1">
	 	 	 	<cx>511</cx>
	 	 	 	<cy>272</cy>
	 	 	</node>
	 	 	<node id="116" type="1">
	 	 	 	<cx>960</cx>
	 	 	 	<cy>171</cy>
	 	 	</node>
	 	 	<node id="117" type="1">
	 	 	 	<cx>150</cx>
	 	 	 	<cy>61</cy>
	 	 	</node>
	 	 	<node id="118" type="1">
	 	 	 	<cx>721</cx>
	 	 	 	<cy>754</cy>
	 	 	</node>
	 	 	<node id="119" type="1">
	 	 	 	<cx>56</cx>
	 	 	 	<cy>633</cy>
	 	 	</node>
	 	 	<node id="120" type="1">
	 	 	 	<cx>389</cx>
	 	 	 	<cy>853</cy>
	 	 	</node>
	 	 	<node id="121" type="1">
	 	 	 	<cx>700</cx>
	 	 	 	<cy>137</cy>
	 	 	</node>
	 	 	<node id="122" type="1">
	 	 	 	<cx>823</cx>
	 	 	 	<cy>958</cy>
	 	 	</node>
	 	 	<node id="123" type="1">
	 	 	 	<cx>422</cx>
	 	 	 	<cy>111</cy>
	 	 	</node>
	 	 	<node id="124" type="1">
	 	 	 	<cx>727</cx>
	 	 	 	<cy>12</cy>
	 	 	</node>
	 	 	<node id="125" type="1">
	 	 	 	<cx>203</cx>
	 	 	 	<cy>178</cy>
	 	 	</node>
	 	 	<node id="126" type="1">
	 	 	 	<cx>548</cx>
	 	 	 	<cy>744</cy>
	 	 	</node>
	 	 	<node id="127" type="1">
	 	 	 	<cx>677</cx>
	 	 	 	<cy>999</cy>
	 	 	</node>
	 	 	<node id="128" type="1">
	 	 	 	<cx>610</cx>
	 	 	 	<cy>239</cy>
	 	 	</node>
	 	 	<node id="129" type="1">
	 	 	 	<cx>396</cx>
	 	 	 	<cy>478</cy>
	 	 	</node>
	 	 	<node id="130" type="1">
	 	 	 	<cx>509</cx>
	 	 	 	<cy>773</cy>
	 	 	</node>
	 	 	<node id="131" type="1">
	 	 	 	<cx>347</cx>
	 	 	 	<cy>219</cy>
	 	 	</node>
	 	 	<node id="132" type="1">
	 	 	 	<cx>754</cx>
	 	 	 	<cy>887</cy>
	 	 	</node>
	 	 	<node id="133" type="1">
	 	 	 	<cx>717</cx>
	 	 	 	<cy>223</cy>
	 	 	</node>
	 	 	<node id="134" type="1">
	 	 	 	<cx>650</cx>
	 	 	 	<cy>718</cy>
	 	 	</node>
	 	 	<node id="135" type="1">
	 	 	 	<cx>909</cx>
	 	 	 	<cy>845</cy>
	 	 	</node>
	 	 	<node id="136" type="1">
	 	 	 	<cx>451</cx>
	 	 	 	<cy>575</cy>
	 	 	</node>
	 	 	<node id="137" type="1">
	 	 	 	<cx>806</cx>
	 	 	 	<cy>992</cy>
	 	 	</node>
	 	 	<node id="138" type="1">
	 	 	 	<cx>740</cx>
	 	 	 	<cy>770</cy>
	 	 	</node>
	 	 	<node id="139" type="1">
	 	 	 	<cx>291</cx>
	 	 	 	<cy>583</cy>
	 	 	</node>
	 	 	<node id="140" type="1">
	 	 	 	<cx>74</cx>
	 	 	 	<cy>690</cy>
	 	 	</node>
	 	 	<node id="141" type="1">
	 	 	 	<cx>8</cx>
	 	 	 	<cy>248</cy>
	 	 	</node>
	 	 	<node id="142" type="1">
	 	 	 	<cx>877</cx>
	 	 	 	<cy>132</cy>
	 	 	</node>
	 	 	<node id="143" type="1">
	 	 	 	<cx>379</cx>
	 	 	 	<cy>284</cy>
	 	 	</node>
	 	 	<node id="144" type="1">
	 	 	 	<cx>574</cx>
	 	 	 	<cy>881</cy>
	 	 	</node>
	 	 	<node id="145" type="1">
	 	 	 	<cx>871</cx>
	 	 	 	<cy>854</cy>
	 	 	</node>
	 	 	<node id="146" type="1">
	 	 	 	<cx>987</cx>
	 	 	 	<cy>529</cy>
	 	 	</node>
	 	 	<node id="147" type="1">
	 	 	 	<cx>509</cx>
	 	 	 	<cy>440</cy>
	 	 	</node>
	 	 	<node id="148" type="1">
	 	 	 	<cx>976</cx>
	 	 	 	<cy>565</cy>
	 	 	</node>
	 	 	<node id="149" type="1">
	 	 	 	<cx>644</cx>
	 	 	 	<cy>554</cy>
	 	 	</node>
	 	 	<node id="150" type="1">
	 	 	 	<cx>325</cx>
	 	 	 	<cy>696</cy>
	 	 	</node>
	 	 	<node id="151" type="1">
	 	 	 	<cx>969</cx>
	 	 	 	<cy>681</cy>
	 	 	</node>
	 	 	<node id="152" type="1">
	 	 	 	<cx>888</cx>
	 	 	 	<cy>425</cy>
	 	 	</node>
	 	 	<node id="153" type="1">
	 	 	 	<cx>782</cx>
	 	 	 	<cy>490</cy>
	 	 	</node>
	 	 	<node id="154" type="1">
	 	 	 	<cx>974</cx>
	 	 	 	<cy>885</cy>
	 	 	</node>
	 	 	<node id="155" type="1">
	 	 	 	<cx>502</cx>
	 	 	 	<cy>280</cy>
	 	 	</node>
	 	 	<node id="156" type="1">
	 	 	 	<cx>992</cx>
	 	 	 	<cy>909</cy>
	 	 	</node>
	 	 	<node id="157" type="1">
	 	 	 	<cx>440</cx>
	 	 	 	<cy>691</cy>
	 	 	</node>
	 	 	<node id="158" type="1">
	 	 	 	<cx>342</cx>
	 	 	 	<cy>364</cy>
	 	 	</node>
	 	 	<node id="159" type="1">
	 	 	 	<cx>806</cx>
	 	 	 	<cy>649</cy>
	 	 	</node>
	 	 	<node id="160" type="1">
	 	 	 	<cx>552</cx>
	 	 	 	<cy>728</cy>
	 	 	</node>
	 	 	<node id="161" type="1">
	 	 	 	<cx>980</cx>
	 	 	 	<cy>576</cy>
	 	 	</node>
	 	 	<node id="162" type="1">
	 	 	 	<cx>671</cx>
	 	 	 	<cy>918</cy>
	 	 	</node>
	 	 	<node id="163" type="1">
	 	 	 	<cx>26</cx>
	 	 	 	<cy>841</cy>
	 	 	</node>
	 	 	<node id="164" type="1">
	 	 	 	<cx>909</cx>
	 	 	 	<cy>363</cy>
	 	 	</node>
	 	 	<node id="165" type="1">
	 	 	 	<cx>463</cx>
	 	 	 	<cy>459</cy>
	 	 	</node>
	 	 	<node id="166" type="1">
	 	 	 	<cx>526</cx>
	 	 	 	<cy>344</cy>
	 	 	</node>
	 	 	<node id="167" type="1">
	 	 	 	<cx>268</cx>
	 	 	 	<cy>49</cy>
	 	 	</node>
	 	 	<node id="168" type="1">
	 	 	 	<cx>979</cx>
	 	 	 	<cy>559</cy>
	 	 	</node>
	 	 	<node id="169" type="1">
	 	 	 	<cx>156</cx>
	 	 	 	<cy>39</cy>
	 	 	</node>
	 	 	<node id="170" type="1">
	 	 	 	<cx>303</cx>
	 	 	 	<cy>960</cy>
	 	 	</node>
	 	 	<node id="171" type="1">
	 	 	 	<cx>85</cx>
	 	 	 	<cy>110</cy>
	 	 	</node>
	 	 	<node id="172" type="1">
	 	 	 	<cx>760</cx>
	 	 	 	<cy>825</cy>
	 	 	</node>
	 	 	<node id="173" type="1">
	 	 	 	<cx>28</cx>
	 	 	 	<cy>910</cy>
	 	 	</node>
	 	 	<node id="174" type="1">
	 	 	 	<cx>725</cx>
	 	 	 	<cy>93</cy>
	 	 	</node>
	 	 	<node id="175" type="1">
	 	 	 	<cx>987</cx>
	 	 	 	<cy>998</cy>
	 	 	</node>
	 	 	<node id="176" type="1">
	 	 	 	<cx>827</cx>
	 	 	 	<cy>937</cy>
	 	 	</node>
	 	 	<node id="177" type="1">
	 	 	 	<cx>253</cx>
	 	 	 	<cy>53</cy>
	 	 	</node>
	 	 	<node id="178" type="1">
	 	 	 	<cx>342</cx>
	 	 	 	<cy>592</cy>
	 	 	</node>
	 	 	<node id="179" type="1">
	 	 	 	<cx>933</cx>
	 	 	 	<cy>328</cy>
	 	 	</node>
	 	 	<node id="180" type="1">
	 	 	 	<cx>833</cx>
	 	 	 	<cy>437</cy>
	 	 	</node>
	 	 	<node id="181" type="1">
	 	 	 	<cx>705</cx>
	 	 	 	<cy>344</cy>
	 	 	</node>
	 	 	<node id="182" type="1">
	 	 	 	<cx>35</cx>
	 	 	 	<cy>318</cy>
	 	 	</node>
	 	 	<node id="183" type="1">
	 	 	 	<cx>839</cx>
	 	 	 	<cy>857</cy>
	 	 	</node>
	 	 	<node id="184" type="1">
	 	 	 	<cx>7</cx>
	 	 	 	<cy>132</cy>
	 	 	</node>
	 	 	<node id="185" type="1">
	 	 	 	<cx>462</cx>
	 	 	 	<cy>46</cy>
	 	 	</node>
	 	 	<node id="186" type="1">
	 	 	 	<cx>511</cx>
	 	 	 	<cy>649</cy>
	 	 	</node>
	 	 	<node id="187" type="1">
	 	 	 	<cx>72</cx>
	 	 	 	<cy>981</cy>
	 	 	</node>
	 	 	<node id="188" type="1">
	 	 	 	<cx>660</cx>
	 	 	 	<cy>595</cy>
	 	 	</node>
	 	 	<node id="189" type="1">
	 	 	 	<cx>306</cx>
	 	 	 	<cy>313</cy>
	 	 	</node>
	 	 	<node id="190" type="1">
	 	 	 	<cx>806</cx>
	 	 	 	<cy>978</cy>
	 	 	</node>
	 	 	<node id="191" type="1">
	 	 	 	<cx>954</cx>
	 	 	 	<cy>238</cy>
	 	 	</node>
	 	 	<node id="192" type="1">
	 	 	 	<cx>679</cx>
	 	 	 	<cy>664</cy>
	 	 	</node>
	 	 	<node id="193" type="1">
	 	 	 	<cx>223</cx>
	 	 	 	<cy>692</cy>
	 	 	</node>
	 	 	<node id="194" type="1">
	 	 	 	<cx>783</cx>
	 	 	 	<cy>211</cy>
	 	 	</node>
	 	 	<node id="195" type="1">
	 	 	 	<cx>258</cx>
	 	 	 	<cy>807</cy>
	 	 	</node>
	 	 	<node id="196" type="1">
	 	 	 	<cx>29</cx>
	 	 	 	<cy>943</cy>
	 	 	</node>
	 	 	<node id="197" type="1">
	 	 	 	<cx>901</cx>
	 	 	 	<cy>617</cy>
	 	 	</node>
	 	 	<node id="198" type="1">
	 	 	 	<cx>634</cx>
	 	 	 	<cy>276</cy>
	 	 	</node>
	 	 	<node id="199" type="1">
	 	 	 	<cx>711</cx>
	 	 	 	<cy>6</cy>
	 	 	</node>
	 	 	<node id="200" type="1">
	 	 	 	<cx>253</cx>
	 	 	 	<cy>301</cy>
	 	 	</node>
	 	 	<node id="201" type="1">
	 	 	 	<cx>229</cx>
	 	 	 	<cy>917</cy>
	 	 	</node>
	 	 	<node id="202" type="1">
	 	 	 	<cx>379</cx>
	 	 	 	<cy>611</cy>
	 	 	</node>
	 	 	<node id="203" type="1">
	 	 	 	<cx>494</cx>
	 	 	 	<cy>796</cy>
	 	 	</node>
	 	 	<node id="204" type="1">
	 	 	 	<cx>974</cx>
	 	 	 	<cy>375</cy>
	 	 	</node>
	 	 	<node id="205" type="1">
	 	 	 	<cx>804</cx>
	 	 	 	<cy>306</cy>
	 	 	</node>
	 	 	<node id="206" type="1">
	 	 	 	<cx>366</cx>
	 	 	 	<cy>672</cy>
	 	 	</node>
	 	 	<node id="207" type="1">
	 	 	 	<cx>739</cx>
	 	 	 	<cy>275</cy>
	 	 	</node>
	 	 	<node id="208" type="1">
	 	 	 	<cx>390</cx>
	 	 	 	<cy>64</cy>
	 	 	</node>
	 	 	<node id="209" type="1">
	 	 	 	<cx>421</cx>
	 	 	 	<cy>896</cy>
	 	 	</node>
	 	 	<node id="210" type="1">
	 	 	 	<cx>773</cx>
	 	 	 	<cy>430</cy>
	 	 	</node>
	 	 	<node id="211" type="1">
	 	 	 	<cx>33</cx>
	 	 	 	<cy>185</cy>
	 	 	</node>
	 	 	<node id="212" type="1">
	 	 	 	<cx>780</cx>
	 	 	 	<cy>36</cy>
	 	 	</node>
	 	 	<node id="213" type="1">
	 	 	 	<cx>583</cx>
	 	 	 	<cy>683</cy>
	 	 	</node>
	 	 	<node id="214" type="1">
	 	 	 	<cx>102</cx>
	 	 	 	<cy>872</cy>
	 	 	</node>
	 	 	<node id="215" type="1">
	 	 	 	<cx>917</cx>
	 	 	 	<cy>407</cy>
	 	 	</node>
	 	 	<node id="216" type="1">
	 	 	 	<cx>999</cx>
	 	 	 	<cy>222</cy>
	 	 	</node>
	 	 	<node id="217" type="1">
	 	 	 	<cx>991</cx>
	 	 	 	<cy>56</cy>
	 	 	</node>
	 	 	<node id="218" type="1">
	 	 	 	<cx>687</cx>
	 	 	 	<cy>500</cy>
	 	 	</node>
	 	 	<node id="219" type="1">
	 	 	 	<cx>381</cx>
	 	 	 	<cy>463</cy>
	 	 	</node>
	 	 	<node id="220" type="1">
	 	 	 	<cx>982</cx>
	 	 	 	<cy>321</cy>
	 	 	</node>
	 	 	<node id="221" type="1">
	 	 	 	<cx>52</cx>
	 	 	 	<cy>296</cy>
	 	 	</node>
	 	 	<node id="222" type="1">
	 	 	 	<cx>188</cx>
	 	 	 	<cy>834</cy>
	 	 	</node>
	 	 	<node id="223" type="1">
	 	 	 	<cx>373</cx>
	 	 	 	<cy>15</cy>
	 	 	</node>
	 	 	<node id="224" type="1">
	 	 	 	<cx>240</cx>
	 	 	 	<cy>295</cy>
	 	 	</node>
	 	 	<node id="225" type="1">
	 	 	 	<cx>379</cx>
	 	 	 	<cy>73</cy>
	 	 	</node>
	 	 	<node id="226" type="1">
	 	 	 	<cx>94</cx>
	 	 	 	<cy>905</cy>
	 	 	</node>
	 	 	<node id="227" type="1">
	 	 	 	<cx>291</cx>
	 	 	 	<cy>368</cy>
	 	 	</node>
	 	 	<node id="228" type="1">
	 	 	 	<cx>365</cx>
	 	 	 	<cy>875</cy>
	 	 	</node>
	 	 	<node id="229" type="1">
	 	 	 	<cx>281</cx>
	 	 	 	<cy>949</cy>
	 	 	</node>
	 	 	<node id="230" type="1">
	 	 	 	<cx>222</cx>
	 	 	 	<cy>763</cy>
	 	 	</node>
	 	 	<node id="231" type="1">
	 	 	 	<cx>487</cx>
	 	 	 	<cy>965</cy>
	 	 	</node>
	 	 	<node id="232" type="1">
	 	 	 	<cx>525</cx>
	 	 	 	<cy>52</cy>
	 	 	</node>
	 	 	<node id="233" type="1">
	 	 	 	<cx>276</cx>
	 	 	 	<cy>873</cy>
	 	 	</node>
	 	 	<node id="234" type="1">
	 	 	 	<cx>217</cx>
	 	 	 	<cy>975</cy>
	 	 	</node>
	 	 	<node id="235" type="1">
	 	 	 	<cx>767</cx>
	 	 	 	<cy>889</cy>
	 	 	</node>
	 	 	<node id="236" type="1">
	 	 	 	<cx>966</cx>
	 	 	 	<cy>590</cy>
	 	 	</node>
	 	 	<node id="237" type="1">
	 	 	 	<cx>584</cx>
	 	 	 	<cy>689</cy>
	 	 	</node>
	 	 	<node id="238" type="1">
	 	 	 	<cx>52</cx>
	 	 	 	<cy>118</cy>
	 	 	</node>
	 	 	<node id="239" type="1">
	 	 	 	<cx>888</cx>
	 	 	 	<cy>366</cy>
	 	 	</node>
	 	 	<node id="240" type="1">
	 	 	 	<cx>513</cx>
	 	 	 	<cy>513</cy>
	 	 	</node>
	 	 	<node id="241" type="1">
	 	 	 	<cx>626</cx>
	 	 	 	<cy>630</cy>
	 	 	</node>
	 	 	<node id="242" type="1">
	 	 	 	<cx>528</cx>
	 	 	 	<cy>291</cy>
	 	 	</node>
	 	 	<node id="243" type="1">
	 	 	 	<cx>61</cx>
	 	 	 	<cy>262</cy>
	 	 	</node>
	 	 	<node id="244" type="1">
	 	 	 	<cx>67</cx>
	 	 	 	<cy>613</cy>
	 	 	</node>
	 	 	<node id="245" type="1">
	 	 	 	<cx>528</cx>
	 	 	 	<cy>819</cy>
	 	 	</node>
	 	 	<node id="246" type="1">
	 	 	 	<cx>776</cx>
	 	 	 	<cy>606</cy>
	 	 	</node>
	 	 	<node id="247" type="1">
	 	 	 	<cx>453</cx>
	 	 	 	<cy>584</cy>
	 	 	</node>
	 	 	<node id="248" type="1">
	 	 	 	<cx>113</cx>
	 	 	 	<cy>947</cy>
	 	 	</node>
	 	 	<node id="249" type="1">
	 	 	 	<cx>619</cx>
	 	 	 	<cy>771</cy>
	 	 	</node>
	 	 	<node id="250" type="1">
	 	 	 	<cx>751</cx>
	 	 	 	<cy>689</cy>
	 	 	</node>
	 	 	<node id="251" type="1">
	 	 	 	<cx>680</cx>
	 	 	 	<cy>978</cy>
	 	 	</node>
	 	 	<node id="252" type="1">
	 	 	 	<cx>207</cx>
	 	 	 	<cy>338</cy>
	 	 	</node>
	 	 	<node id="253" type="1">
	 	 	 	<cx>930</cx>
	 	 	 	<cy>890</cy>
	 	 	</node>
	 	 	<node id="254" type="1">
	 	 	 	<cx>740</cx>
	 	 	 	<cy>183</cy>
	 	 	</node>
	 	 	<node id="255" type="1">
	 	 	 	<cx>313</cx>
	 	 	 	<cy>231</cy>
	 	 	</node>
	 	 	<node id="256" type="1">
	 	 	 	<cx>487</cx>
	 	 	 	<cy>874</cy>
	 	 	</node>
	 	 	<node id="257" type="1">
	 	 	 	<cx>695</cx>
	 	 	 	<cy>972</cy>
	 	 	</node>
	 	 	<node id="258" type="1">
	 	 	 	<cx>857</cx>
	 	 	 	<cy>247</cy>
	 	 	</node>
	 	 	<node id="259" type="1">
	 	 	 	<cx>376</cx>
	 	 	 	<cy>774</cy>
	 	 	</node>
	 	 	<node id="260" type="1">
	 	 	 	<cx>168</cx>
	 	 	 	<cy>409</cy>
	 	 	</node>
	 	 	<node id="261" type="1">
	 	 	 	<cx>855</cx>
	 	 	 	<cy>702</cy>
	 	 	</node>
	 	 	<node id="262" type="1">
	 	 	 	<cx>543</cx>
	 	 	 	<cy>56</cy>
	 	 	</node>
	 	 	<node id="263" type="1">
	 	 	 	<cx>846</cx>
	 	 	 	<cy>172</cy>
	 	 	</node>
	 	 	<node id="264" type="1">
	 	 	 	<cx>43</cx>
	 	 	 	<cy>62</cy>
	 	 	</node>
	 	 	<node id="265" type="1">
	 	 	 	<cx>548</cx>
	 	 	 	<cy>157</cy>
	 	 	</node>
	 	 	<node id="266" type="1">
	 	 	 	<cx>68</cx>
	 	 	 	<cy>300</cy>
	 	 	</node>
	 	 	<node id="267" type="1">
	 	 	 	<cx>153</cx>
	 	 	 	<cy>638</cy>
	 	 	</node>
	 	 	<node id="268" type="1">
	 	 	 	<cx>987</cx>
	 	 	 	<cy>721</cy>
	 	 	</node>
	 	 	<node id="269" type="1">
	 	 	 	<cx>619</cx>
	 	 	 	<cy>306</cy>
	 	 	</node>
	 	 	<node id="270" type="1">
	 	 	 	<cx>31</cx>
	 	 	 	<cy>683</cy>
	 	 	</node>
	 	 	<node id="271" type="1">
	 	 	 	<cx>681</cx>
	 	 	 	<cy>520</cy>
	 	 	</node>
	 	 	<node id="272" type="1">
	 	 	 	<cx>445</cx>
	 	 	 	<cy>533</cy>
	 	 	</node>
	 	 	<node id="273" type="1">
	 	 	 	<cx>117</cx>
	 	 	 	<cy>505</cy>
	 	 	</node>
	 	 	<node id="274" type="1">
	 	 	 	<cx>860</cx>
	 	 	 	<cy>428</cy>
	 	 	</node>
	 	 	<node id="275" type="1">
	 	 	 	<cx>265</cx>
	 	 	 	<cy>809</cy>
	 	 	</node>
	 	 	<node id="276" type="1">
	 	 	 	<cx>947</cx>
	 	 	 	<cy>417</cy>
	 	 	</node>
	 	 	<node id="277" type="1">
	 	 	 	<cx>791</cx>
	 	 	 	<cy>3</cy>
	 	 	</node>
	 	 	<node id="278" type="1">
	 	 	 	<cx>305</cx>
	 	 	 	<cy>771</cy>
	 	 	</node>
	 	 	<node id="279" type="1">
	 	 	 	<cx>697</cx>
	 	 	 	<cy>637</cy>
	 	 	</node>
	 	 	<node id="280" type="1">
	 	 	 	<cx>599</cx>
	 	 	 	<cy>555</cy>
	 	 	</node>
	 	 	<node id="281" type="1">
	 	 	 	<cx>595</cx>
	 	 	 	<cy>439</cy>
	 	 	</node>
	 	 	<node id="282" type="1">
	 	 	 	<cx>952</cx>
	 	 	 	<cy>464</cy>
	 	 	</node>
	 	 	<node id="283" type="1">
	 	 	 	<cx>217</cx>
	 	 	 	<cy>775</cy>
	 	 	</node>
	 	 	<node id="284" type="1">
	 	 	 	<cx>585</cx>
	 	 	 	<cy>895</cy>
	 	 	</node>
	 	 	<node id="285" type="1">
	 	 	 	<cx>185</cx>
	 	 	 	<cy>344</cy>
	 	 	</node>
	 	 	<node id="286" type="1">
	 	 	 	<cx>710</cx>
	 	 	 	<cy>275</cy>
	 	 	</node>
	 	 	<node id="287" type="1">
	 	 	 	<cx>22</cx>
	 	 	 	<cy>136</cy>
	 	 	</node>
	 	 	<node id="288" type="1">
	 	 	 	<cx>668</cx>
	 	 	 	<cy>648</cy>
	 	 	</node>
	 	 	<node id="289" type="1">
	 	 	 	<cx>423</cx>
	 	 	 	<cy>637</cy>
	 	 	</node>
	 	 	<node id="290" type="1">
	 	 	 	<cx>318</cx>
	 	 	 	<cy>490</cy>
	 	 	</node>
	 	 	<node id="291" type="1">
	 	 	 	<cx>763</cx>
	 	 	 	<cy>274</cy>
	 	 	</node>
	 	 	<node id="292" type="1">
	 	 	 	<cx>686</cx>
	 	 	 	<cy>796</cy>
	 	 	</node>
	 	 	<node id="293" type="1">
	 	 	 	<cx>870</cx>
	 	 	 	<cy>128</cy>
	 	 	</node>
	 	 	<node id="294" type="1">
	 	 	 	<cx>845</cx>
	 	 	 	<cy>405</cy>
	 	 	</node>
	 	 	<node id="295" type="1">
	 	 	 	<cx>37</cx>
	 	 	 	<cy>883</cy>
	 	 	</node>
	 	 	<node id="296" type="1">
	 	 	 	<cx>59</cx>
	 	 	 	<cy>581</cy>
	 	 	</node>
	 	 	<node id="297" type="1">
	 	 	 	<cx>292</cx>
	 	 	 	<cy>22</cy>
	 	 	</node>
	 	 	<node id="298" type="1">
	 	 	 	<cx>182</cx>
	 	 	 	<cy>838</cy>
	 	 	</node>
	 	 	<node id="299" type="1">
	 	 	 	<cx>905</cx>
	 	 	 	<cy>295</cy>
	 	 	</node>
	 	 	<node id="300" type="1">
	 	 	 	<cx>285</cx>
	 	 	 	<cy>15</cy>
	 	 	</node>
	 	 	<node id="301" type="1">
	 	 	 	<cx>159</cx>
	 	 	 	<cy>409</cy>
	 	 	</node>
	 	 	<node id="302" type="1">
	 	 	 	<cx>556</cx>
	 	 	 	<cy>616</cy>
	 	 	</node>
	 	 	<node id="303" type="1">
	 	 	 	<cx>370</cx>
	 	 	 	<cy>988</cy>
	 	 	</node>
	 	 	<node id="304" type="1">
	 	 	 	<cx>436</cx>
	 	 	 	<cy>374</cy>
	 	 	</node>
	 	 	<node id="305" type="1">
	 	 	 	<cx>143</cx>
	 	 	 	<cy>772</cy>
	 	 	</node>
	 	 	<node id="306" type="1">
	 	 	 	<cx>15</cx>
	 	 	 	<cy>88</cy>
	 	 	</node>
	 	 	<node id="307" type="1">
	 	 	 	<cx>897</cx>
	 	 	 	<cy>75</cy>
	 	 	</node>
	 	 	<node id="308" type="1">
	 	 	 	<cx>667</cx>
	 	 	 	<cy>699</cy>
	 	 	</node>
	 	 	<node id="309" type="1">
	 	 	 	<cx>621</cx>
	 	 	 	<cy>485</cy>
	 	 	</node>
	 	 	<node id="310" type="1">
	 	 	 	<cx>942</cx>
	 	 	 	<cy>616</cy>
	 	 	</node>
	 	 	<node id="311" type="1">
	 	 	 	<cx>900</cx>
	 	 	 	<cy>816</cy>
	 	 	</node>
	 	 	<node id="312" type="1">
	 	 	 	<cx>707</cx>
	 	 	 	<cy>297</cy>
	 	 	</node>
	 	 	<node id="313" type="1">
	 	 	 	<cx>170</cx>
	 	 	 	<cy>312</cy>
	 	 	</node>
	 	 	<node id="314" type="1">
	 	 	 	<cx>541</cx>
	 	 	 	<cy>76</cy>
	 	 	</node>
	 	 	<node id="315" type="1">
	 	 	 	<cx>244</cx>
	 	 	 	<cy>104</cy>
	 	 	</node>
	 	 	<node id="316" type="1">
	 	 	 	<cx>367</cx>
	 	 	 	<cy>241</cy>
	 	 	</node>
	 	 	<node id="317" type="1">
	 	 	 	<cx>71</cx>
	 	 	 	<cy>908</cy>
	 	 	</node>
	 	 	<node id="318" type="1">
	 	 	 	<cx>349</cx>
	 	 	 	<cy>361</cy>
	 	 	</node>
	 	 	<node id="319" type="1">
	 	 	 	<cx>754</cx>
	 	 	 	<cy>980</cy>
	 	 	</node>
	 	 	<node id="320" type="1">
	 	 	 	<cx>32</cx>
	 	 	 	<cy>869</cy>
	 	 	</node>
	 	 	<node id="321" type="1">
	 	 	 	<cx>812</cx>
	 	 	 	<cy>318</cy>
	 	 	</node>
	 	 	<node id="322" type="1">
	 	 	 	<cx>731</cx>
	 	 	 	<cy>882</cy>
	 	 	</node>
	 	 	<node id="323" type="1">
	 	 	 	<cx>701</cx>
	 	 	 	<cy>119</cy>
	 	 	</node>
	 	 	<node id="324" type="1">
	 	 	 	<cx>170</cx>
	 	 	 	<cy>285</cy>
	 	 	</node>
	 	 	<node id="325" type="1">
	 	 	 	<cx>577</cx>
	 	 	 	<cy>478</cy>
	 	 	</node>
	 	 	<node id="326" type="1">
	 	 	 	<cx>377</cx>
	 	 	 	<cy>59</cy>
	 	 	</node>
	 	 	<node id="327" type="1">
	 	 	 	<cx>312</cx>
	 	 	 	<cy>343</cy>
	 	 	</node>
	 	 	<node id="328" type="1">
	 	 	 	<cx>823</cx>
	 	 	 	<cy>859</cy>
	 	 	</node>
	 	 	<node id="329" type="1">
	 	 	 	<cx>760</cx>
	 	 	 	<cy>716</cy>
	 	 	</node>
	 	 	<node id="330" type="1">
	 	 	 	<cx>809</cx>
	 	 	 	<cy>837</cy>
	 	 	</node>
	 	 	<node id="331" type="1">
	 	 	 	<cx>269</cx>
	 	 	 	<cy>109</cy>
	 	 	</node>
	 	 	<node id="332" type="1">
	 	 	 	<cx>112</cx>
	 	 	 	<cy>726</cy>
	 	 	</node>
	 	 	<node id="333" type="1">
	 	 	 	<cx>454</cx>
	 	 	 	<cy>247</cy>
	 	 	</node>
	 	 	<node id="334" type="1">
	 	 	 	<cx>873</cx>
	 	 	 	<cy>167</cy>
	 	 	</node>
	 	 	<node id="335" type="1">
	 	 	 	<cx>205</cx>
	 	 	 	<cy>18</cy>
	 	 	</node>
	 	 	<node id="336" type="1">
	 	 	 	<cx>738</cx>
	 	 	 	<cy>287</cy>
	 	 	</node>
	 	</nodes>
	 	<euclidean/>
	 	<decimals>0</decimals>
	 </network>
	 <fleet>
	 	 <vehicle_profile type="0">
	 	  	 <departure_node>1</departure_node>
	 	  	 <arrival_node>1</arrival_node>
	 	  	 <capacity>203</capacity>
	 	 </vehicle_profile>
	 </fleet>
	 <requests>
	 	 <request id="1" node="2">
	 	 	 <quantity>48</quantity>
	 	 </request>
	 	 <request id="2" node="3">
	 	 	 <quantity>63</quantity>
	 	 </request>
	 	 <request id="3" node="4">
	 	 	 <quantity>27</quantity>
	 	 </request>
	 	 <request id="4" node="5">
	 	 	 <quantity>66</quantity>
	 	 </request>
	 	 <request id="5" node="6">
	 	 	 <quantity>86</quantity>
	 	 </request>
	 	 <request id="6" node="7">
	 	 	 <quantity>14</quantity>
	 	 </request>
	 	 <request id="7" node="8">
	 	 	 <quantity>26</quantity>
	 	 </request>
	 	 <request id="8" node="9">
	 	 	 <quantity>47</quantity>
	 	 </request>
	 	 <request id="9" node="10">
	 	 	 <quantity>66</quantity>
	 	 </request>
	 	 <request id="10" node="11">
	 	 	 <quantity>85</quantity>
	 	 </request>
	 	 <request id="11" node="12">
	 	 	 <quantity>22</quantity>
	 	 </request>
	 	 <request id="12" node="13">
	 	 	 <quantity>30</quantity>
	 	 </request>
	 	 <request id="13" node="14">
	 	 	 <quantity>89</quantity>
	 	 </request>
	 	 <request id="14" node="15">
	 	 	 <quantity>51</quantity>
	 	 </request>
	 	 <request id="15" node="16">
	 	 	 <quantity>11</quantity>
	 	 </request>
	 	 <request id="16" node="17">
	 	 	 <quantity>82</quantity>
	 	 </request>
	 	 <request id="17" node="18">
	 	 	 <quantity>92</quantity>
	 	 </request>
	 	 <request id="18" node="19">
	 	 	 <quantity>85</quantity>
	 	 </request>
	 	 <request id="19" node="20">
	 	 	 <quantity>51</quantity>
	 	 </request>
	 	 <request id="20" node="21">
	 	 	 <quantity>90</quantity>
	 	 </request>
	 	 <request id="21" node="22">
	 	 	 <quantity>6</quantity>
	 	 </request>
	 	 <request id="22" node="23">
	 	 	 <quantity>68</quantity>
	 	 </request>
	 	 <request id="23" node="24">
	 	 	 <quantity>73</quantity>
	 	 </request>
	 	 <request id="24" node="25">
	 	 	 <quantity>94</quantity>
	 	 </request>
	 	 <request id="25" node="26">
	 	 	 <quantity>7</quantity>
	 	 </request>
	 	 <request id="26" node="27">
	 	 	 <quantity>12</quantity>
	 	 </request>
	 	 <request id="27" node="28">
	 	 	 <quantity>70</quantity>
	 	 </request>
	 	 <request id="28" node="29">
	 	 	 <quantity>97</quantity>
	 	 </request>
	 	 <request id="29" node="30">
	 	 	 <quantity>41</quantity>
	 	 </request>
	 	 <request id="30" node="31">
	 	 	 <quantity>30</quantity>
	 	 </request>
	 	 <request id="31" node="32">
	 	 	 <quantity>8</quantity>
	 	 </request>
	 	 <request id="32" node="33">
	 	 	 <quantity>11</quantity>
	 	 </request>
	 	 <request id="33" node="34">
	 	 	 <quantity>25</quantity>
	 	 </request>
	 	 <request id="34" node="35">
	 	 	 <quantity>10</quantity>
	 	 </request>
	 	 <request id="35" node="36">
	 	 	 <quantity>75</quantity>
	 	 </request>
	 	 <request id="36" node="37">
	 	 	 <quantity>17</quantity>
	 	 </request>
	 	 <request id="37" node="38">
	 	 	 <quantity>36</quantity>
	 	 </request>
	 	 <request id="38" node="39">
	 	 	 <quantity>6</quantity>
	 	 </request>
	 	 <request id="39" node="40">
	 	 	 <quantity>54</quantity>
	 	 </request>
	 	 <request id="40" node="41">
	 	 	 <quantity>12</quantity>
	 	 </request>
	 	 <request id="41" node="42">
	 	 	 <quantity>30</quantity>
	 	 </request>
	 	 <request id="42" node="43">
	 	 	 <quantity>94</quantity>
	 	 </request>
	 	 <request id="43" node="44">
	 	 	 <quantity>30</quantity>
	 	 </request>
	 	 <request id="44" node="45">
	 	 	 <quantity>27</quantity>
	 	 </request>
	 	 <request id="45" node="46">
	 	 	 <quantity>41</quantity>
	 	 </request>
	 	 <request id="46" node="47">
	 	 	 <quantity>25</quantity>
	 	 </request>
	 	 <request id="47" node="48">
	 	 	 <quantity>41</quantity>
	 	 </request>
	 	 <request id="48" node="49">
	 	 	 <quantity>72</quantity>
	 	 </request>
	 	 <request id="49" node="50">
	 	 	 <quantity>39</quantity>
	 	 </request>
	 	 <request id="50" node="51">
	 	 	 <quantity>32</quantity>
	 	 </request>
	 	 <request id="51" node="52">
	 	 	 <quantity>35</quantity>
	 	 </request>
	 	 <request id="52" node="53">
	 	 	 <quantity>68</quantity>
	 	 </request>
	 	 <request id="53" node="54">
	 	 	 <quantity>68</quantity>
	 	 </request>
	 	 <request id="54" node="55">
	 	 	 <quantity>9</quantity>
	 	 </request>
	 	 <request id="55" node="56">
	 	 	 <quantity>90</quantity>
	 	 </request>
	 	 <request id="56" node="57">
	 	 	 <quantity>56</quantity>
	 	 </request>
	 	 <request id="57" node="58">
	 	 	 <quantity>95</quantity>
	 	 </request>
	 	 <request id="58" node="59">
	 	 	 <quantity>41</quantity>
	 	 </request>
	 	 <request id="59" node="60">
	 	 	 <quantity>39</quantity>
	 	 </request>
	 	 <request id="60" node="61">
	 	 	 <quantity>18</quantity>
	 	 </request>
	 	 <request id="61" node="62">
	 	 	 <quantity>8</quantity>
	 	 </request>
	 	 <request id="62" node="63">
	 	 	 <quantity>16</quantity>
	 	 </request>
	 	 <request id="63" node="64">
	 	 	 <quantity>37</quantity>
	 	 </request>
	 	 <request id="64" node="65">
	 	 	 <quantity>82</quantity>
	 	 </request>
	 	 <request id="65" node="66">
	 	 	 <quantity>26</quantity>
	 	 </request>
	 	 <request id="66" node="67">
	 	 	 <quantity>14</quantity>
	 	 </request>
	 	 <request id="67" node="68">
	 	 	 <quantity>66</quantity>
	 	 </request>
	 	 <request id="68" node="69">
	 	 	 <quantity>33</quantity>
	 	 </request>
	 	 <request id="69" node="70">
	 	 	 <quantity>29</quantity>
	 	 </request>
	 	 <request id="70" node="71">
	 	 	 <quantity>37</quantity>
	 	 </request>
	 	 <request id="71" node="72">
	 	 	 <quantity>56</quantity>
	 	 </request>
	 	 <request id="72" node="73">
	 	 	 <quantity>93</quantity>
	 	 </request>
	 	 <request id="73" node="74">
	 	 	 <quantity>2</quantity>
	 	 </request>
	 	 <request id="74" node="75">
	 	 	 <quantity>54</quantity>
	 	 </request>
	 	 <request id="75" node="76">
	 	 	 <quantity>48</quantity>
	 	 </request>
	 	 <request id="76" node="77">
	 	 	 <quantity>65</quantity>
	 	 </request>
	 	 <request id="77" node="78">
	 	 	 <quantity>6</quantity>
	 	 </request>
	 	 <request id="78" node="79">
	 	 	 <quantity>80</quantity>
	 	 </request>
	 	 <request id="79" node="80">
	 	 	 <quantity>94</quantity>
	 	 </request>
	 	 <request id="80" node="81">
	 	 	 <quantity>80</quantity>
	 	 </request>
	 	 <request id="81" node="82">
	 	 	 <quantity>93</quantity>
	 	 </request>
	 	 <request id="82" node="83">
	 	 	 <quantity>68</quantity>
	 	 </request>
	 	 <request id="83" node="84">
	 	 	 <quantity>20</quantity>
	 	 </request>
	 	 <request id="84" node="85">
	 	 	 <quantity>57</quantity>
	 	 </request>
	 	 <request id="85" node="86">
	 	 	 <quantity>45</quantity>
	 	 </request>
	 	 <request id="86" node="87">
	 	 	 <quantity>7</quantity>
	 	 </request>
	 	 <request id="87" node="88">
	 	 	 <quantity>89</quantity>
	 	 </request>
	 	 <request id="88" node="89">
	 	 	 <quantity>67</quantity>
	 	 </request>
	 	 <request id="89" node="90">
	 	 	 <quantity>72</quantity>
	 	 </request>
	 	 <request id="90" node="91">
	 	 	 <quantity>47</quantity>
	 	 </request>
	 	 <request id="91" node="92">
	 	 	 <quantity>93</quantity>
	 	 </request>
	 	 <request id="92" node="93">
	 	 	 <quantity>35</quantity>
	 	 </request>
	 	 <request id="93" node="94">
	 	 	 <quantity>19</quantity>
	 	 </request>
	 	 <request id="94" node="95">
	 	 	 <quantity>51</quantity>
	 	 </request>
	 	 <request id="95" node="96">
	 	 	 <quantity>100</quantity>
	 	 </request>
	 	 <request id="96" node="97">
	 	 	 <quantity>88</quantity>
	 	 </request>
	 	 <request id="97" node="98">
	 	 	 <quantity>31</quantity>
	 	 </request>
	 	 <request id="98" node="99">
	 	 	 <quantity>92</quantity>
	 	 </request>
	 	 <request id="99" node="100">
	 	 	 <quantity>83</quantity>
	 	 </request>
	 	 <request id="100" node="101">
	 	 	 <quantity>7</quantity>
	 	 </request>
	 	 <request id="101" node="102">
	 	 	 <quantity>22</quantity>
	 	 </request>
	 	 <request id="102" node="103">
	 	 	 <quantity>90</quantity>
	 	 </request>
	 	 <request id="103" node="104">
	 	 	 <quantity>77</quantity>
	 	 </request>
	 	 <request id="104" node="105">
	 	 	 <quantity>89</quantity>
	 	 </request>
	 	 <request id="105" node="106">
	 	 	 <quantity>40</quantity>
	 	 </request>
	 	 <request id="106" node="107">
	 	 	 <quantity>79</quantity>
	 	 </request>
	 	 <request id="107" node="108">
	 	 	 <quantity>87</quantity>
	 	 </request>
	 	 <request id="108" node="109">
	 	 	 <quantity>73</quantity>
	 	 </request>
	 	 <request id="109" node="110">
	 	 	 <quantity>59</quantity>
	 	 </request>
	 	 <request id="110" node="111">
	 	 	 <quantity>67</quantity>
	 	 </request>
	 	 <request id="111" node="112">
	 	 	 <quantity>12</quantity>
	 	 </request>
	 	 <request id="112" node="113">
	 	 	 <quantity>94</quantity>
	 	 </request>
	 	 <request id="113" node="114">
	 	 	 <quantity>18</quantity>
	 	 </request>
	 	 <request id="114" node="115">
	 	 	 <quantity>29</quantity>
	 	 </request>
	 	 <request id="115" node="116">
	 	 	 <quantity>44</quantity>
	 	 </request>
	 	 <request id="116" node="117">
	 	 	 <quantity>57</quantity>
	 	 </request>
	 	 <request id="117" node="118">
	 	 	 <quantity>55</quantity>
	 	 </request>
	 	 <request id="118" node="119">
	 	 	 <quantity>38</quantity>
	 	 </request>
	 	 <request id="119" node="120">
	 	 	 <quantity>1</quantity>
	 	 </request>
	 	 <request id="120" node="121">
	 	 	 <quantity>14</quantity>
	 	 </request>
	 	 <request id="121" node="122">
	 	 	 <quantity>56</quantity>
	 	 </request>
	 	 <request id="122" node="123">
	 	 	 <quantity>100</quantity>
	 	 </request>
	 	 <request id="123" node="124">
	 	 	 <quantity>14</quantity>
	 	 </request>
	 	 <request id="124" node="125">
	 	 	 <quantity>69</quantity>
	 	 </request>
	 	 <request id="125" node="126">
	 	 	 <quantity>55</quantity>
	 	 </request>
	 	 <request id="126" node="127">
	 	 	 <quantity>55</quantity>
	 	 </request>
	 	 <request id="127" node="128">
	 	 	 <quantity>50</quantity>
	 	 </request>
	 	 <request id="128" node="129">
	 	 	 <quantity>98</quantity>
	 	 </request>
	 	 <request id="129" node="130">
	 	 	 <quantity>88</quantity>
	 	 </request>
	 	 <request id="130" node="131">
	 	 	 <quantity>99</quantity>
	 	 </request>
	 	 <request id="131" node="132">
	 	 	 <quantity>67</quantity>
	 	 </request>
	 	 <request id="132" node="133">
	 	 	 <quantity>48</quantity>
	 	 </request>
	 	 <request id="133" node="134">
	 	 	 <quantity>81</quantity>
	 	 </request>
	 	 <request id="134" node="135">
	 	 	 <quantity>78</quantity>
	 	 </request>
	 	 <request id="135" node="136">
	 	 	 <quantity>41</quantity>
	 	 </request>
	 	 <request id="136" node="137">
	 	 	 <quantity>90</quantity>
	 	 </request>
	 	 <request id="137" node="138">
	 	 	 <quantity>81</quantity>
	 	 </request>
	 	 <request id="138" node="139">
	 	 	 <quantity>23</quantity>
	 	 </request>
	 	 <request id="139" node="140">
	 	 	 <quantity>43</quantity>
	 	 </request>
	 	 <request id="140" node="141">
	 	 	 <quantity>95</quantity>
	 	 </request>
	 	 <request id="141" node="142">
	 	 	 <quantity>13</quantity>
	 	 </request>
	 	 <request id="142" node="143">
	 	 	 <quantity>77</quantity>
	 	 </request>
	 	 <request id="143" node="144">
	 	 	 <quantity>96</quantity>
	 	 </request>
	 	 <request id="144" node="145">
	 	 	 <quantity>80</quantity>
	 	 </request>
	 	 <request id="145" node="146">
	 	 	 <quantity>95</quantity>
	 	 </request>
	 	 <request id="146" node="147">
	 	 	 <quantity>37</quantity>
	 	 </request>
	 	 <request id="147" node="148">
	 	 	 <quantity>61</quantity>
	 	 </request>
	 	 <request id="148" node="149">
	 	 	 <quantity>61</quantity>
	 	 </request>
	 	 <request id="149" node="150">
	 	 	 <quantity>45</quantity>
	 	 </request>
	 	 <request id="150" node="151">
	 	 	 <quantity>99</quantity>
	 	 </request>
	 	 <request id="151" node="152">
	 	 	 <quantity>48</quantity>
	 	 </request>
	 	 <request id="152" node="153">
	 	 	 <quantity>39</quantity>
	 	 </request>
	 	 <request id="153" node="154">
	 	 	 <quantity>67</quantity>
	 	 </request>
	 	 <request id="154" node="155">
	 	 	 <quantity>6</quantity>
	 	 </request>
	 	 <request id="155" node="156">
	 	 	 <quantity>87</quantity>
	 	 </request>
	 	 <request id="156" node="157">
	 	 	 <quantity>13</quantity>
	 	 </request>
	 	 <request id="157" node="158">
	 	 	 <quantity>68</quantity>
	 	 </request>
	 	 <request id="158" node="159">
	 	 	 <quantity>94</quantity>
	 	 </request>
	 	 <request id="159" node="160">
	 	 	 <quantity>73</quantity>
	 	 </request>
	 	 <request id="160" node="161">
	 	 	 <quantity>94</quantity>
	 	 </request>
	 	 <request id="161" node="162">
	 	 	 <quantity>86</quantity>
	 	 </request>
	 	 <request id="162" node="163">
	 	 	 <quantity>36</quantity>
	 	 </request>
	 	 <request id="163" node="164">
	 	 	 <quantity>10</quantity>
	 	 </request>
	 	 <request id="164" node="165">
	 	 	 <quantity>55</quantity>
	 	 </request>
	 	 <request id="165" node="166">
	 	 	 <quantity>28</quantity>
	 	 </request>
	 	 <request id="166" node="167">
	 	 	 <quantity>89</quantity>
	 	 </request>
	 	 <request id="167" node="168">
	 	 	 <quantity>83</quantity>
	 	 </request>
	 	 <request id="168" node="169">
	 	 	 <quantity>87</quantity>
	 	 </request>
	 	 <request id="169" node="170">
	 	 	 <quantity>47</quantity>
	 	 </request>
	 	 <request id="170" node="171">
	 	 	 <quantity>61</quantity>
	 	 </request>
	 	 <request id="171" node="172">
	 	 	 <quantity>82</quantity>
	 	 </request>
	 	 <request id="172" node="173">
	 	 	 <quantity>2</quantity>
	 	 </request>
	 	 <request id="173" node="174">
	 	 	 <quantity>2</quantity>
	 	 </request>
	 	 <request id="174" node="175">
	 	 	 <quantity>74</quantity>
	 	 </request>
	 	 <request id="175" node="176">
	 	 	 <quantity>52</quantity>
	 	 </request>
	 	 <request id="176" node="177">
	 	 	 <quantity>67</quantity>
	 	 </request>
	 	 <request id="177" node="178">
	 	 	 <quantity>39</quantity>
	 	 </request>
	 	 <request id="178" node="179">
	 	 	 <quantity>39</quantity>
	 	 </request>
	 	 <request id="179" node="180">
	 	 	 <quantity>25</quantity>
	 	 </request>
	 	 <request id="180" node="181">
	 	 	 <quantity>3</quantity>
	 	 </request>
	 	 <request id="181" node="182">
	 	 	 <quantity>74</quantity>
	 	 </request>
	 	 <request id="182" node="183">
	 	 	 <quantity>54</quantity>
	 	 </request>
	 	 <request id="183" node="184">
	 	 	 <quantity>86</quantity>
	 	 </request>
	 	 <request id="184" node="185">
	 	 	 <quantity>67</quantity>
	 	 </request>
	 	 <request id="185" node="186">
	 	 	 <quantity>74</quantity>
	 	 </request>
	 	 <request id="186" node="187">
	 	 	 <quantity>2</quantity>
	 	 </request>
	 	 <request id="187" node="188">
	 	 	 <quantity>71</quantity>
	 	 </request>
	 	 <request id="188" node="189">
	 	 	 <quantity>87</quantity>
	 	 </request>
	 	 <request id="189" node="190">
	 	 	 <quantity>92</quantity>
	 	 </request>
	 	 <request id="190" node="191">
	 	 	 <quantity>21</quantity>
	 	 </request>
	 	 <request id="191" node="192">
	 	 	 <quantity>92</quantity>
	 	 </request>
	 	 <request id="192" node="193">
	 	 	 <quantity>1</quantity>
	 	 </request>
	 	 <request id="193" node="194">
	 	 	 <quantity>13</quantity>
	 	 </request>
	 	 <request id="194" node="195">
	 	 	 <quantity>41</quantity>
	 	 </request>
	 	 <request id="195" node="196">
	 	 	 <quantity>14</quantity>
	 	 </request>
	 	 <request id="196" node="197">
	 	 	 <quantity>85</quantity>
	 	 </request>
	 	 <request id="197" node="198">
	 	 	 <quantity>34</quantity>
	 	 </request>
	 	 <request id="198" node="199">
	 	 	 <quantity>30</quantity>
	 	 </request>
	 	 <request id="199" node="200">
	 	 	 <quantity>86</quantity>
	 	 </request>
	 	 <request id="200" node="201">
	 	 	 <quantity>19</quantity>
	 	 </request>
	 	 <request id="201" node="202">
	 	 	 <quantity>20</quantity>
	 	 </request>
	 	 <request id="202" node="203">
	 	 	 <quantity>26</quantity>
	 	 </request>
	 	 <request id="203" node="204">
	 	 	 <quantity>4</quantity>
	 	 </request>
	 	 <request id="204" node="205">
	 	 	 <quantity>15</quantity>
	 	 </request>
	 	 <request id="205" node="206">
	 	 	 <quantity>47</quantity>
	 	 </request>
	 	 <request id="206" node="207">
	 	 	 <quantity>13</quantity>
	 	 </request>
	 	 <request id="207" node="208">
	 	 	 <quantity>61</quantity>
	 	 </request>
	 	 <request id="208" node="209">
	 	 	 <quantity>7</quantity>
	 	 </request>
	 	 <request id="209" node="210">
	 	 	 <quantity>48</quantity>
	 	 </request>
	 	 <request id="210" node="211">
	 	 	 <quantity>69</quantity>
	 	 </request>
	 	 <request id="211" node="212">
	 	 	 <quantity>32</quantity>
	 	 </request>
	 	 <request id="212" node="213">
	 	 	 <quantity>79</quantity>
	 	 </request>
	 	 <request id="213" node="214">
	 	 	 <quantity>30</quantity>
	 	 </request>
	 	 <request id="214" node="215">
	 	 	 <quantity>15</quantity>
	 	 </request>
	 	 <request id="215" node="216">
	 	 	 <quantity>4</quantity>
	 	 </request>
	 	 <request id="216" node="217">
	 	 	 <quantity>33</quantity>
	 	 </request>
	 	 <request id="217" node="218">
	 	 	 <quantity>83</quantity>
	 	 </request>
	 	 <request id="218" node="219">
	 	 	 <quantity>76</quantity>
	 	 </request>
	 	 <request id="219" node="220">
	 	 	 <quantity>32</quantity>
	 	 </request>
	 	 <request id="220" node="221">
	 	 	 <quantity>100</quantity>
	 	 </request>
	 	 <request id="221" node="222">
	 	 	 <quantity>12</quantity>
	 	 </request>
	 	 <request id="222" node="223">
	 	 	 <quantity>71</quantity>
	 	 </request>
	 	 <request id="223" node="224">
	 	 	 <quantity>60</quantity>
	 	 </request>
	 	 <request id="224" node="225">
	 	 	 <quantity>61</quantity>
	 	 </request>
	 	 <request id="225" node="226">
	 	 	 <quantity>17</quantity>
	 	 </request>
	 	 <request id="226" node="227">
	 	 	 <quantity>63</quantity>
	 	 </request>
	 	 <request id="227" node="228">
	 	 	 <quantity>27</quantity>
	 	 </request>
	 	 <request id="228" node="229">
	 	 	 <quantity>46</quantity>
	 	 </request>
	 	 <request id="229" node="230">
	 	 	 <quantity>31</quantity>
	 	 </request>
	 	 <request id="230" node="231">
	 	 	 <quantity>31</quantity>
	 	 </request>
	 	 <request id="231" node="232">
	 	 	 <quantity>12</quantity>
	 	 </request>
	 	 <request id="232" node="233">
	 	 	 <quantity>37</quantity>
	 	 </request>
	 	 <request id="233" node="234">
	 	 	 <quantity>29</quantity>
	 	 </request>
	 	 <request id="234" node="235">
	 	 	 <quantity>56</quantity>
	 	 </request>
	 	 <request id="235" node="236">
	 	 	 <quantity>52</quantity>
	 	 </request>
	 	 <request id="236" node="237">
	 	 	 <quantity>58</quantity>
	 	 </request>
	 	 <request id="237" node="238">
	 	 	 <quantity>96</quantity>
	 	 </request>
	 	 <request id="238" node="239">
	 	 	 <quantity>22</quantity>
	 	 </request>
	 	 <request id="239" node="240">
	 	 	 <quantity>69</quantity>
	 	 </request>
	 	 <request id="240" node="241">
	 	 	 <quantity>98</quantity>
	 	 </request>
	 	 <request id="241" node="242">
	 	 	 <quantity>22</quantity>
	 	 </request>
	 	 <request id="242" node="243">
	 	 	 <quantity>86</quantity>
	 	 </request>
	 	 <request id="243" node="244">
	 	 	 <quantity>44</quantity>
	 	 </request>
	 	 <request id="244" node="245">
	 	 	 <quantity>73</quantity>
	 	 </request>
	 	 <request id="245" node="246">
	 	 	 <quantity>65</quantity>
	 	 </request>
	 	 <request id="246" node="247">
	 	 	 <quantity>17</quantity>
	 	 </request>
	 	 <request id="247" node="248">
	 	 	 <quantity>27</quantity>
	 	 </request>
	 	 <request id="248" node="249">
	 	 	 <quantity>65</quantity>
	 	 </request>
	 	 <request id="249" node="250">
	 	 	 <quantity>86</quantity>
	 	 </request>
	 	 <request id="250" node="251">
	 	 	 <quantity>86</quantity>
	 	 </request>
	 	 <request id="251" node="252">
	 	 	 <quantity>73</quantity>
	 	 </request>
	 	 <request id="252" node="253">
	 	 	 <quantity>52</quantity>
	 	 </request>
	 	 <request id="253" node="254">
	 	 	 <quantity>3</quantity>
	 	 </request>
	 	 <request id="254" node="255">
	 	 	 <quantity>68</quantity>
	 	 </request>
	 	 <request id="255" node="256">
	 	 	 <quantity>31</quantity>
	 	 </request>
	 	 <request id="256" node="257">
	 	 	 <quantity>70</quantity>
	 	 </request>
	 	 <request id="257" node="258">
	 	 	 <quantity>14</quantity>
	 	 </request>
	 	 <request id="258" node="259">
	 	 	 <quantity>5</quantity>
	 	 </request>
	 	 <request id="259" node="260">
	 	 	 <quantity>53</quantity>
	 	 </request>
	 	 <request id="260" node="261">
	 	 	 <quantity>60</quantity>
	 	 </request>
	 	 <request id="261" node="262">
	 	 	 <quantity>19</quantity>
	 	 </request>
	 	 <request id="262" node="263">
	 	 	 <quantity>30</quantity>
	 	 </request>
	 	 <request id="263" node="264">
	 	 	 <quantity>80</quantity>
	 	 </request>
	 	 <request id="264" node="265">
	 	 	 <quantity>45</quantity>
	 	 </request>
	 	 <request id="265" node="266">
	 	 	 <quantity>98</quantity>
	 	 </request>
	 	 <request id="266" node="267">
	 	 	 <quantity>7</quantity>
	 	 </request>
	 	 <request id="267" node="268">
	 	 	 <quantity>90</quantity>
	 	 </request>
	 	 <request id="268" node="269">
	 	 	 <quantity>7</quantity>
	 	 </request>
	 	 <request id="269" node="270">
	 	 	 <quantity>16</quantity>
	 	 </request>
	 	 <request id="270" node="271">
	 	 	 <quantity>90</quantity>
	 	 </request>
	 	 <request id="271" node="272">
	 	 	 <quantity>46</quantity>
	 	 </request>
	 	 <request id="272" node="273">
	 	 	 <quantity>48</quantity>
	 	 </request>
	 	 <request id="273" node="274">
	 	 	 <quantity>28</quantity>
	 	 </request>
	 	 <request id="274" node="275">
	 	 	 <quantity>39</quantity>
	 	 </request>
	 	 <request id="275" node="276">
	 	 	 <quantity>23</quantity>
	 	 </request>
	 	 <request id="276" node="277">
	 	 	 <quantity>8</quantity>
	 	 </request>
	 	 <request id="277" node="278">
	 	 	 <quantity>38</quantity>
	 	 </request>
	 	 <request id="278" node="279">
	 	 	 <quantity>53</quantity>
	 	 </request>
	 	 <request id="279" node="280">
	 	 	 <quantity>62</quantity>
	 	 </request>
	 	 <request id="280" node="281">
	 	 	 <quantity>41</quantity>
	 	 </request>
	 	 <request id="281" node="282">
	 	 	 <quantity>36</quantity>
	 	 </request>
	 	 <request id="282" node="283">
	 	 	 <quantity>35</quantity>
	 	 </request>
	 	 <request id="283" node="284">
	 	 	 <quantity>80</quantity>
	 	 </request>
	 	 <request id="284" node="285">
	 	 	 <quantity>89</quantity>
	 	 </request>
	 	 <request id="285" node="286">
	 	 	 <quantity>30</quantity>
	 	 </request>
	 	 <request id="286" node="287">
	 	 	 <quantity>79</quantity>
	 	 </request>
	 	 <request id="287" node="288">
	 	 	 <quantity>55</quantity>
	 	 </request>
	 	 <request id="288" node="289">
	 	 	 <quantity>3</quantity>
	 	 </request>
	 	 <request id="289" node="290">
	 	 	 <quantity>90</quantity>
	 	 </request>
	 	 <request id="290" node="291">
	 	 	 <quantity>28</quantity>
	 	 </request>
	 	 <request id="291" node="292">
	 	 	 <quantity>52</quantity>
	 	 </request>
	 	 <request id="292" node="293">
	 	 	 <quantity>11</quantity>
	 	 </request>
	 	 <request id="293" node="294">
	 	 	 <quantity>35</quantity>
	 	 </request>
	 	 <request id="294" node="295">
	 	 	 <quantity>16</quantity>
	 	 </request>
	 	 <request id="295" node="296">
	 	 	 <quantity>33</quantity>
	 	 </request>
	 	 <request id="296" node="297">
	 	 	 <quantity>67</quantity>
	 	 </request>
	 	 <request id="297" node="298">
	 	 	 <quantity>17</quantity>
	 	 </request>
	 	 <request id="298" node="299">
	 	 	 <quantity>7</quantity>
	 	 </request>
	 	 <request id="299" node="300">
	 	 	 <quantity>76</quantity>
	 	 </request>
	 	 <request id="300" node="301">
	 	 	 <quantity>83</quantity>
	 	 </request>
	 	 <request id="301" node="302">
	 	 	 <quantity>99</quantity>
	 	 </request>
	 	 <request id="302" node="303">
	 	 	 <quantity>13</quantity>
	 	 </request>
	 	 <request id="303" node="304">
	 	 	 <quantity>56</quantity>
	 	 </request>
	 	 <request id="304" node="305">
	 	 	 <quantity>35</quantity>
	 	 </request>
	 	 <request id="305" node="306">
	 	 	 <quantity>85</quantity>
	 	 </request>
	 	 <request id="306" node="307">
	 	 	 <quantity>4</quantity>
	 	 </request>
	 	 <request id="307" node="308">
	 	 	 <quantity>95</quantity>
	 	 </request>
	 	 <request id="308" node="309">
	 	 	 <quantity>1</quantity>
	 	 </request>
	 	 <request id="309" node="310">
	 	 	 <quantity>99</quantity>
	 	 </request>
	 	 <request id="310" node="311">
	 	 	 <quantity>67</quantity>
	 	 </request>
	 	 <request id="311" node="312">
	 	 	 <quantity>33</quantity>
	 	 </request>
	 	 <request id="312" node="313">
	 	 	 <quantity>56</quantity>
	 	 </request>
	 	 <request id="313" node="314">
	 	 	 <quantity>4</quantity>
	 	 </request>
	 	 <request id="314" node="315">
	 	 	 <quantity>57</quantity>
	 	 </request>
	 	 <request id="315" node="316">
	 	 	 <quantity>92</quantity>
	 	 </request>
	 	 <request id="316" node="317">
	 	 	 <quantity>20</quantity>
	 	 </request>
	 	 <request id="317" node="318">
	 	 	 <quantity>91</quantity>
	 	 </request>
	 	 <request id="318" node="319">
	 	 	 <quantity>76</quantity>
	 	 </request>
	 	 <request id="319" node="320">
	 	 	 <quantity>30</quantity>
	 	 </request>
	 	 <request id="320" node="321">
	 	 	 <quantity>36</quantity>
	 	 </request>
	 	 <request id="321" node="322">
	 	 	 <quantity>69</quantity>
	 	 </request>
	 	 <request id="322" node="323">
	 	 	 <quantity>12</quantity>
	 	 </request>
	 	 <request id="323" node="324">
	 	 	 <quantity>54</quantity>
	 	 </request>
	 	 <request id="324" node="325">
	 	 	 <quantity>15</quantity>
	 	 </request>
	 	 <request id="325" node="326">
	 	 	 <quantity>95</quantity>
	 	 </request>
	 	 <request id="326" node="327">
	 	 	 <quantity>75</quantity>
	 	 </request>
	 	 <request id="327" node="328">
	 	 	 <quantity>65</quantity>
	 	 </request>
	 	 <request id="328" node="329">
	 	 	 <quantity>54</quantity>
	 	 </request>
	 	 <request id="329" node="330">
	 	 	 <quantity>70</quantity>
	 	 </request>
	 	 <request id="330" node="331">
	 	 	 <quantity>56</quantity>
	 	 </request>
	 	 <request id="331" node="332">
	 	 	 <quantity>14</quantity>
	 	 </request>
	 	 <request id="332" node="333">
	 	 	 <quantity>66</quantity>
	 	 </request>
	 	 <request id="333" node="334">
	 	 	 <quantity>15</quantity>
	 	 </request>
	 	 <request id="334" node="335">
	 	 	 <quantity>68</quantity>
	 	 </request>
	 	 <request id="335" node="336">
	 	 	 <quantity>50</quantity>
	 	 </request>
	 </requests>
</instance>
