<?xml version="1.0" encoding="UTF-8" standalone="yes"?>
<instance>
	<info>
	 	<dataset>Uchoa 2014 — Set X</dataset>
	 	<name>X-n384-k52</name>
	</info>
	<network>
	 	<nodes>
	 	 	<node id="1" type="1">
	 	 	 	<cx>51</cx>
	 	 	 	<cy>570</cy>
	 	 	</node>
	 	 	<node id="2" type="1">
	 	 	 	<cx>691</cx>
	 	 	 	<cy>985</cy>
	 	 	</node>
	 	 	<node id="3" type="1">
	 	 	 	<cx>66</cx>
	 	 	 	<cy>119</cy>
	 	 	</node>
	 	 	<node id="4" type="1">
	 	 	 	<cx>502</cx>
	 	 	 	<cy>415</cy>
	 	 	</node>
	 	 	<node id="5" type="1">
	 	 	 	<cx>434</cx>
	 	 	 	<cy>289</cy>
	 	 	</node>
	 	 	<node id="6" type="1">
	 	 	 	<cx>427</cx>
	 	 	 	<cy>584</cy>
	 	 	</node>
	 	 	<node id="7" type="1">
	 	 	 	<cx>342</cx>
	 	 	 	<cy>576</cy>
	 	 	</node>
	 	 	<node id="8" type="1">
	 	 	 	<cx>790</cx>
	 	 	 	<cy>87</cy>
	 	 	</node>
	 	 	<node id="9" type="1">
	 	 	 	<cx>312</cx>
	 	 	 	<cy>475</cy>
	 	 	</node>
	 	 	<node id="10" type="1">
	 	 	 	<cx>908</cx>
	 	 	 	<cy>531</cy>
	 	 	</node>
	 	 	<node id="11" type="1">
	 	 	 	<cx>840</cx>
	 	 	 	<cy>566</cy>
	 	 	</node>
	 	 	<node id="12" type="1">
	 	 	 	<cx>863</cx>
	 	 	 	<cy>232</cy>
	 	 	</node>
	 	 	<node id="13" type="1">
	 	 	 	<cx>284</cx>
	 	 	 	<cy>833</cy>
	 	 	</node>
	 	 	<node id="14" type="1">
	 	 	 	<cx>515</cx>
	 	 	 	<cy>175</cy>
	 	 	</node>
	 	 	<node id="15" type="1">
	 	 	 	<cx>9</cx>
	 	 	 	<cy>243</cy>
	 	 	</node>
	 	 	<node id="16" type="1">
	 	 	 	<cx>768</cx>
	 	 	 	<cy>209</cy>
	 	 	</node>
	 	 	<node id="17" type="1">
	 	 	 	<cx>777</cx>
	 	 	 	<cy>582</cy>
	 	 	</node>
	 	 	<node id="18" type="1">
	 	 	 	<cx>84</cx>
	 	 	 	<cy>508</cy>
	 	 	</node>
	 	 	<node id="19" type="1">
	 	 	 	<cx>380</cx>
	 	 	 	<cy>523</cy>
	 	 	</node>
	 	 	<node id="20" type="1">
	 	 	 	<cx>255</cx>
	 	 	 	<cy>267</cy>
	 	 	</node>
	 	 	<node id="21" type="1">
	 	 	 	<cx>544</cx>
	 	 	 	<cy>961</cy>
	 	 	</node>
	 	 	<node id="22" type="1">
	 	 	 	<cx>408</cx>
	 	 	 	<cy>661</cy>
	 	 	</node>
	 	 	<node id="23" type="1">
	 	 	 	<cx>57</cx>
	 	 	 	<cy>588</cy>
	 	 	</node>
	 	 	<node id="24" type="1">
	 	 	 	<cx>278</cx>
	 	 	 	<cy>44</cy>
	 	 	</node>
	 	 	<node id="25" type="1">
	 	 	 	<cx>168</cx>
	 	 	 	<cy>722</cy>
	 	 	</node>
	 	 	<node id="26" type="1">
	 	 	 	<cx>726</cx>
	 	 	 	<cy>406</cy>
	 	 	</node>
	 	 	<node id="27" type="1">
	 	 	 	<cx>223</cx>
	 	 	 	<cy>385</cy>
	 	 	</node>
	 	 	<node id="28" type="1">
	 	 	 	<cx>495</cx>
	 	 	 	<cy>70</cy>
	 	 	</node>
	 	 	<node id="29" type="1">
	 	 	 	<cx>560</cx>
	 	 	 	<cy>632</cy>
	 	 	</node>
	 	 	<node id="30" type="1">
	 	 	 	<cx>235</cx>
	 	 	 	<cy>655</cy>
	 	 	</node>
	 	 	<node id="31" type="1">
	 	 	 	<cx>643</cx>
	 	 	 	<cy>127</cy>
	 	 	</node>
	 	 	<node id="32" type="1">
	 	 	 	<cx>765</cx>
	 	 	 	<cy>267</cy>
	 	 	</node>
	 	 	<node id="33" type="1">
	 	 	 	<cx>459</cx>
	 	 	 	<cy>976</cy>
	 	 	</node>
	 	 	<node id="34" type="1">
	 	 	 	<cx>585</cx>
	 	 	 	<cy>962</cy>
	 	 	</node>
	 	 	<node id="35" type="1">
	 	 	 	<cx>154</cx>
	 	 	 	<cy>796</cy>
	 	 	</node>
	 	 	<node id="36" type="1">
	 	 	 	<cx>650</cx>
	 	 	 	<cy>444</cy>
	 	 	</node>
	 	 	<node id="37" type="1">
	 	 	 	<cx>931</cx>
	 	 	 	<cy>52</cy>
	 	 	</node>
	 	 	<node id="38" type="1">
	 	 	 	<cx>377</cx>
	 	 	 	<cy>19</cy>
	 	 	</node>
	 	 	<node id="39" type="1">
	 	 	 	<cx>178</cx>
	 	 	 	<cy>633</cy>
	 	 	</node>
	 	 	<node id="40" type="1">
	 	 	 	<cx>917</cx>
	 	 	 	<cy>803</cy>
	 	 	</node>
	 	 	<node id="41" type="1">
	 	 	 	<cx>871</cx>
	 	 	 	<cy>677</cy>
	 	 	</node>
	 	 	<node id="42" type="1">
	 	 	 	<cx>667</cx>
	 	 	 	<cy>164</cy>
	 	 	</node>
	 	 	<node id="43" type="1">
	 	 	 	<cx>208</cx>
	 	 	 	<cy>651</cy>
	 	 	</node>
	 	 	<node id="44" type="1">
	 	 	 	<cx>35</cx>
	 	 	 	<cy>437</cy>
	 	 	</node>
	 	 	<node id="45" type="1">
	 	 	 	<cx>503</cx>
	 	 	 	<cy>680</cy>
	 	 	</node>
	 	 	<node id="46" type="1">
	 	 	 	<cx>462</cx>
	 	 	 	<cy>870</cy>
	 	 	</node>
	 	 	<node id="47" type="1">
	 	 	 	<cx>322</cx>
	 	 	 	<cy>123</cy>
	 	 	</node>
	 	 	<node id="48" type="1">
	 	 	 	<cx>677</cx>
	 	 	 	<cy>829</cy>
	 	 	</node>
	 	 	<node id="49" type="1">
	 	 	 	<cx>878</cx>
	 	 	 	<cy>407</cy>
	 	 	</node>
	 	 	<node id="50" type="1">
	 	 	 	<cx>223</cx>
	 	 	 	<cy>251</cy>
	 	 	</node>
	 	 	<node id="51" type="1">
	 	 	 	<cx>671</cx>
	 	 	 	<cy>94</cy>
	 	 	</node>
	 	 	<node id="52" type="1">
	 	 	 	<cx>218</cx>
	 	 	 	<cy>351</cy>
	 	 	</node>
	 	 	<node id="53" type="1">
	 	 	 	<cx>375</cx>
	 	 	 	<cy>220</cy>
	 	 	</node>
	 	 	<node id="54" type="1">
	 	 	 	<cx>367</cx>
	 	 	 	<cy>567</cy>
	 	 	</node>
	 	 	<node id="55" type="1">
	 	 	 	<cx>986</cx>
	 	 	 	<cy>869</cy>
	 	 	</node>
	 	 	<node id="56" type="1">
	 	 	 	<cx>236</cx>
	 	 	 	<cy>769</cy>
	 	 	</node>
	 	 	<node id="57" type="1">
	 	 	 	<cx>202</cx>
	 	 	 	<cy>998</cy>
	 	 	</node>
	 	 	<node id="58" type="1">
	 	 	 	<cx>761</cx>
	 	 	 	<cy>712</cy>
	 	 	</node>
	 	 	<node id="59" type="1">
	 	 	 	<cx>75</cx>
	 	 	 	<cy>520</cy>
	 	 	</node>
	 	 	<node id="60" type="1">
	 	 	 	<cx>14</cx>
	 	 	 	<cy>737</cy>
	 	 	</node>
	 	 	<node id="61" type="1">
	 	 	 	<cx>895</cx>
	 	 	 	<cy>632</cy>
	 	 	</node>
	 	 	<node id="62" type="1">
	 	 	 	<cx>224</cx>
	 	 	 	<cy>725</cy>
	 	 	</node>
	 	 	<node id="63" type="1">
	 	 	 	<cx>328</cx>
	 	 	 	<cy>387</cy>
	 	 	</node>
	 	 	<node id="64" type="1">
	 	 	 	<cx>36</cx>
	 	 	 	<cy>300</cy>
	 	 	</node>
	 	 	<node id="65" type="1">
	 	 	 	<cx>817</cx>
	 	 	 	<cy>531</cy>
	 	 	</node>
	 	 	<node id="66" type="1">
	 	 	 	<cx>31</cx>
	 	 	 	<cy>283</cy>
	 	 	</node>
	 	 	<node id="67" type="1">
	 	 	 	<cx>209</cx>
	 	 	 	<cy>574</cy>
	 	 	</node>
	 	 	<node id="68" type="1">
	 	 	 	<cx>490</cx>
	 	 	 	<cy>395</cy>
	 	 	</node>
	 	 	<node id="69" type="1">
	 	 	 	<cx>659</cx>
	 	 	 	<cy>121</cy>
	 	 	</node>
	 	 	<node id="70" type="1">
	 	 	 	<cx>410</cx>
	 	 	 	<cy>207</cy>
	 	 	</node>
	 	 	<node id="71" type="1">
	 	 	 	<cx>761</cx>
	 	 	 	<cy>450</cy>
	 	 	</node>
	 	 	<node id="72" type="1">
	 	 	 	<cx>768</cx>
	 	 	 	<cy>348</cy>
	 	 	</node>
	 	 	<node id="73" type="1">
	 	 	 	<cx>943</cx>
	 	 	 	<cy>340</cy>
	 	 	</node>
	 	 	<node id="74" type="1">
	 	 	 	<cx>39</cx>
	 	 	 	<cy>955</cy>
	 	 	</node>
	 	 	<node id="75" type="1">
	 	 	 	<cx>106</cx>
	 	 	 	<cy>150</cy>
	 	 	</node>
	 	 	<node id="76" type="1">
	 	 	 	<cx>963</cx>
	 	 	 	<cy>376</cy>
	 	 	</node>
	 	 	<node id="77" type="1">
	 	 	 	<cx>516</cx>
	 	 	 	<cy>144</cy>
	 	 	</node>
	 	 	<node id="78" type="1">
	 	 	 	<cx>554</cx>
	 	 	 	<cy>127</cy>
	 	 	</node>
	 	 	<node id="79" type="1">
	 	 	 	<cx>944</cx>
	 	 	 	<cy>75</cy>
	 	 	</node>
	 	 	<node id="80" type="1">
	 	 	 	<cx>373</cx>
	 	 	 	<cy>88</cy>
	 	 	</node>
	 	 	<node id="81" type="1">
	 	 	 	<cx>54</cx>
	 	 	 	<cy>5</cy>
	 	 	</node>
	 	 	<node id="82" type="1">
	 	 	 	<cx>39</cx>
	 	 	 	<cy>965</cy>
	 	 	</node>
	 	 	<node id="83" type="1">
	 	 	 	<cx>51</cx>
	 	 	 	<cy>392</cy>
	 	 	</node>
	 	 	<node id="84" type="1">
	 	 	 	<cx>999</cx>
	 	 	 	<cy>983</cy>
	 	 	</node>
	 	 	<node id="85" type="1">
	 	 	 	<cx>563</cx>
	 	 	 	<cy>410</cy>
	 	 	</node>
	 	 	<node id="86" type="1">
	 	 	 	<cx>536</cx>
	 	 	 	<cy>848</cy>
	 	 	</node>
	 	 	<node id="87" type="1">
	 	 	 	<cx>786</cx>
	 	 	 	<cy>533</cy>
	 	 	</node>
	 	 	<node id="88" type="1">
	 	 	 	<cx>42</cx>
	 	 	 	<cy>948</cy>
	 	 	</node>
	 	 	<node id="89" type="1">
	 	 	 	<cx>875</cx>
	 	 	 	<cy>361</cy>
	 	 	</node>
	 	 	<node id="90" type="1">
	 	 	 	<cx>535</cx>
	 	 	 	<cy>800</cy>
	 	 	</node>
	 	 	<node id="91" type="1">
	 	 	 	<cx>581</cx>
	 	 	 	<cy>696</cy>
	 	 	</node>
	 	 	<node id="92" type="1">
	 	 	 	<cx>413</cx>
	 	 	 	<cy>763</cy>
	 	 	</node>
	 	 	<node id="93" type="1">
	 	 	 	<cx>148</cx>
	 	 	 	<cy>875</cy>
	 	 	</node>
	 	 	<node id="94" type="1">
	 	 	 	<cx>483</cx>
	 	 	 	<cy>983</cy>
	 	 	</node>
	 	 	<node id="95" type="1">
	 	 	 	<cx>449</cx>
	 	 	 	<cy>343</cy>
	 	 	</node>
	 	 	<node id="96" type="1">
	 	 	 	<cx>219</cx>
	 	 	 	<cy>600</cy>
	 	 	</node>
	 	 	<node id="97" type="1">
	 	 	 	<cx>374</cx>
	 	 	 	<cy>487</cy>
	 	 	</node>
	 	 	<node id="98" type="1">
	 	 	 	<cx>279</cx>
	 	 	 	<cy>200</cy>
	 	 	</node>
	 	 	<node id="99" type="1">
	 	 	 	<cx>479</cx>
	 	 	 	<cy>705</cy>
	 	 	</node>
	 	 	<node id="100" type="1">
	 	 	 	<cx>273</cx>
	 	 	 	<cy>519</cy>
	 	 	</node>
	 	 	<node id="101" type="1">
	 	 	 	<cx>869</cx>
	 	 	 	<cy>745</cy>
	 	 	</node>
	 	 	<node id="102" type="1">
	 	 	 	<cx>776</cx>
	 	 	 	<cy>395</cy>
	 	 	</node>
	 	 	<node id="103" type="1">
	 	 	 	<cx>341</cx>
	 	 	 	<cy>275</cy>
	 	 	</node>
	 	 	<node id="104" type="1">
	 	 	 	<cx>593</cx>
	 	 	 	<cy>973</cy>
	 	 	</node>
	 	 	<node id="105" type="1">
	 	 	 	<cx>778</cx>
	 	 	 	<cy>716</cy>
	 	 	</node>
	 	 	<node id="106" type="1">
	 	 	 	<cx>277</cx>
	 	 	 	<cy>152</cy>
	 	 	</node>
	 	 	<node id="107" type="1">
	 	 	 	<cx>782</cx>
	 	 	 	<cy>314</cy>
	 	 	</node>
	 	 	<node id="108" type="1">
	 	 	 	<cx>896</cx>
	 	 	 	<cy>301</cy>
	 	 	</node>
	 	 	<node id="109" type="1">
	 	 	 	<cx>573</cx>
	 	 	 	<cy>478</cy>
	 	 	</node>
	 	 	<node id="110" type="1">
	 	 	 	<cx>42</cx>
	 	 	 	<cy>198</cy>
	 	 	</node>
	 	 	<node id="111" type="1">
	 	 	 	<cx>124</cx>
	 	 	 	<cy>348</cy>
	 	 	</node>
	 	 	<node id="112" type="1">
	 	 	 	<cx>105</cx>
	 	 	 	<cy>240</cy>
	 	 	</node>
	 	 	<node id="113" type="1">
	 	 	 	<cx>557</cx>
	 	 	 	<cy>630</cy>
	 	 	</node>
	 	 	<node id="114" type="1">
	 	 	 	<cx>782</cx>
	 	 	 	<cy>897</cy>
	 	 	</node>
	 	 	<node id="115" type="1">
	 	 	 	<cx>774</cx>
	 	 	 	<cy>669</cy>
	 	 	</node>
	 	 	<node id="116" type="1">
	 	 	 	<cx>847</cx>
	 	 	 	<cy>411</cy>
	 	 	</node>
	 	 	<node id="117" type="1">
	 	 	 	<cx>357</cx>
	 	 	 	<cy>782</cy>
	 	 	</node>
	 	 	<node id="118" type="1">
	 	 	 	<cx>161</cx>
	 	 	 	<cy>755</cy>
	 	 	</node>
	 	 	<node id="119" type="1">
	 	 	 	<cx>709</cx>
	 	 	 	<cy>832</cy>
	 	 	</node>
	 	 	<node id="120" type="1">
	 	 	 	<cx>948</cx>
	 	 	 	<cy>830</cy>
	 	 	</node>
	 	 	<node id="121" type="1">
	 	 	 	<cx>434</cx>
	 	 	 	<cy>60</cy>
	 	 	</node>
	 	 	<node id="122" type="1">
	 	 	 	<cx>298</cx>
	 	 	 	<cy>921</cy>
	 	 	</node>
	 	 	<node id="123" type="1">
	 	 	 	<cx>990</cx>
	 	 	 	<cy>161</cy>
	 	 	</node>
	 	 	<node id="124" type="1">
	 	 	 	<cx>942</cx>
	 	 	 	<cy>399</cy>
	 	 	</node>
	 	 	<node id="125" type="1">
	 	 	 	<cx>571</cx>
	 	 	 	<cy>611</cy>
	 	 	</node>
	 	 	<node id="126" type="1">
	 	 	 	<cx>262</cx>
	 	 	 	<cy>680</cy>
	 	 	</node>
	 	 	<node id="127" type="1">
	 	 	 	<cx>253</cx>
	 	 	 	<cy>246</cy>
	 	 	</node>
	 	 	<node id="128" type="1">
	 	 	 	<cx>563</cx>
	 	 	 	<cy>416</cy>
	 	 	</node>
	 	 	<node id="129" type="1">
	 	 	 	<cx>382</cx>
	 	 	 	<cy>91</cy>
	 	 	</node>
	 	 	<node id="130" type="1">
	 	 	 	<cx>579</cx>
	 	 	 	<cy>962</cy>
	 	 	</node>
	 	 	<node id="131" type="1">
	 	 	 	<cx>215</cx>
	 	 	 	<cy>439</cy>
	 	 	</node>
	 	 	<node id="132" type="1">
	 	 	 	<cx>248</cx>
	 	 	 	<cy>65</cy>
	 	 	</node>
	 	 	<node id="133" type="1">
	 	 	 	<cx>811</cx>
	 	 	 	<cy>175</cy>
	 	 	</node>
	 	 	<node id="134" type="1">
	 	 	 	<cx>725</cx>
	 	 	 	<cy>834</cy>
	 	 	</node>
	 	 	<node id="135" type="1">
	 	 	 	<cx>169</cx>
	 	 	 	<cy>359</cy>
	 	 	</node>
	 	 	<node id="136" type="1">
	 	 	 	<cx>641</cx>
	 	 	 	<cy>926</cy>
	 	 	</node>
	 	 	<node id="137" type="1">
	 	 	 	<cx>625</cx>
	 	 	 	<cy>52</cy>
	 	 	</node>
	 	 	<node id="138" type="1">
	 	 	 	<cx>629</cx>
	 	 	 	<cy>8</cy>
	 	 	</node>
	 	 	<node id="139" type="1">
	 	 	 	<cx>486</cx>
	 	 	 	<cy>394</cy>
	 	 	</node>
	 	 	<node id="140" type="1">
	 	 	 	<cx>83</cx>
	 	 	 	<cy>462</cy>
	 	 	</node>
	 	 	<node id="141" type="1">
	 	 	 	<cx>924</cx>
	 	 	 	<cy>930</cy>
	 	 	</node>
	 	 	<node id="142" type="1">
	 	 	 	<cx>175</cx>
	 	 	 	<cy>333</cy>
	 	 	</node>
	 	 	<node id="143" type="1">
	 	 	 	<cx>115</cx>
	 	 	 	<cy>192</cy>
	 	 	</node>
	 	 	<node id="144" type="1">
	 	 	 	<cx>123</cx>
	 	 	 	<cy>534</cy>
	 	 	</node>
	 	 	<node id="145" type="1">
	 	 	 	<cx>634</cx>
	 	 	 	<cy>528</cy>
	 	 	</node>
	 	 	<node id="146" type="1">
	 	 	 	<cx>702</cx>
	 	 	 	<cy>299</cy>
	 	 	</node>
	 	 	<node id="147" type="1">
	 	 	 	<cx>86</cx>
	 	 	 	<cy>172</cy>
	 	 	</node>
	 	 	<node id="148" type="1">
	 	 	 	<cx>11</cx>
	 	 	 	<cy>889</cy>
	 	 	</node>
	 	 	<node id="149" type="1">
	 	 	 	<cx>8</cx>
	 	 	 	<cy>583</cy>
	 	 	</node>
	 	 	<node id="150" type="1">
	 	 	 	<cx>495</cx>
	 	 	 	<cy>538</cy>
	 	 	</node>
	 	 	<node id="151" type="1">
	 	 	 	<cx>3</cx>
	 	 	 	<cy>14</cy>
	 	 	</node>
	 	 	<node id="152" type="1">
	 	 	 	<cx>201</cx>
	 	 	 	<cy>666</cy>
	 	 	</node>
	 	 	<node id="153" type="1">
	 	 	 	<cx>131</cx>
	 	 	 	<cy>348</cy>
	 	 	</node>
	 	 	<node id="154" type="1">
	 	 	 	<cx>300</cx>
	 	 	 	<cy>323</cy>
	 	 	</node>
	 	 	<node id="155" type="1">
	 	 	 	<cx>551</cx>
	 	 	 	<cy>167</cy>
	 	 	</node>
	 	 	<node id="156" type="1">
	 	 	 	<cx>851</cx>
	 	 	 	<cy>897</cy>
	 	 	</node>
	 	 	<node id="157" type="1">
	 	 	 	<cx>412</cx>
	 	 	 	<cy>90</cy>
	 	 	</node>
	 	 	<node id="158" type="1">
	 	 	 	<cx>813</cx>
	 	 	 	<cy>64</cy>
	 	 	</node>
	 	 	<node id="159" type="1">
	 	 	 	<cx>993</cx>
	 	 	 	<cy>344</cy>
	 	 	</node>
	 	 	<node id="160" type="1">
	 	 	 	<cx>317</cx>
	 	 	 	<cy>999</cy>
	 	 	</node>
	 	 	<node id="161" type="1">
	 	 	 	<cx>90</cx>
	 	 	 	<cy>595</cy>
	 	 	</node>
	 	 	<node id="162" type="1">
	 	 	 	<cx>180</cx>
	 	 	 	<cy>817</cy>
	 	 	</node>
	 	 	<node id="163" type="1">
	 	 	 	<cx>667</cx>
	 	 	 	<cy>24</cy>
	 	 	</node>
	 	 	<node id="164" type="1">
	 	 	 	<cx>666</cx>
	 	 	 	<cy>285</cy>
	 	 	</node>
	 	 	<node id="165" type="1">
	 	 	 	<cx>733</cx>
	 	 	 	<cy>661</cy>
	 	 	</node>
	 	 	<node id="166" type="1">
	 	 	 	<cx>506</cx>
	 	 	 	<cy>774</cy>
	 	 	</node>
	 	 	<node id="167" type="1">
	 	 	 	<cx>493</cx>
	 	 	 	<cy>953</cy>
	 	 	</node>
	 	 	<node id="168" type="1">
	 	 	 	<cx>162</cx>
	 	 	 	<cy>458</cy>
	 	 	</node>
	 	 	<node id="169" type="1">
	 	 	 	<cx>735</cx>
	 	 	 	<cy>602</cy>
	 	 	</node>
	 	 	<node id="170" type="1">
	 	 	 	<cx>345</cx>
	 	 	 	<cy>771</cy>
	 	 	</node>
	 	 	<node id="171" type="1">
	 	 	 	<cx>468</cx>
	 	 	 	<cy>639</cy>
	 	 	</node>
	 	 	<node id="172" type="1">
	 	 	 	<cx>776</cx>
	 	 	 	<cy>107</cy>
	 	 	</node>
	 	 	<node id="173" type="1">
	 	 	 	<cx>819</cx>
	 	 	 	<cy>750</cy>
	 	 	</node>
	 	 	<node id="174" type="1">
	 	 	 	<cx>204</cx>
	 	 	 	<cy>781</cy>
	 	 	</node>
	 	 	<node id="175" type="1">
	 	 	 	<cx>165</cx>
	 	 	 	<cy>858</cy>
	 	 	</node>
	 	 	<node id="176" type="1">
	 	 	 	<cx>678</cx>
	 	 	 	<cy>218</cy>
	 	 	</node>
	 	 	<node id="177" type="1">
	 	 	 	<cx>536</cx>
	 	 	 	<cy>950</cy>
	 	 	</node>
	 	 	<node id="178" type="1">
	 	 	 	<cx>47</cx>
	 	 	 	<cy>421</cy>
	 	 	</node>
	 	 	<node id="179" type="1">
	 	 	 	<cx>239</cx>
	 	 	 	<cy>153</cy>
	 	 	</node>
	 	 	<node id="180" type="1">
	 	 	 	<cx>744</cx>
	 	 	 	<cy>664</cy>
	 	 	</node>
	 	 	<node id="181" type="1">
	 	 	 	<cx>766</cx>
	 	 	 	<cy>64</cy>
	 	 	</node>
	 	 	<node id="182" type="1">
	 	 	 	<cx>788</cx>
	 	 	 	<cy>448</cy>
	 	 	</node>
	 	 	<node id="183" type="1">
	 	 	 	<cx>920</cx>
	 	 	 	<cy>330</cy>
	 	 	</node>
	 	 	<node id="184" type="1">
	 	 	 	<cx>54</cx>
	 	 	 	<cy>707</cy>
	 	 	</node>
	 	 	<node id="185" type="1">
	 	 	 	<cx>216</cx>
	 	 	 	<cy>471</cy>
	 	 	</node>
	 	 	<node id="186" type="1">
	 	 	 	<cx>793</cx>
	 	 	 	<cy>257</cy>
	 	 	</node>
	 	 	<node id="187" type="1">
	 	 	 	<cx>517</cx>
	 	 	 	<cy>964</cy>
	 	 	</node>
	 	 	<node id="188" type="1">
	 	 	 	<cx>389</cx>
	 	 	 	<cy>503</cy>
	 	 	</node>
	 	 	<node id="189" type="1">
	 	 	 	<cx>923</cx>
	 	 	 	<cy>563</cy>
	 	 	</node>
	 	 	<node id="190" type="1">
	 	 	 	<cx>383</cx>
	 	 	 	<cy>388</cy>
	 	 	</node>
	 	 	<node id="191" type="1">
	 	 	 	<cx>917</cx>
	 	 	 	<cy>890</cy>
	 	 	</node>
	 	 	<node id="192" type="1">
	 	 	 	<cx>734</cx>
	 	 	 	<cy>599</cy>
	 	 	</node>
	 	 	<node id="193" type="1">
	 	 	 	<cx>749</cx>
	 	 	 	<cy>248</cy>
	 	 	</node>
	 	 	<node id="194" type="1">
	 	 	 	<cx>333</cx>
	 	 	 	<cy>17</cy>
	 	 	</node>
	 	 	<node id="195" type="1">
	 	 	 	<cx>84</cx>
	 	 	 	<cy>713</cy>
	 	 	</node>
	 	 	<node id="196" type="1">
	 	 	 	<cx>776</cx>
	 	 	 	<cy>428</cy>
	 	 	</node>
	 	 	<node id="197" type="1">
	 	 	 	<cx>888</cx>
	 	 	 	<cy>452</cy>
	 	 	</node>
	 	 	<node id="198" type="1">
	 	 	 	<cx>371</cx>
	 	 	 	<cy>465</cy>
	 	 	</node>
	 	 	<node id="199" type="1">
	 	 	 	<cx>565</cx>
	 	 	 	<cy>304</cy>
	 	 	</node>
	 	 	<node id="200" type="1">
	 	 	 	<cx>408</cx>
	 	 	 	<cy>820</cy>
	 	 	</node>
	 	 	<node id="201" type="1">
	 	 	 	<cx>357</cx>
	 	 	 	<cy>613</cy>
	 	 	</node>
	 	 	<node id="202" type="1">
	 	 	 	<cx>675</cx>
	 	 	 	<cy>690</cy>
	 	 	</node>
	 	 	<node id="203" type="1">
	 	 	 	<cx>979</cx>
	 	 	 	<cy>298</cy>
	 	 	</node>
	 	 	<node id="204" type="1">
	 	 	 	<cx>222</cx>
	 	 	 	<cy>489</cy>
	 	 	</node>
	 	 	<node id="205" type="1">
	 	 	 	<cx>507</cx>
	 	 	 	<cy>187</cy>
	 	 	</node>
	 	 	<node id="206" type="1">
	 	 	 	<cx>379</cx>
	 	 	 	<cy>793</cy>
	 	 	</node>
	 	 	<node id="207" type="1">
	 	 	 	<cx>526</cx>
	 	 	 	<cy>595</cy>
	 	 	</node>
	 	 	<node id="208" type="1">
	 	 	 	<cx>17</cx>
	 	 	 	<cy>545</cy>
	 	 	</node>
	 	 	<node id="209" type="1">
	 	 	 	<cx>513</cx>
	 	 	 	<cy>146</cy>
	 	 	</node>
	 	 	<node id="210" type="1">
	 	 	 	<cx>70</cx>
	 	 	 	<cy>513</cy>
	 	 	</node>
	 	 	<node id="211" type="1">
	 	 	 	<cx>484</cx>
	 	 	 	<cy>862</cy>
	 	 	</node>
	 	 	<node id="212" type="1">
	 	 	 	<cx>294</cx>
	 	 	 	<cy>987</cy>
	 	 	</node>
	 	 	<node id="213" type="1">
	 	 	 	<cx>880</cx>
	 	 	 	<cy>478</cy>
	 	 	</node>
	 	 	<node id="214" type="1">
	 	 	 	<cx>287</cx>
	 	 	 	<cy>733</cy>
	 	 	</node>
	 	 	<node id="215" type="1">
	 	 	 	<cx>709</cx>
	 	 	 	<cy>30</cy>
	 	 	</node>
	 	 	<node id="216" type="1">
	 	 	 	<cx>755</cx>
	 	 	 	<cy>201</cy>
	 	 	</node>
	 	 	<node id="217" type="1">
	 	 	 	<cx>939</cx>
	 	 	 	<cy>682</cy>
	 	 	</node>
	 	 	<node id="218" type="1">
	 	 	 	<cx>23</cx>
	 	 	 	<cy>975</cy>
	 	 	</node>
	 	 	<node id="219" type="1">
	 	 	 	<cx>135</cx>
	 	 	 	<cy>799</cy>
	 	 	</node>
	 	 	<node id="220" type="1">
	 	 	 	<cx>808</cx>
	 	 	 	<cy>471</cy>
	 	 	</node>
	 	 	<node id="221" type="1">
	 	 	 	<cx>352</cx>
	 	 	 	<cy>279</cy>
	 	 	</node>
	 	 	<node id="222" type="1">
	 	 	 	<cx>224</cx>
	 	 	 	<cy>900</cy>
	 	 	</node>
	 	 	<node id="223" type="1">
	 	 	 	<cx>275</cx>
	 	 	 	<cy>130</cy>
	 	 	</node>
	 	 	<node id="224" type="1">
	 	 	 	<cx>60</cx>
	 	 	 	<cy>465</cy>
	 	 	</node>
	 	 	<node id="225" type="1">
	 	 	 	<cx>608</cx>
	 	 	 	<cy>301</cy>
	 	 	</node>
	 	 	<node id="226" type="1">
	 	 	 	<cx>288</cx>
	 	 	 	<cy>813</cy>
	 	 	</node>
	 	 	<node id="227" type="1">
	 	 	 	<cx>718</cx>
	 	 	 	<cy>755</cy>
	 	 	</node>
	 	 	<node id="228" type="1">
	 	 	 	<cx>829</cx>
	 	 	 	<cy>744</cy>
	 	 	</node>
	 	 	<node id="229" type="1">
	 	 	 	<cx>523</cx>
	 	 	 	<cy>799</cy>
	 	 	</node>
	 	 	<node id="230" type="1">
	 	 	 	<cx>569</cx>
	 	 	 	<cy>157</cy>
	 	 	</node>
	 	 	<node id="231" type="1">
	 	 	 	<cx>634</cx>
	 	 	 	<cy>665</cy>
	 	 	</node>
	 	 	<node id="232" type="1">
	 	 	 	<cx>627</cx>
	 	 	 	<cy>260</cy>
	 	 	</node>
	 	 	<node id="233" type="1">
	 	 	 	<cx>743</cx>
	 	 	 	<cy>336</cy>
	 	 	</node>
	 	 	<node id="234" type="1">
	 	 	 	<cx>870</cx>
	 	 	 	<cy>16</cy>
	 	 	</node>
	 	 	<node id="235" type="1">
	 	 	 	<cx>267</cx>
	 	 	 	<cy>623</cy>
	 	 	</node>
	 	 	<node id="236" type="1">
	 	 	 	<cx>675</cx>
	 	 	 	<cy>856</cy>
	 	 	</node>
	 	 	<node id="237" type="1">
	 	 	 	<cx>239</cx>
	 	 	 	<cy>494</cy>
	 	 	</node>
	 	 	<node id="238" type="1">
	 	 	 	<cx>950</cx>
	 	 	 	<cy>618</cy>
	 	 	</node>
	 	 	<node id="239" type="1">
	 	 	 	<cx>445</cx>
	 	 	 	<cy>653</cy>
	 	 	</node>
	 	 	<node id="240" type="1">
	 	 	 	<cx>394</cx>
	 	 	 	<cy>763</cy>
	 	 	</node>
	 	 	<node id="241" type="1">
	 	 	 	<cx>816</cx>
	 	 	 	<cy>368</cy>
	 	 	</node>
	 	 	<node id="242" type="1">
	 	 	 	<cx>19</cx>
	 	 	 	<cy>825</cy>
	 	 	</node>
	 	 	<node id="243" type="1">
	 	 	 	<cx>68</cx>
	 	 	 	<cy>548</cy>
	 	 	</node>
	 	 	<node id="244" type="1">
	 	 	 	<cx>912</cx>
	 	 	 	<cy>106</cy>
	 	 	</node>
	 	 	<node id="245" type="1">
	 	 	 	<cx>600</cx>
	 	 	 	<cy>71</cy>
	 	 	</node>
	 	 	<node id="246" type="1">
	 	 	 	<cx>245</cx>
	 	 	 	<cy>644</cy>
	 	 	</node>
	 	 	<node id="247" type="1">
	 	 	 	<cx>620</cx>
	 	 	 	<cy>364</cy>
	 	 	</node>
	 	 	<node id="248" type="1">
	 	 	 	<cx>555</cx>
	 	 	 	<cy>400</cy>
	 	 	</node>
	 	 	<node id="249" type="1">
	 	 	 	<cx>549</cx>
	 	 	 	<cy>230</cy>
	 	 	</node>
	 	 	<node id="250" type="1">
	 	 	 	<cx>243</cx>
	 	 	 	<cy>724</cy>
	 	 	</node>
	 	 	<node id="251" type="1">
	 	 	 	<cx>657</cx>
	 	 	 	<cy>925</cy>
	 	 	</node>
	 	 	<node id="252" type="1">
	 	 	 	<cx>355</cx>
	 	 	 	<cy>48</cy>
	 	 	</node>
	 	 	<node id="253" type="1">
	 	 	 	<cx>951</cx>
	 	 	 	<cy>488</cy>
	 	 	</node>
	 	 	<node id="254" type="1">
	 	 	 	<cx>586</cx>
	 	 	 	<cy>851</cy>
	 	 	</node>
	 	 	<node id="255" type="1">
	 	 	 	<cx>318</cx>
	 	 	 	<cy>318</cy>
	 	 	</node>
	 	 	<node id="256" type="1">
	 	 	 	<cx>549</cx>
	 	 	 	<cy>848</cy>
	 	 	</node>
	 	 	<node id="257" type="1">
	 	 	 	<cx>917</cx>
	 	 	 	<cy>3</cy>
	 	 	</node>
	 	 	<node id="258" type="1">
	 	 	 	<cx>295</cx>
	 	 	 	<cy>453</cy>
	 	 	</node>
	 	 	<node id="259" type="1">
	 	 	 	<cx>818</cx>
	 	 	 	<cy>398</cy>
	 	 	</node>
	 	 	<node id="260" type="1">
	 	 	 	<cx>73</cx>
	 	 	 	<cy>482</cy>
	 	 	</node>
	 	 	<node id="261" type="1">
	 	 	 	<cx>891</cx>
	 	 	 	<cy>952</cy>
	 	 	</node>
	 	 	<node id="262" type="1">
	 	 	 	<cx>349</cx>
	 	 	 	<cy>100</cy>
	 	 	</node>
	 	 	<node id="263" type="1">
	 	 	 	<cx>950</cx>
	 	 	 	<cy>284</cy>
	 	 	</node>
	 	 	<node id="264" type="1">
	 	 	 	<cx>69</cx>
	 	 	 	<cy>29</cy>
	 	 	</node>
	 	 	<node id="265" type="1">
	 	 	 	<cx>140</cx>
	 	 	 	<cy>20</cy>
	 	 	</node>
	 	 	<node id="266" type="1">
	 	 	 	<cx>178</cx>
	 	 	 	<cy>1</cy>
	 	 	</node>
	 	 	<node id="267" type="1">
	 	 	 	<cx>585</cx>
	 	 	 	<cy>862</cy>
	 	 	</node>
	 	 	<node id="268" type="1">
	 	 	 	<cx>381</cx>
	 	 	 	<cy>457</cy>
	 	 	</node>
	 	 	<node id="269" type="1">
	 	 	 	<cx>266</cx>
	 	 	 	<cy>918</cy>
	 	 	</node>
	 	 	<node id="270" type="1">
	 	 	 	<cx>164</cx>
	 	 	 	<cy>506</cy>
	 	 	</node>
	 	 	<node id="271" type="1">
	 	 	 	<cx>174</cx>
	 	 	 	<cy>282</cy>
	 	 	</node>
	 	 	<node id="272" type="1">
	 	 	 	<cx>56</cx>
	 	 	 	<cy>123</cy>
	 	 	</node>
	 	 	<node id="273" type="1">
	 	 	 	<cx>693</cx>
	 	 	 	<cy>864</cy>
	 	 	</node>
	 	 	<node id="274" type="1">
	 	 	 	<cx>146</cx>
	 	 	 	<cy>606</cy>
	 	 	</node>
	 	 	<node id="275" type="1">
	 	 	 	<cx>244</cx>
	 	 	 	<cy>461</cy>
	 	 	</node>
	 	 	<node id="276" type="1">
	 	 	 	<cx>846</cx>
	 	 	 	<cy>275</cy>
	 	 	</node>
	 	 	<node id="277" type="1">
	 	 	 	<cx>176</cx>
	 	 	 	<cy>95</cy>
	 	 	</node>
	 	 	<node id="278" type="1">
	 	 	 	<cx>912</cx>
	 	 	 	<cy>431</cy>
	 	 	</node>
	 	 	<node id="279" type="1">
	 	 	 	<cx>903</cx>
	 	 	 	<cy>582</cy>
	 	 	</node>
	 	 	<node id="280" type="1">
	 	 	 	<cx>703</cx>
	 	 	 	<cy>553</cy>
	 	 	</node>
	 	 	<node id="281" type="1">
	 	 	 	<cx>297</cx>
	 	 	 	<cy>364</cy>
	 	 	</node>
	 	 	<node id="282" type="1">
	 	 	 	<cx>703</cx>
	 	 	 	<cy>755</cy>
	 	 	</node>
	 	 	<node id="283" type="1">
	 	 	 	<cx>332</cx>
	 	 	 	<cy>591</cy>
	 	 	</node>
	 	 	<node id="284" type="1">
	 	 	 	<cx>283</cx>
	 	 	 	<cy>487</cy>
	 	 	</node>
	 	 	<node id="285" type="1">
	 	 	 	<cx>968</cx>
	 	 	 	<cy>440</cy>
	 	 	</node>
	 	 	<node id="286" type="1">
	 	 	 	<cx>718</cx>
	 	 	 	<cy>490</cy>
	 	 	</node>
	 	 	<node id="287" type="1">
	 	 	 	<cx>295</cx>
	 	 	 	<cy>702</cy>
	 	 	</node>
	 	 	<node id="288" type="1">
	 	 	 	<cx>449</cx>
	 	 	 	<cy>997</cy>
	 	 	</node>
	 	 	<node id="289" type="1">
	 	 	 	<cx>926</cx>
	 	 	 	<cy>605</cy>
	 	 	</node>
	 	 	<node id="290" type="1">
	 	 	 	<cx>604</cx>
	 	 	 	<cy>188</cy>
	 	 	</node>
	 	 	<node id="291" type="1">
	 	 	 	<cx>632</cx>
	 	 	 	<cy>895</cy>
	 	 	</node>
	 	 	<node id="292" type="1">
	 	 	 	<cx>761</cx>
	 	 	 	<cy>894</cy>
	 	 	</node>
	 	 	<node id="293" type="1">
	 	 	 	<cx>239</cx>
	 	 	 	<cy>159</cy>
	 	 	</node>
	 	 	<node id="294" type="1">
	 	 	 	<cx>963</cx>
	 	 	 	<cy>544</cy>
	 	 	</node>
	 	 	<node id="295" type="1">
	 	 	 	<cx>762</cx>
	 	 	 	<cy>412</cy>
	 	 	</node>
	 	 	<node id="296" type="1">
	 	 	 	<cx>986</cx>
	 	 	 	<cy>378</cy>
	 	 	</node>
	 	 	<node id="297" type="1">
	 	 	 	<cx>802</cx>
	 	 	 	<cy>918</cy>
	 	 	</node>
	 	 	<node id="298" type="1">
	 	 	 	<cx>851</cx>
	 	 	 	<cy>893</cy>
	 	 	</node>
	 	 	<node id="299" type="1">
	 	 	 	<cx>180</cx>
	 	 	 	<cy>267</cy>
	 	 	</node>
	 	 	<node id="300" type="1">
	 	 	 	<cx>593</cx>
	 	 	 	<cy>544</cy>
	 	 	</node>
	 	 	<node id="301" type="1">
	 	 	 	<cx>837</cx>
	 	 	 	<cy>710</cy>
	 	 	</node>
	 	 	<node id="302" type="1">
	 	 	 	<cx>276</cx>
	 	 	 	<cy>708</cy>
	 	 	</node>
	 	 	<node id="303" type="1">
	 	 	 	<cx>963</cx>
	 	 	 	<cy>733</cy>
	 	 	</node>
	 	 	<node id="304" type="1">
	 	 	 	<cx>255</cx>
	 	 	 	<cy>875</cy>
	 	 	</node>
	 	 	<node id="305" type="1">
	 	 	 	<cx>396</cx>
	 	 	 	<cy>884</cy>
	 	 	</node>
	 	 	<node id="306" type="1">
	 	 	 	<cx>699</cx>
	 	 	 	<cy>106</cy>
	 	 	</node>
	 	 	<node id="307" type="1">
	 	 	 	<cx>261</cx>
	 	 	 	<cy>853</cy>
	 	 	</node>
	 	 	<node id="308" type="1">
	 	 	 	<cx>348</cx>
	 	 	 	<cy>742</cy>
	 	 	</node>
	 	 	<node id="309" type="1">
	 	 	 	<cx>860</cx>
	 	 	 	<cy>800</cy>
	 	 	</node>
	 	 	<node id="310" type="1">
	 	 	 	<cx>535</cx>
	 	 	 	<cy>344</cy>
	 	 	</node>
	 	 	<node id="311" type="1">
	 	 	 	<cx>808</cx>
	 	 	 	<cy>933</cy>
	 	 	</node>
	 	 	<node id="312" type="1">
	 	 	 	<cx>450</cx>
	 	 	 	<cy>911</cy>
	 	 	</node>
	 	 	<node id="313" type="1">
	 	 	 	<cx>433</cx>
	 	 	 	<cy>336</cy>
	 	 	</node>
	 	 	<node id="314" type="1">
	 	 	 	<cx>652</cx>
	 	 	 	<cy>319</cy>
	 	 	</node>
	 	 	<node id="315" type="1">
	 	 	 	<cx>411</cx>
	 	 	 	<cy>46</cy>
	 	 	</node>
	 	 	<node id="316" type="1">
	 	 	 	<cx>842</cx>
	 	 	 	<cy>35</cy>
	 	 	</node>
	 	 	<node id="317" type="1">
	 	 	 	<cx>654</cx>
	 	 	 	<cy>385</cy>
	 	 	</node>
	 	 	<node id="318" type="1">
	 	 	 	<cx>871</cx>
	 	 	 	<cy>67</cy>
	 	 	</node>
	 	 	<node id="319" type="1">
	 	 	 	<cx>457</cx>
	 	 	 	<cy>532</cy>
	 	 	</node>
	 	 	<node id="320" type="1">
	 	 	 	<cx>9</cx>
	 	 	 	<cy>162</cy>
	 	 	</node>
	 	 	<node id="321" type="1">
	 	 	 	<cx>886</cx>
	 	 	 	<cy>356</cy>
	 	 	</node>
	 	 	<node id="322" type="1">
	 	 	 	<cx>464</cx>
	 	 	 	<cy>267</cy>
	 	 	</node>
	 	 	<node id="323" type="1">
	 	 	 	<cx>413</cx>
	 	 	 	<cy>493</cy>
	 	 	</node>
	 	 	<node id="324" type="1">
	 	 	 	<cx>140</cx>
	 	 	 	<cy>227</cy>
	 	 	</node>
	 	 	<node id="325" type="1">
	 	 	 	<cx>819</cx>
	 	 	 	<cy>673</cy>
	 	 	</node>
	 	 	<node id="326" type="1">
	 	 	 	<cx>660</cx>
	 	 	 	<cy>739</cy>
	 	 	</node>
	 	 	<node id="327" type="1">
	 	 	 	<cx>322</cx>
	 	 	 	<cy>299</cy>
	 	 	</node>
	 	 	<node id="328" type="1">
	 	 	 	<cx>626</cx>
	 	 	 	<cy>556</cy>
	 	 	</node>
	 	 	<node id="329" type="1">
	 	 	 	<cx>975</cx>
	 	 	 	<cy>276</cy>
	 	 	</node>
	 	 	<node id="330" type="1">
	 	 	 	<cx>138</cx>
	 	 	 	<cy>941</cy>
	 	 	</node>
	 	 	<node id="331" type="1">
	 	 	 	<cx>304</cx>
	 	 	 	<cy>86</cy>
	 	 	</node>
	 	 	<node id="332" type="1">
	 	 	 	<cx>560</cx>
	 	 	 	<cy>367</cy>
	 	 	</node>
	 	 	<node id="333" type="1">
	 	 	 	<cx>201</cx>
	 	 	 	<cy>120</cy>
	 	 	</node>
	 	 	<node id="334" type="1">
	 	 	 	<cx>532</cx>
	 	 	 	<cy>473</cy>
	 	 	</node>
	 	 	<node id="335" type="1">
	 	 	 	<cx>60</cx>
	 	 	 	<cy>255</cy>
	 	 	</node>
	 	 	<node id="336" type="1">
	 	 	 	<cx>240</cx>
	 	 	 	<cy>267</cy>
	 	 	</node>
	 	 	<node id="337" type="1">
	 	 	 	<cx>174</cx>
	 	 	 	<cy>678</cy>
	 	 	</node>
	 	 	<node id="338" type="1">
	 	 	 	<cx>929</cx>
	 	 	 	<cy>577</cy>
	 	 	</node>
	 	 	<node id="339" type="1">
	 	 	 	<cx>369</cx>
	 	 	 	<cy>972</cy>
	 	 	</node>
	 	 	<node id="340" type="1">
	 	 	 	<cx>668</cx>
	 	 	 	<cy>756</cy>
	 	 	</node>
	 	 	<node id="341" type="1">
	 	 	 	<cx>899</cx>
	 	 	 	<cy>435</cy>
	 	 	</node>
	 	 	<node id="342" type="1">
	 	 	 	<cx>367</cx>
	 	 	 	<cy>634</cy>
	 	 	</node>
	 	 	<node id="343" type="1">
	 	 	 	<cx>585</cx>
	 	 	 	<cy>668</cy>
	 	 	</node>
	 	 	<node id="344" type="1">
	 	 	 	<cx>45</cx>
	 	 	 	<cy>722</cy>
	 	 	</node>
	 	 	<node id="345" type="1">
	 	 	 	<cx>207</cx>
	 	 	 	<cy>394</cy>
	 	 	</node>
	 	 	<node id="346" type="1">
	 	 	 	<cx>340</cx>
	 	 	 	<cy>665</cy>
	 	 	</node>
	 	 	<node id="347" type="1">
	 	 	 	<cx>142</cx>
	 	 	 	<cy>543</cy>
	 	 	</node>
	 	 	<node id="348" type="1">
	 	 	 	<cx>279</cx>
	 	 	 	<cy>945</cy>
	 	 	</node>
	 	 	<node id="349" type="1">
	 	 	 	<cx>259</cx>
	 	 	 	<cy>574</cy>
	 	 	</node>
	 	 	<node id="350" type="1">
	 	 	 	<cx>293</cx>
	 	 	 	<cy>833</cy>
	 	 	</node>
	 	 	<node id="351" type="1">
	 	 	 	<cx>54</cx>
	 	 	 	<cy>58</cy>
	 	 	</node>
	 	 	<node id="352" type="1">
	 	 	 	<cx>481</cx>
	 	 	 	<cy>595</cy>
	 	 	</node>
	 	 	<node id="353" type="1">
	 	 	 	<cx>44</cx>
	 	 	 	<cy>507</cy>
	 	 	</node>
	 	 	<node id="354" type="1">
	 	 	 	<cx>125</cx>
	 	 	 	<cy>942</cy>
	 	 	</node>
	 	 	<node id="355" type="1">
	 	 	 	<cx>410</cx>
	 	 	 	<cy>444</cy>
	 	 	</node>
	 	 	<node id="356" type="1">
	 	 	 	<cx>462</cx>
	 	 	 	<cy>734</cy>
	 	 	</node>
	 	 	<node id="357" type="1">
	 	 	 	<cx>881</cx>
	 	 	 	<cy>743</cy>
	 	 	</node>
	 	 	<node id="358" type="1">
	 	 	 	<cx>690</cx>
	 	 	 	<cy>935</cy>
	 	 	</node>
	 	 	<node id="359" type="1">
	 	 	 	<cx>879</cx>
	 	 	 	<cy>195</cy>
	 	 	</node>
	 	 	<node id="360" type="1">
	 	 	 	<cx>239</cx>
	 	 	 	<cy>813</cy>
	 	 	</node>
	 	 	<node id="361" type="1">
	 	 	 	<cx>911</cx>
	 	 	 	<cy>347</cy>
	 	 	</node>
	 	 	<node id="362" type="1">
	 	 	 	<cx>289</cx>
	 	 	 	<cy>397</cy>
	 	 	</node>
	 	 	<node id="363" type="1">
	 	 	 	<cx>206</cx>
	 	 	 	<cy>571</cy>
	 	 	</node>
	 	 	<node id="364" type="1">
	 	 	 	<cx>532</cx>
	 	 	 	<cy>174</cy>
	 	 	</node>
	 	 	<node id="365" type="1">
	 	 	 	<cx>610</cx>
	 	 	 	<cy>399</cy>
	 	 	</node>
	 	 	<node id="366" type="1">
	 	 	 	<cx>184</cx>
	 	 	 	<cy>52</cy>
	 	 	</node>
	 	 	<node id="367" type="1">
	 	 	 	<cx>719</cx>
	 	 	 	<cy>98</cy>
	 	 	</node>
	 	 	<node id="368" type="1">
	 	 	 	<cx>261</cx>
	 	 	 	<cy>552</cy>
	 	 	</node>
	 	 	<node id="369" type="1">
	 	 	 	<cx>277</cx>
	 	 	 	<cy>497</cy>
	 	 	</node>
	 	 	<node id="370" type="1">
	 	 	 	<cx>85</cx>
	 	 	 	<cy>267</cy>
	 	 	</node>
	 	 	<node id="371" type="1">
	 	 	 	<cx>818</cx>
	 	 	 	<cy>67</cy>
	 	 	</node>
	 	 	<node id="372" type="1">
	 	 	 	<cx>54</cx>
	 	 	 	<cy>568</cy>
	 	 	</node>
	 	 	<node id="373" type="1">
	 	 	 	<cx>545</cx>
	 	 	 	<cy>251</cy>
	 	 	</node>
	 	 	<node id="374" type="1">
	 	 	 	<cx>657</cx>
	 	 	 	<cy>549</cy>
	 	 	</node>
	 	 	<node id="375" type="1">
	 	 	 	<cx>484</cx>
	 	 	 	<cy>37</cy>
	 	 	</node>
	 	 	<node id="376" type="1">
	 	 	 	<cx>739</cx>
	 	 	 	<cy>237</cy>
	 	 	</node>
	 	 	<node id="377" type="1">
	 	 	 	<cx>868</cx>
	 	 	 	<cy>790</cy>
	 	 	</node>
	 	 	<node id="378" type="1">
	 	 	 	<cx>17</cx>
	 	 	 	<cy>42</cy>
	 	 	</node>
	 	 	<node id="379" type="1">
	 	 	 	<cx>778</cx>
	 	 	 	<cy>328</cy>
	 	 	</node>
	 	 	<node id="380" type="1">
	 	 	 	<cx>848</cx>
	 	 	 	<cy>464</cy>
	 	 	</node>
	 	 	<node id="381" type="1">
	 	 	 	<cx>33</cx>
	 	 	 	<cy>255</cy>
	 	 	</node>
	 	 	<node id="382" type="1">
	 	 	 	<cx>237</cx>
	 	 	 	<cy>37</cy>
	 	 	</node>
	 	 	<node id="383" type="1">
	 	 	 	<cx>335</cx>
	 	 	 	<cy>531</cy>
	 	 	</node>
	 	 	<node id="384" type="1">
	 	 	 	<cx>113</cx>
	 	 	 	<cy>544</cy>
	 	 	</node>
	 	</nodes>
	 	<euclidean/>
	 	<decimals>0</decimals>
	 </network>
	 <fleet>
	 	 <vehicle_profile type="0">
	 	  	 <departure_node>1</departure_node>
	 	  	 <arrival_node>1</arrival_node>
	 	  	 <capacity>564</capacity>
	 	 </vehicle_profile>
	 </fleet>
	 <requests>
	 	 <request id="1" node="2">
	 	 	 <quantity>83</quantity>
	 	 </request>
	 	 <request id="2" node="3">
	 	 	 <quantity>65</quantity>
	 	 </request>
	 	 <request id="3" node="4">
	 	 	 <quantity>92</quantity>
	 	 </request>
	 	 <request id="4" node="5">
	 	 	 <quantity>73</quantity>
	 	 </request>
	 	 <request id="5" node="6">
	 	 	 <quantity>94</quantity>
	 	 </request>
	 	 <request id="6" node="7">
	 	 	 <quantity>100</quantity>
	 	 </request>
	 	 <request id="7" node="8">
	 	 	 <quantity>99</quantity>
	 	 </request>
	 	 <request id="8" node="9">
	 	 	 <quantity>83</quantity>
	 	 </request>
	 	 <request id="9" node="10">
	 	 	 <quantity>84</quantity>
	 	 </request>
	 	 <request id="10" node="11">
	 	 	 <quantity>81</quantity>
	 	 </request>
	 	 <request id="11" node="12">
	 	 	 <quantity>65</quantity>
	 	 </request>
	 	 <request id="12" node="13">
	 	 	 <quantity>69</quantity>
	 	 </request>
	 	 <request id="13" node="14">
	 	 	 <quantity>84</quantity>
	 	 </request>
	 	 <request id="14" node="15">
	 	 	 <quantity>67</quantity>
	 	 </request>
	 	 <request id="15" node="16">
	 	 	 <quantity>53</quantity>
	 	 </request>
	 	 <request id="16" node="17">
	 	 	 <quantity>70</quantity>
	 	 </request>
	 	 <request id="17" node="18">
	 	 	 <quantity>93</quantity>
	 	 </request>
	 	 <request id="18" node="19">
	 	 	 <quantity>69</quantity>
	 	 </request>
	 	 <request id="19" node="20">
	 	 	 <quantity>78</quantity>
	 	 </request>
	 	 <request id="20" node="21">
	 	 	 <quantity>75</quantity>
	 	 </request>
	 	 <request id="21" node="22">
	 	 	 <quantity>56</quantity>
	 	 </request>
	 	 <request id="22" node="23">
	 	 	 <quantity>99</quantity>
	 	 </request>
	 	 <request id="23" node="24">
	 	 	 <quantity>88</quantity>
	 	 </request>
	 	 <request id="24" node="25">
	 	 	 <quantity>61</quantity>
	 	 </request>
	 	 <request id="25" node="26">
	 	 	 <quantity>65</quantity>
	 	 </request>
	 	 <request id="26" node="27">
	 	 	 <quantity>90</quantity>
	 	 </request>
	 	 <request id="27" node="28">
	 	 	 <quantity>74</quantity>
	 	 </request>
	 	 <request id="28" node="29">
	 	 	 <quantity>85</quantity>
	 	 </request>
	 	 <request id="29" node="30">
	 	 	 <quantity>59</quantity>
	 	 </request>
	 	 <request id="30" node="31">
	 	 	 <quantity>76</quantity>
	 	 </request>
	 	 <request id="31" node="32">
	 	 	 <quantity>79</quantity>
	 	 </request>
	 	 <request id="32" node="33">
	 	 	 <quantity>99</quantity>
	 	 </request>
	 	 <request id="33" node="34">
	 	 	 <quantity>98</quantity>
	 	 </request>
	 	 <request id="34" node="35">
	 	 	 <quantity>80</quantity>
	 	 </request>
	 	 <request id="35" node="36">
	 	 	 <quantity>71</quantity>
	 	 </request>
	 	 <request id="36" node="37">
	 	 	 <quantity>71</quantity>
	 	 </request>
	 	 <request id="37" node="38">
	 	 	 <quantity>93</quantity>
	 	 </request>
	 	 <request id="38" node="39">
	 	 	 <quantity>69</quantity>
	 	 </request>
	 	 <request id="39" node="40">
	 	 	 <quantity>88</quantity>
	 	 </request>
	 	 <request id="40" node="41">
	 	 	 <quantity>71</quantity>
	 	 </request>
	 	 <request id="41" node="42">
	 	 	 <quantity>52</quantity>
	 	 </request>
	 	 <request id="42" node="43">
	 	 	 <quantity>75</quantity>
	 	 </request>
	 	 <request id="43" node="44">
	 	 	 <quantity>83</quantity>
	 	 </request>
	 	 <request id="44" node="45">
	 	 	 <quantity>67</quantity>
	 	 </request>
	 	 <request id="45" node="46">
	 	 	 <quantity>88</quantity>
	 	 </request>
	 	 <request id="46" node="47">
	 	 	 <quantity>64</quantity>
	 	 </request>
	 	 <request id="47" node="48">
	 	 	 <quantity>89</quantity>
	 	 </request>
	 	 <request id="48" node="49">
	 	 	 <quantity>86</quantity>
	 	 </request>
	 	 <request id="49" node="50">
	 	 	 <quantity>84</quantity>
	 	 </request>
	 	 <request id="50" node="51">
	 	 	 <quantity>89</quantity>
	 	 </request>
	 	 <request id="51" node="52">
	 	 	 <quantity>97</quantity>
	 	 </request>
	 	 <request id="52" node="53">
	 	 	 <quantity>85</quantity>
	 	 </request>
	 	 <request id="53" node="54">
	 	 	 <quantity>78</quantity>
	 	 </request>
	 	 <request id="54" node="55">
	 	 	 <quantity>83</quantity>
	 	 </request>
	 	 <request id="55" node="56">
	 	 	 <quantity>90</quantity>
	 	 </request>
	 	 <request id="56" node="57">
	 	 	 <quantity>93</quantity>
	 	 </request>
	 	 <request id="57" node="58">
	 	 	 <quantity>61</quantity>
	 	 </request>
	 	 <request id="58" node="59">
	 	 	 <quantity>84</quantity>
	 	 </request>
	 	 <request id="59" node="60">
	 	 	 <quantity>98</quantity>
	 	 </request>
	 	 <request id="60" node="61">
	 	 	 <quantity>97</quantity>
	 	 </request>
	 	 <request id="61" node="62">
	 	 	 <quantity>78</quantity>
	 	 </request>
	 	 <request id="62" node="63">
	 	 	 <quantity>60</quantity>
	 	 </request>
	 	 <request id="63" node="64">
	 	 	 <quantity>58</quantity>
	 	 </request>
	 	 <request id="64" node="65">
	 	 	 <quantity>63</quantity>
	 	 </request>
	 	 <request id="65" node="66">
	 	 	 <quantity>99</quantity>
	 	 </request>
	 	 <request id="66" node="67">
	 	 	 <quantity>50</quantity>
	 	 </request>
	 	 <request id="67" node="68">
	 	 	 <quantity>93</quantity>
	 	 </request>
	 	 <request id="68" node="69">
	 	 	 <quantity>53</quantity>
	 	 </request>
	 	 <request id="69" node="70">
	 	 	 <quantity>52</quantity>
	 	 </request>
	 	 <request id="70" node="71">
	 	 	 <quantity>70</quantity>
	 	 </request>
	 	 <request id="71" node="72">
	 	 	 <quantity>97</quantity>
	 	 </request>
	 	 <request id="72" node="73">
	 	 	 <quantity>63</quantity>
	 	 </request>
	 	 <request id="73" node="74">
	 	 	 <quantity>72</quantity>
	 	 </request>
	 	 <request id="74" node="75">
	 	 	 <quantity>77</quantity>
	 	 </request>
	 	 <request id="75" node="76">
	 	 	 <quantity>88</quantity>
	 	 </request>
	 	 <request id="76" node="77">
	 	 	 <quantity>66</quantity>
	 	 </request>
	 	 <request id="77" node="78">
	 	 	 <quantity>100</quantity>
	 	 </request>
	 	 <request id="78" node="79">
	 	 	 <quantity>50</quantity>
	 	 </request>
	 	 <request id="79" node="80">
	 	 	 <quantity>69</quantity>
	 	 </request>
	 	 <request id="80" node="81">
	 	 	 <quantity>78</quantity>
	 	 </request>
	 	 <request id="81" node="82">
	 	 	 <quantity>53</quantity>
	 	 </request>
	 	 <request id="82" node="83">
	 	 	 <quantity>81</quantity>
	 	 </request>
	 	 <request id="83" node="84">
	 	 	 <quantity>59</quantity>
	 	 </request>
	 	 <request id="84" node="85">
	 	 	 <quantity>77</quantity>
	 	 </request>
	 	 <request id="85" node="86">
	 	 	 <quantity>67</quantity>
	 	 </request>
	 	 <request id="86" node="87">
	 	 	 <quantity>77</quantity>
	 	 </request>
	 	 <request id="87" node="88">
	 	 	 <quantity>74</quantity>
	 	 </request>
	 	 <request id="88" node="89">
	 	 	 <quantity>88</quantity>
	 	 </request>
	 	 <request id="89" node="90">
	 	 	 <quantity>78</quantity>
	 	 </request>
	 	 <request id="90" node="91">
	 	 	 <quantity>78</quantity>
	 	 </request>
	 	 <request id="91" node="92">
	 	 	 <quantity>84</quantity>
	 	 </request>
	 	 <request id="92" node="93">
	 	 	 <quantity>83</quantity>
	 	 </request>
	 	 <request id="93" node="94">
	 	 	 <quantity>86</quantity>
	 	 </request>
	 	 <request id="94" node="95">
	 	 	 <quantity>88</quantity>
	 	 </request>
	 	 <request id="95" node="96">
	 	 	 <quantity>71</quantity>
	 	 </request>
	 	 <request id="96" node="97">
	 	 	 <quantity>90</quantity>
	 	 </request>
	 	 <request id="97" node="98">
	 	 	 <quantity>73</quantity>
	 	 </request>
	 	 <request id="98" node="99">
	 	 	 <quantity>60</quantity>
	 	 </request>
	 	 <request id="99" node="100">
	 	 	 <quantity>59</quantity>
	 	 </request>
	 	 <request id="100" node="101">
	 	 	 <quantity>65</quantity>
	 	 </request>
	 	 <request id="101" node="102">
	 	 	 <quantity>87</quantity>
	 	 </request>
	 	 <request id="102" node="103">
	 	 	 <quantity>59</quantity>
	 	 </request>
	 	 <request id="103" node="104">
	 	 	 <quantity>51</quantity>
	 	 </request>
	 	 <request id="104" node="105">
	 	 	 <quantity>79</quantity>
	 	 </request>
	 	 <request id="105" node="106">
	 	 	 <quantity>83</quantity>
	 	 </request>
	 	 <request id="106" node="107">
	 	 	 <quantity>71</quantity>
	 	 </request>
	 	 <request id="107" node="108">
	 	 	 <quantity>81</quantity>
	 	 </request>
	 	 <request id="108" node="109">
	 	 	 <quantity>63</quantity>
	 	 </request>
	 	 <request id="109" node="110">
	 	 	 <quantity>83</quantity>
	 	 </request>
	 	 <request id="110" node="111">
	 	 	 <quantity>84</quantity>
	 	 </request>
	 	 <request id="111" node="112">
	 	 	 <quantity>71</quantity>
	 	 </request>
	 	 <request id="112" node="113">
	 	 	 <quantity>69</quantity>
	 	 </request>
	 	 <request id="113" node="114">
	 	 	 <quantity>93</quantity>
	 	 </request>
	 	 <request id="114" node="115">
	 	 	 <quantity>80</quantity>
	 	 </request>
	 	 <request id="115" node="116">
	 	 	 <quantity>67</quantity>
	 	 </request>
	 	 <request id="116" node="117">
	 	 	 <quantity>95</quantity>
	 	 </request>
	 	 <request id="117" node="118">
	 	 	 <quantity>88</quantity>
	 	 </request>
	 	 <request id="118" node="119">
	 	 	 <quantity>89</quantity>
	 	 </request>
	 	 <request id="119" node="120">
	 	 	 <quantity>68</quantity>
	 	 </request>
	 	 <request id="120" node="121">
	 	 	 <quantity>67</quantity>
	 	 </request>
	 	 <request id="121" node="122">
	 	 	 <quantity>54</quantity>
	 	 </request>
	 	 <request id="122" node="123">
	 	 	 <quantity>54</quantity>
	 	 </request>
	 	 <request id="123" node="124">
	 	 	 <quantity>84</quantity>
	 	 </request>
	 	 <request id="124" node="125">
	 	 	 <quantity>88</quantity>
	 	 </request>
	 	 <request id="125" node="126">
	 	 	 <quantity>98</quantity>
	 	 </request>
	 	 <request id="126" node="127">
	 	 	 <quantity>66</quantity>
	 	 </request>
	 	 <request id="127" node="128">
	 	 	 <quantity>94</quantity>
	 	 </request>
	 	 <request id="128" node="129">
	 	 	 <quantity>100</quantity>
	 	 </request>
	 	 <request id="129" node="130">
	 	 	 <quantity>61</quantity>
	 	 </request>
	 	 <request id="130" node="131">
	 	 	 <quantity>93</quantity>
	 	 </request>
	 	 <request id="131" node="132">
	 	 	 <quantity>71</quantity>
	 	 </request>
	 	 <request id="132" node="133">
	 	 	 <quantity>51</quantity>
	 	 </request>
	 	 <request id="133" node="134">
	 	 	 <quantity>59</quantity>
	 	 </request>
	 	 <request id="134" node="135">
	 	 	 <quantity>96</quantity>
	 	 </request>
	 	 <request id="135" node="136">
	 	 	 <quantity>79</quantity>
	 	 </request>
	 	 <request id="136" node="137">
	 	 	 <quantity>90</quantity>
	 	 </request>
	 	 <request id="137" node="138">
	 	 	 <quantity>73</quantity>
	 	 </request>
	 	 <request id="138" node="139">
	 	 	 <quantity>90</quantity>
	 	 </request>
	 	 <request id="139" node="140">
	 	 	 <quantity>64</quantity>
	 	 </request>
	 	 <request id="140" node="141">
	 	 	 <quantity>51</quantity>
	 	 </request>
	 	 <request id="141" node="142">
	 	 	 <quantity>51</quantity>
	 	 </request>
	 	 <request id="142" node="143">
	 	 	 <quantity>72</quantity>
	 	 </request>
	 	 <request id="143" node="144">
	 	 	 <quantity>71</quantity>
	 	 </request>
	 	 <request id="144" node="145">
	 	 	 <quantity>78</quantity>
	 	 </request>
	 	 <request id="145" node="146">
	 	 	 <quantity>90</quantity>
	 	 </request>
	 	 <request id="146" node="147">
	 	 	 <quantity>66</quantity>
	 	 </request>
	 	 <request id="147" node="148">
	 	 	 <quantity>71</quantity>
	 	 </request>
	 	 <request id="148" node="149">
	 	 	 <quantity>86</quantity>
	 	 </request>
	 	 <request id="149" node="150">
	 	 	 <quantity>54</quantity>
	 	 </request>
	 	 <request id="150" node="151">
	 	 	 <quantity>76</quantity>
	 	 </request>
	 	 <request id="151" node="152">
	 	 	 <quantity>99</quantity>
	 	 </request>
	 	 <request id="152" node="153">
	 	 	 <quantity>50</quantity>
	 	 </request>
	 	 <request id="153" node="154">
	 	 	 <quantity>80</quantity>
	 	 </request>
	 	 <request id="154" node="155">
	 	 	 <quantity>98</quantity>
	 	 </request>
	 	 <request id="155" node="156">
	 	 	 <quantity>50</quantity>
	 	 </request>
	 	 <request id="156" node="157">
	 	 	 <quantity>58</quantity>
	 	 </request>
	 	 <request id="157" node="158">
	 	 	 <quantity>78</quantity>
	 	 </request>
	 	 <request id="158" node="159">
	 	 	 <quantity>52</quantity>
	 	 </request>
	 	 <request id="159" node="160">
	 	 	 <quantity>52</quantity>
	 	 </request>
	 	 <request id="160" node="161">
	 	 	 <quantity>63</quantity>
	 	 </request>
	 	 <request id="161" node="162">
	 	 	 <quantity>51</quantity>
	 	 </request>
	 	 <request id="162" node="163">
	 	 	 <quantity>80</quantity>
	 	 </request>
	 	 <request id="163" node="164">
	 	 	 <quantity>81</quantity>
	 	 </request>
	 	 <request id="164" node="165">
	 	 	 <quantity>58</quantity>
	 	 </request>
	 	 <request id="165" node="166">
	 	 	 <quantity>86</quantity>
	 	 </request>
	 	 <request id="166" node="167">
	 	 	 <quantity>86</quantity>
	 	 </request>
	 	 <request id="167" node="168">
	 	 	 <quantity>56</quantity>
	 	 </request>
	 	 <request id="168" node="169">
	 	 	 <quantity>64</quantity>
	 	 </request>
	 	 <request id="169" node="170">
	 	 	 <quantity>81</quantity>
	 	 </request>
	 	 <request id="170" node="171">
	 	 	 <quantity>64</quantity>
	 	 </request>
	 	 <request id="171" node="172">
	 	 	 <quantity>89</quantity>
	 	 </request>
	 	 <request id="172" node="173">
	 	 	 <quantity>78</quantity>
	 	 </request>
	 	 <request id="173" node="174">
	 	 	 <quantity>71</quantity>
	 	 </request>
	 	 <request id="174" node="175">
	 	 	 <quantity>72</quantity>
	 	 </request>
	 	 <request id="175" node="176">
	 	 	 <quantity>96</quantity>
	 	 </request>
	 	 <request id="176" node="177">
	 	 	 <quantity>75</quantity>
	 	 </request>
	 	 <request id="177" node="178">
	 	 	 <quantity>84</quantity>
	 	 </request>
	 	 <request id="178" node="179">
	 	 	 <quantity>75</quantity>
	 	 </request>
	 	 <request id="179" node="180">
	 	 	 <quantity>74</quantity>
	 	 </request>
	 	 <request id="180" node="181">
	 	 	 <quantity>94</quantity>
	 	 </request>
	 	 <request id="181" node="182">
	 	 	 <quantity>80</quantity>
	 	 </request>
	 	 <request id="182" node="183">
	 	 	 <quantity>97</quantity>
	 	 </request>
	 	 <request id="183" node="184">
	 	 	 <quantity>92</quantity>
	 	 </request>
	 	 <request id="184" node="185">
	 	 	 <quantity>59</quantity>
	 	 </request>
	 	 <request id="185" node="186">
	 	 	 <quantity>94</quantity>
	 	 </request>
	 	 <request id="186" node="187">
	 	 	 <quantity>88</quantity>
	 	 </request>
	 	 <request id="187" node="188">
	 	 	 <quantity>85</quantity>
	 	 </request>
	 	 <request id="188" node="189">
	 	 	 <quantity>89</quantity>
	 	 </request>
	 	 <request id="189" node="190">
	 	 	 <quantity>90</quantity>
	 	 </request>
	 	 <request id="190" node="191">
	 	 	 <quantity>56</quantity>
	 	 </request>
	 	 <request id="191" node="192">
	 	 	 <quantity>74</quantity>
	 	 </request>
	 	 <request id="192" node="193">
	 	 	 <quantity>100</quantity>
	 	 </request>
	 	 <request id="193" node="194">
	 	 	 <quantity>84</quantity>
	 	 </request>
	 	 <request id="194" node="195">
	 	 	 <quantity>55</quantity>
	 	 </request>
	 	 <request id="195" node="196">
	 	 	 <quantity>90</quantity>
	 	 </request>
	 	 <request id="196" node="197">
	 	 	 <quantity>79</quantity>
	 	 </request>
	 	 <request id="197" node="198">
	 	 	 <quantity>78</quantity>
	 	 </request>
	 	 <request id="198" node="199">
	 	 	 <quantity>89</quantity>
	 	 </request>
	 	 <request id="199" node="200">
	 	 	 <quantity>58</quantity>
	 	 </request>
	 	 <request id="200" node="201">
	 	 	 <quantity>74</quantity>
	 	 </request>
	 	 <request id="201" node="202">
	 	 	 <quantity>97</quantity>
	 	 </request>
	 	 <request id="202" node="203">
	 	 	 <quantity>79</quantity>
	 	 </request>
	 	 <request id="203" node="204">
	 	 	 <quantity>57</quantity>
	 	 </request>
	 	 <request id="204" node="205">
	 	 	 <quantity>87</quantity>
	 	 </request>
	 	 <request id="205" node="206">
	 	 	 <quantity>53</quantity>
	 	 </request>
	 	 <request id="206" node="207">
	 	 	 <quantity>94</quantity>
	 	 </request>
	 	 <request id="207" node="208">
	 	 	 <quantity>71</quantity>
	 	 </request>
	 	 <request id="208" node="209">
	 	 	 <quantity>82</quantity>
	 	 </request>
	 	 <request id="209" node="210">
	 	 	 <quantity>64</quantity>
	 	 </request>
	 	 <request id="210" node="211">
	 	 	 <quantity>88</quantity>
	 	 </request>
	 	 <request id="211" node="212">
	 	 	 <quantity>77</quantity>
	 	 </request>
	 	 <request id="212" node="213">
	 	 	 <quantity>64</quantity>
	 	 </request>
	 	 <request id="213" node="214">
	 	 	 <quantity>80</quantity>
	 	 </request>
	 	 <request id="214" node="215">
	 	 	 <quantity>58</quantity>
	 	 </request>
	 	 <request id="215" node="216">
	 	 	 <quantity>73</quantity>
	 	 </request>
	 	 <request id="216" node="217">
	 	 	 <quantity>63</quantity>
	 	 </request>
	 	 <request id="217" node="218">
	 	 	 <quantity>84</quantity>
	 	 </request>
	 	 <request id="218" node="219">
	 	 	 <quantity>60</quantity>
	 	 </request>
	 	 <request id="219" node="220">
	 	 	 <quantity>88</quantity>
	 	 </request>
	 	 <request id="220" node="221">
	 	 	 <quantity>75</quantity>
	 	 </request>
	 	 <request id="221" node="222">
	 	 	 <quantity>98</quantity>
	 	 </request>
	 	 <request id="222" node="223">
	 	 	 <quantity>84</quantity>
	 	 </request>
	 	 <request id="223" node="224">
	 	 	 <quantity>86</quantity>
	 	 </request>
	 	 <request id="224" node="225">
	 	 	 <quantity>80</quantity>
	 	 </request>
	 	 <request id="225" node="226">
	 	 	 <quantity>98</quantity>
	 	 </request>
	 	 <request id="226" node="227">
	 	 	 <quantity>50</quantity>
	 	 </request>
	 	 <request id="227" node="228">
	 	 	 <quantity>99</quantity>
	 	 </request>
	 	 <request id="228" node="229">
	 	 	 <quantity>61</quantity>
	 	 </request>
	 	 <request id="229" node="230">
	 	 	 <quantity>50</quantity>
	 	 </request>
	 	 <request id="230" node="231">
	 	 	 <quantity>61</quantity>
	 	 </request>
	 	 <request id="231" node="232">
	 	 	 <quantity>64</quantity>
	 	 </request>
	 	 <request id="232" node="233">
	 	 	 <quantity>90</quantity>
	 	 </request>
	 	 <request id="233" node="234">
	 	 	 <quantity>59</quantity>
	 	 </request>
	 	 <request id="234" node="235">
	 	 	 <quantity>66</quantity>
	 	 </request>
	 	 <request id="235" node="236">
	 	 	 <quantity>70</quantity>
	 	 </request>
	 	 <request id="236" node="237">
	 	 	 <quantity>73</quantity>
	 	 </request>
	 	 <request id="237" node="238">
	 	 	 <quantity>65</quantity>
	 	 </request>
	 	 <request id="238" node="239">
	 	 	 <quantity>93</quantity>
	 	 </request>
	 	 <request id="239" node="240">
	 	 	 <quantity>75</quantity>
	 	 </request>
	 	 <request id="240" node="241">
	 	 	 <quantity>67</quantity>
	 	 </request>
	 	 <request id="241" node="242">
	 	 	 <quantity>69</quantity>
	 	 </request>
	 	 <request id="242" node="243">
	 	 	 <quantity>87</quantity>
	 	 </request>
	 	 <request id="243" node="244">
	 	 	 <quantity>81</quantity>
	 	 </request>
	 	 <request id="244" node="245">
	 	 	 <quantity>94</quantity>
	 	 </request>
	 	 <request id="245" node="246">
	 	 	 <quantity>67</quantity>
	 	 </request>
	 	 <request id="246" node="247">
	 	 	 <quantity>69</quantity>
	 	 </request>
	 	 <request id="247" node="248">
	 	 	 <quantity>71</quantity>
	 	 </request>
	 	 <request id="248" node="249">
	 	 	 <quantity>82</quantity>
	 	 </request>
	 	 <request id="249" node="250">
	 	 	 <quantity>91</quantity>
	 	 </request>
	 	 <request id="250" node="251">
	 	 	 <quantity>96</quantity>
	 	 </request>
	 	 <request id="251" node="252">
	 	 	 <quantity>61</quantity>
	 	 </request>
	 	 <request id="252" node="253">
	 	 	 <quantity>62</quantity>
	 	 </request>
	 	 <request id="253" node="254">
	 	 	 <quantity>65</quantity>
	 	 </request>
	 	 <request id="254" node="255">
	 	 	 <quantity>95</quantity>
	 	 </request>
	 	 <request id="255" node="256">
	 	 	 <quantity>63</quantity>
	 	 </request>
	 	 <request id="256" node="257">
	 	 	 <quantity>75</quantity>
	 	 </request>
	 	 <request id="257" node="258">
	 	 	 <quantity>80</quantity>
	 	 </request>
	 	 <request id="258" node="259">
	 	 	 <quantity>100</quantity>
	 	 </request>
	 	 <request id="259" node="260">
	 	 	 <quantity>60</quantity>
	 	 </request>
	 	 <request id="260" node="261">
	 	 	 <quantity>100</quantity>
	 	 </request>
	 	 <request id="261" node="262">
	 	 	 <quantity>69</quantity>
	 	 </request>
	 	 <request id="262" node="263">
	 	 	 <quantity>62</quantity>
	 	 </request>
	 	 <request id="263" node="264">
	 	 	 <quantity>98</quantity>
	 	 </request>
	 	 <request id="264" node="265">
	 	 	 <quantity>81</quantity>
	 	 </request>
	 	 <request id="265" node="266">
	 	 	 <quantity>58</quantity>
	 	 </request>
	 	 <request id="266" node="267">
	 	 	 <quantity>58</quantity>
	 	 </request>
	 	 <request id="267" node="268">
	 	 	 <quantity>79</quantity>
	 	 </request>
	 	 <request id="268" node="269">
	 	 	 <quantity>84</quantity>
	 	 </request>
	 	 <request id="269" node="270">
	 	 	 <quantity>68</quantity>
	 	 </request>
	 	 <request id="270" node="271">
	 	 	 <quantity>78</quantity>
	 	 </request>
	 	 <request id="271" node="272">
	 	 	 <quantity>83</quantity>
	 	 </request>
	 	 <request id="272" node="273">
	 	 	 <quantity>51</quantity>
	 	 </request>
	 	 <request id="273" node="274">
	 	 	 <quantity>89</quantity>
	 	 </request>
	 	 <request id="274" node="275">
	 	 	 <quantity>56</quantity>
	 	 </request>
	 	 <request id="275" node="276">
	 	 	 <quantity>88</quantity>
	 	 </request>
	 	 <request id="276" node="277">
	 	 	 <quantity>77</quantity>
	 	 </request>
	 	 <request id="277" node="278">
	 	 	 <quantity>57</quantity>
	 	 </request>
	 	 <request id="278" node="279">
	 	 	 <quantity>86</quantity>
	 	 </request>
	 	 <request id="279" node="280">
	 	 	 <quantity>60</quantity>
	 	 </request>
	 	 <request id="280" node="281">
	 	 	 <quantity>87</quantity>
	 	 </request>
	 	 <request id="281" node="282">
	 	 	 <quantity>53</quantity>
	 	 </request>
	 	 <request id="282" node="283">
	 	 	 <quantity>78</quantity>
	 	 </request>
	 	 <request id="283" node="284">
	 	 	 <quantity>56</quantity>
	 	 </request>
	 	 <request id="284" node="285">
	 	 	 <quantity>95</quantity>
	 	 </request>
	 	 <request id="285" node="286">
	 	 	 <quantity>57</quantity>
	 	 </request>
	 	 <request id="286" node="287">
	 	 	 <quantity>95</quantity>
	 	 </request>
	 	 <request id="287" node="288">
	 	 	 <quantity>83</quantity>
	 	 </request>
	 	 <request id="288" node="289">
	 	 	 <quantity>55</quantity>
	 	 </request>
	 	 <request id="289" node="290">
	 	 	 <quantity>71</quantity>
	 	 </request>
	 	 <request id="290" node="291">
	 	 	 <quantity>86</quantity>
	 	 </request>
	 	 <request id="291" node="292">
	 	 	 <quantity>76</quantity>
	 	 </request>
	 	 <request id="292" node="293">
	 	 	 <quantity>89</quantity>
	 	 </request>
	 	 <request id="293" node="294">
	 	 	 <quantity>96</quantity>
	 	 </request>
	 	 <request id="294" node="295">
	 	 	 <quantity>99</quantity>
	 	 </request>
	 	 <request id="295" node="296">
	 	 	 <quantity>88</quantity>
	 	 </request>
	 	 <request id="296" node="297">
	 	 	 <quantity>67</quantity>
	 	 </request>
	 	 <request id="297" node="298">
	 	 	 <quantity>81</quantity>
	 	 </request>
	 	 <request id="298" node="299">
	 	 	 <quantity>90</quantity>
	 	 </request>
	 	 <request id="299" node="300">
	 	 	 <quantity>87</quantity>
	 	 </request>
	 	 <request id="300" node="301">
	 	 	 <quantity>63</quantity>
	 	 </request>
	 	 <request id="301" node="302">
	 	 	 <quantity>78</quantity>
	 	 </request>
	 	 <request id="302" node="303">
	 	 	 <quantity>57</quantity>
	 	 </request>
	 	 <request id="303" node="304">
	 	 	 <quantity>72</quantity>
	 	 </request>
	 	 <request id="304" node="305">
	 	 	 <quantity>56</quantity>
	 	 </request>
	 	 <request id="305" node="306">
	 	 	 <quantity>62</quantity>
	 	 </request>
	 	 <request id="306" node="307">
	 	 	 <quantity>79</quantity>
	 	 </request>
	 	 <request id="307" node="308">
	 	 	 <quantity>100</quantity>
	 	 </request>
	 	 <request id="308" node="309">
	 	 	 <quantity>58</quantity>
	 	 </request>
	 	 <request id="309" node="310">
	 	 	 <quantity>62</quantity>
	 	 </request>
	 	 <request id="310" node="311">
	 	 	 <quantity>68</quantity>
	 	 </request>
	 	 <request id="311" node="312">
	 	 	 <quantity>69</quantity>
	 	 </request>
	 	 <request id="312" node="313">
	 	 	 <quantity>99</quantity>
	 	 </request>
	 	 <request id="313" node="314">
	 	 	 <quantity>59</quantity>
	 	 </request>
	 	 <request id="314" node="315">
	 	 	 <quantity>91</quantity>
	 	 </request>
	 	 <request id="315" node="316">
	 	 	 <quantity>76</quantity>
	 	 </request>
	 	 <request id="316" node="317">
	 	 	 <quantity>69</quantity>
	 	 </request>
	 	 <request id="317" node="318">
	 	 	 <quantity>88</quantity>
	 	 </request>
	 	 <request id="318" node="319">
	 	 	 <quantity>92</quantity>
	 	 </request>
	 	 <request id="319" node="320">
	 	 	 <quantity>72</quantity>
	 	 </request>
	 	 <request id="320" node="321">
	 	 	 <quantity>90</quantity>
	 	 </request>
	 	 <request id="321" node="322">
	 	 	 <quantity>60</quantity>
	 	 </request>
	 	 <request id="322" node="323">
	 	 	 <quantity>90</quantity>
	 	 </request>
	 	 <request id="323" node="324">
	 	 	 <quantity>97</quantity>
	 	 </request>
	 	 <request id="324" node="325">
	 	 	 <quantity>74</quantity>
	 	 </request>
	 	 <request id="325" node="326">
	 	 	 <quantity>97</quantity>
	 	 </request>
	 	 <request id="326" node="327">
	 	 	 <quantity>78</quantity>
	 	 </request>
	 	 <request id="327" node="328">
	 	 	 <quantity>59</quantity>
	 	 </request>
	 	 <request id="328" node="329">
	 	 	 <quantity>70</quantity>
	 	 </request>
	 	 <request id="329" node="330">
	 	 	 <quantity>68</quantity>
	 	 </request>
	 	 <request id="330" node="331">
	 	 	 <quantity>92</quantity>
	 	 </request>
	 	 <request id="331" node="332">
	 	 	 <quantity>93</quantity>
	 	 </request>
	 	 <request id="332" node="333">
	 	 	 <quantity>56</quantity>
	 	 </request>
	 	 <request id="333" node="334">
	 	 	 <quantity>58</quantity>
	 	 </request>
	 	 <request id="334" node="335">
	 	 	 <quantity>88</quantity>
	 	 </request>
	 	 <request id="335" node="336">
	 	 	 <quantity>68</quantity>
	 	 </request>
	 	 <request id="336" node="337">
	 	 	 <quantity>50</quantity>
	 	 </request>
	 	 <request id="337" node="338">
	 	 	 <quantity>77</quantity>
	 	 </request>
	 	 <request id="338" node="339">
	 	 	 <quantity>86</quantity>
	 	 </request>
	 	 <request id="339" node="340">
	 	 	 <quantity>67</quantity>
	 	 </request>
	 	 <request id="340" node="341">
	 	 	 <quantity>84</quantity>
	 	 </request>
	 	 <request id="341" node="342">
	 	 	 <quantity>99</quantity>
	 	 </request>
	 	 <request id="342" node="343">
	 	 	 <quantity>72</quantity>
	 	 </request>
	 	 <request id="343" node="344">
	 	 	 <quantity>73</quantity>
	 	 </request>
	 	 <request id="344" node="345">
	 	 	 <quantity>86</quantity>
	 	 </request>
	 	 <request id="345" node="346">
	 	 	 <quantity>100</quantity>
	 	 </request>
	 	 <request id="346" node="347">
	 	 	 <quantity>65</quantity>
	 	 </request>
	 	 <request id="347" node="348">
	 	 	 <quantity>70</quantity>
	 	 </request>
	 	 <request id="348" node="349">
	 	 	 <quantity>81</quantity>
	 	 </request>
	 	 <request id="349" node="350">
	 	 	 <quantity>71</quantity>
	 	 </request>
	 	 <request id="350" node="351">
	 	 	 <quantity>96</quantity>
	 	 </request>
	 	 <request id="351" node="352">
	 	 	 <quantity>57</quantity>
	 	 </request>
	 	 <request id="352" node="353">
	 	 	 <quantity>100</quantity>
	 	 </request>
	 	 <request id="353" node="354">
	 	 	 <quantity>87</quantity>
	 	 </request>
	 	 <request id="354" node="355">
	 	 	 <quantity>97</quantity>
	 	 </request>
	 	 <request id="355" node="356">
	 	 	 <quantity>74</quantity>
	 	 </request>
	 	 <request id="356" node="357">
	 	 	 <quantity>51</quantity>
	 	 </request>
	 	 <request id="357" node="358">
	 	 	 <quantity>83</quantity>
	 	 </request>
	 	 <request id="358" node="359">
	 	 	 <quantity>58</quantity>
	 	 </request>
	 	 <request id="359" node="360">
	 	 	 <quantity>90</quantity>
	 	 </request>
	 	 <request id="360" node="361">
	 	 	 <quantity>59</quantity>
	 	 </request>
	 	 <request id="361" node="362">
	 	 	 <quantity>57</quantity>
	 	 </request>
	 	 <request id="362" node="363">
	 	 	 <quantity>98</quantity>
	 	 </request>
	 	 <request id="363" node="364">
	 	 	 <quantity>50</quantity>
	 	 </request>
	 	 <request id="364" node="365">
	 	 	 <quantity>59</quantity>
	 	 </request>
	 	 <request id="365" node="366">
	 	 	 <quantity>72</quantity>
	 	 </request>
	 	 <request id="366" node="367">
	 	 	 <quantity>78</quantity>
	 	 </request>
	 	 <request id="367" node="368">
	 	 	 <quantity>99</quantity>
	 	 </request>
	 	 <request id="368" node="369">
	 	 	 <quantity>55</quantity>
	 	 </request>
	 	 <request id="369" node="370">
	 	 	 <quantity>74</quantity>
	 	 </request>
	 	 <request id="370" node="371">
	 	 	 <quantity>62</quantity>
	 	 </request>
	 	 <request id="371" node="372">
	 	 	 <quantity>93</quantity>
	 	 </request>
	 	 <request id="372" node="373">
	 	 	 <quantity>100</quantity>
	 	 </request>
	 	 <request id="373" node="374">
	 	 	 <quantity>78</quantity>
	 	 </request>
	 	 <request id="374" node="375">
	 	 	 <quantity>56</quantity>
	 	 </request>
	 	 <request id="375" node="376">
	 	 	 <quantity>100</quantity>
	 	 </request>
	 	 <request id="376" node="377">
	 	 	 <quantity>70</quantity>
	 	 </request>
	 	 <request id="377" node="378">
	 	 	 <quantity>61</quantity>
	 	 </request>
	 	 <request id="378" node="379">
	 	 	 <quantity>85</quantity>
	 	 </request>
	 	 <request id="379" node="380">
	 	 	 <quantity>92</quantity>
	 	 </request>
	 	 <request id="380" node="381">
	 	 	 <quantity>74</quantity>
	 	 </request>
	 	 <request id="381" node="382">
	 	 	 <quantity>70</quantity>
	 	 </request>
	 	 <request id="382" node="383">
	 	 	 <quantity>62</quantity>
	 	 </request>
	 	 <request id="383" node="384">
	 	 	 <quantity>65</quantity>
	 	 </request>
	 </requests>
</instance>
