<?xml version="1.0" encoding="UTF-8" standalone="yes"?>
<instance>
	<info>
	 	<dataset>Uchoa 2014 — Set X</dataset>
	 	<name>X-n344-k43</name>
	</info>
	<network>
	 	<nodes>
	 	 	<node id="1" type="1">
	 	 	 	<cx>500</cx>
	 	 	 	<cy>500</cy>
	 	 	</node>
	 	 	<node id="2" type="1">
	 	 	 	<cx>615</cx>
	 	 	 	<cy>190</cy>
	 	 	</node>
	 	 	<node id="3" type="1">
	 	 	 	<cx>890</cx>
	 	 	 	<cy>200</cy>
	 	 	</node>
	 	 	<node id="4" type="1">
	 	 	 	<cx>983</cx>
	 	 	 	<cy>684</cy>
	 	 	</node>
	 	 	<node id="5" type="1">
	 	 	 	<cx>874</cx>
	 	 	 	<cy>112</cy>
	 	 	</node>
	 	 	<node id="6" type="1">
	 	 	 	<cx>906</cx>
	 	 	 	<cy>186</cy>
	 	 	</node>
	 	 	<node id="7" type="1">
	 	 	 	<cx>801</cx>
	 	 	 	<cy>278</cy>
	 	 	</node>
	 	 	<node id="8" type="1">
	 	 	 	<cx>823</cx>
	 	 	 	<cy>446</cy>
	 	 	</node>
	 	 	<node id="9" type="1">
	 	 	 	<cx>242</cx>
	 	 	 	<cy>544</cy>
	 	 	</node>
	 	 	<node id="10" type="1">
	 	 	 	<cx>505</cx>
	 	 	 	<cy>210</cy>
	 	 	</node>
	 	 	<node id="11" type="1">
	 	 	 	<cx>767</cx>
	 	 	 	<cy>766</cy>
	 	 	</node>
	 	 	<node id="12" type="1">
	 	 	 	<cx>698</cx>
	 	 	 	<cy>305</cy>
	 	 	</node>
	 	 	<node id="13" type="1">
	 	 	 	<cx>707</cx>
	 	 	 	<cy>511</cy>
	 	 	</node>
	 	 	<node id="14" type="1">
	 	 	 	<cx>10</cx>
	 	 	 	<cy>968</cy>
	 	 	</node>
	 	 	<node id="15" type="1">
	 	 	 	<cx>172</cx>
	 	 	 	<cy>13</cy>
	 	 	</node>
	 	 	<node id="16" type="1">
	 	 	 	<cx>57</cx>
	 	 	 	<cy>414</cy>
	 	 	</node>
	 	 	<node id="17" type="1">
	 	 	 	<cx>317</cx>
	 	 	 	<cy>373</cy>
	 	 	</node>
	 	 	<node id="18" type="1">
	 	 	 	<cx>849</cx>
	 	 	 	<cy>680</cy>
	 	 	</node>
	 	 	<node id="19" type="1">
	 	 	 	<cx>854</cx>
	 	 	 	<cy>12</cy>
	 	 	</node>
	 	 	<node id="20" type="1">
	 	 	 	<cx>429</cx>
	 	 	 	<cy>688</cy>
	 	 	</node>
	 	 	<node id="21" type="1">
	 	 	 	<cx>822</cx>
	 	 	 	<cy>378</cy>
	 	 	</node>
	 	 	<node id="22" type="1">
	 	 	 	<cx>774</cx>
	 	 	 	<cy>584</cy>
	 	 	</node>
	 	 	<node id="23" type="1">
	 	 	 	<cx>601</cx>
	 	 	 	<cy>895</cy>
	 	 	</node>
	 	 	<node id="24" type="1">
	 	 	 	<cx>921</cx>
	 	 	 	<cy>309</cy>
	 	 	</node>
	 	 	<node id="25" type="1">
	 	 	 	<cx>176</cx>
	 	 	 	<cy>165</cy>
	 	 	</node>
	 	 	<node id="26" type="1">
	 	 	 	<cx>368</cx>
	 	 	 	<cy>432</cy>
	 	 	</node>
	 	 	<node id="27" type="1">
	 	 	 	<cx>656</cx>
	 	 	 	<cy>430</cy>
	 	 	</node>
	 	 	<node id="28" type="1">
	 	 	 	<cx>715</cx>
	 	 	 	<cy>225</cy>
	 	 	</node>
	 	 	<node id="29" type="1">
	 	 	 	<cx>35</cx>
	 	 	 	<cy>264</cy>
	 	 	</node>
	 	 	<node id="30" type="1">
	 	 	 	<cx>544</cx>
	 	 	 	<cy>994</cy>
	 	 	</node>
	 	 	<node id="31" type="1">
	 	 	 	<cx>214</cx>
	 	 	 	<cy>533</cy>
	 	 	</node>
	 	 	<node id="32" type="1">
	 	 	 	<cx>573</cx>
	 	 	 	<cy>650</cy>
	 	 	</node>
	 	 	<node id="33" type="1">
	 	 	 	<cx>259</cx>
	 	 	 	<cy>595</cy>
	 	 	</node>
	 	 	<node id="34" type="1">
	 	 	 	<cx>38</cx>
	 	 	 	<cy>550</cy>
	 	 	</node>
	 	 	<node id="35" type="1">
	 	 	 	<cx>925</cx>
	 	 	 	<cy>755</cy>
	 	 	</node>
	 	 	<node id="36" type="1">
	 	 	 	<cx>337</cx>
	 	 	 	<cy>562</cy>
	 	 	</node>
	 	 	<node id="37" type="1">
	 	 	 	<cx>412</cx>
	 	 	 	<cy>969</cy>
	 	 	</node>
	 	 	<node id="38" type="1">
	 	 	 	<cx>919</cx>
	 	 	 	<cy>402</cy>
	 	 	</node>
	 	 	<node id="39" type="1">
	 	 	 	<cx>391</cx>
	 	 	 	<cy>792</cy>
	 	 	</node>
	 	 	<node id="40" type="1">
	 	 	 	<cx>424</cx>
	 	 	 	<cy>206</cy>
	 	 	</node>
	 	 	<node id="41" type="1">
	 	 	 	<cx>259</cx>
	 	 	 	<cy>588</cy>
	 	 	</node>
	 	 	<node id="42" type="1">
	 	 	 	<cx>79</cx>
	 	 	 	<cy>364</cy>
	 	 	</node>
	 	 	<node id="43" type="1">
	 	 	 	<cx>667</cx>
	 	 	 	<cy>978</cy>
	 	 	</node>
	 	 	<node id="44" type="1">
	 	 	 	<cx>332</cx>
	 	 	 	<cy>593</cy>
	 	 	</node>
	 	 	<node id="45" type="1">
	 	 	 	<cx>270</cx>
	 	 	 	<cy>544</cy>
	 	 	</node>
	 	 	<node id="46" type="1">
	 	 	 	<cx>745</cx>
	 	 	 	<cy>267</cy>
	 	 	</node>
	 	 	<node id="47" type="1">
	 	 	 	<cx>760</cx>
	 	 	 	<cy>786</cy>
	 	 	</node>
	 	 	<node id="48" type="1">
	 	 	 	<cx>134</cx>
	 	 	 	<cy>998</cy>
	 	 	</node>
	 	 	<node id="49" type="1">
	 	 	 	<cx>117</cx>
	 	 	 	<cy>320</cy>
	 	 	</node>
	 	 	<node id="50" type="1">
	 	 	 	<cx>966</cx>
	 	 	 	<cy>458</cy>
	 	 	</node>
	 	 	<node id="51" type="1">
	 	 	 	<cx>133</cx>
	 	 	 	<cy>334</cy>
	 	 	</node>
	 	 	<node id="52" type="1">
	 	 	 	<cx>986</cx>
	 	 	 	<cy>462</cy>
	 	 	</node>
	 	 	<node id="53" type="1">
	 	 	 	<cx>176</cx>
	 	 	 	<cy>290</cy>
	 	 	</node>
	 	 	<node id="54" type="1">
	 	 	 	<cx>120</cx>
	 	 	 	<cy>296</cy>
	 	 	</node>
	 	 	<node id="55" type="1">
	 	 	 	<cx>201</cx>
	 	 	 	<cy>878</cy>
	 	 	</node>
	 	 	<node id="56" type="1">
	 	 	 	<cx>615</cx>
	 	 	 	<cy>293</cy>
	 	 	</node>
	 	 	<node id="57" type="1">
	 	 	 	<cx>24</cx>
	 	 	 	<cy>217</cy>
	 	 	</node>
	 	 	<node id="58" type="1">
	 	 	 	<cx>418</cx>
	 	 	 	<cy>662</cy>
	 	 	</node>
	 	 	<node id="59" type="1">
	 	 	 	<cx>831</cx>
	 	 	 	<cy>314</cy>
	 	 	</node>
	 	 	<node id="60" type="1">
	 	 	 	<cx>832</cx>
	 	 	 	<cy>564</cy>
	 	 	</node>
	 	 	<node id="61" type="1">
	 	 	 	<cx>945</cx>
	 	 	 	<cy>758</cy>
	 	 	</node>
	 	 	<node id="62" type="1">
	 	 	 	<cx>394</cx>
	 	 	 	<cy>446</cy>
	 	 	</node>
	 	 	<node id="63" type="1">
	 	 	 	<cx>843</cx>
	 	 	 	<cy>680</cy>
	 	 	</node>
	 	 	<node id="64" type="1">
	 	 	 	<cx>24</cx>
	 	 	 	<cy>613</cy>
	 	 	</node>
	 	 	<node id="65" type="1">
	 	 	 	<cx>422</cx>
	 	 	 	<cy>956</cy>
	 	 	</node>
	 	 	<node id="66" type="1">
	 	 	 	<cx>411</cx>
	 	 	 	<cy>58</cy>
	 	 	</node>
	 	 	<node id="67" type="1">
	 	 	 	<cx>512</cx>
	 	 	 	<cy>655</cy>
	 	 	</node>
	 	 	<node id="68" type="1">
	 	 	 	<cx>657</cx>
	 	 	 	<cy>544</cy>
	 	 	</node>
	 	 	<node id="69" type="1">
	 	 	 	<cx>644</cx>
	 	 	 	<cy>748</cy>
	 	 	</node>
	 	 	<node id="70" type="1">
	 	 	 	<cx>162</cx>
	 	 	 	<cy>924</cy>
	 	 	</node>
	 	 	<node id="71" type="1">
	 	 	 	<cx>64</cx>
	 	 	 	<cy>57</cy>
	 	 	</node>
	 	 	<node id="72" type="1">
	 	 	 	<cx>773</cx>
	 	 	 	<cy>727</cy>
	 	 	</node>
	 	 	<node id="73" type="1">
	 	 	 	<cx>1</cx>
	 	 	 	<cy>461</cy>
	 	 	</node>
	 	 	<node id="74" type="1">
	 	 	 	<cx>167</cx>
	 	 	 	<cy>981</cy>
	 	 	</node>
	 	 	<node id="75" type="1">
	 	 	 	<cx>180</cx>
	 	 	 	<cy>346</cy>
	 	 	</node>
	 	 	<node id="76" type="1">
	 	 	 	<cx>495</cx>
	 	 	 	<cy>295</cy>
	 	 	</node>
	 	 	<node id="77" type="1">
	 	 	 	<cx>589</cx>
	 	 	 	<cy>311</cy>
	 	 	</node>
	 	 	<node id="78" type="1">
	 	 	 	<cx>273</cx>
	 	 	 	<cy>186</cy>
	 	 	</node>
	 	 	<node id="79" type="1">
	 	 	 	<cx>493</cx>
	 	 	 	<cy>121</cy>
	 	 	</node>
	 	 	<node id="80" type="1">
	 	 	 	<cx>522</cx>
	 	 	 	<cy>653</cy>
	 	 	</node>
	 	 	<node id="81" type="1">
	 	 	 	<cx>704</cx>
	 	 	 	<cy>909</cy>
	 	 	</node>
	 	 	<node id="82" type="1">
	 	 	 	<cx>157</cx>
	 	 	 	<cy>9</cy>
	 	 	</node>
	 	 	<node id="83" type="1">
	 	 	 	<cx>90</cx>
	 	 	 	<cy>625</cy>
	 	 	</node>
	 	 	<node id="84" type="1">
	 	 	 	<cx>632</cx>
	 	 	 	<cy>964</cy>
	 	 	</node>
	 	 	<node id="85" type="1">
	 	 	 	<cx>347</cx>
	 	 	 	<cy>750</cy>
	 	 	</node>
	 	 	<node id="86" type="1">
	 	 	 	<cx>825</cx>
	 	 	 	<cy>940</cy>
	 	 	</node>
	 	 	<node id="87" type="1">
	 	 	 	<cx>9</cx>
	 	 	 	<cy>237</cy>
	 	 	</node>
	 	 	<node id="88" type="1">
	 	 	 	<cx>181</cx>
	 	 	 	<cy>662</cy>
	 	 	</node>
	 	 	<node id="89" type="1">
	 	 	 	<cx>722</cx>
	 	 	 	<cy>724</cy>
	 	 	</node>
	 	 	<node id="90" type="1">
	 	 	 	<cx>106</cx>
	 	 	 	<cy>978</cy>
	 	 	</node>
	 	 	<node id="91" type="1">
	 	 	 	<cx>746</cx>
	 	 	 	<cy>981</cy>
	 	 	</node>
	 	 	<node id="92" type="1">
	 	 	 	<cx>603</cx>
	 	 	 	<cy>944</cy>
	 	 	</node>
	 	 	<node id="93" type="1">
	 	 	 	<cx>734</cx>
	 	 	 	<cy>612</cy>
	 	 	</node>
	 	 	<node id="94" type="1">
	 	 	 	<cx>163</cx>
	 	 	 	<cy>142</cy>
	 	 	</node>
	 	 	<node id="95" type="1">
	 	 	 	<cx>743</cx>
	 	 	 	<cy>16</cy>
	 	 	</node>
	 	 	<node id="96" type="1">
	 	 	 	<cx>910</cx>
	 	 	 	<cy>272</cy>
	 	 	</node>
	 	 	<node id="97" type="1">
	 	 	 	<cx>495</cx>
	 	 	 	<cy>584</cy>
	 	 	</node>
	 	 	<node id="98" type="1">
	 	 	 	<cx>985</cx>
	 	 	 	<cy>968</cy>
	 	 	</node>
	 	 	<node id="99" type="1">
	 	 	 	<cx>901</cx>
	 	 	 	<cy>149</cy>
	 	 	</node>
	 	 	<node id="100" type="1">
	 	 	 	<cx>192</cx>
	 	 	 	<cy>878</cy>
	 	 	</node>
	 	 	<node id="101" type="1">
	 	 	 	<cx>817</cx>
	 	 	 	<cy>700</cy>
	 	 	</node>
	 	 	<node id="102" type="1">
	 	 	 	<cx>888</cx>
	 	 	 	<cy>1</cy>
	 	 	</node>
	 	 	<node id="103" type="1">
	 	 	 	<cx>70</cx>
	 	 	 	<cy>323</cy>
	 	 	</node>
	 	 	<node id="104" type="1">
	 	 	 	<cx>119</cx>
	 	 	 	<cy>255</cy>
	 	 	</node>
	 	 	<node id="105" type="1">
	 	 	 	<cx>716</cx>
	 	 	 	<cy>413</cy>
	 	 	</node>
	 	 	<node id="106" type="1">
	 	 	 	<cx>17</cx>
	 	 	 	<cy>309</cy>
	 	 	</node>
	 	 	<node id="107" type="1">
	 	 	 	<cx>558</cx>
	 	 	 	<cy>122</cy>
	 	 	</node>
	 	 	<node id="108" type="1">
	 	 	 	<cx>436</cx>
	 	 	 	<cy>663</cy>
	 	 	</node>
	 	 	<node id="109" type="1">
	 	 	 	<cx>912</cx>
	 	 	 	<cy>64</cy>
	 	 	</node>
	 	 	<node id="110" type="1">
	 	 	 	<cx>846</cx>
	 	 	 	<cy>973</cy>
	 	 	</node>
	 	 	<node id="111" type="1">
	 	 	 	<cx>622</cx>
	 	 	 	<cy>271</cy>
	 	 	</node>
	 	 	<node id="112" type="1">
	 	 	 	<cx>469</cx>
	 	 	 	<cy>629</cy>
	 	 	</node>
	 	 	<node id="113" type="1">
	 	 	 	<cx>326</cx>
	 	 	 	<cy>388</cy>
	 	 	</node>
	 	 	<node id="114" type="1">
	 	 	 	<cx>675</cx>
	 	 	 	<cy>587</cy>
	 	 	</node>
	 	 	<node id="115" type="1">
	 	 	 	<cx>974</cx>
	 	 	 	<cy>135</cy>
	 	 	</node>
	 	 	<node id="116" type="1">
	 	 	 	<cx>620</cx>
	 	 	 	<cy>443</cy>
	 	 	</node>
	 	 	<node id="117" type="1">
	 	 	 	<cx>585</cx>
	 	 	 	<cy>6</cy>
	 	 	</node>
	 	 	<node id="118" type="1">
	 	 	 	<cx>134</cx>
	 	 	 	<cy>764</cy>
	 	 	</node>
	 	 	<node id="119" type="1">
	 	 	 	<cx>276</cx>
	 	 	 	<cy>222</cy>
	 	 	</node>
	 	 	<node id="120" type="1">
	 	 	 	<cx>869</cx>
	 	 	 	<cy>663</cy>
	 	 	</node>
	 	 	<node id="121" type="1">
	 	 	 	<cx>517</cx>
	 	 	 	<cy>935</cy>
	 	 	</node>
	 	 	<node id="122" type="1">
	 	 	 	<cx>681</cx>
	 	 	 	<cy>631</cy>
	 	 	</node>
	 	 	<node id="123" type="1">
	 	 	 	<cx>650</cx>
	 	 	 	<cy>679</cy>
	 	 	</node>
	 	 	<node id="124" type="1">
	 	 	 	<cx>277</cx>
	 	 	 	<cy>612</cy>
	 	 	</node>
	 	 	<node id="125" type="1">
	 	 	 	<cx>654</cx>
	 	 	 	<cy>76</cy>
	 	 	</node>
	 	 	<node id="126" type="1">
	 	 	 	<cx>101</cx>
	 	 	 	<cy>332</cy>
	 	 	</node>
	 	 	<node id="127" type="1">
	 	 	 	<cx>162</cx>
	 	 	 	<cy>792</cy>
	 	 	</node>
	 	 	<node id="128" type="1">
	 	 	 	<cx>480</cx>
	 	 	 	<cy>878</cy>
	 	 	</node>
	 	 	<node id="129" type="1">
	 	 	 	<cx>730</cx>
	 	 	 	<cy>728</cy>
	 	 	</node>
	 	 	<node id="130" type="1">
	 	 	 	<cx>8</cx>
	 	 	 	<cy>525</cy>
	 	 	</node>
	 	 	<node id="131" type="1">
	 	 	 	<cx>340</cx>
	 	 	 	<cy>489</cy>
	 	 	</node>
	 	 	<node id="132" type="1">
	 	 	 	<cx>194</cx>
	 	 	 	<cy>815</cy>
	 	 	</node>
	 	 	<node id="133" type="1">
	 	 	 	<cx>183</cx>
	 	 	 	<cy>75</cy>
	 	 	</node>
	 	 	<node id="134" type="1">
	 	 	 	<cx>345</cx>
	 	 	 	<cy>884</cy>
	 	 	</node>
	 	 	<node id="135" type="1">
	 	 	 	<cx>660</cx>
	 	 	 	<cy>841</cy>
	 	 	</node>
	 	 	<node id="136" type="1">
	 	 	 	<cx>712</cx>
	 	 	 	<cy>42</cy>
	 	 	</node>
	 	 	<node id="137" type="1">
	 	 	 	<cx>655</cx>
	 	 	 	<cy>695</cy>
	 	 	</node>
	 	 	<node id="138" type="1">
	 	 	 	<cx>880</cx>
	 	 	 	<cy>600</cy>
	 	 	</node>
	 	 	<node id="139" type="1">
	 	 	 	<cx>50</cx>
	 	 	 	<cy>555</cy>
	 	 	</node>
	 	 	<node id="140" type="1">
	 	 	 	<cx>406</cx>
	 	 	 	<cy>946</cy>
	 	 	</node>
	 	 	<node id="141" type="1">
	 	 	 	<cx>490</cx>
	 	 	 	<cy>53</cy>
	 	 	</node>
	 	 	<node id="142" type="1">
	 	 	 	<cx>712</cx>
	 	 	 	<cy>878</cy>
	 	 	</node>
	 	 	<node id="143" type="1">
	 	 	 	<cx>396</cx>
	 	 	 	<cy>484</cy>
	 	 	</node>
	 	 	<node id="144" type="1">
	 	 	 	<cx>225</cx>
	 	 	 	<cy>176</cy>
	 	 	</node>
	 	 	<node id="145" type="1">
	 	 	 	<cx>235</cx>
	 	 	 	<cy>9</cy>
	 	 	</node>
	 	 	<node id="146" type="1">
	 	 	 	<cx>768</cx>
	 	 	 	<cy>438</cy>
	 	 	</node>
	 	 	<node id="147" type="1">
	 	 	 	<cx>33</cx>
	 	 	 	<cy>116</cy>
	 	 	</node>
	 	 	<node id="148" type="1">
	 	 	 	<cx>197</cx>
	 	 	 	<cy>149</cy>
	 	 	</node>
	 	 	<node id="149" type="1">
	 	 	 	<cx>141</cx>
	 	 	 	<cy>312</cy>
	 	 	</node>
	 	 	<node id="150" type="1">
	 	 	 	<cx>301</cx>
	 	 	 	<cy>18</cy>
	 	 	</node>
	 	 	<node id="151" type="1">
	 	 	 	<cx>251</cx>
	 	 	 	<cy>83</cy>
	 	 	</node>
	 	 	<node id="152" type="1">
	 	 	 	<cx>930</cx>
	 	 	 	<cy>549</cy>
	 	 	</node>
	 	 	<node id="153" type="1">
	 	 	 	<cx>662</cx>
	 	 	 	<cy>99</cy>
	 	 	</node>
	 	 	<node id="154" type="1">
	 	 	 	<cx>394</cx>
	 	 	 	<cy>872</cy>
	 	 	</node>
	 	 	<node id="155" type="1">
	 	 	 	<cx>793</cx>
	 	 	 	<cy>659</cy>
	 	 	</node>
	 	 	<node id="156" type="1">
	 	 	 	<cx>104</cx>
	 	 	 	<cy>821</cy>
	 	 	</node>
	 	 	<node id="157" type="1">
	 	 	 	<cx>953</cx>
	 	 	 	<cy>401</cy>
	 	 	</node>
	 	 	<node id="158" type="1">
	 	 	 	<cx>459</cx>
	 	 	 	<cy>264</cy>
	 	 	</node>
	 	 	<node id="159" type="1">
	 	 	 	<cx>353</cx>
	 	 	 	<cy>254</cy>
	 	 	</node>
	 	 	<node id="160" type="1">
	 	 	 	<cx>986</cx>
	 	 	 	<cy>680</cy>
	 	 	</node>
	 	 	<node id="161" type="1">
	 	 	 	<cx>375</cx>
	 	 	 	<cy>639</cy>
	 	 	</node>
	 	 	<node id="162" type="1">
	 	 	 	<cx>733</cx>
	 	 	 	<cy>982</cy>
	 	 	</node>
	 	 	<node id="163" type="1">
	 	 	 	<cx>82</cx>
	 	 	 	<cy>923</cy>
	 	 	</node>
	 	 	<node id="164" type="1">
	 	 	 	<cx>912</cx>
	 	 	 	<cy>604</cy>
	 	 	</node>
	 	 	<node id="165" type="1">
	 	 	 	<cx>992</cx>
	 	 	 	<cy>123</cy>
	 	 	</node>
	 	 	<node id="166" type="1">
	 	 	 	<cx>784</cx>
	 	 	 	<cy>823</cy>
	 	 	</node>
	 	 	<node id="167" type="1">
	 	 	 	<cx>82</cx>
	 	 	 	<cy>859</cy>
	 	 	</node>
	 	 	<node id="168" type="1">
	 	 	 	<cx>803</cx>
	 	 	 	<cy>338</cy>
	 	 	</node>
	 	 	<node id="169" type="1">
	 	 	 	<cx>67</cx>
	 	 	 	<cy>555</cy>
	 	 	</node>
	 	 	<node id="170" type="1">
	 	 	 	<cx>5</cx>
	 	 	 	<cy>102</cy>
	 	 	</node>
	 	 	<node id="171" type="1">
	 	 	 	<cx>907</cx>
	 	 	 	<cy>896</cy>
	 	 	</node>
	 	 	<node id="172" type="1">
	 	 	 	<cx>654</cx>
	 	 	 	<cy>393</cy>
	 	 	</node>
	 	 	<node id="173" type="1">
	 	 	 	<cx>573</cx>
	 	 	 	<cy>527</cy>
	 	 	</node>
	 	 	<node id="174" type="1">
	 	 	 	<cx>122</cx>
	 	 	 	<cy>150</cy>
	 	 	</node>
	 	 	<node id="175" type="1">
	 	 	 	<cx>65</cx>
	 	 	 	<cy>9</cy>
	 	 	</node>
	 	 	<node id="176" type="1">
	 	 	 	<cx>41</cx>
	 	 	 	<cy>545</cy>
	 	 	</node>
	 	 	<node id="177" type="1">
	 	 	 	<cx>680</cx>
	 	 	 	<cy>22</cy>
	 	 	</node>
	 	 	<node id="178" type="1">
	 	 	 	<cx>685</cx>
	 	 	 	<cy>814</cy>
	 	 	</node>
	 	 	<node id="179" type="1">
	 	 	 	<cx>520</cx>
	 	 	 	<cy>817</cy>
	 	 	</node>
	 	 	<node id="180" type="1">
	 	 	 	<cx>575</cx>
	 	 	 	<cy>872</cy>
	 	 	</node>
	 	 	<node id="181" type="1">
	 	 	 	<cx>232</cx>
	 	 	 	<cy>836</cy>
	 	 	</node>
	 	 	<node id="182" type="1">
	 	 	 	<cx>150</cx>
	 	 	 	<cy>82</cy>
	 	 	</node>
	 	 	<node id="183" type="1">
	 	 	 	<cx>734</cx>
	 	 	 	<cy>779</cy>
	 	 	</node>
	 	 	<node id="184" type="1">
	 	 	 	<cx>555</cx>
	 	 	 	<cy>13</cy>
	 	 	</node>
	 	 	<node id="185" type="1">
	 	 	 	<cx>774</cx>
	 	 	 	<cy>848</cy>
	 	 	</node>
	 	 	<node id="186" type="1">
	 	 	 	<cx>101</cx>
	 	 	 	<cy>440</cy>
	 	 	</node>
	 	 	<node id="187" type="1">
	 	 	 	<cx>44</cx>
	 	 	 	<cy>141</cy>
	 	 	</node>
	 	 	<node id="188" type="1">
	 	 	 	<cx>573</cx>
	 	 	 	<cy>609</cy>
	 	 	</node>
	 	 	<node id="189" type="1">
	 	 	 	<cx>552</cx>
	 	 	 	<cy>463</cy>
	 	 	</node>
	 	 	<node id="190" type="1">
	 	 	 	<cx>436</cx>
	 	 	 	<cy>773</cy>
	 	 	</node>
	 	 	<node id="191" type="1">
	 	 	 	<cx>497</cx>
	 	 	 	<cy>547</cy>
	 	 	</node>
	 	 	<node id="192" type="1">
	 	 	 	<cx>513</cx>
	 	 	 	<cy>861</cy>
	 	 	</node>
	 	 	<node id="193" type="1">
	 	 	 	<cx>767</cx>
	 	 	 	<cy>794</cy>
	 	 	</node>
	 	 	<node id="194" type="1">
	 	 	 	<cx>461</cx>
	 	 	 	<cy>804</cy>
	 	 	</node>
	 	 	<node id="195" type="1">
	 	 	 	<cx>95</cx>
	 	 	 	<cy>192</cy>
	 	 	</node>
	 	 	<node id="196" type="1">
	 	 	 	<cx>236</cx>
	 	 	 	<cy>121</cy>
	 	 	</node>
	 	 	<node id="197" type="1">
	 	 	 	<cx>678</cx>
	 	 	 	<cy>796</cy>
	 	 	</node>
	 	 	<node id="198" type="1">
	 	 	 	<cx>711</cx>
	 	 	 	<cy>637</cy>
	 	 	</node>
	 	 	<node id="199" type="1">
	 	 	 	<cx>687</cx>
	 	 	 	<cy>7</cy>
	 	 	</node>
	 	 	<node id="200" type="1">
	 	 	 	<cx>507</cx>
	 	 	 	<cy>855</cy>
	 	 	</node>
	 	 	<node id="201" type="1">
	 	 	 	<cx>105</cx>
	 	 	 	<cy>82</cy>
	 	 	</node>
	 	 	<node id="202" type="1">
	 	 	 	<cx>550</cx>
	 	 	 	<cy>658</cy>
	 	 	</node>
	 	 	<node id="203" type="1">
	 	 	 	<cx>595</cx>
	 	 	 	<cy>507</cy>
	 	 	</node>
	 	 	<node id="204" type="1">
	 	 	 	<cx>604</cx>
	 	 	 	<cy>726</cy>
	 	 	</node>
	 	 	<node id="205" type="1">
	 	 	 	<cx>745</cx>
	 	 	 	<cy>746</cy>
	 	 	</node>
	 	 	<node id="206" type="1">
	 	 	 	<cx>608</cx>
	 	 	 	<cy>519</cy>
	 	 	</node>
	 	 	<node id="207" type="1">
	 	 	 	<cx>551</cx>
	 	 	 	<cy>750</cy>
	 	 	</node>
	 	 	<node id="208" type="1">
	 	 	 	<cx>439</cx>
	 	 	 	<cy>943</cy>
	 	 	</node>
	 	 	<node id="209" type="1">
	 	 	 	<cx>562</cx>
	 	 	 	<cy>496</cy>
	 	 	</node>
	 	 	<node id="210" type="1">
	 	 	 	<cx>379</cx>
	 	 	 	<cy>464</cy>
	 	 	</node>
	 	 	<node id="211" type="1">
	 	 	 	<cx>618</cx>
	 	 	 	<cy>848</cy>
	 	 	</node>
	 	 	<node id="212" type="1">
	 	 	 	<cx>565</cx>
	 	 	 	<cy>519</cy>
	 	 	</node>
	 	 	<node id="213" type="1">
	 	 	 	<cx>514</cx>
	 	 	 	<cy>548</cy>
	 	 	</node>
	 	 	<node id="214" type="1">
	 	 	 	<cx>512</cx>
	 	 	 	<cy>435</cy>
	 	 	</node>
	 	 	<node id="215" type="1">
	 	 	 	<cx>55</cx>
	 	 	 	<cy>556</cy>
	 	 	</node>
	 	 	<node id="216" type="1">
	 	 	 	<cx>486</cx>
	 	 	 	<cy>762</cy>
	 	 	</node>
	 	 	<node id="217" type="1">
	 	 	 	<cx>42</cx>
	 	 	 	<cy>31</cy>
	 	 	</node>
	 	 	<node id="218" type="1">
	 	 	 	<cx>561</cx>
	 	 	 	<cy>797</cy>
	 	 	</node>
	 	 	<node id="219" type="1">
	 	 	 	<cx>581</cx>
	 	 	 	<cy>510</cy>
	 	 	</node>
	 	 	<node id="220" type="1">
	 	 	 	<cx>586</cx>
	 	 	 	<cy>888</cy>
	 	 	</node>
	 	 	<node id="221" type="1">
	 	 	 	<cx>418</cx>
	 	 	 	<cy>791</cy>
	 	 	</node>
	 	 	<node id="222" type="1">
	 	 	 	<cx>112</cx>
	 	 	 	<cy>157</cy>
	 	 	</node>
	 	 	<node id="223" type="1">
	 	 	 	<cx>136</cx>
	 	 	 	<cy>189</cy>
	 	 	</node>
	 	 	<node id="224" type="1">
	 	 	 	<cx>589</cx>
	 	 	 	<cy>92</cy>
	 	 	</node>
	 	 	<node id="225" type="1">
	 	 	 	<cx>41</cx>
	 	 	 	<cy>501</cy>
	 	 	</node>
	 	 	<node id="226" type="1">
	 	 	 	<cx>383</cx>
	 	 	 	<cy>686</cy>
	 	 	</node>
	 	 	<node id="227" type="1">
	 	 	 	<cx>419</cx>
	 	 	 	<cy>687</cy>
	 	 	</node>
	 	 	<node id="228" type="1">
	 	 	 	<cx>466</cx>
	 	 	 	<cy>837</cy>
	 	 	</node>
	 	 	<node id="229" type="1">
	 	 	 	<cx>144</cx>
	 	 	 	<cy>85</cy>
	 	 	</node>
	 	 	<node id="230" type="1">
	 	 	 	<cx>445</cx>
	 	 	 	<cy>538</cy>
	 	 	</node>
	 	 	<node id="231" type="1">
	 	 	 	<cx>637</cx>
	 	 	 	<cy>46</cy>
	 	 	</node>
	 	 	<node id="232" type="1">
	 	 	 	<cx>219</cx>
	 	 	 	<cy>38</cy>
	 	 	</node>
	 	 	<node id="233" type="1">
	 	 	 	<cx>27</cx>
	 	 	 	<cy>564</cy>
	 	 	</node>
	 	 	<node id="234" type="1">
	 	 	 	<cx>710</cx>
	 	 	 	<cy>875</cy>
	 	 	</node>
	 	 	<node id="235" type="1">
	 	 	 	<cx>58</cx>
	 	 	 	<cy>518</cy>
	 	 	</node>
	 	 	<node id="236" type="1">
	 	 	 	<cx>92</cx>
	 	 	 	<cy>293</cy>
	 	 	</node>
	 	 	<node id="237" type="1">
	 	 	 	<cx>842</cx>
	 	 	 	<cy>895</cy>
	 	 	</node>
	 	 	<node id="238" type="1">
	 	 	 	<cx>731</cx>
	 	 	 	<cy>737</cy>
	 	 	</node>
	 	 	<node id="239" type="1">
	 	 	 	<cx>606</cx>
	 	 	 	<cy>332</cy>
	 	 	</node>
	 	 	<node id="240" type="1">
	 	 	 	<cx>606</cx>
	 	 	 	<cy>704</cy>
	 	 	</node>
	 	 	<node id="241" type="1">
	 	 	 	<cx>789</cx>
	 	 	 	<cy>879</cy>
	 	 	</node>
	 	 	<node id="242" type="1">
	 	 	 	<cx>609</cx>
	 	 	 	<cy>368</cy>
	 	 	</node>
	 	 	<node id="243" type="1">
	 	 	 	<cx>508</cx>
	 	 	 	<cy>818</cy>
	 	 	</node>
	 	 	<node id="244" type="1">
	 	 	 	<cx>72</cx>
	 	 	 	<cy>46</cy>
	 	 	</node>
	 	 	<node id="245" type="1">
	 	 	 	<cx>137</cx>
	 	 	 	<cy>70</cy>
	 	 	</node>
	 	 	<node id="246" type="1">
	 	 	 	<cx>113</cx>
	 	 	 	<cy>113</cy>
	 	 	</node>
	 	 	<node id="247" type="1">
	 	 	 	<cx>41</cx>
	 	 	 	<cy>399</cy>
	 	 	</node>
	 	 	<node id="248" type="1">
	 	 	 	<cx>112</cx>
	 	 	 	<cy>82</cy>
	 	 	</node>
	 	 	<node id="249" type="1">
	 	 	 	<cx>678</cx>
	 	 	 	<cy>743</cy>
	 	 	</node>
	 	 	<node id="250" type="1">
	 	 	 	<cx>214</cx>
	 	 	 	<cy>619</cy>
	 	 	</node>
	 	 	<node id="251" type="1">
	 	 	 	<cx>471</cx>
	 	 	 	<cy>405</cy>
	 	 	</node>
	 	 	<node id="252" type="1">
	 	 	 	<cx>92</cx>
	 	 	 	<cy>163</cy>
	 	 	</node>
	 	 	<node id="253" type="1">
	 	 	 	<cx>804</cx>
	 	 	 	<cy>753</cy>
	 	 	</node>
	 	 	<node id="254" type="1">
	 	 	 	<cx>914</cx>
	 	 	 	<cy>234</cy>
	 	 	</node>
	 	 	<node id="255" type="1">
	 	 	 	<cx>172</cx>
	 	 	 	<cy>328</cy>
	 	 	</node>
	 	 	<node id="256" type="1">
	 	 	 	<cx>129</cx>
	 	 	 	<cy>161</cy>
	 	 	</node>
	 	 	<node id="257" type="1">
	 	 	 	<cx>64</cx>
	 	 	 	<cy>580</cy>
	 	 	</node>
	 	 	<node id="258" type="1">
	 	 	 	<cx>667</cx>
	 	 	 	<cy>727</cy>
	 	 	</node>
	 	 	<node id="259" type="1">
	 	 	 	<cx>496</cx>
	 	 	 	<cy>806</cy>
	 	 	</node>
	 	 	<node id="260" type="1">
	 	 	 	<cx>121</cx>
	 	 	 	<cy>150</cy>
	 	 	</node>
	 	 	<node id="261" type="1">
	 	 	 	<cx>698</cx>
	 	 	 	<cy>50</cy>
	 	 	</node>
	 	 	<node id="262" type="1">
	 	 	 	<cx>613</cx>
	 	 	 	<cy>106</cy>
	 	 	</node>
	 	 	<node id="263" type="1">
	 	 	 	<cx>583</cx>
	 	 	 	<cy>675</cy>
	 	 	</node>
	 	 	<node id="264" type="1">
	 	 	 	<cx>466</cx>
	 	 	 	<cy>675</cy>
	 	 	</node>
	 	 	<node id="265" type="1">
	 	 	 	<cx>313</cx>
	 	 	 	<cy>775</cy>
	 	 	</node>
	 	 	<node id="266" type="1">
	 	 	 	<cx>30</cx>
	 	 	 	<cy>555</cy>
	 	 	</node>
	 	 	<node id="267" type="1">
	 	 	 	<cx>137</cx>
	 	 	 	<cy>266</cy>
	 	 	</node>
	 	 	<node id="268" type="1">
	 	 	 	<cx>668</cx>
	 	 	 	<cy>604</cy>
	 	 	</node>
	 	 	<node id="269" type="1">
	 	 	 	<cx>705</cx>
	 	 	 	<cy>747</cy>
	 	 	</node>
	 	 	<node id="270" type="1">
	 	 	 	<cx>722</cx>
	 	 	 	<cy>981</cy>
	 	 	</node>
	 	 	<node id="271" type="1">
	 	 	 	<cx>649</cx>
	 	 	 	<cy>808</cy>
	 	 	</node>
	 	 	<node id="272" type="1">
	 	 	 	<cx>163</cx>
	 	 	 	<cy>244</cy>
	 	 	</node>
	 	 	<node id="273" type="1">
	 	 	 	<cx>565</cx>
	 	 	 	<cy>370</cy>
	 	 	</node>
	 	 	<node id="274" type="1">
	 	 	 	<cx>499</cx>
	 	 	 	<cy>841</cy>
	 	 	</node>
	 	 	<node id="275" type="1">
	 	 	 	<cx>46</cx>
	 	 	 	<cy>194</cy>
	 	 	</node>
	 	 	<node id="276" type="1">
	 	 	 	<cx>513</cx>
	 	 	 	<cy>530</cy>
	 	 	</node>
	 	 	<node id="277" type="1">
	 	 	 	<cx>638</cx>
	 	 	 	<cy>832</cy>
	 	 	</node>
	 	 	<node id="278" type="1">
	 	 	 	<cx>752</cx>
	 	 	 	<cy>797</cy>
	 	 	</node>
	 	 	<node id="279" type="1">
	 	 	 	<cx>132</cx>
	 	 	 	<cy>16</cy>
	 	 	</node>
	 	 	<node id="280" type="1">
	 	 	 	<cx>570</cx>
	 	 	 	<cy>3</cy>
	 	 	</node>
	 	 	<node id="281" type="1">
	 	 	 	<cx>702</cx>
	 	 	 	<cy>820</cy>
	 	 	</node>
	 	 	<node id="282" type="1">
	 	 	 	<cx>462</cx>
	 	 	 	<cy>689</cy>
	 	 	</node>
	 	 	<node id="283" type="1">
	 	 	 	<cx>426</cx>
	 	 	 	<cy>818</cy>
	 	 	</node>
	 	 	<node id="284" type="1">
	 	 	 	<cx>500</cx>
	 	 	 	<cy>887</cy>
	 	 	</node>
	 	 	<node id="285" type="1">
	 	 	 	<cx>489</cx>
	 	 	 	<cy>725</cy>
	 	 	</node>
	 	 	<node id="286" type="1">
	 	 	 	<cx>198</cx>
	 	 	 	<cy>26</cy>
	 	 	</node>
	 	 	<node id="287" type="1">
	 	 	 	<cx>9</cx>
	 	 	 	<cy>875</cy>
	 	 	</node>
	 	 	<node id="288" type="1">
	 	 	 	<cx>29</cx>
	 	 	 	<cy>588</cy>
	 	 	</node>
	 	 	<node id="289" type="1">
	 	 	 	<cx>640</cx>
	 	 	 	<cy>6</cy>
	 	 	</node>
	 	 	<node id="290" type="1">
	 	 	 	<cx>624</cx>
	 	 	 	<cy>762</cy>
	 	 	</node>
	 	 	<node id="291" type="1">
	 	 	 	<cx>180</cx>
	 	 	 	<cy>262</cy>
	 	 	</node>
	 	 	<node id="292" type="1">
	 	 	 	<cx>843</cx>
	 	 	 	<cy>98</cy>
	 	 	</node>
	 	 	<node id="293" type="1">
	 	 	 	<cx>661</cx>
	 	 	 	<cy>64</cy>
	 	 	</node>
	 	 	<node id="294" type="1">
	 	 	 	<cx>142</cx>
	 	 	 	<cy>149</cy>
	 	 	</node>
	 	 	<node id="295" type="1">
	 	 	 	<cx>748</cx>
	 	 	 	<cy>925</cy>
	 	 	</node>
	 	 	<node id="296" type="1">
	 	 	 	<cx>555</cx>
	 	 	 	<cy>765</cy>
	 	 	</node>
	 	 	<node id="297" type="1">
	 	 	 	<cx>669</cx>
	 	 	 	<cy>393</cy>
	 	 	</node>
	 	 	<node id="298" type="1">
	 	 	 	<cx>54</cx>
	 	 	 	<cy>527</cy>
	 	 	</node>
	 	 	<node id="299" type="1">
	 	 	 	<cx>2</cx>
	 	 	 	<cy>57</cy>
	 	 	</node>
	 	 	<node id="300" type="1">
	 	 	 	<cx>694</cx>
	 	 	 	<cy>679</cy>
	 	 	</node>
	 	 	<node id="301" type="1">
	 	 	 	<cx>641</cx>
	 	 	 	<cy>883</cy>
	 	 	</node>
	 	 	<node id="302" type="1">
	 	 	 	<cx>98</cx>
	 	 	 	<cy>518</cy>
	 	 	</node>
	 	 	<node id="303" type="1">
	 	 	 	<cx>123</cx>
	 	 	 	<cy>564</cy>
	 	 	</node>
	 	 	<node id="304" type="1">
	 	 	 	<cx>920</cx>
	 	 	 	<cy>860</cy>
	 	 	</node>
	 	 	<node id="305" type="1">
	 	 	 	<cx>77</cx>
	 	 	 	<cy>506</cy>
	 	 	</node>
	 	 	<node id="306" type="1">
	 	 	 	<cx>656</cx>
	 	 	 	<cy>17</cy>
	 	 	</node>
	 	 	<node id="307" type="1">
	 	 	 	<cx>377</cx>
	 	 	 	<cy>640</cy>
	 	 	</node>
	 	 	<node id="308" type="1">
	 	 	 	<cx>819</cx>
	 	 	 	<cy>879</cy>
	 	 	</node>
	 	 	<node id="309" type="1">
	 	 	 	<cx>76</cx>
	 	 	 	<cy>94</cy>
	 	 	</node>
	 	 	<node id="310" type="1">
	 	 	 	<cx>117</cx>
	 	 	 	<cy>360</cy>
	 	 	</node>
	 	 	<node id="311" type="1">
	 	 	 	<cx>10</cx>
	 	 	 	<cy>614</cy>
	 	 	</node>
	 	 	<node id="312" type="1">
	 	 	 	<cx>474</cx>
	 	 	 	<cy>845</cy>
	 	 	</node>
	 	 	<node id="313" type="1">
	 	 	 	<cx>702</cx>
	 	 	 	<cy>63</cy>
	 	 	</node>
	 	 	<node id="314" type="1">
	 	 	 	<cx>741</cx>
	 	 	 	<cy>232</cy>
	 	 	</node>
	 	 	<node id="315" type="1">
	 	 	 	<cx>460</cx>
	 	 	 	<cy>792</cy>
	 	 	</node>
	 	 	<node id="316" type="1">
	 	 	 	<cx>689</cx>
	 	 	 	<cy>901</cy>
	 	 	</node>
	 	 	<node id="317" type="1">
	 	 	 	<cx>5</cx>
	 	 	 	<cy>718</cy>
	 	 	</node>
	 	 	<node id="318" type="1">
	 	 	 	<cx>610</cx>
	 	 	 	<cy>765</cy>
	 	 	</node>
	 	 	<node id="319" type="1">
	 	 	 	<cx>677</cx>
	 	 	 	<cy>851</cy>
	 	 	</node>
	 	 	<node id="320" type="1">
	 	 	 	<cx>698</cx>
	 	 	 	<cy>725</cy>
	 	 	</node>
	 	 	<node id="321" type="1">
	 	 	 	<cx>574</cx>
	 	 	 	<cy>13</cy>
	 	 	</node>
	 	 	<node id="322" type="1">
	 	 	 	<cx>87</cx>
	 	 	 	<cy>650</cy>
	 	 	</node>
	 	 	<node id="323" type="1">
	 	 	 	<cx>666</cx>
	 	 	 	<cy>687</cy>
	 	 	</node>
	 	 	<node id="324" type="1">
	 	 	 	<cx>5</cx>
	 	 	 	<cy>190</cy>
	 	 	</node>
	 	 	<node id="325" type="1">
	 	 	 	<cx>103</cx>
	 	 	 	<cy>530</cy>
	 	 	</node>
	 	 	<node id="326" type="1">
	 	 	 	<cx>582</cx>
	 	 	 	<cy>474</cy>
	 	 	</node>
	 	 	<node id="327" type="1">
	 	 	 	<cx>26</cx>
	 	 	 	<cy>148</cy>
	 	 	</node>
	 	 	<node id="328" type="1">
	 	 	 	<cx>539</cx>
	 	 	 	<cy>901</cy>
	 	 	</node>
	 	 	<node id="329" type="1">
	 	 	 	<cx>15</cx>
	 	 	 	<cy>159</cy>
	 	 	</node>
	 	 	<node id="330" type="1">
	 	 	 	<cx>32</cx>
	 	 	 	<cy>1</cy>
	 	 	</node>
	 	 	<node id="331" type="1">
	 	 	 	<cx>158</cx>
	 	 	 	<cy>173</cy>
	 	 	</node>
	 	 	<node id="332" type="1">
	 	 	 	<cx>571</cx>
	 	 	 	<cy>516</cy>
	 	 	</node>
	 	 	<node id="333" type="1">
	 	 	 	<cx>650</cx>
	 	 	 	<cy>658</cy>
	 	 	</node>
	 	 	<node id="334" type="1">
	 	 	 	<cx>161</cx>
	 	 	 	<cy>140</cy>
	 	 	</node>
	 	 	<node id="335" type="1">
	 	 	 	<cx>499</cx>
	 	 	 	<cy>834</cy>
	 	 	</node>
	 	 	<node id="336" type="1">
	 	 	 	<cx>570</cx>
	 	 	 	<cy>682</cy>
	 	 	</node>
	 	 	<node id="337" type="1">
	 	 	 	<cx>139</cx>
	 	 	 	<cy>525</cy>
	 	 	</node>
	 	 	<node id="338" type="1">
	 	 	 	<cx>577</cx>
	 	 	 	<cy>356</cy>
	 	 	</node>
	 	 	<node id="339" type="1">
	 	 	 	<cx>175</cx>
	 	 	 	<cy>121</cy>
	 	 	</node>
	 	 	<node id="340" type="1">
	 	 	 	<cx>698</cx>
	 	 	 	<cy>54</cy>
	 	 	</node>
	 	 	<node id="341" type="1">
	 	 	 	<cx>561</cx>
	 	 	 	<cy>547</cy>
	 	 	</node>
	 	 	<node id="342" type="1">
	 	 	 	<cx>553</cx>
	 	 	 	<cy>546</cy>
	 	 	</node>
	 	 	<node id="343" type="1">
	 	 	 	<cx>671</cx>
	 	 	 	<cy>10</cy>
	 	 	</node>
	 	 	<node id="344" type="1">
	 	 	 	<cx>509</cx>
	 	 	 	<cy>650</cy>
	 	 	</node>
	 	</nodes>
	 	<euclidean/>
	 	<decimals>0</decimals>
	 </network>
	 <fleet>
	 	 <vehicle_profile type="0">
	 	  	 <departure_node>1</departure_node>
	 	  	 <arrival_node>1</arrival_node>
	 	  	 <capacity>61</capacity>
	 	 </vehicle_profile>
	 </fleet>
	 <requests>
	 	 <request id="1" node="2">
	 	 	 <quantity>7</quantity>
	 	 </request>
	 	 <request id="2" node="3">
	 	 	 <quantity>10</quantity>
	 	 </request>
	 	 <request id="3" node="4">
	 	 	 <quantity>7</quantity>
	 	 </request>
	 	 <request id="4" node="5">
	 	 	 <quantity>8</quantity>
	 	 </request>
	 	 <request id="5" node="6">
	 	 	 <quantity>9</quantity>
	 	 </request>
	 	 <request id="6" node="7">
	 	 	 <quantity>8</quantity>
	 	 </request>
	 	 <request id="7" node="8">
	 	 	 <quantity>5</quantity>
	 	 </request>
	 	 <request id="8" node="9">
	 	 	 <quantity>7</quantity>
	 	 </request>
	 	 <request id="9" node="10">
	 	 	 <quantity>7</quantity>
	 	 </request>
	 	 <request id="10" node="11">
	 	 	 <quantity>5</quantity>
	 	 </request>
	 	 <request id="11" node="12">
	 	 	 <quantity>10</quantity>
	 	 </request>
	 	 <request id="12" node="13">
	 	 	 <quantity>8</quantity>
	 	 </request>
	 	 <request id="13" node="14">
	 	 	 <quantity>6</quantity>
	 	 </request>
	 	 <request id="14" node="15">
	 	 	 <quantity>7</quantity>
	 	 </request>
	 	 <request id="15" node="16">
	 	 	 <quantity>7</quantity>
	 	 </request>
	 	 <request id="16" node="17">
	 	 	 <quantity>5</quantity>
	 	 </request>
	 	 <request id="17" node="18">
	 	 	 <quantity>9</quantity>
	 	 </request>
	 	 <request id="18" node="19">
	 	 	 <quantity>10</quantity>
	 	 </request>
	 	 <request id="19" node="20">
	 	 	 <quantity>10</quantity>
	 	 </request>
	 	 <request id="20" node="21">
	 	 	 <quantity>7</quantity>
	 	 </request>
	 	 <request id="21" node="22">
	 	 	 <quantity>5</quantity>
	 	 </request>
	 	 <request id="22" node="23">
	 	 	 <quantity>9</quantity>
	 	 </request>
	 	 <request id="23" node="24">
	 	 	 <quantity>10</quantity>
	 	 </request>
	 	 <request id="24" node="25">
	 	 	 <quantity>10</quantity>
	 	 </request>
	 	 <request id="25" node="26">
	 	 	 <quantity>8</quantity>
	 	 </request>
	 	 <request id="26" node="27">
	 	 	 <quantity>5</quantity>
	 	 </request>
	 	 <request id="27" node="28">
	 	 	 <quantity>9</quantity>
	 	 </request>
	 	 <request id="28" node="29">
	 	 	 <quantity>7</quantity>
	 	 </request>
	 	 <request id="29" node="30">
	 	 	 <quantity>6</quantity>
	 	 </request>
	 	 <request id="30" node="31">
	 	 	 <quantity>8</quantity>
	 	 </request>
	 	 <request id="31" node="32">
	 	 	 <quantity>5</quantity>
	 	 </request>
	 	 <request id="32" node="33">
	 	 	 <quantity>8</quantity>
	 	 </request>
	 	 <request id="33" node="34">
	 	 	 <quantity>7</quantity>
	 	 </request>
	 	 <request id="34" node="35">
	 	 	 <quantity>6</quantity>
	 	 </request>
	 	 <request id="35" node="36">
	 	 	 <quantity>6</quantity>
	 	 </request>
	 	 <request id="36" node="37">
	 	 	 <quantity>10</quantity>
	 	 </request>
	 	 <request id="37" node="38">
	 	 	 <quantity>10</quantity>
	 	 </request>
	 	 <request id="38" node="39">
	 	 	 <quantity>9</quantity>
	 	 </request>
	 	 <request id="39" node="40">
	 	 	 <quantity>6</quantity>
	 	 </request>
	 	 <request id="40" node="41">
	 	 	 <quantity>8</quantity>
	 	 </request>
	 	 <request id="41" node="42">
	 	 	 <quantity>9</quantity>
	 	 </request>
	 	 <request id="42" node="43">
	 	 	 <quantity>9</quantity>
	 	 </request>
	 	 <request id="43" node="44">
	 	 	 <quantity>7</quantity>
	 	 </request>
	 	 <request id="44" node="45">
	 	 	 <quantity>10</quantity>
	 	 </request>
	 	 <request id="45" node="46">
	 	 	 <quantity>5</quantity>
	 	 </request>
	 	 <request id="46" node="47">
	 	 	 <quantity>10</quantity>
	 	 </request>
	 	 <request id="47" node="48">
	 	 	 <quantity>6</quantity>
	 	 </request>
	 	 <request id="48" node="49">
	 	 	 <quantity>5</quantity>
	 	 </request>
	 	 <request id="49" node="50">
	 	 	 <quantity>7</quantity>
	 	 </request>
	 	 <request id="50" node="51">
	 	 	 <quantity>9</quantity>
	 	 </request>
	 	 <request id="51" node="52">
	 	 	 <quantity>10</quantity>
	 	 </request>
	 	 <request id="52" node="53">
	 	 	 <quantity>7</quantity>
	 	 </request>
	 	 <request id="53" node="54">
	 	 	 <quantity>10</quantity>
	 	 </request>
	 	 <request id="54" node="55">
	 	 	 <quantity>5</quantity>
	 	 </request>
	 	 <request id="55" node="56">
	 	 	 <quantity>10</quantity>
	 	 </request>
	 	 <request id="56" node="57">
	 	 	 <quantity>8</quantity>
	 	 </request>
	 	 <request id="57" node="58">
	 	 	 <quantity>9</quantity>
	 	 </request>
	 	 <request id="58" node="59">
	 	 	 <quantity>5</quantity>
	 	 </request>
	 	 <request id="59" node="60">
	 	 	 <quantity>8</quantity>
	 	 </request>
	 	 <request id="60" node="61">
	 	 	 <quantity>10</quantity>
	 	 </request>
	 	 <request id="61" node="62">
	 	 	 <quantity>6</quantity>
	 	 </request>
	 	 <request id="62" node="63">
	 	 	 <quantity>8</quantity>
	 	 </request>
	 	 <request id="63" node="64">
	 	 	 <quantity>5</quantity>
	 	 </request>
	 	 <request id="64" node="65">
	 	 	 <quantity>7</quantity>
	 	 </request>
	 	 <request id="65" node="66">
	 	 	 <quantity>5</quantity>
	 	 </request>
	 	 <request id="66" node="67">
	 	 	 <quantity>5</quantity>
	 	 </request>
	 	 <request id="67" node="68">
	 	 	 <quantity>10</quantity>
	 	 </request>
	 	 <request id="68" node="69">
	 	 	 <quantity>5</quantity>
	 	 </request>
	 	 <request id="69" node="70">
	 	 	 <quantity>8</quantity>
	 	 </request>
	 	 <request id="70" node="71">
	 	 	 <quantity>7</quantity>
	 	 </request>
	 	 <request id="71" node="72">
	 	 	 <quantity>9</quantity>
	 	 </request>
	 	 <request id="72" node="73">
	 	 	 <quantity>5</quantity>
	 	 </request>
	 	 <request id="73" node="74">
	 	 	 <quantity>6</quantity>
	 	 </request>
	 	 <request id="74" node="75">
	 	 	 <quantity>10</quantity>
	 	 </request>
	 	 <request id="75" node="76">
	 	 	 <quantity>6</quantity>
	 	 </request>
	 	 <request id="76" node="77">
	 	 	 <quantity>7</quantity>
	 	 </request>
	 	 <request id="77" node="78">
	 	 	 <quantity>10</quantity>
	 	 </request>
	 	 <request id="78" node="79">
	 	 	 <quantity>10</quantity>
	 	 </request>
	 	 <request id="79" node="80">
	 	 	 <quantity>6</quantity>
	 	 </request>
	 	 <request id="80" node="81">
	 	 	 <quantity>6</quantity>
	 	 </request>
	 	 <request id="81" node="82">
	 	 	 <quantity>10</quantity>
	 	 </request>
	 	 <request id="82" node="83">
	 	 	 <quantity>9</quantity>
	 	 </request>
	 	 <request id="83" node="84">
	 	 	 <quantity>6</quantity>
	 	 </request>
	 	 <request id="84" node="85">
	 	 	 <quantity>10</quantity>
	 	 </request>
	 	 <request id="85" node="86">
	 	 	 <quantity>6</quantity>
	 	 </request>
	 	 <request id="86" node="87">
	 	 	 <quantity>9</quantity>
	 	 </request>
	 	 <request id="87" node="88">
	 	 	 <quantity>10</quantity>
	 	 </request>
	 	 <request id="88" node="89">
	 	 	 <quantity>8</quantity>
	 	 </request>
	 	 <request id="89" node="90">
	 	 	 <quantity>8</quantity>
	 	 </request>
	 	 <request id="90" node="91">
	 	 	 <quantity>9</quantity>
	 	 </request>
	 	 <request id="91" node="92">
	 	 	 <quantity>9</quantity>
	 	 </request>
	 	 <request id="92" node="93">
	 	 	 <quantity>9</quantity>
	 	 </request>
	 	 <request id="93" node="94">
	 	 	 <quantity>10</quantity>
	 	 </request>
	 	 <request id="94" node="95">
	 	 	 <quantity>7</quantity>
	 	 </request>
	 	 <request id="95" node="96">
	 	 	 <quantity>6</quantity>
	 	 </request>
	 	 <request id="96" node="97">
	 	 	 <quantity>9</quantity>
	 	 </request>
	 	 <request id="97" node="98">
	 	 	 <quantity>8</quantity>
	 	 </request>
	 	 <request id="98" node="99">
	 	 	 <quantity>7</quantity>
	 	 </request>
	 	 <request id="99" node="100">
	 	 	 <quantity>6</quantity>
	 	 </request>
	 	 <request id="100" node="101">
	 	 	 <quantity>8</quantity>
	 	 </request>
	 	 <request id="101" node="102">
	 	 	 <quantity>10</quantity>
	 	 </request>
	 	 <request id="102" node="103">
	 	 	 <quantity>7</quantity>
	 	 </request>
	 	 <request id="103" node="104">
	 	 	 <quantity>10</quantity>
	 	 </request>
	 	 <request id="104" node="105">
	 	 	 <quantity>9</quantity>
	 	 </request>
	 	 <request id="105" node="106">
	 	 	 <quantity>8</quantity>
	 	 </request>
	 	 <request id="106" node="107">
	 	 	 <quantity>10</quantity>
	 	 </request>
	 	 <request id="107" node="108">
	 	 	 <quantity>8</quantity>
	 	 </request>
	 	 <request id="108" node="109">
	 	 	 <quantity>6</quantity>
	 	 </request>
	 	 <request id="109" node="110">
	 	 	 <quantity>9</quantity>
	 	 </request>
	 	 <request id="110" node="111">
	 	 	 <quantity>10</quantity>
	 	 </request>
	 	 <request id="111" node="112">
	 	 	 <quantity>9</quantity>
	 	 </request>
	 	 <request id="112" node="113">
	 	 	 <quantity>6</quantity>
	 	 </request>
	 	 <request id="113" node="114">
	 	 	 <quantity>9</quantity>
	 	 </request>
	 	 <request id="114" node="115">
	 	 	 <quantity>8</quantity>
	 	 </request>
	 	 <request id="115" node="116">
	 	 	 <quantity>8</quantity>
	 	 </request>
	 	 <request id="116" node="117">
	 	 	 <quantity>6</quantity>
	 	 </request>
	 	 <request id="117" node="118">
	 	 	 <quantity>7</quantity>
	 	 </request>
	 	 <request id="118" node="119">
	 	 	 <quantity>8</quantity>
	 	 </request>
	 	 <request id="119" node="120">
	 	 	 <quantity>7</quantity>
	 	 </request>
	 	 <request id="120" node="121">
	 	 	 <quantity>8</quantity>
	 	 </request>
	 	 <request id="121" node="122">
	 	 	 <quantity>8</quantity>
	 	 </request>
	 	 <request id="122" node="123">
	 	 	 <quantity>5</quantity>
	 	 </request>
	 	 <request id="123" node="124">
	 	 	 <quantity>6</quantity>
	 	 </request>
	 	 <request id="124" node="125">
	 	 	 <quantity>10</quantity>
	 	 </request>
	 	 <request id="125" node="126">
	 	 	 <quantity>5</quantity>
	 	 </request>
	 	 <request id="126" node="127">
	 	 	 <quantity>7</quantity>
	 	 </request>
	 	 <request id="127" node="128">
	 	 	 <quantity>6</quantity>
	 	 </request>
	 	 <request id="128" node="129">
	 	 	 <quantity>7</quantity>
	 	 </request>
	 	 <request id="129" node="130">
	 	 	 <quantity>5</quantity>
	 	 </request>
	 	 <request id="130" node="131">
	 	 	 <quantity>7</quantity>
	 	 </request>
	 	 <request id="131" node="132">
	 	 	 <quantity>6</quantity>
	 	 </request>
	 	 <request id="132" node="133">
	 	 	 <quantity>7</quantity>
	 	 </request>
	 	 <request id="133" node="134">
	 	 	 <quantity>6</quantity>
	 	 </request>
	 	 <request id="134" node="135">
	 	 	 <quantity>10</quantity>
	 	 </request>
	 	 <request id="135" node="136">
	 	 	 <quantity>6</quantity>
	 	 </request>
	 	 <request id="136" node="137">
	 	 	 <quantity>6</quantity>
	 	 </request>
	 	 <request id="137" node="138">
	 	 	 <quantity>8</quantity>
	 	 </request>
	 	 <request id="138" node="139">
	 	 	 <quantity>7</quantity>
	 	 </request>
	 	 <request id="139" node="140">
	 	 	 <quantity>10</quantity>
	 	 </request>
	 	 <request id="140" node="141">
	 	 	 <quantity>9</quantity>
	 	 </request>
	 	 <request id="141" node="142">
	 	 	 <quantity>10</quantity>
	 	 </request>
	 	 <request id="142" node="143">
	 	 	 <quantity>6</quantity>
	 	 </request>
	 	 <request id="143" node="144">
	 	 	 <quantity>10</quantity>
	 	 </request>
	 	 <request id="144" node="145">
	 	 	 <quantity>5</quantity>
	 	 </request>
	 	 <request id="145" node="146">
	 	 	 <quantity>9</quantity>
	 	 </request>
	 	 <request id="146" node="147">
	 	 	 <quantity>8</quantity>
	 	 </request>
	 	 <request id="147" node="148">
	 	 	 <quantity>5</quantity>
	 	 </request>
	 	 <request id="148" node="149">
	 	 	 <quantity>9</quantity>
	 	 </request>
	 	 <request id="149" node="150">
	 	 	 <quantity>7</quantity>
	 	 </request>
	 	 <request id="150" node="151">
	 	 	 <quantity>9</quantity>
	 	 </request>
	 	 <request id="151" node="152">
	 	 	 <quantity>9</quantity>
	 	 </request>
	 	 <request id="152" node="153">
	 	 	 <quantity>7</quantity>
	 	 </request>
	 	 <request id="153" node="154">
	 	 	 <quantity>6</quantity>
	 	 </request>
	 	 <request id="154" node="155">
	 	 	 <quantity>5</quantity>
	 	 </request>
	 	 <request id="155" node="156">
	 	 	 <quantity>10</quantity>
	 	 </request>
	 	 <request id="156" node="157">
	 	 	 <quantity>5</quantity>
	 	 </request>
	 	 <request id="157" node="158">
	 	 	 <quantity>6</quantity>
	 	 </request>
	 	 <request id="158" node="159">
	 	 	 <quantity>5</quantity>
	 	 </request>
	 	 <request id="159" node="160">
	 	 	 <quantity>5</quantity>
	 	 </request>
	 	 <request id="160" node="161">
	 	 	 <quantity>6</quantity>
	 	 </request>
	 	 <request id="161" node="162">
	 	 	 <quantity>8</quantity>
	 	 </request>
	 	 <request id="162" node="163">
	 	 	 <quantity>10</quantity>
	 	 </request>
	 	 <request id="163" node="164">
	 	 	 <quantity>8</quantity>
	 	 </request>
	 	 <request id="164" node="165">
	 	 	 <quantity>5</quantity>
	 	 </request>
	 	 <request id="165" node="166">
	 	 	 <quantity>7</quantity>
	 	 </request>
	 	 <request id="166" node="167">
	 	 	 <quantity>10</quantity>
	 	 </request>
	 	 <request id="167" node="168">
	 	 	 <quantity>5</quantity>
	 	 </request>
	 	 <request id="168" node="169">
	 	 	 <quantity>8</quantity>
	 	 </request>
	 	 <request id="169" node="170">
	 	 	 <quantity>8</quantity>
	 	 </request>
	 	 <request id="170" node="171">
	 	 	 <quantity>9</quantity>
	 	 </request>
	 	 <request id="171" node="172">
	 	 	 <quantity>7</quantity>
	 	 </request>
	 	 <request id="172" node="173">
	 	 	 <quantity>6</quantity>
	 	 </request>
	 	 <request id="173" node="174">
	 	 	 <quantity>7</quantity>
	 	 </request>
	 	 <request id="174" node="175">
	 	 	 <quantity>9</quantity>
	 	 </request>
	 	 <request id="175" node="176">
	 	 	 <quantity>7</quantity>
	 	 </request>
	 	 <request id="176" node="177">
	 	 	 <quantity>7</quantity>
	 	 </request>
	 	 <request id="177" node="178">
	 	 	 <quantity>7</quantity>
	 	 </request>
	 	 <request id="178" node="179">
	 	 	 <quantity>9</quantity>
	 	 </request>
	 	 <request id="179" node="180">
	 	 	 <quantity>7</quantity>
	 	 </request>
	 	 <request id="180" node="181">
	 	 	 <quantity>8</quantity>
	 	 </request>
	 	 <request id="181" node="182">
	 	 	 <quantity>8</quantity>
	 	 </request>
	 	 <request id="182" node="183">
	 	 	 <quantity>10</quantity>
	 	 </request>
	 	 <request id="183" node="184">
	 	 	 <quantity>6</quantity>
	 	 </request>
	 	 <request id="184" node="185">
	 	 	 <quantity>9</quantity>
	 	 </request>
	 	 <request id="185" node="186">
	 	 	 <quantity>8</quantity>
	 	 </request>
	 	 <request id="186" node="187">
	 	 	 <quantity>10</quantity>
	 	 </request>
	 	 <request id="187" node="188">
	 	 	 <quantity>8</quantity>
	 	 </request>
	 	 <request id="188" node="189">
	 	 	 <quantity>6</quantity>
	 	 </request>
	 	 <request id="189" node="190">
	 	 	 <quantity>6</quantity>
	 	 </request>
	 	 <request id="190" node="191">
	 	 	 <quantity>5</quantity>
	 	 </request>
	 	 <request id="191" node="192">
	 	 	 <quantity>8</quantity>
	 	 </request>
	 	 <request id="192" node="193">
	 	 	 <quantity>5</quantity>
	 	 </request>
	 	 <request id="193" node="194">
	 	 	 <quantity>8</quantity>
	 	 </request>
	 	 <request id="194" node="195">
	 	 	 <quantity>5</quantity>
	 	 </request>
	 	 <request id="195" node="196">
	 	 	 <quantity>7</quantity>
	 	 </request>
	 	 <request id="196" node="197">
	 	 	 <quantity>9</quantity>
	 	 </request>
	 	 <request id="197" node="198">
	 	 	 <quantity>9</quantity>
	 	 </request>
	 	 <request id="198" node="199">
	 	 	 <quantity>7</quantity>
	 	 </request>
	 	 <request id="199" node="200">
	 	 	 <quantity>10</quantity>
	 	 </request>
	 	 <request id="200" node="201">
	 	 	 <quantity>6</quantity>
	 	 </request>
	 	 <request id="201" node="202">
	 	 	 <quantity>8</quantity>
	 	 </request>
	 	 <request id="202" node="203">
	 	 	 <quantity>9</quantity>
	 	 </request>
	 	 <request id="203" node="204">
	 	 	 <quantity>10</quantity>
	 	 </request>
	 	 <request id="204" node="205">
	 	 	 <quantity>10</quantity>
	 	 </request>
	 	 <request id="205" node="206">
	 	 	 <quantity>8</quantity>
	 	 </request>
	 	 <request id="206" node="207">
	 	 	 <quantity>9</quantity>
	 	 </request>
	 	 <request id="207" node="208">
	 	 	 <quantity>8</quantity>
	 	 </request>
	 	 <request id="208" node="209">
	 	 	 <quantity>5</quantity>
	 	 </request>
	 	 <request id="209" node="210">
	 	 	 <quantity>8</quantity>
	 	 </request>
	 	 <request id="210" node="211">
	 	 	 <quantity>10</quantity>
	 	 </request>
	 	 <request id="211" node="212">
	 	 	 <quantity>9</quantity>
	 	 </request>
	 	 <request id="212" node="213">
	 	 	 <quantity>6</quantity>
	 	 </request>
	 	 <request id="213" node="214">
	 	 	 <quantity>5</quantity>
	 	 </request>
	 	 <request id="214" node="215">
	 	 	 <quantity>8</quantity>
	 	 </request>
	 	 <request id="215" node="216">
	 	 	 <quantity>6</quantity>
	 	 </request>
	 	 <request id="216" node="217">
	 	 	 <quantity>8</quantity>
	 	 </request>
	 	 <request id="217" node="218">
	 	 	 <quantity>5</quantity>
	 	 </request>
	 	 <request id="218" node="219">
	 	 	 <quantity>7</quantity>
	 	 </request>
	 	 <request id="219" node="220">
	 	 	 <quantity>5</quantity>
	 	 </request>
	 	 <request id="220" node="221">
	 	 	 <quantity>9</quantity>
	 	 </request>
	 	 <request id="221" node="222">
	 	 	 <quantity>7</quantity>
	 	 </request>
	 	 <request id="222" node="223">
	 	 	 <quantity>10</quantity>
	 	 </request>
	 	 <request id="223" node="224">
	 	 	 <quantity>9</quantity>
	 	 </request>
	 	 <request id="224" node="225">
	 	 	 <quantity>7</quantity>
	 	 </request>
	 	 <request id="225" node="226">
	 	 	 <quantity>10</quantity>
	 	 </request>
	 	 <request id="226" node="227">
	 	 	 <quantity>10</quantity>
	 	 </request>
	 	 <request id="227" node="228">
	 	 	 <quantity>8</quantity>
	 	 </request>
	 	 <request id="228" node="229">
	 	 	 <quantity>9</quantity>
	 	 </request>
	 	 <request id="229" node="230">
	 	 	 <quantity>7</quantity>
	 	 </request>
	 	 <request id="230" node="231">
	 	 	 <quantity>7</quantity>
	 	 </request>
	 	 <request id="231" node="232">
	 	 	 <quantity>10</quantity>
	 	 </request>
	 	 <request id="232" node="233">
	 	 	 <quantity>6</quantity>
	 	 </request>
	 	 <request id="233" node="234">
	 	 	 <quantity>10</quantity>
	 	 </request>
	 	 <request id="234" node="235">
	 	 	 <quantity>7</quantity>
	 	 </request>
	 	 <request id="235" node="236">
	 	 	 <quantity>7</quantity>
	 	 </request>
	 	 <request id="236" node="237">
	 	 	 <quantity>6</quantity>
	 	 </request>
	 	 <request id="237" node="238">
	 	 	 <quantity>7</quantity>
	 	 </request>
	 	 <request id="238" node="239">
	 	 	 <quantity>9</quantity>
	 	 </request>
	 	 <request id="239" node="240">
	 	 	 <quantity>9</quantity>
	 	 </request>
	 	 <request id="240" node="241">
	 	 	 <quantity>9</quantity>
	 	 </request>
	 	 <request id="241" node="242">
	 	 	 <quantity>8</quantity>
	 	 </request>
	 	 <request id="242" node="243">
	 	 	 <quantity>6</quantity>
	 	 </request>
	 	 <request id="243" node="244">
	 	 	 <quantity>9</quantity>
	 	 </request>
	 	 <request id="244" node="245">
	 	 	 <quantity>9</quantity>
	 	 </request>
	 	 <request id="245" node="246">
	 	 	 <quantity>9</quantity>
	 	 </request>
	 	 <request id="246" node="247">
	 	 	 <quantity>7</quantity>
	 	 </request>
	 	 <request id="247" node="248">
	 	 	 <quantity>7</quantity>
	 	 </request>
	 	 <request id="248" node="249">
	 	 	 <quantity>7</quantity>
	 	 </request>
	 	 <request id="249" node="250">
	 	 	 <quantity>7</quantity>
	 	 </request>
	 	 <request id="250" node="251">
	 	 	 <quantity>9</quantity>
	 	 </request>
	 	 <request id="251" node="252">
	 	 	 <quantity>8</quantity>
	 	 </request>
	 	 <request id="252" node="253">
	 	 	 <quantity>10</quantity>
	 	 </request>
	 	 <request id="253" node="254">
	 	 	 <quantity>10</quantity>
	 	 </request>
	 	 <request id="254" node="255">
	 	 	 <quantity>5</quantity>
	 	 </request>
	 	 <request id="255" node="256">
	 	 	 <quantity>6</quantity>
	 	 </request>
	 	 <request id="256" node="257">
	 	 	 <quantity>6</quantity>
	 	 </request>
	 	 <request id="257" node="258">
	 	 	 <quantity>10</quantity>
	 	 </request>
	 	 <request id="258" node="259">
	 	 	 <quantity>7</quantity>
	 	 </request>
	 	 <request id="259" node="260">
	 	 	 <quantity>5</quantity>
	 	 </request>
	 	 <request id="260" node="261">
	 	 	 <quantity>7</quantity>
	 	 </request>
	 	 <request id="261" node="262">
	 	 	 <quantity>8</quantity>
	 	 </request>
	 	 <request id="262" node="263">
	 	 	 <quantity>6</quantity>
	 	 </request>
	 	 <request id="263" node="264">
	 	 	 <quantity>9</quantity>
	 	 </request>
	 	 <request id="264" node="265">
	 	 	 <quantity>6</quantity>
	 	 </request>
	 	 <request id="265" node="266">
	 	 	 <quantity>8</quantity>
	 	 </request>
	 	 <request id="266" node="267">
	 	 	 <quantity>5</quantity>
	 	 </request>
	 	 <request id="267" node="268">
	 	 	 <quantity>9</quantity>
	 	 </request>
	 	 <request id="268" node="269">
	 	 	 <quantity>6</quantity>
	 	 </request>
	 	 <request id="269" node="270">
	 	 	 <quantity>5</quantity>
	 	 </request>
	 	 <request id="270" node="271">
	 	 	 <quantity>6</quantity>
	 	 </request>
	 	 <request id="271" node="272">
	 	 	 <quantity>7</quantity>
	 	 </request>
	 	 <request id="272" node="273">
	 	 	 <quantity>6</quantity>
	 	 </request>
	 	 <request id="273" node="274">
	 	 	 <quantity>7</quantity>
	 	 </request>
	 	 <request id="274" node="275">
	 	 	 <quantity>9</quantity>
	 	 </request>
	 	 <request id="275" node="276">
	 	 	 <quantity>7</quantity>
	 	 </request>
	 	 <request id="276" node="277">
	 	 	 <quantity>7</quantity>
	 	 </request>
	 	 <request id="277" node="278">
	 	 	 <quantity>5</quantity>
	 	 </request>
	 	 <request id="278" node="279">
	 	 	 <quantity>9</quantity>
	 	 </request>
	 	 <request id="279" node="280">
	 	 	 <quantity>5</quantity>
	 	 </request>
	 	 <request id="280" node="281">
	 	 	 <quantity>6</quantity>
	 	 </request>
	 	 <request id="281" node="282">
	 	 	 <quantity>5</quantity>
	 	 </request>
	 	 <request id="282" node="283">
	 	 	 <quantity>10</quantity>
	 	 </request>
	 	 <request id="283" node="284">
	 	 	 <quantity>10</quantity>
	 	 </request>
	 	 <request id="284" node="285">
	 	 	 <quantity>5</quantity>
	 	 </request>
	 	 <request id="285" node="286">
	 	 	 <quantity>10</quantity>
	 	 </request>
	 	 <request id="286" node="287">
	 	 	 <quantity>5</quantity>
	 	 </request>
	 	 <request id="287" node="288">
	 	 	 <quantity>7</quantity>
	 	 </request>
	 	 <request id="288" node="289">
	 	 	 <quantity>7</quantity>
	 	 </request>
	 	 <request id="289" node="290">
	 	 	 <quantity>8</quantity>
	 	 </request>
	 	 <request id="290" node="291">
	 	 	 <quantity>8</quantity>
	 	 </request>
	 	 <request id="291" node="292">
	 	 	 <quantity>8</quantity>
	 	 </request>
	 	 <request id="292" node="293">
	 	 	 <quantity>9</quantity>
	 	 </request>
	 	 <request id="293" node="294">
	 	 	 <quantity>7</quantity>
	 	 </request>
	 	 <request id="294" node="295">
	 	 	 <quantity>7</quantity>
	 	 </request>
	 	 <request id="295" node="296">
	 	 	 <quantity>9</quantity>
	 	 </request>
	 	 <request id="296" node="297">
	 	 	 <quantity>5</quantity>
	 	 </request>
	 	 <request id="297" node="298">
	 	 	 <quantity>10</quantity>
	 	 </request>
	 	 <request id="298" node="299">
	 	 	 <quantity>8</quantity>
	 	 </request>
	 	 <request id="299" node="300">
	 	 	 <quantity>8</quantity>
	 	 </request>
	 	 <request id="300" node="301">
	 	 	 <quantity>6</quantity>
	 	 </request>
	 	 <request id="301" node="302">
	 	 	 <quantity>10</quantity>
	 	 </request>
	 	 <request id="302" node="303">
	 	 	 <quantity>5</quantity>
	 	 </request>
	 	 <request id="303" node="304">
	 	 	 <quantity>10</quantity>
	 	 </request>
	 	 <request id="304" node="305">
	 	 	 <quantity>7</quantity>
	 	 </request>
	 	 <request id="305" node="306">
	 	 	 <quantity>7</quantity>
	 	 </request>
	 	 <request id="306" node="307">
	 	 	 <quantity>8</quantity>
	 	 </request>
	 	 <request id="307" node="308">
	 	 	 <quantity>9</quantity>
	 	 </request>
	 	 <request id="308" node="309">
	 	 	 <quantity>9</quantity>
	 	 </request>
	 	 <request id="309" node="310">
	 	 	 <quantity>5</quantity>
	 	 </request>
	 	 <request id="310" node="311">
	 	 	 <quantity>7</quantity>
	 	 </request>
	 	 <request id="311" node="312">
	 	 	 <quantity>8</quantity>
	 	 </request>
	 	 <request id="312" node="313">
	 	 	 <quantity>9</quantity>
	 	 </request>
	 	 <request id="313" node="314">
	 	 	 <quantity>5</quantity>
	 	 </request>
	 	 <request id="314" node="315">
	 	 	 <quantity>10</quantity>
	 	 </request>
	 	 <request id="315" node="316">
	 	 	 <quantity>9</quantity>
	 	 </request>
	 	 <request id="316" node="317">
	 	 	 <quantity>7</quantity>
	 	 </request>
	 	 <request id="317" node="318">
	 	 	 <quantity>8</quantity>
	 	 </request>
	 	 <request id="318" node="319">
	 	 	 <quantity>7</quantity>
	 	 </request>
	 	 <request id="319" node="320">
	 	 	 <quantity>9</quantity>
	 	 </request>
	 	 <request id="320" node="321">
	 	 	 <quantity>8</quantity>
	 	 </request>
	 	 <request id="321" node="322">
	 	 	 <quantity>7</quantity>
	 	 </request>
	 	 <request id="322" node="323">
	 	 	 <quantity>7</quantity>
	 	 </request>
	 	 <request id="323" node="324">
	 	 	 <quantity>5</quantity>
	 	 </request>
	 	 <request id="324" node="325">
	 	 	 <quantity>7</quantity>
	 	 </request>
	 	 <request id="325" node="326">
	 	 	 <quantity>5</quantity>
	 	 </request>
	 	 <request id="326" node="327">
	 	 	 <quantity>7</quantity>
	 	 </request>
	 	 <request id="327" node="328">
	 	 	 <quantity>6</quantity>
	 	 </request>
	 	 <request id="328" node="329">
	 	 	 <quantity>7</quantity>
	 	 </request>
	 	 <request id="329" node="330">
	 	 	 <quantity>9</quantity>
	 	 </request>
	 	 <request id="330" node="331">
	 	 	 <quantity>10</quantity>
	 	 </request>
	 	 <request id="331" node="332">
	 	 	 <quantity>6</quantity>
	 	 </request>
	 	 <request id="332" node="333">
	 	 	 <quantity>8</quantity>
	 	 </request>
	 	 <request id="333" node="334">
	 	 	 <quantity>10</quantity>
	 	 </request>
	 	 <request id="334" node="335">
	 	 	 <quantity>7</quantity>
	 	 </request>
	 	 <request id="335" node="336">
	 	 	 <quantity>9</quantity>
	 	 </request>
	 	 <request id="336" node="337">
	 	 	 <quantity>10</quantity>
	 	 </request>
	 	 <request id="337" node="338">
	 	 	 <quantity>8</quantity>
	 	 </request>
	 	 <request id="338" node="339">
	 	 	 <quantity>8</quantity>
	 	 </request>
	 	 <request id="339" node="340">
	 	 	 <quantity>8</quantity>
	 	 </request>
	 	 <request id="340" node="341">
	 	 	 <quantity>9</quantity>
	 	 </request>
	 	 <request id="341" node="342">
	 	 	 <quantity>5</quantity>
	 	 </request>
	 	 <request id="342" node="343">
	 	 	 <quantity>8</quantity>
	 	 </request>
	 	 <request id="343" node="344">
	 	 	 <quantity>6</quantity>
	 	 </request>
	 </requests>
</instance>
