<?xml version="1.0" encoding="UTF-8" standalone="yes"?>
<instance>
	<info>
	 	<dataset>Uchoa 2014 — Set X</dataset>
	 	<name>X-n561-k42</name>
	</info>
	<network>
	 	<nodes>
	 	 	<node id="1" type="1">
	 	 	 	<cx>500</cx>
	 	 	 	<cy>500</cy>
	 	 	</node>
	 	 	<node id="2" type="1">
	 	 	 	<cx>487</cx>
	 	 	 	<cy>949</cy>
	 	 	</node>
	 	 	<node id="3" type="1">
	 	 	 	<cx>492</cx>
	 	 	 	<cy>770</cy>
	 	 	</node>
	 	 	<node id="4" type="1">
	 	 	 	<cx>150</cx>
	 	 	 	<cy>556</cy>
	 	 	</node>
	 	 	<node id="5" type="1">
	 	 	 	<cx>130</cx>
	 	 	 	<cy>719</cy>
	 	 	</node>
	 	 	<node id="6" type="1">
	 	 	 	<cx>962</cx>
	 	 	 	<cy>393</cy>
	 	 	</node>
	 	 	<node id="7" type="1">
	 	 	 	<cx>54</cx>
	 	 	 	<cy>890</cy>
	 	 	</node>
	 	 	<node id="8" type="1">
	 	 	 	<cx>861</cx>
	 	 	 	<cy>705</cy>
	 	 	</node>
	 	 	<node id="9" type="1">
	 	 	 	<cx>338</cx>
	 	 	 	<cy>631</cy>
	 	 	</node>
	 	 	<node id="10" type="1">
	 	 	 	<cx>119</cx>
	 	 	 	<cy>741</cy>
	 	 	</node>
	 	 	<node id="11" type="1">
	 	 	 	<cx>48</cx>
	 	 	 	<cy>296</cy>
	 	 	</node>
	 	 	<node id="12" type="1">
	 	 	 	<cx>982</cx>
	 	 	 	<cy>827</cy>
	 	 	</node>
	 	 	<node id="13" type="1">
	 	 	 	<cx>18</cx>
	 	 	 	<cy>954</cy>
	 	 	</node>
	 	 	<node id="14" type="1">
	 	 	 	<cx>558</cx>
	 	 	 	<cy>698</cy>
	 	 	</node>
	 	 	<node id="15" type="1">
	 	 	 	<cx>857</cx>
	 	 	 	<cy>337</cy>
	 	 	</node>
	 	 	<node id="16" type="1">
	 	 	 	<cx>963</cx>
	 	 	 	<cy>72</cy>
	 	 	</node>
	 	 	<node id="17" type="1">
	 	 	 	<cx>218</cx>
	 	 	 	<cy>46</cy>
	 	 	</node>
	 	 	<node id="18" type="1">
	 	 	 	<cx>705</cx>
	 	 	 	<cy>484</cy>
	 	 	</node>
	 	 	<node id="19" type="1">
	 	 	 	<cx>315</cx>
	 	 	 	<cy>3</cy>
	 	 	</node>
	 	 	<node id="20" type="1">
	 	 	 	<cx>331</cx>
	 	 	 	<cy>358</cy>
	 	 	</node>
	 	 	<node id="21" type="1">
	 	 	 	<cx>688</cx>
	 	 	 	<cy>156</cy>
	 	 	</node>
	 	 	<node id="22" type="1">
	 	 	 	<cx>314</cx>
	 	 	 	<cy>338</cy>
	 	 	</node>
	 	 	<node id="23" type="1">
	 	 	 	<cx>214</cx>
	 	 	 	<cy>428</cy>
	 	 	</node>
	 	 	<node id="24" type="1">
	 	 	 	<cx>193</cx>
	 	 	 	<cy>866</cy>
	 	 	</node>
	 	 	<node id="25" type="1">
	 	 	 	<cx>381</cx>
	 	 	 	<cy>924</cy>
	 	 	</node>
	 	 	<node id="26" type="1">
	 	 	 	<cx>968</cx>
	 	 	 	<cy>10</cy>
	 	 	</node>
	 	 	<node id="27" type="1">
	 	 	 	<cx>797</cx>
	 	 	 	<cy>382</cy>
	 	 	</node>
	 	 	<node id="28" type="1">
	 	 	 	<cx>733</cx>
	 	 	 	<cy>544</cy>
	 	 	</node>
	 	 	<node id="29" type="1">
	 	 	 	<cx>956</cx>
	 	 	 	<cy>878</cy>
	 	 	</node>
	 	 	<node id="30" type="1">
	 	 	 	<cx>576</cx>
	 	 	 	<cy>270</cy>
	 	 	</node>
	 	 	<node id="31" type="1">
	 	 	 	<cx>257</cx>
	 	 	 	<cy>778</cy>
	 	 	</node>
	 	 	<node id="32" type="1">
	 	 	 	<cx>713</cx>
	 	 	 	<cy>605</cy>
	 	 	</node>
	 	 	<node id="33" type="1">
	 	 	 	<cx>270</cx>
	 	 	 	<cy>940</cy>
	 	 	</node>
	 	 	<node id="34" type="1">
	 	 	 	<cx>880</cx>
	 	 	 	<cy>401</cy>
	 	 	</node>
	 	 	<node id="35" type="1">
	 	 	 	<cx>245</cx>
	 	 	 	<cy>168</cy>
	 	 	</node>
	 	 	<node id="36" type="1">
	 	 	 	<cx>973</cx>
	 	 	 	<cy>29</cy>
	 	 	</node>
	 	 	<node id="37" type="1">
	 	 	 	<cx>888</cx>
	 	 	 	<cy>919</cy>
	 	 	</node>
	 	 	<node id="38" type="1">
	 	 	 	<cx>943</cx>
	 	 	 	<cy>703</cy>
	 	 	</node>
	 	 	<node id="39" type="1">
	 	 	 	<cx>364</cx>
	 	 	 	<cy>248</cy>
	 	 	</node>
	 	 	<node id="40" type="1">
	 	 	 	<cx>932</cx>
	 	 	 	<cy>60</cy>
	 	 	</node>
	 	 	<node id="41" type="1">
	 	 	 	<cx>575</cx>
	 	 	 	<cy>18</cy>
	 	 	</node>
	 	 	<node id="42" type="1">
	 	 	 	<cx>663</cx>
	 	 	 	<cy>990</cy>
	 	 	</node>
	 	 	<node id="43" type="1">
	 	 	 	<cx>667</cx>
	 	 	 	<cy>351</cy>
	 	 	</node>
	 	 	<node id="44" type="1">
	 	 	 	<cx>85</cx>
	 	 	 	<cy>708</cy>
	 	 	</node>
	 	 	<node id="45" type="1">
	 	 	 	<cx>801</cx>
	 	 	 	<cy>330</cy>
	 	 	</node>
	 	 	<node id="46" type="1">
	 	 	 	<cx>261</cx>
	 	 	 	<cy>91</cy>
	 	 	</node>
	 	 	<node id="47" type="1">
	 	 	 	<cx>163</cx>
	 	 	 	<cy>953</cy>
	 	 	</node>
	 	 	<node id="48" type="1">
	 	 	 	<cx>509</cx>
	 	 	 	<cy>249</cy>
	 	 	</node>
	 	 	<node id="49" type="1">
	 	 	 	<cx>237</cx>
	 	 	 	<cy>336</cy>
	 	 	</node>
	 	 	<node id="50" type="1">
	 	 	 	<cx>791</cx>
	 	 	 	<cy>356</cy>
	 	 	</node>
	 	 	<node id="51" type="1">
	 	 	 	<cx>314</cx>
	 	 	 	<cy>168</cy>
	 	 	</node>
	 	 	<node id="52" type="1">
	 	 	 	<cx>356</cx>
	 	 	 	<cy>726</cy>
	 	 	</node>
	 	 	<node id="53" type="1">
	 	 	 	<cx>260</cx>
	 	 	 	<cy>412</cy>
	 	 	</node>
	 	 	<node id="54" type="1">
	 	 	 	<cx>630</cx>
	 	 	 	<cy>144</cy>
	 	 	</node>
	 	 	<node id="55" type="1">
	 	 	 	<cx>534</cx>
	 	 	 	<cy>255</cy>
	 	 	</node>
	 	 	<node id="56" type="1">
	 	 	 	<cx>356</cx>
	 	 	 	<cy>444</cy>
	 	 	</node>
	 	 	<node id="57" type="1">
	 	 	 	<cx>448</cx>
	 	 	 	<cy>320</cy>
	 	 	</node>
	 	 	<node id="58" type="1">
	 	 	 	<cx>987</cx>
	 	 	 	<cy>333</cy>
	 	 	</node>
	 	 	<node id="59" type="1">
	 	 	 	<cx>691</cx>
	 	 	 	<cy>109</cy>
	 	 	</node>
	 	 	<node id="60" type="1">
	 	 	 	<cx>319</cx>
	 	 	 	<cy>476</cy>
	 	 	</node>
	 	 	<node id="61" type="1">
	 	 	 	<cx>83</cx>
	 	 	 	<cy>716</cy>
	 	 	</node>
	 	 	<node id="62" type="1">
	 	 	 	<cx>395</cx>
	 	 	 	<cy>818</cy>
	 	 	</node>
	 	 	<node id="63" type="1">
	 	 	 	<cx>605</cx>
	 	 	 	<cy>769</cy>
	 	 	</node>
	 	 	<node id="64" type="1">
	 	 	 	<cx>633</cx>
	 	 	 	<cy>162</cy>
	 	 	</node>
	 	 	<node id="65" type="1">
	 	 	 	<cx>651</cx>
	 	 	 	<cy>644</cy>
	 	 	</node>
	 	 	<node id="66" type="1">
	 	 	 	<cx>221</cx>
	 	 	 	<cy>4</cy>
	 	 	</node>
	 	 	<node id="67" type="1">
	 	 	 	<cx>551</cx>
	 	 	 	<cy>912</cy>
	 	 	</node>
	 	 	<node id="68" type="1">
	 	 	 	<cx>762</cx>
	 	 	 	<cy>604</cy>
	 	 	</node>
	 	 	<node id="69" type="1">
	 	 	 	<cx>337</cx>
	 	 	 	<cy>41</cy>
	 	 	</node>
	 	 	<node id="70" type="1">
	 	 	 	<cx>156</cx>
	 	 	 	<cy>318</cy>
	 	 	</node>
	 	 	<node id="71" type="1">
	 	 	 	<cx>756</cx>
	 	 	 	<cy>357</cy>
	 	 	</node>
	 	 	<node id="72" type="1">
	 	 	 	<cx>749</cx>
	 	 	 	<cy>173</cy>
	 	 	</node>
	 	 	<node id="73" type="1">
	 	 	 	<cx>535</cx>
	 	 	 	<cy>235</cy>
	 	 	</node>
	 	 	<node id="74" type="1">
	 	 	 	<cx>719</cx>
	 	 	 	<cy>700</cy>
	 	 	</node>
	 	 	<node id="75" type="1">
	 	 	 	<cx>900</cx>
	 	 	 	<cy>564</cy>
	 	 	</node>
	 	 	<node id="76" type="1">
	 	 	 	<cx>717</cx>
	 	 	 	<cy>4</cy>
	 	 	</node>
	 	 	<node id="77" type="1">
	 	 	 	<cx>337</cx>
	 	 	 	<cy>441</cy>
	 	 	</node>
	 	 	<node id="78" type="1">
	 	 	 	<cx>759</cx>
	 	 	 	<cy>103</cy>
	 	 	</node>
	 	 	<node id="79" type="1">
	 	 	 	<cx>615</cx>
	 	 	 	<cy>132</cy>
	 	 	</node>
	 	 	<node id="80" type="1">
	 	 	 	<cx>365</cx>
	 	 	 	<cy>498</cy>
	 	 	</node>
	 	 	<node id="81" type="1">
	 	 	 	<cx>42</cx>
	 	 	 	<cy>268</cy>
	 	 	</node>
	 	 	<node id="82" type="1">
	 	 	 	<cx>952</cx>
	 	 	 	<cy>2</cy>
	 	 	</node>
	 	 	<node id="83" type="1">
	 	 	 	<cx>989</cx>
	 	 	 	<cy>303</cy>
	 	 	</node>
	 	 	<node id="84" type="1">
	 	 	 	<cx>471</cx>
	 	 	 	<cy>821</cy>
	 	 	</node>
	 	 	<node id="85" type="1">
	 	 	 	<cx>650</cx>
	 	 	 	<cy>215</cy>
	 	 	</node>
	 	 	<node id="86" type="1">
	 	 	 	<cx>302</cx>
	 	 	 	<cy>881</cy>
	 	 	</node>
	 	 	<node id="87" type="1">
	 	 	 	<cx>61</cx>
	 	 	 	<cy>459</cy>
	 	 	</node>
	 	 	<node id="88" type="1">
	 	 	 	<cx>391</cx>
	 	 	 	<cy>405</cy>
	 	 	</node>
	 	 	<node id="89" type="1">
	 	 	 	<cx>364</cx>
	 	 	 	<cy>170</cy>
	 	 	</node>
	 	 	<node id="90" type="1">
	 	 	 	<cx>643</cx>
	 	 	 	<cy>744</cy>
	 	 	</node>
	 	 	<node id="91" type="1">
	 	 	 	<cx>324</cx>
	 	 	 	<cy>620</cy>
	 	 	</node>
	 	 	<node id="92" type="1">
	 	 	 	<cx>559</cx>
	 	 	 	<cy>449</cy>
	 	 	</node>
	 	 	<node id="93" type="1">
	 	 	 	<cx>92</cx>
	 	 	 	<cy>914</cy>
	 	 	</node>
	 	 	<node id="94" type="1">
	 	 	 	<cx>133</cx>
	 	 	 	<cy>607</cy>
	 	 	</node>
	 	 	<node id="95" type="1">
	 	 	 	<cx>223</cx>
	 	 	 	<cy>949</cy>
	 	 	</node>
	 	 	<node id="96" type="1">
	 	 	 	<cx>988</cx>
	 	 	 	<cy>415</cy>
	 	 	</node>
	 	 	<node id="97" type="1">
	 	 	 	<cx>943</cx>
	 	 	 	<cy>616</cy>
	 	 	</node>
	 	 	<node id="98" type="1">
	 	 	 	<cx>764</cx>
	 	 	 	<cy>6</cy>
	 	 	</node>
	 	 	<node id="99" type="1">
	 	 	 	<cx>659</cx>
	 	 	 	<cy>250</cy>
	 	 	</node>
	 	 	<node id="100" type="1">
	 	 	 	<cx>766</cx>
	 	 	 	<cy>532</cy>
	 	 	</node>
	 	 	<node id="101" type="1">
	 	 	 	<cx>730</cx>
	 	 	 	<cy>338</cy>
	 	 	</node>
	 	 	<node id="102" type="1">
	 	 	 	<cx>850</cx>
	 	 	 	<cy>489</cy>
	 	 	</node>
	 	 	<node id="103" type="1">
	 	 	 	<cx>481</cx>
	 	 	 	<cy>467</cy>
	 	 	</node>
	 	 	<node id="104" type="1">
	 	 	 	<cx>564</cx>
	 	 	 	<cy>296</cy>
	 	 	</node>
	 	 	<node id="105" type="1">
	 	 	 	<cx>469</cx>
	 	 	 	<cy>531</cy>
	 	 	</node>
	 	 	<node id="106" type="1">
	 	 	 	<cx>538</cx>
	 	 	 	<cy>121</cy>
	 	 	</node>
	 	 	<node id="107" type="1">
	 	 	 	<cx>997</cx>
	 	 	 	<cy>183</cy>
	 	 	</node>
	 	 	<node id="108" type="1">
	 	 	 	<cx>127</cx>
	 	 	 	<cy>966</cy>
	 	 	</node>
	 	 	<node id="109" type="1">
	 	 	 	<cx>880</cx>
	 	 	 	<cy>538</cy>
	 	 	</node>
	 	 	<node id="110" type="1">
	 	 	 	<cx>300</cx>
	 	 	 	<cy>985</cy>
	 	 	</node>
	 	 	<node id="111" type="1">
	 	 	 	<cx>462</cx>
	 	 	 	<cy>125</cy>
	 	 	</node>
	 	 	<node id="112" type="1">
	 	 	 	<cx>781</cx>
	 	 	 	<cy>68</cy>
	 	 	</node>
	 	 	<node id="113" type="1">
	 	 	 	<cx>884</cx>
	 	 	 	<cy>92</cy>
	 	 	</node>
	 	 	<node id="114" type="1">
	 	 	 	<cx>438</cx>
	 	 	 	<cy>673</cy>
	 	 	</node>
	 	 	<node id="115" type="1">
	 	 	 	<cx>591</cx>
	 	 	 	<cy>658</cy>
	 	 	</node>
	 	 	<node id="116" type="1">
	 	 	 	<cx>928</cx>
	 	 	 	<cy>894</cy>
	 	 	</node>
	 	 	<node id="117" type="1">
	 	 	 	<cx>107</cx>
	 	 	 	<cy>816</cy>
	 	 	</node>
	 	 	<node id="118" type="1">
	 	 	 	<cx>581</cx>
	 	 	 	<cy>799</cy>
	 	 	</node>
	 	 	<node id="119" type="1">
	 	 	 	<cx>46</cx>
	 	 	 	<cy>288</cy>
	 	 	</node>
	 	 	<node id="120" type="1">
	 	 	 	<cx>548</cx>
	 	 	 	<cy>0</cy>
	 	 	</node>
	 	 	<node id="121" type="1">
	 	 	 	<cx>379</cx>
	 	 	 	<cy>725</cy>
	 	 	</node>
	 	 	<node id="122" type="1">
	 	 	 	<cx>186</cx>
	 	 	 	<cy>490</cy>
	 	 	</node>
	 	 	<node id="123" type="1">
	 	 	 	<cx>947</cx>
	 	 	 	<cy>161</cy>
	 	 	</node>
	 	 	<node id="124" type="1">
	 	 	 	<cx>702</cx>
	 	 	 	<cy>712</cy>
	 	 	</node>
	 	 	<node id="125" type="1">
	 	 	 	<cx>230</cx>
	 	 	 	<cy>722</cy>
	 	 	</node>
	 	 	<node id="126" type="1">
	 	 	 	<cx>40</cx>
	 	 	 	<cy>891</cy>
	 	 	</node>
	 	 	<node id="127" type="1">
	 	 	 	<cx>362</cx>
	 	 	 	<cy>568</cy>
	 	 	</node>
	 	 	<node id="128" type="1">
	 	 	 	<cx>26</cx>
	 	 	 	<cy>614</cy>
	 	 	</node>
	 	 	<node id="129" type="1">
	 	 	 	<cx>396</cx>
	 	 	 	<cy>104</cy>
	 	 	</node>
	 	 	<node id="130" type="1">
	 	 	 	<cx>756</cx>
	 	 	 	<cy>658</cy>
	 	 	</node>
	 	 	<node id="131" type="1">
	 	 	 	<cx>818</cx>
	 	 	 	<cy>433</cy>
	 	 	</node>
	 	 	<node id="132" type="1">
	 	 	 	<cx>236</cx>
	 	 	 	<cy>62</cy>
	 	 	</node>
	 	 	<node id="133" type="1">
	 	 	 	<cx>314</cx>
	 	 	 	<cy>56</cy>
	 	 	</node>
	 	 	<node id="134" type="1">
	 	 	 	<cx>276</cx>
	 	 	 	<cy>466</cy>
	 	 	</node>
	 	 	<node id="135" type="1">
	 	 	 	<cx>789</cx>
	 	 	 	<cy>828</cy>
	 	 	</node>
	 	 	<node id="136" type="1">
	 	 	 	<cx>626</cx>
	 	 	 	<cy>677</cy>
	 	 	</node>
	 	 	<node id="137" type="1">
	 	 	 	<cx>626</cx>
	 	 	 	<cy>156</cy>
	 	 	</node>
	 	 	<node id="138" type="1">
	 	 	 	<cx>369</cx>
	 	 	 	<cy>506</cy>
	 	 	</node>
	 	 	<node id="139" type="1">
	 	 	 	<cx>207</cx>
	 	 	 	<cy>461</cy>
	 	 	</node>
	 	 	<node id="140" type="1">
	 	 	 	<cx>566</cx>
	 	 	 	<cy>842</cy>
	 	 	</node>
	 	 	<node id="141" type="1">
	 	 	 	<cx>676</cx>
	 	 	 	<cy>871</cy>
	 	 	</node>
	 	 	<node id="142" type="1">
	 	 	 	<cx>135</cx>
	 	 	 	<cy>983</cy>
	 	 	</node>
	 	 	<node id="143" type="1">
	 	 	 	<cx>956</cx>
	 	 	 	<cy>181</cy>
	 	 	</node>
	 	 	<node id="144" type="1">
	 	 	 	<cx>5</cx>
	 	 	 	<cy>209</cy>
	 	 	</node>
	 	 	<node id="145" type="1">
	 	 	 	<cx>10</cx>
	 	 	 	<cy>57</cy>
	 	 	</node>
	 	 	<node id="146" type="1">
	 	 	 	<cx>499</cx>
	 	 	 	<cy>617</cy>
	 	 	</node>
	 	 	<node id="147" type="1">
	 	 	 	<cx>369</cx>
	 	 	 	<cy>482</cy>
	 	 	</node>
	 	 	<node id="148" type="1">
	 	 	 	<cx>975</cx>
	 	 	 	<cy>194</cy>
	 	 	</node>
	 	 	<node id="149" type="1">
	 	 	 	<cx>882</cx>
	 	 	 	<cy>465</cy>
	 	 	</node>
	 	 	<node id="150" type="1">
	 	 	 	<cx>716</cx>
	 	 	 	<cy>147</cy>
	 	 	</node>
	 	 	<node id="151" type="1">
	 	 	 	<cx>740</cx>
	 	 	 	<cy>993</cy>
	 	 	</node>
	 	 	<node id="152" type="1">
	 	 	 	<cx>77</cx>
	 	 	 	<cy>480</cy>
	 	 	</node>
	 	 	<node id="153" type="1">
	 	 	 	<cx>742</cx>
	 	 	 	<cy>233</cy>
	 	 	</node>
	 	 	<node id="154" type="1">
	 	 	 	<cx>869</cx>
	 	 	 	<cy>824</cy>
	 	 	</node>
	 	 	<node id="155" type="1">
	 	 	 	<cx>809</cx>
	 	 	 	<cy>987</cy>
	 	 	</node>
	 	 	<node id="156" type="1">
	 	 	 	<cx>999</cx>
	 	 	 	<cy>514</cy>
	 	 	</node>
	 	 	<node id="157" type="1">
	 	 	 	<cx>748</cx>
	 	 	 	<cy>391</cy>
	 	 	</node>
	 	 	<node id="158" type="1">
	 	 	 	<cx>366</cx>
	 	 	 	<cy>917</cy>
	 	 	</node>
	 	 	<node id="159" type="1">
	 	 	 	<cx>272</cx>
	 	 	 	<cy>875</cy>
	 	 	</node>
	 	 	<node id="160" type="1">
	 	 	 	<cx>0</cx>
	 	 	 	<cy>9</cy>
	 	 	</node>
	 	 	<node id="161" type="1">
	 	 	 	<cx>260</cx>
	 	 	 	<cy>359</cy>
	 	 	</node>
	 	 	<node id="162" type="1">
	 	 	 	<cx>449</cx>
	 	 	 	<cy>208</cy>
	 	 	</node>
	 	 	<node id="163" type="1">
	 	 	 	<cx>278</cx>
	 	 	 	<cy>711</cy>
	 	 	</node>
	 	 	<node id="164" type="1">
	 	 	 	<cx>422</cx>
	 	 	 	<cy>445</cy>
	 	 	</node>
	 	 	<node id="165" type="1">
	 	 	 	<cx>341</cx>
	 	 	 	<cy>448</cy>
	 	 	</node>
	 	 	<node id="166" type="1">
	 	 	 	<cx>683</cx>
	 	 	 	<cy>498</cy>
	 	 	</node>
	 	 	<node id="167" type="1">
	 	 	 	<cx>930</cx>
	 	 	 	<cy>690</cy>
	 	 	</node>
	 	 	<node id="168" type="1">
	 	 	 	<cx>184</cx>
	 	 	 	<cy>567</cy>
	 	 	</node>
	 	 	<node id="169" type="1">
	 	 	 	<cx>257</cx>
	 	 	 	<cy>360</cy>
	 	 	</node>
	 	 	<node id="170" type="1">
	 	 	 	<cx>464</cx>
	 	 	 	<cy>101</cy>
	 	 	</node>
	 	 	<node id="171" type="1">
	 	 	 	<cx>783</cx>
	 	 	 	<cy>645</cy>
	 	 	</node>
	 	 	<node id="172" type="1">
	 	 	 	<cx>282</cx>
	 	 	 	<cy>884</cy>
	 	 	</node>
	 	 	<node id="173" type="1">
	 	 	 	<cx>978</cx>
	 	 	 	<cy>688</cy>
	 	 	</node>
	 	 	<node id="174" type="1">
	 	 	 	<cx>514</cx>
	 	 	 	<cy>349</cy>
	 	 	</node>
	 	 	<node id="175" type="1">
	 	 	 	<cx>343</cx>
	 	 	 	<cy>552</cy>
	 	 	</node>
	 	 	<node id="176" type="1">
	 	 	 	<cx>290</cx>
	 	 	 	<cy>171</cy>
	 	 	</node>
	 	 	<node id="177" type="1">
	 	 	 	<cx>675</cx>
	 	 	 	<cy>414</cy>
	 	 	</node>
	 	 	<node id="178" type="1">
	 	 	 	<cx>386</cx>
	 	 	 	<cy>86</cy>
	 	 	</node>
	 	 	<node id="179" type="1">
	 	 	 	<cx>575</cx>
	 	 	 	<cy>26</cy>
	 	 	</node>
	 	 	<node id="180" type="1">
	 	 	 	<cx>863</cx>
	 	 	 	<cy>973</cy>
	 	 	</node>
	 	 	<node id="181" type="1">
	 	 	 	<cx>223</cx>
	 	 	 	<cy>412</cy>
	 	 	</node>
	 	 	<node id="182" type="1">
	 	 	 	<cx>958</cx>
	 	 	 	<cy>176</cy>
	 	 	</node>
	 	 	<node id="183" type="1">
	 	 	 	<cx>391</cx>
	 	 	 	<cy>824</cy>
	 	 	</node>
	 	 	<node id="184" type="1">
	 	 	 	<cx>228</cx>
	 	 	 	<cy>93</cy>
	 	 	</node>
	 	 	<node id="185" type="1">
	 	 	 	<cx>704</cx>
	 	 	 	<cy>946</cy>
	 	 	</node>
	 	 	<node id="186" type="1">
	 	 	 	<cx>938</cx>
	 	 	 	<cy>995</cy>
	 	 	</node>
	 	 	<node id="187" type="1">
	 	 	 	<cx>159</cx>
	 	 	 	<cy>343</cy>
	 	 	</node>
	 	 	<node id="188" type="1">
	 	 	 	<cx>698</cx>
	 	 	 	<cy>106</cy>
	 	 	</node>
	 	 	<node id="189" type="1">
	 	 	 	<cx>896</cx>
	 	 	 	<cy>169</cy>
	 	 	</node>
	 	 	<node id="190" type="1">
	 	 	 	<cx>361</cx>
	 	 	 	<cy>937</cy>
	 	 	</node>
	 	 	<node id="191" type="1">
	 	 	 	<cx>201</cx>
	 	 	 	<cy>120</cy>
	 	 	</node>
	 	 	<node id="192" type="1">
	 	 	 	<cx>158</cx>
	 	 	 	<cy>852</cy>
	 	 	</node>
	 	 	<node id="193" type="1">
	 	 	 	<cx>786</cx>
	 	 	 	<cy>630</cy>
	 	 	</node>
	 	 	<node id="194" type="1">
	 	 	 	<cx>91</cx>
	 	 	 	<cy>909</cy>
	 	 	</node>
	 	 	<node id="195" type="1">
	 	 	 	<cx>291</cx>
	 	 	 	<cy>333</cy>
	 	 	</node>
	 	 	<node id="196" type="1">
	 	 	 	<cx>575</cx>
	 	 	 	<cy>931</cy>
	 	 	</node>
	 	 	<node id="197" type="1">
	 	 	 	<cx>60</cx>
	 	 	 	<cy>763</cy>
	 	 	</node>
	 	 	<node id="198" type="1">
	 	 	 	<cx>321</cx>
	 	 	 	<cy>837</cy>
	 	 	</node>
	 	 	<node id="199" type="1">
	 	 	 	<cx>154</cx>
	 	 	 	<cy>302</cy>
	 	 	</node>
	 	 	<node id="200" type="1">
	 	 	 	<cx>490</cx>
	 	 	 	<cy>215</cy>
	 	 	</node>
	 	 	<node id="201" type="1">
	 	 	 	<cx>612</cx>
	 	 	 	<cy>394</cy>
	 	 	</node>
	 	 	<node id="202" type="1">
	 	 	 	<cx>70</cx>
	 	 	 	<cy>159</cy>
	 	 	</node>
	 	 	<node id="203" type="1">
	 	 	 	<cx>972</cx>
	 	 	 	<cy>987</cy>
	 	 	</node>
	 	 	<node id="204" type="1">
	 	 	 	<cx>527</cx>
	 	 	 	<cy>340</cy>
	 	 	</node>
	 	 	<node id="205" type="1">
	 	 	 	<cx>34</cx>
	 	 	 	<cy>241</cy>
	 	 	</node>
	 	 	<node id="206" type="1">
	 	 	 	<cx>688</cx>
	 	 	 	<cy>334</cy>
	 	 	</node>
	 	 	<node id="207" type="1">
	 	 	 	<cx>878</cx>
	 	 	 	<cy>485</cy>
	 	 	</node>
	 	 	<node id="208" type="1">
	 	 	 	<cx>885</cx>
	 	 	 	<cy>205</cy>
	 	 	</node>
	 	 	<node id="209" type="1">
	 	 	 	<cx>124</cx>
	 	 	 	<cy>413</cy>
	 	 	</node>
	 	 	<node id="210" type="1">
	 	 	 	<cx>347</cx>
	 	 	 	<cy>330</cy>
	 	 	</node>
	 	 	<node id="211" type="1">
	 	 	 	<cx>457</cx>
	 	 	 	<cy>540</cy>
	 	 	</node>
	 	 	<node id="212" type="1">
	 	 	 	<cx>841</cx>
	 	 	 	<cy>478</cy>
	 	 	</node>
	 	 	<node id="213" type="1">
	 	 	 	<cx>383</cx>
	 	 	 	<cy>907</cy>
	 	 	</node>
	 	 	<node id="214" type="1">
	 	 	 	<cx>556</cx>
	 	 	 	<cy>135</cy>
	 	 	</node>
	 	 	<node id="215" type="1">
	 	 	 	<cx>250</cx>
	 	 	 	<cy>31</cy>
	 	 	</node>
	 	 	<node id="216" type="1">
	 	 	 	<cx>251</cx>
	 	 	 	<cy>90</cy>
	 	 	</node>
	 	 	<node id="217" type="1">
	 	 	 	<cx>514</cx>
	 	 	 	<cy>112</cy>
	 	 	</node>
	 	 	<node id="218" type="1">
	 	 	 	<cx>645</cx>
	 	 	 	<cy>252</cy>
	 	 	</node>
	 	 	<node id="219" type="1">
	 	 	 	<cx>250</cx>
	 	 	 	<cy>482</cy>
	 	 	</node>
	 	 	<node id="220" type="1">
	 	 	 	<cx>50</cx>
	 	 	 	<cy>740</cy>
	 	 	</node>
	 	 	<node id="221" type="1">
	 	 	 	<cx>924</cx>
	 	 	 	<cy>309</cy>
	 	 	</node>
	 	 	<node id="222" type="1">
	 	 	 	<cx>275</cx>
	 	 	 	<cy>198</cy>
	 	 	</node>
	 	 	<node id="223" type="1">
	 	 	 	<cx>402</cx>
	 	 	 	<cy>554</cy>
	 	 	</node>
	 	 	<node id="224" type="1">
	 	 	 	<cx>751</cx>
	 	 	 	<cy>389</cy>
	 	 	</node>
	 	 	<node id="225" type="1">
	 	 	 	<cx>222</cx>
	 	 	 	<cy>168</cy>
	 	 	</node>
	 	 	<node id="226" type="1">
	 	 	 	<cx>935</cx>
	 	 	 	<cy>8</cy>
	 	 	</node>
	 	 	<node id="227" type="1">
	 	 	 	<cx>105</cx>
	 	 	 	<cy>551</cy>
	 	 	</node>
	 	 	<node id="228" type="1">
	 	 	 	<cx>943</cx>
	 	 	 	<cy>769</cy>
	 	 	</node>
	 	 	<node id="229" type="1">
	 	 	 	<cx>723</cx>
	 	 	 	<cy>250</cy>
	 	 	</node>
	 	 	<node id="230" type="1">
	 	 	 	<cx>442</cx>
	 	 	 	<cy>730</cy>
	 	 	</node>
	 	 	<node id="231" type="1">
	 	 	 	<cx>711</cx>
	 	 	 	<cy>917</cy>
	 	 	</node>
	 	 	<node id="232" type="1">
	 	 	 	<cx>794</cx>
	 	 	 	<cy>873</cy>
	 	 	</node>
	 	 	<node id="233" type="1">
	 	 	 	<cx>941</cx>
	 	 	 	<cy>506</cy>
	 	 	</node>
	 	 	<node id="234" type="1">
	 	 	 	<cx>440</cx>
	 	 	 	<cy>930</cy>
	 	 	</node>
	 	 	<node id="235" type="1">
	 	 	 	<cx>25</cx>
	 	 	 	<cy>735</cy>
	 	 	</node>
	 	 	<node id="236" type="1">
	 	 	 	<cx>550</cx>
	 	 	 	<cy>461</cy>
	 	 	</node>
	 	 	<node id="237" type="1">
	 	 	 	<cx>95</cx>
	 	 	 	<cy>780</cy>
	 	 	</node>
	 	 	<node id="238" type="1">
	 	 	 	<cx>905</cx>
	 	 	 	<cy>187</cy>
	 	 	</node>
	 	 	<node id="239" type="1">
	 	 	 	<cx>807</cx>
	 	 	 	<cy>232</cy>
	 	 	</node>
	 	 	<node id="240" type="1">
	 	 	 	<cx>38</cx>
	 	 	 	<cy>560</cy>
	 	 	</node>
	 	 	<node id="241" type="1">
	 	 	 	<cx>610</cx>
	 	 	 	<cy>303</cy>
	 	 	</node>
	 	 	<node id="242" type="1">
	 	 	 	<cx>635</cx>
	 	 	 	<cy>599</cy>
	 	 	</node>
	 	 	<node id="243" type="1">
	 	 	 	<cx>266</cx>
	 	 	 	<cy>273</cy>
	 	 	</node>
	 	 	<node id="244" type="1">
	 	 	 	<cx>160</cx>
	 	 	 	<cy>961</cy>
	 	 	</node>
	 	 	<node id="245" type="1">
	 	 	 	<cx>610</cx>
	 	 	 	<cy>199</cy>
	 	 	</node>
	 	 	<node id="246" type="1">
	 	 	 	<cx>761</cx>
	 	 	 	<cy>276</cy>
	 	 	</node>
	 	 	<node id="247" type="1">
	 	 	 	<cx>568</cx>
	 	 	 	<cy>865</cy>
	 	 	</node>
	 	 	<node id="248" type="1">
	 	 	 	<cx>397</cx>
	 	 	 	<cy>721</cy>
	 	 	</node>
	 	 	<node id="249" type="1">
	 	 	 	<cx>423</cx>
	 	 	 	<cy>983</cy>
	 	 	</node>
	 	 	<node id="250" type="1">
	 	 	 	<cx>239</cx>
	 	 	 	<cy>847</cy>
	 	 	</node>
	 	 	<node id="251" type="1">
	 	 	 	<cx>330</cx>
	 	 	 	<cy>653</cy>
	 	 	</node>
	 	 	<node id="252" type="1">
	 	 	 	<cx>307</cx>
	 	 	 	<cy>662</cy>
	 	 	</node>
	 	 	<node id="253" type="1">
	 	 	 	<cx>81</cx>
	 	 	 	<cy>59</cy>
	 	 	</node>
	 	 	<node id="254" type="1">
	 	 	 	<cx>357</cx>
	 	 	 	<cy>955</cy>
	 	 	</node>
	 	 	<node id="255" type="1">
	 	 	 	<cx>123</cx>
	 	 	 	<cy>426</cy>
	 	 	</node>
	 	 	<node id="256" type="1">
	 	 	 	<cx>28</cx>
	 	 	 	<cy>874</cy>
	 	 	</node>
	 	 	<node id="257" type="1">
	 	 	 	<cx>820</cx>
	 	 	 	<cy>222</cy>
	 	 	</node>
	 	 	<node id="258" type="1">
	 	 	 	<cx>228</cx>
	 	 	 	<cy>758</cy>
	 	 	</node>
	 	 	<node id="259" type="1">
	 	 	 	<cx>972</cx>
	 	 	 	<cy>613</cy>
	 	 	</node>
	 	 	<node id="260" type="1">
	 	 	 	<cx>776</cx>
	 	 	 	<cy>209</cy>
	 	 	</node>
	 	 	<node id="261" type="1">
	 	 	 	<cx>577</cx>
	 	 	 	<cy>160</cy>
	 	 	</node>
	 	 	<node id="262" type="1">
	 	 	 	<cx>293</cx>
	 	 	 	<cy>429</cy>
	 	 	</node>
	 	 	<node id="263" type="1">
	 	 	 	<cx>852</cx>
	 	 	 	<cy>781</cy>
	 	 	</node>
	 	 	<node id="264" type="1">
	 	 	 	<cx>343</cx>
	 	 	 	<cy>789</cy>
	 	 	</node>
	 	 	<node id="265" type="1">
	 	 	 	<cx>492</cx>
	 	 	 	<cy>948</cy>
	 	 	</node>
	 	 	<node id="266" type="1">
	 	 	 	<cx>823</cx>
	 	 	 	<cy>661</cy>
	 	 	</node>
	 	 	<node id="267" type="1">
	 	 	 	<cx>193</cx>
	 	 	 	<cy>141</cy>
	 	 	</node>
	 	 	<node id="268" type="1">
	 	 	 	<cx>602</cx>
	 	 	 	<cy>498</cy>
	 	 	</node>
	 	 	<node id="269" type="1">
	 	 	 	<cx>412</cx>
	 	 	 	<cy>553</cy>
	 	 	</node>
	 	 	<node id="270" type="1">
	 	 	 	<cx>415</cx>
	 	 	 	<cy>158</cy>
	 	 	</node>
	 	 	<node id="271" type="1">
	 	 	 	<cx>382</cx>
	 	 	 	<cy>42</cy>
	 	 	</node>
	 	 	<node id="272" type="1">
	 	 	 	<cx>1</cx>
	 	 	 	<cy>486</cy>
	 	 	</node>
	 	 	<node id="273" type="1">
	 	 	 	<cx>382</cx>
	 	 	 	<cy>334</cy>
	 	 	</node>
	 	 	<node id="274" type="1">
	 	 	 	<cx>497</cx>
	 	 	 	<cy>141</cy>
	 	 	</node>
	 	 	<node id="275" type="1">
	 	 	 	<cx>251</cx>
	 	 	 	<cy>476</cy>
	 	 	</node>
	 	 	<node id="276" type="1">
	 	 	 	<cx>70</cx>
	 	 	 	<cy>672</cy>
	 	 	</node>
	 	 	<node id="277" type="1">
	 	 	 	<cx>154</cx>
	 	 	 	<cy>539</cy>
	 	 	</node>
	 	 	<node id="278" type="1">
	 	 	 	<cx>822</cx>
	 	 	 	<cy>847</cy>
	 	 	</node>
	 	 	<node id="279" type="1">
	 	 	 	<cx>593</cx>
	 	 	 	<cy>573</cy>
	 	 	</node>
	 	 	<node id="280" type="1">
	 	 	 	<cx>915</cx>
	 	 	 	<cy>235</cy>
	 	 	</node>
	 	 	<node id="281" type="1">
	 	 	 	<cx>681</cx>
	 	 	 	<cy>808</cy>
	 	 	</node>
	 	 	<node id="282" type="1">
	 	 	 	<cx>972</cx>
	 	 	 	<cy>28</cy>
	 	 	</node>
	 	 	<node id="283" type="1">
	 	 	 	<cx>649</cx>
	 	 	 	<cy>106</cy>
	 	 	</node>
	 	 	<node id="284" type="1">
	 	 	 	<cx>717</cx>
	 	 	 	<cy>124</cy>
	 	 	</node>
	 	 	<node id="285" type="1">
	 	 	 	<cx>619</cx>
	 	 	 	<cy>669</cy>
	 	 	</node>
	 	 	<node id="286" type="1">
	 	 	 	<cx>859</cx>
	 	 	 	<cy>453</cy>
	 	 	</node>
	 	 	<node id="287" type="1">
	 	 	 	<cx>615</cx>
	 	 	 	<cy>988</cy>
	 	 	</node>
	 	 	<node id="288" type="1">
	 	 	 	<cx>240</cx>
	 	 	 	<cy>554</cy>
	 	 	</node>
	 	 	<node id="289" type="1">
	 	 	 	<cx>847</cx>
	 	 	 	<cy>459</cy>
	 	 	</node>
	 	 	<node id="290" type="1">
	 	 	 	<cx>189</cx>
	 	 	 	<cy>652</cy>
	 	 	</node>
	 	 	<node id="291" type="1">
	 	 	 	<cx>515</cx>
	 	 	 	<cy>845</cy>
	 	 	</node>
	 	 	<node id="292" type="1">
	 	 	 	<cx>625</cx>
	 	 	 	<cy>873</cy>
	 	 	</node>
	 	 	<node id="293" type="1">
	 	 	 	<cx>308</cx>
	 	 	 	<cy>612</cy>
	 	 	</node>
	 	 	<node id="294" type="1">
	 	 	 	<cx>803</cx>
	 	 	 	<cy>434</cy>
	 	 	</node>
	 	 	<node id="295" type="1">
	 	 	 	<cx>592</cx>
	 	 	 	<cy>840</cy>
	 	 	</node>
	 	 	<node id="296" type="1">
	 	 	 	<cx>662</cx>
	 	 	 	<cy>92</cy>
	 	 	</node>
	 	 	<node id="297" type="1">
	 	 	 	<cx>879</cx>
	 	 	 	<cy>454</cy>
	 	 	</node>
	 	 	<node id="298" type="1">
	 	 	 	<cx>784</cx>
	 	 	 	<cy>7</cy>
	 	 	</node>
	 	 	<node id="299" type="1">
	 	 	 	<cx>287</cx>
	 	 	 	<cy>625</cy>
	 	 	</node>
	 	 	<node id="300" type="1">
	 	 	 	<cx>442</cx>
	 	 	 	<cy>982</cy>
	 	 	</node>
	 	 	<node id="301" type="1">
	 	 	 	<cx>844</cx>
	 	 	 	<cy>461</cy>
	 	 	</node>
	 	 	<node id="302" type="1">
	 	 	 	<cx>324</cx>
	 	 	 	<cy>736</cy>
	 	 	</node>
	 	 	<node id="303" type="1">
	 	 	 	<cx>620</cx>
	 	 	 	<cy>43</cy>
	 	 	</node>
	 	 	<node id="304" type="1">
	 	 	 	<cx>505</cx>
	 	 	 	<cy>739</cy>
	 	 	</node>
	 	 	<node id="305" type="1">
	 	 	 	<cx>668</cx>
	 	 	 	<cy>124</cy>
	 	 	</node>
	 	 	<node id="306" type="1">
	 	 	 	<cx>966</cx>
	 	 	 	<cy>56</cy>
	 	 	</node>
	 	 	<node id="307" type="1">
	 	 	 	<cx>648</cx>
	 	 	 	<cy>984</cy>
	 	 	</node>
	 	 	<node id="308" type="1">
	 	 	 	<cx>705</cx>
	 	 	 	<cy>165</cy>
	 	 	</node>
	 	 	<node id="309" type="1">
	 	 	 	<cx>771</cx>
	 	 	 	<cy>758</cy>
	 	 	</node>
	 	 	<node id="310" type="1">
	 	 	 	<cx>643</cx>
	 	 	 	<cy>891</cy>
	 	 	</node>
	 	 	<node id="311" type="1">
	 	 	 	<cx>930</cx>
	 	 	 	<cy>487</cy>
	 	 	</node>
	 	 	<node id="312" type="1">
	 	 	 	<cx>754</cx>
	 	 	 	<cy>167</cy>
	 	 	</node>
	 	 	<node id="313" type="1">
	 	 	 	<cx>529</cx>
	 	 	 	<cy>232</cy>
	 	 	</node>
	 	 	<node id="314" type="1">
	 	 	 	<cx>835</cx>
	 	 	 	<cy>623</cy>
	 	 	</node>
	 	 	<node id="315" type="1">
	 	 	 	<cx>649</cx>
	 	 	 	<cy>742</cy>
	 	 	</node>
	 	 	<node id="316" type="1">
	 	 	 	<cx>660</cx>
	 	 	 	<cy>65</cy>
	 	 	</node>
	 	 	<node id="317" type="1">
	 	 	 	<cx>864</cx>
	 	 	 	<cy>278</cy>
	 	 	</node>
	 	 	<node id="318" type="1">
	 	 	 	<cx>379</cx>
	 	 	 	<cy>515</cy>
	 	 	</node>
	 	 	<node id="319" type="1">
	 	 	 	<cx>152</cx>
	 	 	 	<cy>618</cy>
	 	 	</node>
	 	 	<node id="320" type="1">
	 	 	 	<cx>530</cx>
	 	 	 	<cy>125</cy>
	 	 	</node>
	 	 	<node id="321" type="1">
	 	 	 	<cx>748</cx>
	 	 	 	<cy>966</cy>
	 	 	</node>
	 	 	<node id="322" type="1">
	 	 	 	<cx>794</cx>
	 	 	 	<cy>447</cy>
	 	 	</node>
	 	 	<node id="323" type="1">
	 	 	 	<cx>441</cx>
	 	 	 	<cy>116</cy>
	 	 	</node>
	 	 	<node id="324" type="1">
	 	 	 	<cx>495</cx>
	 	 	 	<cy>888</cy>
	 	 	</node>
	 	 	<node id="325" type="1">
	 	 	 	<cx>734</cx>
	 	 	 	<cy>107</cy>
	 	 	</node>
	 	 	<node id="326" type="1">
	 	 	 	<cx>623</cx>
	 	 	 	<cy>131</cy>
	 	 	</node>
	 	 	<node id="327" type="1">
	 	 	 	<cx>842</cx>
	 	 	 	<cy>466</cy>
	 	 	</node>
	 	 	<node id="328" type="1">
	 	 	 	<cx>869</cx>
	 	 	 	<cy>433</cy>
	 	 	</node>
	 	 	<node id="329" type="1">
	 	 	 	<cx>557</cx>
	 	 	 	<cy>697</cy>
	 	 	</node>
	 	 	<node id="330" type="1">
	 	 	 	<cx>419</cx>
	 	 	 	<cy>952</cy>
	 	 	</node>
	 	 	<node id="331" type="1">
	 	 	 	<cx>987</cx>
	 	 	 	<cy>50</cy>
	 	 	</node>
	 	 	<node id="332" type="1">
	 	 	 	<cx>253</cx>
	 	 	 	<cy>589</cy>
	 	 	</node>
	 	 	<node id="333" type="1">
	 	 	 	<cx>692</cx>
	 	 	 	<cy>664</cy>
	 	 	</node>
	 	 	<node id="334" type="1">
	 	 	 	<cx>626</cx>
	 	 	 	<cy>817</cy>
	 	 	</node>
	 	 	<node id="335" type="1">
	 	 	 	<cx>203</cx>
	 	 	 	<cy>625</cy>
	 	 	</node>
	 	 	<node id="336" type="1">
	 	 	 	<cx>887</cx>
	 	 	 	<cy>426</cy>
	 	 	</node>
	 	 	<node id="337" type="1">
	 	 	 	<cx>675</cx>
	 	 	 	<cy>757</cy>
	 	 	</node>
	 	 	<node id="338" type="1">
	 	 	 	<cx>853</cx>
	 	 	 	<cy>362</cy>
	 	 	</node>
	 	 	<node id="339" type="1">
	 	 	 	<cx>246</cx>
	 	 	 	<cy>660</cy>
	 	 	</node>
	 	 	<node id="340" type="1">
	 	 	 	<cx>194</cx>
	 	 	 	<cy>527</cy>
	 	 	</node>
	 	 	<node id="341" type="1">
	 	 	 	<cx>644</cx>
	 	 	 	<cy>895</cy>
	 	 	</node>
	 	 	<node id="342" type="1">
	 	 	 	<cx>246</cx>
	 	 	 	<cy>544</cy>
	 	 	</node>
	 	 	<node id="343" type="1">
	 	 	 	<cx>672</cx>
	 	 	 	<cy>902</cy>
	 	 	</node>
	 	 	<node id="344" type="1">
	 	 	 	<cx>615</cx>
	 	 	 	<cy>71</cy>
	 	 	</node>
	 	 	<node id="345" type="1">
	 	 	 	<cx>816</cx>
	 	 	 	<cy>214</cy>
	 	 	</node>
	 	 	<node id="346" type="1">
	 	 	 	<cx>619</cx>
	 	 	 	<cy>709</cy>
	 	 	</node>
	 	 	<node id="347" type="1">
	 	 	 	<cx>164</cx>
	 	 	 	<cy>411</cy>
	 	 	</node>
	 	 	<node id="348" type="1">
	 	 	 	<cx>943</cx>
	 	 	 	<cy>552</cy>
	 	 	</node>
	 	 	<node id="349" type="1">
	 	 	 	<cx>288</cx>
	 	 	 	<cy>411</cy>
	 	 	</node>
	 	 	<node id="350" type="1">
	 	 	 	<cx>655</cx>
	 	 	 	<cy>956</cy>
	 	 	</node>
	 	 	<node id="351" type="1">
	 	 	 	<cx>720</cx>
	 	 	 	<cy>138</cy>
	 	 	</node>
	 	 	<node id="352" type="1">
	 	 	 	<cx>743</cx>
	 	 	 	<cy>460</cy>
	 	 	</node>
	 	 	<node id="353" type="1">
	 	 	 	<cx>660</cx>
	 	 	 	<cy>568</cy>
	 	 	</node>
	 	 	<node id="354" type="1">
	 	 	 	<cx>886</cx>
	 	 	 	<cy>352</cy>
	 	 	</node>
	 	 	<node id="355" type="1">
	 	 	 	<cx>375</cx>
	 	 	 	<cy>573</cy>
	 	 	</node>
	 	 	<node id="356" type="1">
	 	 	 	<cx>488</cx>
	 	 	 	<cy>528</cy>
	 	 	</node>
	 	 	<node id="357" type="1">
	 	 	 	<cx>868</cx>
	 	 	 	<cy>505</cy>
	 	 	</node>
	 	 	<node id="358" type="1">
	 	 	 	<cx>561</cx>
	 	 	 	<cy>673</cy>
	 	 	</node>
	 	 	<node id="359" type="1">
	 	 	 	<cx>856</cx>
	 	 	 	<cy>126</cy>
	 	 	</node>
	 	 	<node id="360" type="1">
	 	 	 	<cx>900</cx>
	 	 	 	<cy>17</cy>
	 	 	</node>
	 	 	<node id="361" type="1">
	 	 	 	<cx>871</cx>
	 	 	 	<cy>351</cy>
	 	 	</node>
	 	 	<node id="362" type="1">
	 	 	 	<cx>544</cx>
	 	 	 	<cy>696</cy>
	 	 	</node>
	 	 	<node id="363" type="1">
	 	 	 	<cx>459</cx>
	 	 	 	<cy>776</cy>
	 	 	</node>
	 	 	<node id="364" type="1">
	 	 	 	<cx>541</cx>
	 	 	 	<cy>257</cy>
	 	 	</node>
	 	 	<node id="365" type="1">
	 	 	 	<cx>885</cx>
	 	 	 	<cy>418</cy>
	 	 	</node>
	 	 	<node id="366" type="1">
	 	 	 	<cx>556</cx>
	 	 	 	<cy>622</cy>
	 	 	</node>
	 	 	<node id="367" type="1">
	 	 	 	<cx>443</cx>
	 	 	 	<cy>205</cy>
	 	 	</node>
	 	 	<node id="368" type="1">
	 	 	 	<cx>622</cx>
	 	 	 	<cy>955</cy>
	 	 	</node>
	 	 	<node id="369" type="1">
	 	 	 	<cx>559</cx>
	 	 	 	<cy>106</cy>
	 	 	</node>
	 	 	<node id="370" type="1">
	 	 	 	<cx>840</cx>
	 	 	 	<cy>180</cy>
	 	 	</node>
	 	 	<node id="371" type="1">
	 	 	 	<cx>715</cx>
	 	 	 	<cy>74</cy>
	 	 	</node>
	 	 	<node id="372" type="1">
	 	 	 	<cx>103</cx>
	 	 	 	<cy>373</cy>
	 	 	</node>
	 	 	<node id="373" type="1">
	 	 	 	<cx>879</cx>
	 	 	 	<cy>347</cy>
	 	 	</node>
	 	 	<node id="374" type="1">
	 	 	 	<cx>923</cx>
	 	 	 	<cy>503</cy>
	 	 	</node>
	 	 	<node id="375" type="1">
	 	 	 	<cx>819</cx>
	 	 	 	<cy>389</cy>
	 	 	</node>
	 	 	<node id="376" type="1">
	 	 	 	<cx>588</cx>
	 	 	 	<cy>69</cy>
	 	 	</node>
	 	 	<node id="377" type="1">
	 	 	 	<cx>833</cx>
	 	 	 	<cy>434</cy>
	 	 	</node>
	 	 	<node id="378" type="1">
	 	 	 	<cx>831</cx>
	 	 	 	<cy>507</cy>
	 	 	</node>
	 	 	<node id="379" type="1">
	 	 	 	<cx>589</cx>
	 	 	 	<cy>695</cy>
	 	 	</node>
	 	 	<node id="380" type="1">
	 	 	 	<cx>644</cx>
	 	 	 	<cy>24</cy>
	 	 	</node>
	 	 	<node id="381" type="1">
	 	 	 	<cx>649</cx>
	 	 	 	<cy>15</cy>
	 	 	</node>
	 	 	<node id="382" type="1">
	 	 	 	<cx>865</cx>
	 	 	 	<cy>351</cy>
	 	 	</node>
	 	 	<node id="383" type="1">
	 	 	 	<cx>606</cx>
	 	 	 	<cy>985</cy>
	 	 	</node>
	 	 	<node id="384" type="1">
	 	 	 	<cx>202</cx>
	 	 	 	<cy>605</cy>
	 	 	</node>
	 	 	<node id="385" type="1">
	 	 	 	<cx>815</cx>
	 	 	 	<cy>96</cy>
	 	 	</node>
	 	 	<node id="386" type="1">
	 	 	 	<cx>843</cx>
	 	 	 	<cy>150</cy>
	 	 	</node>
	 	 	<node id="387" type="1">
	 	 	 	<cx>944</cx>
	 	 	 	<cy>461</cy>
	 	 	</node>
	 	 	<node id="388" type="1">
	 	 	 	<cx>197</cx>
	 	 	 	<cy>668</cy>
	 	 	</node>
	 	 	<node id="389" type="1">
	 	 	 	<cx>791</cx>
	 	 	 	<cy>305</cy>
	 	 	</node>
	 	 	<node id="390" type="1">
	 	 	 	<cx>574</cx>
	 	 	 	<cy>826</cy>
	 	 	</node>
	 	 	<node id="391" type="1">
	 	 	 	<cx>733</cx>
	 	 	 	<cy>935</cy>
	 	 	</node>
	 	 	<node id="392" type="1">
	 	 	 	<cx>807</cx>
	 	 	 	<cy>679</cy>
	 	 	</node>
	 	 	<node id="393" type="1">
	 	 	 	<cx>468</cx>
	 	 	 	<cy>732</cy>
	 	 	</node>
	 	 	<node id="394" type="1">
	 	 	 	<cx>609</cx>
	 	 	 	<cy>656</cy>
	 	 	</node>
	 	 	<node id="395" type="1">
	 	 	 	<cx>666</cx>
	 	 	 	<cy>76</cy>
	 	 	</node>
	 	 	<node id="396" type="1">
	 	 	 	<cx>568</cx>
	 	 	 	<cy>205</cy>
	 	 	</node>
	 	 	<node id="397" type="1">
	 	 	 	<cx>802</cx>
	 	 	 	<cy>286</cy>
	 	 	</node>
	 	 	<node id="398" type="1">
	 	 	 	<cx>712</cx>
	 	 	 	<cy>80</cy>
	 	 	</node>
	 	 	<node id="399" type="1">
	 	 	 	<cx>218</cx>
	 	 	 	<cy>449</cy>
	 	 	</node>
	 	 	<node id="400" type="1">
	 	 	 	<cx>914</cx>
	 	 	 	<cy>624</cy>
	 	 	</node>
	 	 	<node id="401" type="1">
	 	 	 	<cx>537</cx>
	 	 	 	<cy>863</cy>
	 	 	</node>
	 	 	<node id="402" type="1">
	 	 	 	<cx>589</cx>
	 	 	 	<cy>996</cy>
	 	 	</node>
	 	 	<node id="403" type="1">
	 	 	 	<cx>862</cx>
	 	 	 	<cy>484</cy>
	 	 	</node>
	 	 	<node id="404" type="1">
	 	 	 	<cx>336</cx>
	 	 	 	<cy>666</cy>
	 	 	</node>
	 	 	<node id="405" type="1">
	 	 	 	<cx>62</cx>
	 	 	 	<cy>678</cy>
	 	 	</node>
	 	 	<node id="406" type="1">
	 	 	 	<cx>869</cx>
	 	 	 	<cy>431</cy>
	 	 	</node>
	 	 	<node id="407" type="1">
	 	 	 	<cx>995</cx>
	 	 	 	<cy>86</cy>
	 	 	</node>
	 	 	<node id="408" type="1">
	 	 	 	<cx>737</cx>
	 	 	 	<cy>314</cy>
	 	 	</node>
	 	 	<node id="409" type="1">
	 	 	 	<cx>851</cx>
	 	 	 	<cy>39</cy>
	 	 	</node>
	 	 	<node id="410" type="1">
	 	 	 	<cx>649</cx>
	 	 	 	<cy>895</cy>
	 	 	</node>
	 	 	<node id="411" type="1">
	 	 	 	<cx>278</cx>
	 	 	 	<cy>480</cy>
	 	 	</node>
	 	 	<node id="412" type="1">
	 	 	 	<cx>743</cx>
	 	 	 	<cy>173</cy>
	 	 	</node>
	 	 	<node id="413" type="1">
	 	 	 	<cx>909</cx>
	 	 	 	<cy>106</cy>
	 	 	</node>
	 	 	<node id="414" type="1">
	 	 	 	<cx>407</cx>
	 	 	 	<cy>905</cy>
	 	 	</node>
	 	 	<node id="415" type="1">
	 	 	 	<cx>648</cx>
	 	 	 	<cy>939</cy>
	 	 	</node>
	 	 	<node id="416" type="1">
	 	 	 	<cx>662</cx>
	 	 	 	<cy>941</cy>
	 	 	</node>
	 	 	<node id="417" type="1">
	 	 	 	<cx>234</cx>
	 	 	 	<cy>442</cy>
	 	 	</node>
	 	 	<node id="418" type="1">
	 	 	 	<cx>984</cx>
	 	 	 	<cy>38</cy>
	 	 	</node>
	 	 	<node id="419" type="1">
	 	 	 	<cx>584</cx>
	 	 	 	<cy>667</cy>
	 	 	</node>
	 	 	<node id="420" type="1">
	 	 	 	<cx>624</cx>
	 	 	 	<cy>9</cy>
	 	 	</node>
	 	 	<node id="421" type="1">
	 	 	 	<cx>615</cx>
	 	 	 	<cy>986</cy>
	 	 	</node>
	 	 	<node id="422" type="1">
	 	 	 	<cx>610</cx>
	 	 	 	<cy>959</cy>
	 	 	</node>
	 	 	<node id="423" type="1">
	 	 	 	<cx>690</cx>
	 	 	 	<cy>580</cy>
	 	 	</node>
	 	 	<node id="424" type="1">
	 	 	 	<cx>725</cx>
	 	 	 	<cy>65</cy>
	 	 	</node>
	 	 	<node id="425" type="1">
	 	 	 	<cx>821</cx>
	 	 	 	<cy>470</cy>
	 	 	</node>
	 	 	<node id="426" type="1">
	 	 	 	<cx>926</cx>
	 	 	 	<cy>460</cy>
	 	 	</node>
	 	 	<node id="427" type="1">
	 	 	 	<cx>779</cx>
	 	 	 	<cy>78</cy>
	 	 	</node>
	 	 	<node id="428" type="1">
	 	 	 	<cx>871</cx>
	 	 	 	<cy>94</cy>
	 	 	</node>
	 	 	<node id="429" type="1">
	 	 	 	<cx>560</cx>
	 	 	 	<cy>796</cy>
	 	 	</node>
	 	 	<node id="430" type="1">
	 	 	 	<cx>616</cx>
	 	 	 	<cy>675</cy>
	 	 	</node>
	 	 	<node id="431" type="1">
	 	 	 	<cx>973</cx>
	 	 	 	<cy>189</cy>
	 	 	</node>
	 	 	<node id="432" type="1">
	 	 	 	<cx>699</cx>
	 	 	 	<cy>19</cy>
	 	 	</node>
	 	 	<node id="433" type="1">
	 	 	 	<cx>989</cx>
	 	 	 	<cy>17</cy>
	 	 	</node>
	 	 	<node id="434" type="1">
	 	 	 	<cx>786</cx>
	 	 	 	<cy>720</cy>
	 	 	</node>
	 	 	<node id="435" type="1">
	 	 	 	<cx>679</cx>
	 	 	 	<cy>710</cy>
	 	 	</node>
	 	 	<node id="436" type="1">
	 	 	 	<cx>290</cx>
	 	 	 	<cy>543</cy>
	 	 	</node>
	 	 	<node id="437" type="1">
	 	 	 	<cx>887</cx>
	 	 	 	<cy>516</cy>
	 	 	</node>
	 	 	<node id="438" type="1">
	 	 	 	<cx>828</cx>
	 	 	 	<cy>401</cy>
	 	 	</node>
	 	 	<node id="439" type="1">
	 	 	 	<cx>633</cx>
	 	 	 	<cy>696</cy>
	 	 	</node>
	 	 	<node id="440" type="1">
	 	 	 	<cx>702</cx>
	 	 	 	<cy>64</cy>
	 	 	</node>
	 	 	<node id="441" type="1">
	 	 	 	<cx>619</cx>
	 	 	 	<cy>966</cy>
	 	 	</node>
	 	 	<node id="442" type="1">
	 	 	 	<cx>816</cx>
	 	 	 	<cy>442</cy>
	 	 	</node>
	 	 	<node id="443" type="1">
	 	 	 	<cx>501</cx>
	 	 	 	<cy>973</cy>
	 	 	</node>
	 	 	<node id="444" type="1">
	 	 	 	<cx>567</cx>
	 	 	 	<cy>951</cy>
	 	 	</node>
	 	 	<node id="445" type="1">
	 	 	 	<cx>653</cx>
	 	 	 	<cy>134</cy>
	 	 	</node>
	 	 	<node id="446" type="1">
	 	 	 	<cx>605</cx>
	 	 	 	<cy>770</cy>
	 	 	</node>
	 	 	<node id="447" type="1">
	 	 	 	<cx>544</cx>
	 	 	 	<cy>972</cy>
	 	 	</node>
	 	 	<node id="448" type="1">
	 	 	 	<cx>465</cx>
	 	 	 	<cy>620</cy>
	 	 	</node>
	 	 	<node id="449" type="1">
	 	 	 	<cx>914</cx>
	 	 	 	<cy>529</cy>
	 	 	</node>
	 	 	<node id="450" type="1">
	 	 	 	<cx>810</cx>
	 	 	 	<cy>491</cy>
	 	 	</node>
	 	 	<node id="451" type="1">
	 	 	 	<cx>173</cx>
	 	 	 	<cy>471</cy>
	 	 	</node>
	 	 	<node id="452" type="1">
	 	 	 	<cx>914</cx>
	 	 	 	<cy>548</cy>
	 	 	</node>
	 	 	<node id="453" type="1">
	 	 	 	<cx>803</cx>
	 	 	 	<cy>366</cy>
	 	 	</node>
	 	 	<node id="454" type="1">
	 	 	 	<cx>625</cx>
	 	 	 	<cy>38</cy>
	 	 	</node>
	 	 	<node id="455" type="1">
	 	 	 	<cx>860</cx>
	 	 	 	<cy>113</cy>
	 	 	</node>
	 	 	<node id="456" type="1">
	 	 	 	<cx>736</cx>
	 	 	 	<cy>168</cy>
	 	 	</node>
	 	 	<node id="457" type="1">
	 	 	 	<cx>459</cx>
	 	 	 	<cy>508</cy>
	 	 	</node>
	 	 	<node id="458" type="1">
	 	 	 	<cx>602</cx>
	 	 	 	<cy>884</cy>
	 	 	</node>
	 	 	<node id="459" type="1">
	 	 	 	<cx>723</cx>
	 	 	 	<cy>145</cy>
	 	 	</node>
	 	 	<node id="460" type="1">
	 	 	 	<cx>723</cx>
	 	 	 	<cy>696</cy>
	 	 	</node>
	 	 	<node id="461" type="1">
	 	 	 	<cx>630</cx>
	 	 	 	<cy>76</cy>
	 	 	</node>
	 	 	<node id="462" type="1">
	 	 	 	<cx>644</cx>
	 	 	 	<cy>653</cy>
	 	 	</node>
	 	 	<node id="463" type="1">
	 	 	 	<cx>478</cx>
	 	 	 	<cy>427</cy>
	 	 	</node>
	 	 	<node id="464" type="1">
	 	 	 	<cx>694</cx>
	 	 	 	<cy>521</cy>
	 	 	</node>
	 	 	<node id="465" type="1">
	 	 	 	<cx>191</cx>
	 	 	 	<cy>588</cy>
	 	 	</node>
	 	 	<node id="466" type="1">
	 	 	 	<cx>663</cx>
	 	 	 	<cy>791</cy>
	 	 	</node>
	 	 	<node id="467" type="1">
	 	 	 	<cx>659</cx>
	 	 	 	<cy>188</cy>
	 	 	</node>
	 	 	<node id="468" type="1">
	 	 	 	<cx>700</cx>
	 	 	 	<cy>411</cy>
	 	 	</node>
	 	 	<node id="469" type="1">
	 	 	 	<cx>677</cx>
	 	 	 	<cy>609</cy>
	 	 	</node>
	 	 	<node id="470" type="1">
	 	 	 	<cx>731</cx>
	 	 	 	<cy>580</cy>
	 	 	</node>
	 	 	<node id="471" type="1">
	 	 	 	<cx>610</cx>
	 	 	 	<cy>105</cy>
	 	 	</node>
	 	 	<node id="472" type="1">
	 	 	 	<cx>548</cx>
	 	 	 	<cy>155</cy>
	 	 	</node>
	 	 	<node id="473" type="1">
	 	 	 	<cx>103</cx>
	 	 	 	<cy>585</cy>
	 	 	</node>
	 	 	<node id="474" type="1">
	 	 	 	<cx>363</cx>
	 	 	 	<cy>542</cy>
	 	 	</node>
	 	 	<node id="475" type="1">
	 	 	 	<cx>615</cx>
	 	 	 	<cy>90</cy>
	 	 	</node>
	 	 	<node id="476" type="1">
	 	 	 	<cx>909</cx>
	 	 	 	<cy>473</cy>
	 	 	</node>
	 	 	<node id="477" type="1">
	 	 	 	<cx>501</cx>
	 	 	 	<cy>937</cy>
	 	 	</node>
	 	 	<node id="478" type="1">
	 	 	 	<cx>579</cx>
	 	 	 	<cy>980</cy>
	 	 	</node>
	 	 	<node id="479" type="1">
	 	 	 	<cx>981</cx>
	 	 	 	<cy>71</cy>
	 	 	</node>
	 	 	<node id="480" type="1">
	 	 	 	<cx>563</cx>
	 	 	 	<cy>789</cy>
	 	 	</node>
	 	 	<node id="481" type="1">
	 	 	 	<cx>842</cx>
	 	 	 	<cy>508</cy>
	 	 	</node>
	 	 	<node id="482" type="1">
	 	 	 	<cx>706</cx>
	 	 	 	<cy>155</cy>
	 	 	</node>
	 	 	<node id="483" type="1">
	 	 	 	<cx>904</cx>
	 	 	 	<cy>130</cy>
	 	 	</node>
	 	 	<node id="484" type="1">
	 	 	 	<cx>543</cx>
	 	 	 	<cy>567</cy>
	 	 	</node>
	 	 	<node id="485" type="1">
	 	 	 	<cx>951</cx>
	 	 	 	<cy>14</cy>
	 	 	</node>
	 	 	<node id="486" type="1">
	 	 	 	<cx>583</cx>
	 	 	 	<cy>963</cy>
	 	 	</node>
	 	 	<node id="487" type="1">
	 	 	 	<cx>803</cx>
	 	 	 	<cy>5</cy>
	 	 	</node>
	 	 	<node id="488" type="1">
	 	 	 	<cx>997</cx>
	 	 	 	<cy>36</cy>
	 	 	</node>
	 	 	<node id="489" type="1">
	 	 	 	<cx>916</cx>
	 	 	 	<cy>439</cy>
	 	 	</node>
	 	 	<node id="490" type="1">
	 	 	 	<cx>163</cx>
	 	 	 	<cy>492</cy>
	 	 	</node>
	 	 	<node id="491" type="1">
	 	 	 	<cx>117</cx>
	 	 	 	<cy>572</cy>
	 	 	</node>
	 	 	<node id="492" type="1">
	 	 	 	<cx>570</cx>
	 	 	 	<cy>35</cy>
	 	 	</node>
	 	 	<node id="493" type="1">
	 	 	 	<cx>538</cx>
	 	 	 	<cy>21</cy>
	 	 	</node>
	 	 	<node id="494" type="1">
	 	 	 	<cx>789</cx>
	 	 	 	<cy>108</cy>
	 	 	</node>
	 	 	<node id="495" type="1">
	 	 	 	<cx>119</cx>
	 	 	 	<cy>667</cy>
	 	 	</node>
	 	 	<node id="496" type="1">
	 	 	 	<cx>186</cx>
	 	 	 	<cy>678</cy>
	 	 	</node>
	 	 	<node id="497" type="1">
	 	 	 	<cx>935</cx>
	 	 	 	<cy>216</cy>
	 	 	</node>
	 	 	<node id="498" type="1">
	 	 	 	<cx>68</cx>
	 	 	 	<cy>669</cy>
	 	 	</node>
	 	 	<node id="499" type="1">
	 	 	 	<cx>653</cx>
	 	 	 	<cy>116</cy>
	 	 	</node>
	 	 	<node id="500" type="1">
	 	 	 	<cx>494</cx>
	 	 	 	<cy>839</cy>
	 	 	</node>
	 	 	<node id="501" type="1">
	 	 	 	<cx>92</cx>
	 	 	 	<cy>755</cy>
	 	 	</node>
	 	 	<node id="502" type="1">
	 	 	 	<cx>598</cx>
	 	 	 	<cy>137</cy>
	 	 	</node>
	 	 	<node id="503" type="1">
	 	 	 	<cx>246</cx>
	 	 	 	<cy>562</cy>
	 	 	</node>
	 	 	<node id="504" type="1">
	 	 	 	<cx>822</cx>
	 	 	 	<cy>278</cy>
	 	 	</node>
	 	 	<node id="505" type="1">
	 	 	 	<cx>521</cx>
	 	 	 	<cy>156</cy>
	 	 	</node>
	 	 	<node id="506" type="1">
	 	 	 	<cx>31</cx>
	 	 	 	<cy>373</cy>
	 	 	</node>
	 	 	<node id="507" type="1">
	 	 	 	<cx>623</cx>
	 	 	 	<cy>53</cy>
	 	 	</node>
	 	 	<node id="508" type="1">
	 	 	 	<cx>518</cx>
	 	 	 	<cy>956</cy>
	 	 	</node>
	 	 	<node id="509" type="1">
	 	 	 	<cx>304</cx>
	 	 	 	<cy>521</cy>
	 	 	</node>
	 	 	<node id="510" type="1">
	 	 	 	<cx>918</cx>
	 	 	 	<cy>124</cy>
	 	 	</node>
	 	 	<node id="511" type="1">
	 	 	 	<cx>949</cx>
	 	 	 	<cy>54</cy>
	 	 	</node>
	 	 	<node id="512" type="1">
	 	 	 	<cx>905</cx>
	 	 	 	<cy>132</cy>
	 	 	</node>
	 	 	<node id="513" type="1">
	 	 	 	<cx>595</cx>
	 	 	 	<cy>694</cy>
	 	 	</node>
	 	 	<node id="514" type="1">
	 	 	 	<cx>882</cx>
	 	 	 	<cy>445</cy>
	 	 	</node>
	 	 	<node id="515" type="1">
	 	 	 	<cx>753</cx>
	 	 	 	<cy>45</cy>
	 	 	</node>
	 	 	<node id="516" type="1">
	 	 	 	<cx>206</cx>
	 	 	 	<cy>365</cy>
	 	 	</node>
	 	 	<node id="517" type="1">
	 	 	 	<cx>959</cx>
	 	 	 	<cy>557</cy>
	 	 	</node>
	 	 	<node id="518" type="1">
	 	 	 	<cx>983</cx>
	 	 	 	<cy>471</cy>
	 	 	</node>
	 	 	<node id="519" type="1">
	 	 	 	<cx>712</cx>
	 	 	 	<cy>137</cy>
	 	 	</node>
	 	 	<node id="520" type="1">
	 	 	 	<cx>818</cx>
	 	 	 	<cy>383</cy>
	 	 	</node>
	 	 	<node id="521" type="1">
	 	 	 	<cx>662</cx>
	 	 	 	<cy>684</cy>
	 	 	</node>
	 	 	<node id="522" type="1">
	 	 	 	<cx>615</cx>
	 	 	 	<cy>759</cy>
	 	 	</node>
	 	 	<node id="523" type="1">
	 	 	 	<cx>717</cx>
	 	 	 	<cy>11</cy>
	 	 	</node>
	 	 	<node id="524" type="1">
	 	 	 	<cx>637</cx>
	 	 	 	<cy>657</cy>
	 	 	</node>
	 	 	<node id="525" type="1">
	 	 	 	<cx>807</cx>
	 	 	 	<cy>419</cy>
	 	 	</node>
	 	 	<node id="526" type="1">
	 	 	 	<cx>389</cx>
	 	 	 	<cy>951</cy>
	 	 	</node>
	 	 	<node id="527" type="1">
	 	 	 	<cx>757</cx>
	 	 	 	<cy>185</cy>
	 	 	</node>
	 	 	<node id="528" type="1">
	 	 	 	<cx>294</cx>
	 	 	 	<cy>482</cy>
	 	 	</node>
	 	 	<node id="529" type="1">
	 	 	 	<cx>475</cx>
	 	 	 	<cy>464</cy>
	 	 	</node>
	 	 	<node id="530" type="1">
	 	 	 	<cx>725</cx>
	 	 	 	<cy>970</cy>
	 	 	</node>
	 	 	<node id="531" type="1">
	 	 	 	<cx>566</cx>
	 	 	 	<cy>971</cy>
	 	 	</node>
	 	 	<node id="532" type="1">
	 	 	 	<cx>714</cx>
	 	 	 	<cy>5</cy>
	 	 	</node>
	 	 	<node id="533" type="1">
	 	 	 	<cx>588</cx>
	 	 	 	<cy>715</cy>
	 	 	</node>
	 	 	<node id="534" type="1">
	 	 	 	<cx>782</cx>
	 	 	 	<cy>808</cy>
	 	 	</node>
	 	 	<node id="535" type="1">
	 	 	 	<cx>891</cx>
	 	 	 	<cy>415</cy>
	 	 	</node>
	 	 	<node id="536" type="1">
	 	 	 	<cx>614</cx>
	 	 	 	<cy>647</cy>
	 	 	</node>
	 	 	<node id="537" type="1">
	 	 	 	<cx>688</cx>
	 	 	 	<cy>869</cy>
	 	 	</node>
	 	 	<node id="538" type="1">
	 	 	 	<cx>763</cx>
	 	 	 	<cy>96</cy>
	 	 	</node>
	 	 	<node id="539" type="1">
	 	 	 	<cx>205</cx>
	 	 	 	<cy>708</cy>
	 	 	</node>
	 	 	<node id="540" type="1">
	 	 	 	<cx>885</cx>
	 	 	 	<cy>493</cy>
	 	 	</node>
	 	 	<node id="541" type="1">
	 	 	 	<cx>570</cx>
	 	 	 	<cy>972</cy>
	 	 	</node>
	 	 	<node id="542" type="1">
	 	 	 	<cx>273</cx>
	 	 	 	<cy>424</cy>
	 	 	</node>
	 	 	<node id="543" type="1">
	 	 	 	<cx>636</cx>
	 	 	 	<cy>107</cy>
	 	 	</node>
	 	 	<node id="544" type="1">
	 	 	 	<cx>536</cx>
	 	 	 	<cy>88</cy>
	 	 	</node>
	 	 	<node id="545" type="1">
	 	 	 	<cx>972</cx>
	 	 	 	<cy>618</cy>
	 	 	</node>
	 	 	<node id="546" type="1">
	 	 	 	<cx>994</cx>
	 	 	 	<cy>28</cy>
	 	 	</node>
	 	 	<node id="547" type="1">
	 	 	 	<cx>475</cx>
	 	 	 	<cy>786</cy>
	 	 	</node>
	 	 	<node id="548" type="1">
	 	 	 	<cx>993</cx>
	 	 	 	<cy>34</cy>
	 	 	</node>
	 	 	<node id="549" type="1">
	 	 	 	<cx>847</cx>
	 	 	 	<cy>29</cy>
	 	 	</node>
	 	 	<node id="550" type="1">
	 	 	 	<cx>601</cx>
	 	 	 	<cy>7</cy>
	 	 	</node>
	 	 	<node id="551" type="1">
	 	 	 	<cx>743</cx>
	 	 	 	<cy>509</cy>
	 	 	</node>
	 	 	<node id="552" type="1">
	 	 	 	<cx>481</cx>
	 	 	 	<cy>877</cy>
	 	 	</node>
	 	 	<node id="553" type="1">
	 	 	 	<cx>654</cx>
	 	 	 	<cy>629</cy>
	 	 	</node>
	 	 	<node id="554" type="1">
	 	 	 	<cx>829</cx>
	 	 	 	<cy>429</cy>
	 	 	</node>
	 	 	<node id="555" type="1">
	 	 	 	<cx>562</cx>
	 	 	 	<cy>686</cy>
	 	 	</node>
	 	 	<node id="556" type="1">
	 	 	 	<cx>797</cx>
	 	 	 	<cy>386</cy>
	 	 	</node>
	 	 	<node id="557" type="1">
	 	 	 	<cx>194</cx>
	 	 	 	<cy>570</cy>
	 	 	</node>
	 	 	<node id="558" type="1">
	 	 	 	<cx>712</cx>
	 	 	 	<cy>142</cy>
	 	 	</node>
	 	 	<node id="559" type="1">
	 	 	 	<cx>681</cx>
	 	 	 	<cy>104</cy>
	 	 	</node>
	 	 	<node id="560" type="1">
	 	 	 	<cx>38</cx>
	 	 	 	<cy>680</cy>
	 	 	</node>
	 	 	<node id="561" type="1">
	 	 	 	<cx>606</cx>
	 	 	 	<cy>919</cy>
	 	 	</node>
	 	</nodes>
	 	<euclidean/>
	 	<decimals>0</decimals>
	 </network>
	 <fleet>
	 	 <vehicle_profile type="0">
	 	  	 <departure_node>1</departure_node>
	 	  	 <arrival_node>1</arrival_node>
	 	  	 <capacity>74</capacity>
	 	 </vehicle_profile>
	 </fleet>
	 <requests>
	 	 <request id="1" node="2">
	 	 	 <quantity>9</quantity>
	 	 </request>
	 	 <request id="2" node="3">
	 	 	 <quantity>7</quantity>
	 	 </request>
	 	 <request id="3" node="4">
	 	 	 <quantity>5</quantity>
	 	 </request>
	 	 <request id="4" node="5">
	 	 	 <quantity>5</quantity>
	 	 </request>
	 	 <request id="5" node="6">
	 	 	 <quantity>8</quantity>
	 	 </request>
	 	 <request id="6" node="7">
	 	 	 <quantity>1</quantity>
	 	 </request>
	 	 <request id="7" node="8">
	 	 	 <quantity>2</quantity>
	 	 </request>
	 	 <request id="8" node="9">
	 	 	 <quantity>6</quantity>
	 	 </request>
	 	 <request id="9" node="10">
	 	 	 <quantity>8</quantity>
	 	 </request>
	 	 <request id="10" node="11">
	 	 	 <quantity>2</quantity>
	 	 </request>
	 	 <request id="11" node="12">
	 	 	 <quantity>6</quantity>
	 	 </request>
	 	 <request id="12" node="13">
	 	 	 <quantity>7</quantity>
	 	 </request>
	 	 <request id="13" node="14">
	 	 	 <quantity>8</quantity>
	 	 </request>
	 	 <request id="14" node="15">
	 	 	 <quantity>8</quantity>
	 	 </request>
	 	 <request id="15" node="16">
	 	 	 <quantity>5</quantity>
	 	 </request>
	 	 <request id="16" node="17">
	 	 	 <quantity>3</quantity>
	 	 </request>
	 	 <request id="17" node="18">
	 	 	 <quantity>4</quantity>
	 	 </request>
	 	 <request id="18" node="19">
	 	 	 <quantity>2</quantity>
	 	 </request>
	 	 <request id="19" node="20">
	 	 	 <quantity>8</quantity>
	 	 </request>
	 	 <request id="20" node="21">
	 	 	 <quantity>6</quantity>
	 	 </request>
	 	 <request id="21" node="22">
	 	 	 <quantity>3</quantity>
	 	 </request>
	 	 <request id="22" node="23">
	 	 	 <quantity>3</quantity>
	 	 </request>
	 	 <request id="23" node="24">
	 	 	 <quantity>4</quantity>
	 	 </request>
	 	 <request id="24" node="25">
	 	 	 <quantity>4</quantity>
	 	 </request>
	 	 <request id="25" node="26">
	 	 	 <quantity>8</quantity>
	 	 </request>
	 	 <request id="26" node="27">
	 	 	 <quantity>8</quantity>
	 	 </request>
	 	 <request id="27" node="28">
	 	 	 <quantity>10</quantity>
	 	 </request>
	 	 <request id="28" node="29">
	 	 	 <quantity>1</quantity>
	 	 </request>
	 	 <request id="29" node="30">
	 	 	 <quantity>1</quantity>
	 	 </request>
	 	 <request id="30" node="31">
	 	 	 <quantity>9</quantity>
	 	 </request>
	 	 <request id="31" node="32">
	 	 	 <quantity>9</quantity>
	 	 </request>
	 	 <request id="32" node="33">
	 	 	 <quantity>10</quantity>
	 	 </request>
	 	 <request id="33" node="34">
	 	 	 <quantity>10</quantity>
	 	 </request>
	 	 <request id="34" node="35">
	 	 	 <quantity>5</quantity>
	 	 </request>
	 	 <request id="35" node="36">
	 	 	 <quantity>5</quantity>
	 	 </request>
	 	 <request id="36" node="37">
	 	 	 <quantity>6</quantity>
	 	 </request>
	 	 <request id="37" node="38">
	 	 	 <quantity>4</quantity>
	 	 </request>
	 	 <request id="38" node="39">
	 	 	 <quantity>9</quantity>
	 	 </request>
	 	 <request id="39" node="40">
	 	 	 <quantity>3</quantity>
	 	 </request>
	 	 <request id="40" node="41">
	 	 	 <quantity>8</quantity>
	 	 </request>
	 	 <request id="41" node="42">
	 	 	 <quantity>4</quantity>
	 	 </request>
	 	 <request id="42" node="43">
	 	 	 <quantity>5</quantity>
	 	 </request>
	 	 <request id="43" node="44">
	 	 	 <quantity>9</quantity>
	 	 </request>
	 	 <request id="44" node="45">
	 	 	 <quantity>4</quantity>
	 	 </request>
	 	 <request id="45" node="46">
	 	 	 <quantity>9</quantity>
	 	 </request>
	 	 <request id="46" node="47">
	 	 	 <quantity>1</quantity>
	 	 </request>
	 	 <request id="47" node="48">
	 	 	 <quantity>7</quantity>
	 	 </request>
	 	 <request id="48" node="49">
	 	 	 <quantity>8</quantity>
	 	 </request>
	 	 <request id="49" node="50">
	 	 	 <quantity>4</quantity>
	 	 </request>
	 	 <request id="50" node="51">
	 	 	 <quantity>5</quantity>
	 	 </request>
	 	 <request id="51" node="52">
	 	 	 <quantity>9</quantity>
	 	 </request>
	 	 <request id="52" node="53">
	 	 	 <quantity>3</quantity>
	 	 </request>
	 	 <request id="53" node="54">
	 	 	 <quantity>8</quantity>
	 	 </request>
	 	 <request id="54" node="55">
	 	 	 <quantity>6</quantity>
	 	 </request>
	 	 <request id="55" node="56">
	 	 	 <quantity>6</quantity>
	 	 </request>
	 	 <request id="56" node="57">
	 	 	 <quantity>8</quantity>
	 	 </request>
	 	 <request id="57" node="58">
	 	 	 <quantity>6</quantity>
	 	 </request>
	 	 <request id="58" node="59">
	 	 	 <quantity>8</quantity>
	 	 </request>
	 	 <request id="59" node="60">
	 	 	 <quantity>6</quantity>
	 	 </request>
	 	 <request id="60" node="61">
	 	 	 <quantity>10</quantity>
	 	 </request>
	 	 <request id="61" node="62">
	 	 	 <quantity>3</quantity>
	 	 </request>
	 	 <request id="62" node="63">
	 	 	 <quantity>9</quantity>
	 	 </request>
	 	 <request id="63" node="64">
	 	 	 <quantity>8</quantity>
	 	 </request>
	 	 <request id="64" node="65">
	 	 	 <quantity>6</quantity>
	 	 </request>
	 	 <request id="65" node="66">
	 	 	 <quantity>6</quantity>
	 	 </request>
	 	 <request id="66" node="67">
	 	 	 <quantity>4</quantity>
	 	 </request>
	 	 <request id="67" node="68">
	 	 	 <quantity>3</quantity>
	 	 </request>
	 	 <request id="68" node="69">
	 	 	 <quantity>7</quantity>
	 	 </request>
	 	 <request id="69" node="70">
	 	 	 <quantity>4</quantity>
	 	 </request>
	 	 <request id="70" node="71">
	 	 	 <quantity>6</quantity>
	 	 </request>
	 	 <request id="71" node="72">
	 	 	 <quantity>10</quantity>
	 	 </request>
	 	 <request id="72" node="73">
	 	 	 <quantity>7</quantity>
	 	 </request>
	 	 <request id="73" node="74">
	 	 	 <quantity>2</quantity>
	 	 </request>
	 	 <request id="74" node="75">
	 	 	 <quantity>7</quantity>
	 	 </request>
	 	 <request id="75" node="76">
	 	 	 <quantity>5</quantity>
	 	 </request>
	 	 <request id="76" node="77">
	 	 	 <quantity>4</quantity>
	 	 </request>
	 	 <request id="77" node="78">
	 	 	 <quantity>3</quantity>
	 	 </request>
	 	 <request id="78" node="79">
	 	 	 <quantity>8</quantity>
	 	 </request>
	 	 <request id="79" node="80">
	 	 	 <quantity>1</quantity>
	 	 </request>
	 	 <request id="80" node="81">
	 	 	 <quantity>1</quantity>
	 	 </request>
	 	 <request id="81" node="82">
	 	 	 <quantity>5</quantity>
	 	 </request>
	 	 <request id="82" node="83">
	 	 	 <quantity>8</quantity>
	 	 </request>
	 	 <request id="83" node="84">
	 	 	 <quantity>2</quantity>
	 	 </request>
	 	 <request id="84" node="85">
	 	 	 <quantity>9</quantity>
	 	 </request>
	 	 <request id="85" node="86">
	 	 	 <quantity>6</quantity>
	 	 </request>
	 	 <request id="86" node="87">
	 	 	 <quantity>10</quantity>
	 	 </request>
	 	 <request id="87" node="88">
	 	 	 <quantity>8</quantity>
	 	 </request>
	 	 <request id="88" node="89">
	 	 	 <quantity>1</quantity>
	 	 </request>
	 	 <request id="89" node="90">
	 	 	 <quantity>6</quantity>
	 	 </request>
	 	 <request id="90" node="91">
	 	 	 <quantity>2</quantity>
	 	 </request>
	 	 <request id="91" node="92">
	 	 	 <quantity>4</quantity>
	 	 </request>
	 	 <request id="92" node="93">
	 	 	 <quantity>7</quantity>
	 	 </request>
	 	 <request id="93" node="94">
	 	 	 <quantity>3</quantity>
	 	 </request>
	 	 <request id="94" node="95">
	 	 	 <quantity>9</quantity>
	 	 </request>
	 	 <request id="95" node="96">
	 	 	 <quantity>9</quantity>
	 	 </request>
	 	 <request id="96" node="97">
	 	 	 <quantity>6</quantity>
	 	 </request>
	 	 <request id="97" node="98">
	 	 	 <quantity>8</quantity>
	 	 </request>
	 	 <request id="98" node="99">
	 	 	 <quantity>3</quantity>
	 	 </request>
	 	 <request id="99" node="100">
	 	 	 <quantity>5</quantity>
	 	 </request>
	 	 <request id="100" node="101">
	 	 	 <quantity>6</quantity>
	 	 </request>
	 	 <request id="101" node="102">
	 	 	 <quantity>8</quantity>
	 	 </request>
	 	 <request id="102" node="103">
	 	 	 <quantity>4</quantity>
	 	 </request>
	 	 <request id="103" node="104">
	 	 	 <quantity>3</quantity>
	 	 </request>
	 	 <request id="104" node="105">
	 	 	 <quantity>9</quantity>
	 	 </request>
	 	 <request id="105" node="106">
	 	 	 <quantity>4</quantity>
	 	 </request>
	 	 <request id="106" node="107">
	 	 	 <quantity>7</quantity>
	 	 </request>
	 	 <request id="107" node="108">
	 	 	 <quantity>1</quantity>
	 	 </request>
	 	 <request id="108" node="109">
	 	 	 <quantity>8</quantity>
	 	 </request>
	 	 <request id="109" node="110">
	 	 	 <quantity>9</quantity>
	 	 </request>
	 	 <request id="110" node="111">
	 	 	 <quantity>2</quantity>
	 	 </request>
	 	 <request id="111" node="112">
	 	 	 <quantity>8</quantity>
	 	 </request>
	 	 <request id="112" node="113">
	 	 	 <quantity>6</quantity>
	 	 </request>
	 	 <request id="113" node="114">
	 	 	 <quantity>1</quantity>
	 	 </request>
	 	 <request id="114" node="115">
	 	 	 <quantity>9</quantity>
	 	 </request>
	 	 <request id="115" node="116">
	 	 	 <quantity>2</quantity>
	 	 </request>
	 	 <request id="116" node="117">
	 	 	 <quantity>5</quantity>
	 	 </request>
	 	 <request id="117" node="118">
	 	 	 <quantity>7</quantity>
	 	 </request>
	 	 <request id="118" node="119">
	 	 	 <quantity>7</quantity>
	 	 </request>
	 	 <request id="119" node="120">
	 	 	 <quantity>2</quantity>
	 	 </request>
	 	 <request id="120" node="121">
	 	 	 <quantity>10</quantity>
	 	 </request>
	 	 <request id="121" node="122">
	 	 	 <quantity>4</quantity>
	 	 </request>
	 	 <request id="122" node="123">
	 	 	 <quantity>8</quantity>
	 	 </request>
	 	 <request id="123" node="124">
	 	 	 <quantity>9</quantity>
	 	 </request>
	 	 <request id="124" node="125">
	 	 	 <quantity>2</quantity>
	 	 </request>
	 	 <request id="125" node="126">
	 	 	 <quantity>9</quantity>
	 	 </request>
	 	 <request id="126" node="127">
	 	 	 <quantity>2</quantity>
	 	 </request>
	 	 <request id="127" node="128">
	 	 	 <quantity>5</quantity>
	 	 </request>
	 	 <request id="128" node="129">
	 	 	 <quantity>7</quantity>
	 	 </request>
	 	 <request id="129" node="130">
	 	 	 <quantity>3</quantity>
	 	 </request>
	 	 <request id="130" node="131">
	 	 	 <quantity>9</quantity>
	 	 </request>
	 	 <request id="131" node="132">
	 	 	 <quantity>8</quantity>
	 	 </request>
	 	 <request id="132" node="133">
	 	 	 <quantity>6</quantity>
	 	 </request>
	 	 <request id="133" node="134">
	 	 	 <quantity>4</quantity>
	 	 </request>
	 	 <request id="134" node="135">
	 	 	 <quantity>8</quantity>
	 	 </request>
	 	 <request id="135" node="136">
	 	 	 <quantity>4</quantity>
	 	 </request>
	 	 <request id="136" node="137">
	 	 	 <quantity>8</quantity>
	 	 </request>
	 	 <request id="137" node="138">
	 	 	 <quantity>6</quantity>
	 	 </request>
	 	 <request id="138" node="139">
	 	 	 <quantity>3</quantity>
	 	 </request>
	 	 <request id="139" node="140">
	 	 	 <quantity>3</quantity>
	 	 </request>
	 	 <request id="140" node="141">
	 	 	 <quantity>5</quantity>
	 	 </request>
	 	 <request id="141" node="142">
	 	 	 <quantity>5</quantity>
	 	 </request>
	 	 <request id="142" node="143">
	 	 	 <quantity>5</quantity>
	 	 </request>
	 	 <request id="143" node="144">
	 	 	 <quantity>10</quantity>
	 	 </request>
	 	 <request id="144" node="145">
	 	 	 <quantity>8</quantity>
	 	 </request>
	 	 <request id="145" node="146">
	 	 	 <quantity>6</quantity>
	 	 </request>
	 	 <request id="146" node="147">
	 	 	 <quantity>7</quantity>
	 	 </request>
	 	 <request id="147" node="148">
	 	 	 <quantity>7</quantity>
	 	 </request>
	 	 <request id="148" node="149">
	 	 	 <quantity>2</quantity>
	 	 </request>
	 	 <request id="149" node="150">
	 	 	 <quantity>1</quantity>
	 	 </request>
	 	 <request id="150" node="151">
	 	 	 <quantity>10</quantity>
	 	 </request>
	 	 <request id="151" node="152">
	 	 	 <quantity>1</quantity>
	 	 </request>
	 	 <request id="152" node="153">
	 	 	 <quantity>9</quantity>
	 	 </request>
	 	 <request id="153" node="154">
	 	 	 <quantity>3</quantity>
	 	 </request>
	 	 <request id="154" node="155">
	 	 	 <quantity>3</quantity>
	 	 </request>
	 	 <request id="155" node="156">
	 	 	 <quantity>10</quantity>
	 	 </request>
	 	 <request id="156" node="157">
	 	 	 <quantity>6</quantity>
	 	 </request>
	 	 <request id="157" node="158">
	 	 	 <quantity>1</quantity>
	 	 </request>
	 	 <request id="158" node="159">
	 	 	 <quantity>10</quantity>
	 	 </request>
	 	 <request id="159" node="160">
	 	 	 <quantity>6</quantity>
	 	 </request>
	 	 <request id="160" node="161">
	 	 	 <quantity>3</quantity>
	 	 </request>
	 	 <request id="161" node="162">
	 	 	 <quantity>3</quantity>
	 	 </request>
	 	 <request id="162" node="163">
	 	 	 <quantity>10</quantity>
	 	 </request>
	 	 <request id="163" node="164">
	 	 	 <quantity>8</quantity>
	 	 </request>
	 	 <request id="164" node="165">
	 	 	 <quantity>6</quantity>
	 	 </request>
	 	 <request id="165" node="166">
	 	 	 <quantity>2</quantity>
	 	 </request>
	 	 <request id="166" node="167">
	 	 	 <quantity>9</quantity>
	 	 </request>
	 	 <request id="167" node="168">
	 	 	 <quantity>5</quantity>
	 	 </request>
	 	 <request id="168" node="169">
	 	 	 <quantity>1</quantity>
	 	 </request>
	 	 <request id="169" node="170">
	 	 	 <quantity>1</quantity>
	 	 </request>
	 	 <request id="170" node="171">
	 	 	 <quantity>2</quantity>
	 	 </request>
	 	 <request id="171" node="172">
	 	 	 <quantity>8</quantity>
	 	 </request>
	 	 <request id="172" node="173">
	 	 	 <quantity>7</quantity>
	 	 </request>
	 	 <request id="173" node="174">
	 	 	 <quantity>2</quantity>
	 	 </request>
	 	 <request id="174" node="175">
	 	 	 <quantity>9</quantity>
	 	 </request>
	 	 <request id="175" node="176">
	 	 	 <quantity>9</quantity>
	 	 </request>
	 	 <request id="176" node="177">
	 	 	 <quantity>5</quantity>
	 	 </request>
	 	 <request id="177" node="178">
	 	 	 <quantity>3</quantity>
	 	 </request>
	 	 <request id="178" node="179">
	 	 	 <quantity>8</quantity>
	 	 </request>
	 	 <request id="179" node="180">
	 	 	 <quantity>2</quantity>
	 	 </request>
	 	 <request id="180" node="181">
	 	 	 <quantity>8</quantity>
	 	 </request>
	 	 <request id="181" node="182">
	 	 	 <quantity>6</quantity>
	 	 </request>
	 	 <request id="182" node="183">
	 	 	 <quantity>3</quantity>
	 	 </request>
	 	 <request id="183" node="184">
	 	 	 <quantity>5</quantity>
	 	 </request>
	 	 <request id="184" node="185">
	 	 	 <quantity>4</quantity>
	 	 </request>
	 	 <request id="185" node="186">
	 	 	 <quantity>7</quantity>
	 	 </request>
	 	 <request id="186" node="187">
	 	 	 <quantity>5</quantity>
	 	 </request>
	 	 <request id="187" node="188">
	 	 	 <quantity>1</quantity>
	 	 </request>
	 	 <request id="188" node="189">
	 	 	 <quantity>10</quantity>
	 	 </request>
	 	 <request id="189" node="190">
	 	 	 <quantity>8</quantity>
	 	 </request>
	 	 <request id="190" node="191">
	 	 	 <quantity>7</quantity>
	 	 </request>
	 	 <request id="191" node="192">
	 	 	 <quantity>5</quantity>
	 	 </request>
	 	 <request id="192" node="193">
	 	 	 <quantity>10</quantity>
	 	 </request>
	 	 <request id="193" node="194">
	 	 	 <quantity>4</quantity>
	 	 </request>
	 	 <request id="194" node="195">
	 	 	 <quantity>4</quantity>
	 	 </request>
	 	 <request id="195" node="196">
	 	 	 <quantity>2</quantity>
	 	 </request>
	 	 <request id="196" node="197">
	 	 	 <quantity>7</quantity>
	 	 </request>
	 	 <request id="197" node="198">
	 	 	 <quantity>1</quantity>
	 	 </request>
	 	 <request id="198" node="199">
	 	 	 <quantity>1</quantity>
	 	 </request>
	 	 <request id="199" node="200">
	 	 	 <quantity>8</quantity>
	 	 </request>
	 	 <request id="200" node="201">
	 	 	 <quantity>2</quantity>
	 	 </request>
	 	 <request id="201" node="202">
	 	 	 <quantity>3</quantity>
	 	 </request>
	 	 <request id="202" node="203">
	 	 	 <quantity>1</quantity>
	 	 </request>
	 	 <request id="203" node="204">
	 	 	 <quantity>2</quantity>
	 	 </request>
	 	 <request id="204" node="205">
	 	 	 <quantity>3</quantity>
	 	 </request>
	 	 <request id="205" node="206">
	 	 	 <quantity>9</quantity>
	 	 </request>
	 	 <request id="206" node="207">
	 	 	 <quantity>9</quantity>
	 	 </request>
	 	 <request id="207" node="208">
	 	 	 <quantity>5</quantity>
	 	 </request>
	 	 <request id="208" node="209">
	 	 	 <quantity>9</quantity>
	 	 </request>
	 	 <request id="209" node="210">
	 	 	 <quantity>7</quantity>
	 	 </request>
	 	 <request id="210" node="211">
	 	 	 <quantity>2</quantity>
	 	 </request>
	 	 <request id="211" node="212">
	 	 	 <quantity>4</quantity>
	 	 </request>
	 	 <request id="212" node="213">
	 	 	 <quantity>6</quantity>
	 	 </request>
	 	 <request id="213" node="214">
	 	 	 <quantity>1</quantity>
	 	 </request>
	 	 <request id="214" node="215">
	 	 	 <quantity>7</quantity>
	 	 </request>
	 	 <request id="215" node="216">
	 	 	 <quantity>6</quantity>
	 	 </request>
	 	 <request id="216" node="217">
	 	 	 <quantity>10</quantity>
	 	 </request>
	 	 <request id="217" node="218">
	 	 	 <quantity>10</quantity>
	 	 </request>
	 	 <request id="218" node="219">
	 	 	 <quantity>2</quantity>
	 	 </request>
	 	 <request id="219" node="220">
	 	 	 <quantity>10</quantity>
	 	 </request>
	 	 <request id="220" node="221">
	 	 	 <quantity>3</quantity>
	 	 </request>
	 	 <request id="221" node="222">
	 	 	 <quantity>8</quantity>
	 	 </request>
	 	 <request id="222" node="223">
	 	 	 <quantity>5</quantity>
	 	 </request>
	 	 <request id="223" node="224">
	 	 	 <quantity>2</quantity>
	 	 </request>
	 	 <request id="224" node="225">
	 	 	 <quantity>3</quantity>
	 	 </request>
	 	 <request id="225" node="226">
	 	 	 <quantity>8</quantity>
	 	 </request>
	 	 <request id="226" node="227">
	 	 	 <quantity>8</quantity>
	 	 </request>
	 	 <request id="227" node="228">
	 	 	 <quantity>7</quantity>
	 	 </request>
	 	 <request id="228" node="229">
	 	 	 <quantity>9</quantity>
	 	 </request>
	 	 <request id="229" node="230">
	 	 	 <quantity>9</quantity>
	 	 </request>
	 	 <request id="230" node="231">
	 	 	 <quantity>6</quantity>
	 	 </request>
	 	 <request id="231" node="232">
	 	 	 <quantity>3</quantity>
	 	 </request>
	 	 <request id="232" node="233">
	 	 	 <quantity>6</quantity>
	 	 </request>
	 	 <request id="233" node="234">
	 	 	 <quantity>6</quantity>
	 	 </request>
	 	 <request id="234" node="235">
	 	 	 <quantity>10</quantity>
	 	 </request>
	 	 <request id="235" node="236">
	 	 	 <quantity>2</quantity>
	 	 </request>
	 	 <request id="236" node="237">
	 	 	 <quantity>3</quantity>
	 	 </request>
	 	 <request id="237" node="238">
	 	 	 <quantity>3</quantity>
	 	 </request>
	 	 <request id="238" node="239">
	 	 	 <quantity>6</quantity>
	 	 </request>
	 	 <request id="239" node="240">
	 	 	 <quantity>1</quantity>
	 	 </request>
	 	 <request id="240" node="241">
	 	 	 <quantity>7</quantity>
	 	 </request>
	 	 <request id="241" node="242">
	 	 	 <quantity>3</quantity>
	 	 </request>
	 	 <request id="242" node="243">
	 	 	 <quantity>4</quantity>
	 	 </request>
	 	 <request id="243" node="244">
	 	 	 <quantity>10</quantity>
	 	 </request>
	 	 <request id="244" node="245">
	 	 	 <quantity>4</quantity>
	 	 </request>
	 	 <request id="245" node="246">
	 	 	 <quantity>5</quantity>
	 	 </request>
	 	 <request id="246" node="247">
	 	 	 <quantity>5</quantity>
	 	 </request>
	 	 <request id="247" node="248">
	 	 	 <quantity>6</quantity>
	 	 </request>
	 	 <request id="248" node="249">
	 	 	 <quantity>2</quantity>
	 	 </request>
	 	 <request id="249" node="250">
	 	 	 <quantity>7</quantity>
	 	 </request>
	 	 <request id="250" node="251">
	 	 	 <quantity>2</quantity>
	 	 </request>
	 	 <request id="251" node="252">
	 	 	 <quantity>3</quantity>
	 	 </request>
	 	 <request id="252" node="253">
	 	 	 <quantity>6</quantity>
	 	 </request>
	 	 <request id="253" node="254">
	 	 	 <quantity>2</quantity>
	 	 </request>
	 	 <request id="254" node="255">
	 	 	 <quantity>7</quantity>
	 	 </request>
	 	 <request id="255" node="256">
	 	 	 <quantity>10</quantity>
	 	 </request>
	 	 <request id="256" node="257">
	 	 	 <quantity>8</quantity>
	 	 </request>
	 	 <request id="257" node="258">
	 	 	 <quantity>10</quantity>
	 	 </request>
	 	 <request id="258" node="259">
	 	 	 <quantity>1</quantity>
	 	 </request>
	 	 <request id="259" node="260">
	 	 	 <quantity>8</quantity>
	 	 </request>
	 	 <request id="260" node="261">
	 	 	 <quantity>1</quantity>
	 	 </request>
	 	 <request id="261" node="262">
	 	 	 <quantity>7</quantity>
	 	 </request>
	 	 <request id="262" node="263">
	 	 	 <quantity>6</quantity>
	 	 </request>
	 	 <request id="263" node="264">
	 	 	 <quantity>3</quantity>
	 	 </request>
	 	 <request id="264" node="265">
	 	 	 <quantity>10</quantity>
	 	 </request>
	 	 <request id="265" node="266">
	 	 	 <quantity>4</quantity>
	 	 </request>
	 	 <request id="266" node="267">
	 	 	 <quantity>5</quantity>
	 	 </request>
	 	 <request id="267" node="268">
	 	 	 <quantity>5</quantity>
	 	 </request>
	 	 <request id="268" node="269">
	 	 	 <quantity>9</quantity>
	 	 </request>
	 	 <request id="269" node="270">
	 	 	 <quantity>5</quantity>
	 	 </request>
	 	 <request id="270" node="271">
	 	 	 <quantity>4</quantity>
	 	 </request>
	 	 <request id="271" node="272">
	 	 	 <quantity>8</quantity>
	 	 </request>
	 	 <request id="272" node="273">
	 	 	 <quantity>5</quantity>
	 	 </request>
	 	 <request id="273" node="274">
	 	 	 <quantity>3</quantity>
	 	 </request>
	 	 <request id="274" node="275">
	 	 	 <quantity>4</quantity>
	 	 </request>
	 	 <request id="275" node="276">
	 	 	 <quantity>7</quantity>
	 	 </request>
	 	 <request id="276" node="277">
	 	 	 <quantity>4</quantity>
	 	 </request>
	 	 <request id="277" node="278">
	 	 	 <quantity>7</quantity>
	 	 </request>
	 	 <request id="278" node="279">
	 	 	 <quantity>2</quantity>
	 	 </request>
	 	 <request id="279" node="280">
	 	 	 <quantity>6</quantity>
	 	 </request>
	 	 <request id="280" node="281">
	 	 	 <quantity>6</quantity>
	 	 </request>
	 	 <request id="281" node="282">
	 	 	 <quantity>1</quantity>
	 	 </request>
	 	 <request id="282" node="283">
	 	 	 <quantity>2</quantity>
	 	 </request>
	 	 <request id="283" node="284">
	 	 	 <quantity>7</quantity>
	 	 </request>
	 	 <request id="284" node="285">
	 	 	 <quantity>10</quantity>
	 	 </request>
	 	 <request id="285" node="286">
	 	 	 <quantity>7</quantity>
	 	 </request>
	 	 <request id="286" node="287">
	 	 	 <quantity>6</quantity>
	 	 </request>
	 	 <request id="287" node="288">
	 	 	 <quantity>9</quantity>
	 	 </request>
	 	 <request id="288" node="289">
	 	 	 <quantity>10</quantity>
	 	 </request>
	 	 <request id="289" node="290">
	 	 	 <quantity>5</quantity>
	 	 </request>
	 	 <request id="290" node="291">
	 	 	 <quantity>1</quantity>
	 	 </request>
	 	 <request id="291" node="292">
	 	 	 <quantity>4</quantity>
	 	 </request>
	 	 <request id="292" node="293">
	 	 	 <quantity>6</quantity>
	 	 </request>
	 	 <request id="293" node="294">
	 	 	 <quantity>2</quantity>
	 	 </request>
	 	 <request id="294" node="295">
	 	 	 <quantity>6</quantity>
	 	 </request>
	 	 <request id="295" node="296">
	 	 	 <quantity>9</quantity>
	 	 </request>
	 	 <request id="296" node="297">
	 	 	 <quantity>9</quantity>
	 	 </request>
	 	 <request id="297" node="298">
	 	 	 <quantity>2</quantity>
	 	 </request>
	 	 <request id="298" node="299">
	 	 	 <quantity>5</quantity>
	 	 </request>
	 	 <request id="299" node="300">
	 	 	 <quantity>7</quantity>
	 	 </request>
	 	 <request id="300" node="301">
	 	 	 <quantity>10</quantity>
	 	 </request>
	 	 <request id="301" node="302">
	 	 	 <quantity>3</quantity>
	 	 </request>
	 	 <request id="302" node="303">
	 	 	 <quantity>5</quantity>
	 	 </request>
	 	 <request id="303" node="304">
	 	 	 <quantity>8</quantity>
	 	 </request>
	 	 <request id="304" node="305">
	 	 	 <quantity>7</quantity>
	 	 </request>
	 	 <request id="305" node="306">
	 	 	 <quantity>2</quantity>
	 	 </request>
	 	 <request id="306" node="307">
	 	 	 <quantity>10</quantity>
	 	 </request>
	 	 <request id="307" node="308">
	 	 	 <quantity>10</quantity>
	 	 </request>
	 	 <request id="308" node="309">
	 	 	 <quantity>5</quantity>
	 	 </request>
	 	 <request id="309" node="310">
	 	 	 <quantity>7</quantity>
	 	 </request>
	 	 <request id="310" node="311">
	 	 	 <quantity>8</quantity>
	 	 </request>
	 	 <request id="311" node="312">
	 	 	 <quantity>8</quantity>
	 	 </request>
	 	 <request id="312" node="313">
	 	 	 <quantity>7</quantity>
	 	 </request>
	 	 <request id="313" node="314">
	 	 	 <quantity>6</quantity>
	 	 </request>
	 	 <request id="314" node="315">
	 	 	 <quantity>1</quantity>
	 	 </request>
	 	 <request id="315" node="316">
	 	 	 <quantity>8</quantity>
	 	 </request>
	 	 <request id="316" node="317">
	 	 	 <quantity>4</quantity>
	 	 </request>
	 	 <request id="317" node="318">
	 	 	 <quantity>3</quantity>
	 	 </request>
	 	 <request id="318" node="319">
	 	 	 <quantity>5</quantity>
	 	 </request>
	 	 <request id="319" node="320">
	 	 	 <quantity>2</quantity>
	 	 </request>
	 	 <request id="320" node="321">
	 	 	 <quantity>4</quantity>
	 	 </request>
	 	 <request id="321" node="322">
	 	 	 <quantity>5</quantity>
	 	 </request>
	 	 <request id="322" node="323">
	 	 	 <quantity>4</quantity>
	 	 </request>
	 	 <request id="323" node="324">
	 	 	 <quantity>9</quantity>
	 	 </request>
	 	 <request id="324" node="325">
	 	 	 <quantity>2</quantity>
	 	 </request>
	 	 <request id="325" node="326">
	 	 	 <quantity>4</quantity>
	 	 </request>
	 	 <request id="326" node="327">
	 	 	 <quantity>7</quantity>
	 	 </request>
	 	 <request id="327" node="328">
	 	 	 <quantity>2</quantity>
	 	 </request>
	 	 <request id="328" node="329">
	 	 	 <quantity>6</quantity>
	 	 </request>
	 	 <request id="329" node="330">
	 	 	 <quantity>3</quantity>
	 	 </request>
	 	 <request id="330" node="331">
	 	 	 <quantity>7</quantity>
	 	 </request>
	 	 <request id="331" node="332">
	 	 	 <quantity>4</quantity>
	 	 </request>
	 	 <request id="332" node="333">
	 	 	 <quantity>7</quantity>
	 	 </request>
	 	 <request id="333" node="334">
	 	 	 <quantity>7</quantity>
	 	 </request>
	 	 <request id="334" node="335">
	 	 	 <quantity>2</quantity>
	 	 </request>
	 	 <request id="335" node="336">
	 	 	 <quantity>2</quantity>
	 	 </request>
	 	 <request id="336" node="337">
	 	 	 <quantity>9</quantity>
	 	 </request>
	 	 <request id="337" node="338">
	 	 	 <quantity>5</quantity>
	 	 </request>
	 	 <request id="338" node="339">
	 	 	 <quantity>8</quantity>
	 	 </request>
	 	 <request id="339" node="340">
	 	 	 <quantity>7</quantity>
	 	 </request>
	 	 <request id="340" node="341">
	 	 	 <quantity>9</quantity>
	 	 </request>
	 	 <request id="341" node="342">
	 	 	 <quantity>4</quantity>
	 	 </request>
	 	 <request id="342" node="343">
	 	 	 <quantity>7</quantity>
	 	 </request>
	 	 <request id="343" node="344">
	 	 	 <quantity>3</quantity>
	 	 </request>
	 	 <request id="344" node="345">
	 	 	 <quantity>1</quantity>
	 	 </request>
	 	 <request id="345" node="346">
	 	 	 <quantity>6</quantity>
	 	 </request>
	 	 <request id="346" node="347">
	 	 	 <quantity>6</quantity>
	 	 </request>
	 	 <request id="347" node="348">
	 	 	 <quantity>3</quantity>
	 	 </request>
	 	 <request id="348" node="349">
	 	 	 <quantity>8</quantity>
	 	 </request>
	 	 <request id="349" node="350">
	 	 	 <quantity>9</quantity>
	 	 </request>
	 	 <request id="350" node="351">
	 	 	 <quantity>6</quantity>
	 	 </request>
	 	 <request id="351" node="352">
	 	 	 <quantity>10</quantity>
	 	 </request>
	 	 <request id="352" node="353">
	 	 	 <quantity>5</quantity>
	 	 </request>
	 	 <request id="353" node="354">
	 	 	 <quantity>6</quantity>
	 	 </request>
	 	 <request id="354" node="355">
	 	 	 <quantity>9</quantity>
	 	 </request>
	 	 <request id="355" node="356">
	 	 	 <quantity>2</quantity>
	 	 </request>
	 	 <request id="356" node="357">
	 	 	 <quantity>10</quantity>
	 	 </request>
	 	 <request id="357" node="358">
	 	 	 <quantity>2</quantity>
	 	 </request>
	 	 <request id="358" node="359">
	 	 	 <quantity>3</quantity>
	 	 </request>
	 	 <request id="359" node="360">
	 	 	 <quantity>5</quantity>
	 	 </request>
	 	 <request id="360" node="361">
	 	 	 <quantity>9</quantity>
	 	 </request>
	 	 <request id="361" node="362">
	 	 	 <quantity>1</quantity>
	 	 </request>
	 	 <request id="362" node="363">
	 	 	 <quantity>10</quantity>
	 	 </request>
	 	 <request id="363" node="364">
	 	 	 <quantity>4</quantity>
	 	 </request>
	 	 <request id="364" node="365">
	 	 	 <quantity>10</quantity>
	 	 </request>
	 	 <request id="365" node="366">
	 	 	 <quantity>5</quantity>
	 	 </request>
	 	 <request id="366" node="367">
	 	 	 <quantity>8</quantity>
	 	 </request>
	 	 <request id="367" node="368">
	 	 	 <quantity>2</quantity>
	 	 </request>
	 	 <request id="368" node="369">
	 	 	 <quantity>6</quantity>
	 	 </request>
	 	 <request id="369" node="370">
	 	 	 <quantity>5</quantity>
	 	 </request>
	 	 <request id="370" node="371">
	 	 	 <quantity>7</quantity>
	 	 </request>
	 	 <request id="371" node="372">
	 	 	 <quantity>4</quantity>
	 	 </request>
	 	 <request id="372" node="373">
	 	 	 <quantity>5</quantity>
	 	 </request>
	 	 <request id="373" node="374">
	 	 	 <quantity>6</quantity>
	 	 </request>
	 	 <request id="374" node="375">
	 	 	 <quantity>2</quantity>
	 	 </request>
	 	 <request id="375" node="376">
	 	 	 <quantity>4</quantity>
	 	 </request>
	 	 <request id="376" node="377">
	 	 	 <quantity>2</quantity>
	 	 </request>
	 	 <request id="377" node="378">
	 	 	 <quantity>6</quantity>
	 	 </request>
	 	 <request id="378" node="379">
	 	 	 <quantity>5</quantity>
	 	 </request>
	 	 <request id="379" node="380">
	 	 	 <quantity>8</quantity>
	 	 </request>
	 	 <request id="380" node="381">
	 	 	 <quantity>4</quantity>
	 	 </request>
	 	 <request id="381" node="382">
	 	 	 <quantity>4</quantity>
	 	 </request>
	 	 <request id="382" node="383">
	 	 	 <quantity>3</quantity>
	 	 </request>
	 	 <request id="383" node="384">
	 	 	 <quantity>5</quantity>
	 	 </request>
	 	 <request id="384" node="385">
	 	 	 <quantity>9</quantity>
	 	 </request>
	 	 <request id="385" node="386">
	 	 	 <quantity>1</quantity>
	 	 </request>
	 	 <request id="386" node="387">
	 	 	 <quantity>4</quantity>
	 	 </request>
	 	 <request id="387" node="388">
	 	 	 <quantity>7</quantity>
	 	 </request>
	 	 <request id="388" node="389">
	 	 	 <quantity>1</quantity>
	 	 </request>
	 	 <request id="389" node="390">
	 	 	 <quantity>5</quantity>
	 	 </request>
	 	 <request id="390" node="391">
	 	 	 <quantity>6</quantity>
	 	 </request>
	 	 <request id="391" node="392">
	 	 	 <quantity>8</quantity>
	 	 </request>
	 	 <request id="392" node="393">
	 	 	 <quantity>3</quantity>
	 	 </request>
	 	 <request id="393" node="394">
	 	 	 <quantity>1</quantity>
	 	 </request>
	 	 <request id="394" node="395">
	 	 	 <quantity>10</quantity>
	 	 </request>
	 	 <request id="395" node="396">
	 	 	 <quantity>2</quantity>
	 	 </request>
	 	 <request id="396" node="397">
	 	 	 <quantity>9</quantity>
	 	 </request>
	 	 <request id="397" node="398">
	 	 	 <quantity>7</quantity>
	 	 </request>
	 	 <request id="398" node="399">
	 	 	 <quantity>6</quantity>
	 	 </request>
	 	 <request id="399" node="400">
	 	 	 <quantity>9</quantity>
	 	 </request>
	 	 <request id="400" node="401">
	 	 	 <quantity>3</quantity>
	 	 </request>
	 	 <request id="401" node="402">
	 	 	 <quantity>6</quantity>
	 	 </request>
	 	 <request id="402" node="403">
	 	 	 <quantity>5</quantity>
	 	 </request>
	 	 <request id="403" node="404">
	 	 	 <quantity>8</quantity>
	 	 </request>
	 	 <request id="404" node="405">
	 	 	 <quantity>3</quantity>
	 	 </request>
	 	 <request id="405" node="406">
	 	 	 <quantity>3</quantity>
	 	 </request>
	 	 <request id="406" node="407">
	 	 	 <quantity>6</quantity>
	 	 </request>
	 	 <request id="407" node="408">
	 	 	 <quantity>1</quantity>
	 	 </request>
	 	 <request id="408" node="409">
	 	 	 <quantity>6</quantity>
	 	 </request>
	 	 <request id="409" node="410">
	 	 	 <quantity>10</quantity>
	 	 </request>
	 	 <request id="410" node="411">
	 	 	 <quantity>6</quantity>
	 	 </request>
	 	 <request id="411" node="412">
	 	 	 <quantity>1</quantity>
	 	 </request>
	 	 <request id="412" node="413">
	 	 	 <quantity>2</quantity>
	 	 </request>
	 	 <request id="413" node="414">
	 	 	 <quantity>7</quantity>
	 	 </request>
	 	 <request id="414" node="415">
	 	 	 <quantity>7</quantity>
	 	 </request>
	 	 <request id="415" node="416">
	 	 	 <quantity>8</quantity>
	 	 </request>
	 	 <request id="416" node="417">
	 	 	 <quantity>1</quantity>
	 	 </request>
	 	 <request id="417" node="418">
	 	 	 <quantity>4</quantity>
	 	 </request>
	 	 <request id="418" node="419">
	 	 	 <quantity>7</quantity>
	 	 </request>
	 	 <request id="419" node="420">
	 	 	 <quantity>3</quantity>
	 	 </request>
	 	 <request id="420" node="421">
	 	 	 <quantity>5</quantity>
	 	 </request>
	 	 <request id="421" node="422">
	 	 	 <quantity>3</quantity>
	 	 </request>
	 	 <request id="422" node="423">
	 	 	 <quantity>9</quantity>
	 	 </request>
	 	 <request id="423" node="424">
	 	 	 <quantity>4</quantity>
	 	 </request>
	 	 <request id="424" node="425">
	 	 	 <quantity>2</quantity>
	 	 </request>
	 	 <request id="425" node="426">
	 	 	 <quantity>7</quantity>
	 	 </request>
	 	 <request id="426" node="427">
	 	 	 <quantity>6</quantity>
	 	 </request>
	 	 <request id="427" node="428">
	 	 	 <quantity>5</quantity>
	 	 </request>
	 	 <request id="428" node="429">
	 	 	 <quantity>4</quantity>
	 	 </request>
	 	 <request id="429" node="430">
	 	 	 <quantity>1</quantity>
	 	 </request>
	 	 <request id="430" node="431">
	 	 	 <quantity>8</quantity>
	 	 </request>
	 	 <request id="431" node="432">
	 	 	 <quantity>5</quantity>
	 	 </request>
	 	 <request id="432" node="433">
	 	 	 <quantity>6</quantity>
	 	 </request>
	 	 <request id="433" node="434">
	 	 	 <quantity>2</quantity>
	 	 </request>
	 	 <request id="434" node="435">
	 	 	 <quantity>9</quantity>
	 	 </request>
	 	 <request id="435" node="436">
	 	 	 <quantity>5</quantity>
	 	 </request>
	 	 <request id="436" node="437">
	 	 	 <quantity>5</quantity>
	 	 </request>
	 	 <request id="437" node="438">
	 	 	 <quantity>3</quantity>
	 	 </request>
	 	 <request id="438" node="439">
	 	 	 <quantity>2</quantity>
	 	 </request>
	 	 <request id="439" node="440">
	 	 	 <quantity>5</quantity>
	 	 </request>
	 	 <request id="440" node="441">
	 	 	 <quantity>9</quantity>
	 	 </request>
	 	 <request id="441" node="442">
	 	 	 <quantity>1</quantity>
	 	 </request>
	 	 <request id="442" node="443">
	 	 	 <quantity>6</quantity>
	 	 </request>
	 	 <request id="443" node="444">
	 	 	 <quantity>7</quantity>
	 	 </request>
	 	 <request id="444" node="445">
	 	 	 <quantity>1</quantity>
	 	 </request>
	 	 <request id="445" node="446">
	 	 	 <quantity>8</quantity>
	 	 </request>
	 	 <request id="446" node="447">
	 	 	 <quantity>3</quantity>
	 	 </request>
	 	 <request id="447" node="448">
	 	 	 <quantity>10</quantity>
	 	 </request>
	 	 <request id="448" node="449">
	 	 	 <quantity>6</quantity>
	 	 </request>
	 	 <request id="449" node="450">
	 	 	 <quantity>10</quantity>
	 	 </request>
	 	 <request id="450" node="451">
	 	 	 <quantity>5</quantity>
	 	 </request>
	 	 <request id="451" node="452">
	 	 	 <quantity>5</quantity>
	 	 </request>
	 	 <request id="452" node="453">
	 	 	 <quantity>2</quantity>
	 	 </request>
	 	 <request id="453" node="454">
	 	 	 <quantity>3</quantity>
	 	 </request>
	 	 <request id="454" node="455">
	 	 	 <quantity>5</quantity>
	 	 </request>
	 	 <request id="455" node="456">
	 	 	 <quantity>4</quantity>
	 	 </request>
	 	 <request id="456" node="457">
	 	 	 <quantity>1</quantity>
	 	 </request>
	 	 <request id="457" node="458">
	 	 	 <quantity>2</quantity>
	 	 </request>
	 	 <request id="458" node="459">
	 	 	 <quantity>5</quantity>
	 	 </request>
	 	 <request id="459" node="460">
	 	 	 <quantity>1</quantity>
	 	 </request>
	 	 <request id="460" node="461">
	 	 	 <quantity>7</quantity>
	 	 </request>
	 	 <request id="461" node="462">
	 	 	 <quantity>8</quantity>
	 	 </request>
	 	 <request id="462" node="463">
	 	 	 <quantity>8</quantity>
	 	 </request>
	 	 <request id="463" node="464">
	 	 	 <quantity>2</quantity>
	 	 </request>
	 	 <request id="464" node="465">
	 	 	 <quantity>10</quantity>
	 	 </request>
	 	 <request id="465" node="466">
	 	 	 <quantity>8</quantity>
	 	 </request>
	 	 <request id="466" node="467">
	 	 	 <quantity>8</quantity>
	 	 </request>
	 	 <request id="467" node="468">
	 	 	 <quantity>1</quantity>
	 	 </request>
	 	 <request id="468" node="469">
	 	 	 <quantity>9</quantity>
	 	 </request>
	 	 <request id="469" node="470">
	 	 	 <quantity>6</quantity>
	 	 </request>
	 	 <request id="470" node="471">
	 	 	 <quantity>1</quantity>
	 	 </request>
	 	 <request id="471" node="472">
	 	 	 <quantity>10</quantity>
	 	 </request>
	 	 <request id="472" node="473">
	 	 	 <quantity>5</quantity>
	 	 </request>
	 	 <request id="473" node="474">
	 	 	 <quantity>4</quantity>
	 	 </request>
	 	 <request id="474" node="475">
	 	 	 <quantity>4</quantity>
	 	 </request>
	 	 <request id="475" node="476">
	 	 	 <quantity>3</quantity>
	 	 </request>
	 	 <request id="476" node="477">
	 	 	 <quantity>2</quantity>
	 	 </request>
	 	 <request id="477" node="478">
	 	 	 <quantity>5</quantity>
	 	 </request>
	 	 <request id="478" node="479">
	 	 	 <quantity>2</quantity>
	 	 </request>
	 	 <request id="479" node="480">
	 	 	 <quantity>4</quantity>
	 	 </request>
	 	 <request id="480" node="481">
	 	 	 <quantity>10</quantity>
	 	 </request>
	 	 <request id="481" node="482">
	 	 	 <quantity>2</quantity>
	 	 </request>
	 	 <request id="482" node="483">
	 	 	 <quantity>6</quantity>
	 	 </request>
	 	 <request id="483" node="484">
	 	 	 <quantity>10</quantity>
	 	 </request>
	 	 <request id="484" node="485">
	 	 	 <quantity>2</quantity>
	 	 </request>
	 	 <request id="485" node="486">
	 	 	 <quantity>6</quantity>
	 	 </request>
	 	 <request id="486" node="487">
	 	 	 <quantity>6</quantity>
	 	 </request>
	 	 <request id="487" node="488">
	 	 	 <quantity>9</quantity>
	 	 </request>
	 	 <request id="488" node="489">
	 	 	 <quantity>7</quantity>
	 	 </request>
	 	 <request id="489" node="490">
	 	 	 <quantity>1</quantity>
	 	 </request>
	 	 <request id="490" node="491">
	 	 	 <quantity>6</quantity>
	 	 </request>
	 	 <request id="491" node="492">
	 	 	 <quantity>5</quantity>
	 	 </request>
	 	 <request id="492" node="493">
	 	 	 <quantity>7</quantity>
	 	 </request>
	 	 <request id="493" node="494">
	 	 	 <quantity>5</quantity>
	 	 </request>
	 	 <request id="494" node="495">
	 	 	 <quantity>7</quantity>
	 	 </request>
	 	 <request id="495" node="496">
	 	 	 <quantity>1</quantity>
	 	 </request>
	 	 <request id="496" node="497">
	 	 	 <quantity>1</quantity>
	 	 </request>
	 	 <request id="497" node="498">
	 	 	 <quantity>7</quantity>
	 	 </request>
	 	 <request id="498" node="499">
	 	 	 <quantity>8</quantity>
	 	 </request>
	 	 <request id="499" node="500">
	 	 	 <quantity>4</quantity>
	 	 </request>
	 	 <request id="500" node="501">
	 	 	 <quantity>7</quantity>
	 	 </request>
	 	 <request id="501" node="502">
	 	 	 <quantity>1</quantity>
	 	 </request>
	 	 <request id="502" node="503">
	 	 	 <quantity>8</quantity>
	 	 </request>
	 	 <request id="503" node="504">
	 	 	 <quantity>6</quantity>
	 	 </request>
	 	 <request id="504" node="505">
	 	 	 <quantity>10</quantity>
	 	 </request>
	 	 <request id="505" node="506">
	 	 	 <quantity>3</quantity>
	 	 </request>
	 	 <request id="506" node="507">
	 	 	 <quantity>7</quantity>
	 	 </request>
	 	 <request id="507" node="508">
	 	 	 <quantity>6</quantity>
	 	 </request>
	 	 <request id="508" node="509">
	 	 	 <quantity>5</quantity>
	 	 </request>
	 	 <request id="509" node="510">
	 	 	 <quantity>7</quantity>
	 	 </request>
	 	 <request id="510" node="511">
	 	 	 <quantity>8</quantity>
	 	 </request>
	 	 <request id="511" node="512">
	 	 	 <quantity>1</quantity>
	 	 </request>
	 	 <request id="512" node="513">
	 	 	 <quantity>8</quantity>
	 	 </request>
	 	 <request id="513" node="514">
	 	 	 <quantity>4</quantity>
	 	 </request>
	 	 <request id="514" node="515">
	 	 	 <quantity>7</quantity>
	 	 </request>
	 	 <request id="515" node="516">
	 	 	 <quantity>5</quantity>
	 	 </request>
	 	 <request id="516" node="517">
	 	 	 <quantity>6</quantity>
	 	 </request>
	 	 <request id="517" node="518">
	 	 	 <quantity>10</quantity>
	 	 </request>
	 	 <request id="518" node="519">
	 	 	 <quantity>7</quantity>
	 	 </request>
	 	 <request id="519" node="520">
	 	 	 <quantity>10</quantity>
	 	 </request>
	 	 <request id="520" node="521">
	 	 	 <quantity>5</quantity>
	 	 </request>
	 	 <request id="521" node="522">
	 	 	 <quantity>8</quantity>
	 	 </request>
	 	 <request id="522" node="523">
	 	 	 <quantity>6</quantity>
	 	 </request>
	 	 <request id="523" node="524">
	 	 	 <quantity>3</quantity>
	 	 </request>
	 	 <request id="524" node="525">
	 	 	 <quantity>4</quantity>
	 	 </request>
	 	 <request id="525" node="526">
	 	 	 <quantity>2</quantity>
	 	 </request>
	 	 <request id="526" node="527">
	 	 	 <quantity>10</quantity>
	 	 </request>
	 	 <request id="527" node="528">
	 	 	 <quantity>3</quantity>
	 	 </request>
	 	 <request id="528" node="529">
	 	 	 <quantity>3</quantity>
	 	 </request>
	 	 <request id="529" node="530">
	 	 	 <quantity>4</quantity>
	 	 </request>
	 	 <request id="530" node="531">
	 	 	 <quantity>8</quantity>
	 	 </request>
	 	 <request id="531" node="532">
	 	 	 <quantity>10</quantity>
	 	 </request>
	 	 <request id="532" node="533">
	 	 	 <quantity>10</quantity>
	 	 </request>
	 	 <request id="533" node="534">
	 	 	 <quantity>7</quantity>
	 	 </request>
	 	 <request id="534" node="535">
	 	 	 <quantity>5</quantity>
	 	 </request>
	 	 <request id="535" node="536">
	 	 	 <quantity>4</quantity>
	 	 </request>
	 	 <request id="536" node="537">
	 	 	 <quantity>9</quantity>
	 	 </request>
	 	 <request id="537" node="538">
	 	 	 <quantity>1</quantity>
	 	 </request>
	 	 <request id="538" node="539">
	 	 	 <quantity>4</quantity>
	 	 </request>
	 	 <request id="539" node="540">
	 	 	 <quantity>3</quantity>
	 	 </request>
	 	 <request id="540" node="541">
	 	 	 <quantity>2</quantity>
	 	 </request>
	 	 <request id="541" node="542">
	 	 	 <quantity>3</quantity>
	 	 </request>
	 	 <request id="542" node="543">
	 	 	 <quantity>3</quantity>
	 	 </request>
	 	 <request id="543" node="544">
	 	 	 <quantity>1</quantity>
	 	 </request>
	 	 <request id="544" node="545">
	 	 	 <quantity>6</quantity>
	 	 </request>
	 	 <request id="545" node="546">
	 	 	 <quantity>2</quantity>
	 	 </request>
	 	 <request id="546" node="547">
	 	 	 <quantity>8</quantity>
	 	 </request>
	 	 <request id="547" node="548">
	 	 	 <quantity>6</quantity>
	 	 </request>
	 	 <request id="548" node="549">
	 	 	 <quantity>4</quantity>
	 	 </request>
	 	 <request id="549" node="550">
	 	 	 <quantity>5</quantity>
	 	 </request>
	 	 <request id="550" node="551">
	 	 	 <quantity>8</quantity>
	 	 </request>
	 	 <request id="551" node="552">
	 	 	 <quantity>1</quantity>
	 	 </request>
	 	 <request id="552" node="553">
	 	 	 <quantity>10</quantity>
	 	 </request>
	 	 <request id="553" node="554">
	 	 	 <quantity>7</quantity>
	 	 </request>
	 	 <request id="554" node="555">
	 	 	 <quantity>3</quantity>
	 	 </request>
	 	 <request id="555" node="556">
	 	 	 <quantity>4</quantity>
	 	 </request>
	 	 <request id="556" node="557">
	 	 	 <quantity>9</quantity>
	 	 </request>
	 	 <request id="557" node="558">
	 	 	 <quantity>7</quantity>
	 	 </request>
	 	 <request id="558" node="559">
	 	 	 <quantity>8</quantity>
	 	 </request>
	 	 <request id="559" node="560">
	 	 	 <quantity>1</quantity>
	 	 </request>
	 	 <request id="560" node="561">
	 	 	 <quantity>2</quantity>
	 	 </request>
	 </requests>
</instance>
