<?xml version="1.0" encoding="UTF-8" standalone="yes"?>
<instance>
	<info>
	 	<dataset>Uchoa 2014 — Set X</dataset>
	 	<name>X-n106-k14</name>
	</info>
	<network>
	 	<nodes>
	 	 	<node id="1" type="1">
	 	 	 	<cx>0</cx>
	 	 	 	<cy>0</cy>
	 	 	</node>
	 	 	<node id="2" type="1">
	 	 	 	<cx>615</cx>
	 	 	 	<cy>190</cy>
	 	 	</node>
	 	 	<node id="3" type="1">
	 	 	 	<cx>890</cx>
	 	 	 	<cy>200</cy>
	 	 	</node>
	 	 	<node id="4" type="1">
	 	 	 	<cx>983</cx>
	 	 	 	<cy>684</cy>
	 	 	</node>
	 	 	<node id="5" type="1">
	 	 	 	<cx>959</cx>
	 	 	 	<cy>743</cy>
	 	 	</node>
	 	 	<node id="6" type="1">
	 	 	 	<cx>569</cx>
	 	 	 	<cy>146</cy>
	 	 	</node>
	 	 	<node id="7" type="1">
	 	 	 	<cx>969</cx>
	 	 	 	<cy>841</cy>
	 	 	</node>
	 	 	<node id="8" type="1">
	 	 	 	<cx>607</cx>
	 	 	 	<cy>256</cy>
	 	 	</node>
	 	 	<node id="9" type="1">
	 	 	 	<cx>936</cx>
	 	 	 	<cy>274</cy>
	 	 	</node>
	 	 	<node id="10" type="1">
	 	 	 	<cx>650</cx>
	 	 	 	<cy>221</cy>
	 	 	</node>
	 	 	<node id="11" type="1">
	 	 	 	<cx>943</cx>
	 	 	 	<cy>547</cy>
	 	 	</node>
	 	 	<node id="12" type="1">
	 	 	 	<cx>789</cx>
	 	 	 	<cy>172</cy>
	 	 	</node>
	 	 	<node id="13" type="1">
	 	 	 	<cx>632</cx>
	 	 	 	<cy>209</cy>
	 	 	</node>
	 	 	<node id="14" type="1">
	 	 	 	<cx>849</cx>
	 	 	 	<cy>163</cy>
	 	 	</node>
	 	 	<node id="15" type="1">
	 	 	 	<cx>829</cx>
	 	 	 	<cy>283</cy>
	 	 	</node>
	 	 	<node id="16" type="1">
	 	 	 	<cx>618</cx>
	 	 	 	<cy>147</cy>
	 	 	</node>
	 	 	<node id="17" type="1">
	 	 	 	<cx>925</cx>
	 	 	 	<cy>627</cy>
	 	 	</node>
	 	 	<node id="18" type="1">
	 	 	 	<cx>925</cx>
	 	 	 	<cy>192</cy>
	 	 	</node>
	 	 	<node id="19" type="1">
	 	 	 	<cx>903</cx>
	 	 	 	<cy>460</cy>
	 	 	</node>
	 	 	<node id="20" type="1">
	 	 	 	<cx>666</cx>
	 	 	 	<cy>368</cy>
	 	 	</node>
	 	 	<node id="21" type="1">
	 	 	 	<cx>906</cx>
	 	 	 	<cy>622</cy>
	 	 	</node>
	 	 	<node id="22" type="1">
	 	 	 	<cx>833</cx>
	 	 	 	<cy>185</cy>
	 	 	</node>
	 	 	<node id="23" type="1">
	 	 	 	<cx>411</cx>
	 	 	 	<cy>136</cy>
	 	 	</node>
	 	 	<node id="24" type="1">
	 	 	 	<cx>989</cx>
	 	 	 	<cy>691</cy>
	 	 	</node>
	 	 	<node id="25" type="1">
	 	 	 	<cx>601</cx>
	 	 	 	<cy>221</cy>
	 	 	</node>
	 	 	<node id="26" type="1">
	 	 	 	<cx>429</cx>
	 	 	 	<cy>500</cy>
	 	 	</node>
	 	 	<node id="27" type="1">
	 	 	 	<cx>522</cx>
	 	 	 	<cy>218</cy>
	 	 	</node>
	 	 	<node id="28" type="1">
	 	 	 	<cx>760</cx>
	 	 	 	<cy>346</cy>
	 	 	</node>
	 	 	<node id="29" type="1">
	 	 	 	<cx>674</cx>
	 	 	 	<cy>183</cy>
	 	 	</node>
	 	 	<node id="30" type="1">
	 	 	 	<cx>720</cx>
	 	 	 	<cy>99</cy>
	 	 	</node>
	 	 	<node id="31" type="1">
	 	 	 	<cx>951</cx>
	 	 	 	<cy>705</cy>
	 	 	</node>
	 	 	<node id="32" type="1">
	 	 	 	<cx>898</cx>
	 	 	 	<cy>154</cy>
	 	 	</node>
	 	 	<node id="33" type="1">
	 	 	 	<cx>953</cx>
	 	 	 	<cy>661</cy>
	 	 	</node>
	 	 	<node id="34" type="1">
	 	 	 	<cx>425</cx>
	 	 	 	<cy>212</cy>
	 	 	</node>
	 	 	<node id="35" type="1">
	 	 	 	<cx>775</cx>
	 	 	 	<cy>159</cy>
	 	 	</node>
	 	 	<node id="36" type="1">
	 	 	 	<cx>900</cx>
	 	 	 	<cy>649</cy>
	 	 	</node>
	 	 	<node id="37" type="1">
	 	 	 	<cx>943</cx>
	 	 	 	<cy>290</cy>
	 	 	</node>
	 	 	<node id="38" type="1">
	 	 	 	<cx>724</cx>
	 	 	 	<cy>315</cy>
	 	 	</node>
	 	 	<node id="39" type="1">
	 	 	 	<cx>927</cx>
	 	 	 	<cy>705</cy>
	 	 	</node>
	 	 	<node id="40" type="1">
	 	 	 	<cx>865</cx>
	 	 	 	<cy>817</cy>
	 	 	</node>
	 	 	<node id="41" type="1">
	 	 	 	<cx>872</cx>
	 	 	 	<cy>161</cy>
	 	 	</node>
	 	 	<node id="42" type="1">
	 	 	 	<cx>966</cx>
	 	 	 	<cy>478</cy>
	 	 	</node>
	 	 	<node id="43" type="1">
	 	 	 	<cx>974</cx>
	 	 	 	<cy>694</cy>
	 	 	</node>
	 	 	<node id="44" type="1">
	 	 	 	<cx>669</cx>
	 	 	 	<cy>159</cy>
	 	 	</node>
	 	 	<node id="45" type="1">
	 	 	 	<cx>603</cx>
	 	 	 	<cy>140</cy>
	 	 	</node>
	 	 	<node id="46" type="1">
	 	 	 	<cx>598</cx>
	 	 	 	<cy>122</cy>
	 	 	</node>
	 	 	<node id="47" type="1">
	 	 	 	<cx>715</cx>
	 	 	 	<cy>230</cy>
	 	 	</node>
	 	 	<node id="48" type="1">
	 	 	 	<cx>777</cx>
	 	 	 	<cy>693</cy>
	 	 	</node>
	 	 	<node id="49" type="1">
	 	 	 	<cx>890</cx>
	 	 	 	<cy>231</cy>
	 	 	</node>
	 	 	<node id="50" type="1">
	 	 	 	<cx>775</cx>
	 	 	 	<cy>230</cy>
	 	 	</node>
	 	 	<node id="51" type="1">
	 	 	 	<cx>908</cx>
	 	 	 	<cy>849</cy>
	 	 	</node>
	 	 	<node id="52" type="1">
	 	 	 	<cx>625</cx>
	 	 	 	<cy>138</cy>
	 	 	</node>
	 	 	<node id="53" type="1">
	 	 	 	<cx>490</cx>
	 	 	 	<cy>185</cy>
	 	 	</node>
	 	 	<node id="54" type="1">
	 	 	 	<cx>643</cx>
	 	 	 	<cy>163</cy>
	 	 	</node>
	 	 	<node id="55" type="1">
	 	 	 	<cx>849</cx>
	 	 	 	<cy>183</cy>
	 	 	</node>
	 	 	<node id="56" type="1">
	 	 	 	<cx>998</cx>
	 	 	 	<cy>675</cy>
	 	 	</node>
	 	 	<node id="57" type="1">
	 	 	 	<cx>619</cx>
	 	 	 	<cy>495</cy>
	 	 	</node>
	 	 	<node id="58" type="1">
	 	 	 	<cx>844</cx>
	 	 	 	<cy>67</cy>
	 	 	</node>
	 	 	<node id="59" type="1">
	 	 	 	<cx>861</cx>
	 	 	 	<cy>276</cy>
	 	 	</node>
	 	 	<node id="60" type="1">
	 	 	 	<cx>888</cx>
	 	 	 	<cy>679</cy>
	 	 	</node>
	 	 	<node id="61" type="1">
	 	 	 	<cx>641</cx>
	 	 	 	<cy>141</cy>
	 	 	</node>
	 	 	<node id="62" type="1">
	 	 	 	<cx>869</cx>
	 	 	 	<cy>766</cy>
	 	 	</node>
	 	 	<node id="63" type="1">
	 	 	 	<cx>495</cx>
	 	 	 	<cy>244</cy>
	 	 	</node>
	 	 	<node id="64" type="1">
	 	 	 	<cx>852</cx>
	 	 	 	<cy>110</cy>
	 	 	</node>
	 	 	<node id="65" type="1">
	 	 	 	<cx>976</cx>
	 	 	 	<cy>143</cy>
	 	 	</node>
	 	 	<node id="66" type="1">
	 	 	 	<cx>921</cx>
	 	 	 	<cy>783</cy>
	 	 	</node>
	 	 	<node id="67" type="1">
	 	 	 	<cx>688</cx>
	 	 	 	<cy>211</cy>
	 	 	</node>
	 	 	<node id="68" type="1">
	 	 	 	<cx>857</cx>
	 	 	 	<cy>199</cy>
	 	 	</node>
	 	 	<node id="69" type="1">
	 	 	 	<cx>758</cx>
	 	 	 	<cy>636</cy>
	 	 	</node>
	 	 	<node id="70" type="1">
	 	 	 	<cx>990</cx>
	 	 	 	<cy>213</cy>
	 	 	</node>
	 	 	<node id="71" type="1">
	 	 	 	<cx>973</cx>
	 	 	 	<cy>806</cy>
	 	 	</node>
	 	 	<node id="72" type="1">
	 	 	 	<cx>748</cx>
	 	 	 	<cy>240</cy>
	 	 	</node>
	 	 	<node id="73" type="1">
	 	 	 	<cx>737</cx>
	 	 	 	<cy>95</cy>
	 	 	</node>
	 	 	<node id="74" type="1">
	 	 	 	<cx>933</cx>
	 	 	 	<cy>664</cy>
	 	 	</node>
	 	 	<node id="75" type="1">
	 	 	 	<cx>770</cx>
	 	 	 	<cy>172</cy>
	 	 	</node>
	 	 	<node id="76" type="1">
	 	 	 	<cx>616</cx>
	 	 	 	<cy>250</cy>
	 	 	</node>
	 	 	<node id="77" type="1">
	 	 	 	<cx>641</cx>
	 	 	 	<cy>146</cy>
	 	 	</node>
	 	 	<node id="78" type="1">
	 	 	 	<cx>867</cx>
	 	 	 	<cy>199</cy>
	 	 	</node>
	 	 	<node id="79" type="1">
	 	 	 	<cx>544</cx>
	 	 	 	<cy>327</cy>
	 	 	</node>
	 	 	<node id="80" type="1">
	 	 	 	<cx>711</cx>
	 	 	 	<cy>277</cy>
	 	 	</node>
	 	 	<node id="81" type="1">
	 	 	 	<cx>893</cx>
	 	 	 	<cy>778</cy>
	 	 	</node>
	 	 	<node id="82" type="1">
	 	 	 	<cx>992</cx>
	 	 	 	<cy>868</cy>
	 	 	</node>
	 	 	<node id="83" type="1">
	 	 	 	<cx>685</cx>
	 	 	 	<cy>11</cy>
	 	 	</node>
	 	 	<node id="84" type="1">
	 	 	 	<cx>869</cx>
	 	 	 	<cy>204</cy>
	 	 	</node>
	 	 	<node id="85" type="1">
	 	 	 	<cx>646</cx>
	 	 	 	<cy>260</cy>
	 	 	</node>
	 	 	<node id="86" type="1">
	 	 	 	<cx>849</cx>
	 	 	 	<cy>185</cy>
	 	 	</node>
	 	 	<node id="87" type="1">
	 	 	 	<cx>918</cx>
	 	 	 	<cy>400</cy>
	 	 	</node>
	 	 	<node id="88" type="1">
	 	 	 	<cx>645</cx>
	 	 	 	<cy>144</cy>
	 	 	</node>
	 	 	<node id="89" type="1">
	 	 	 	<cx>923</cx>
	 	 	 	<cy>339</cy>
	 	 	</node>
	 	 	<node id="90" type="1">
	 	 	 	<cx>931</cx>
	 	 	 	<cy>686</cy>
	 	 	</node>
	 	 	<node id="91" type="1">
	 	 	 	<cx>582</cx>
	 	 	 	<cy>212</cy>
	 	 	</node>
	 	 	<node id="92" type="1">
	 	 	 	<cx>1000</cx>
	 	 	 	<cy>309</cy>
	 	 	</node>
	 	 	<node id="93" type="1">
	 	 	 	<cx>572</cx>
	 	 	 	<cy>192</cy>
	 	 	</node>
	 	 	<node id="94" type="1">
	 	 	 	<cx>676</cx>
	 	 	 	<cy>183</cy>
	 	 	</node>
	 	 	<node id="95" type="1">
	 	 	 	<cx>989</cx>
	 	 	 	<cy>59</cy>
	 	 	</node>
	 	 	<node id="96" type="1">
	 	 	 	<cx>798</cx>
	 	 	 	<cy>642</cy>
	 	 	</node>
	 	 	<node id="97" type="1">
	 	 	 	<cx>582</cx>
	 	 	 	<cy>39</cy>
	 	 	</node>
	 	 	<node id="98" type="1">
	 	 	 	<cx>686</cx>
	 	 	 	<cy>188</cy>
	 	 	</node>
	 	 	<node id="99" type="1">
	 	 	 	<cx>995</cx>
	 	 	 	<cy>720</cy>
	 	 	</node>
	 	 	<node id="100" type="1">
	 	 	 	<cx>802</cx>
	 	 	 	<cy>185</cy>
	 	 	</node>
	 	 	<node id="101" type="1">
	 	 	 	<cx>603</cx>
	 	 	 	<cy>126</cy>
	 	 	</node>
	 	 	<node id="102" type="1">
	 	 	 	<cx>657</cx>
	 	 	 	<cy>185</cy>
	 	 	</node>
	 	 	<node id="103" type="1">
	 	 	 	<cx>574</cx>
	 	 	 	<cy>195</cy>
	 	 	</node>
	 	 	<node id="104" type="1">
	 	 	 	<cx>661</cx>
	 	 	 	<cy>174</cy>
	 	 	</node>
	 	 	<node id="105" type="1">
	 	 	 	<cx>614</cx>
	 	 	 	<cy>195</cy>
	 	 	</node>
	 	 	<node id="106" type="1">
	 	 	 	<cx>961</cx>
	 	 	 	<cy>162</cy>
	 	 	</node>
	 	</nodes>
	 	<euclidean/>
	 	<decimals>0</decimals>
	 </network>
	 <fleet>
	 	 <vehicle_profile type="0">
	 	  	 <departure_node>1</departure_node>
	 	  	 <arrival_node>1</arrival_node>
	 	  	 <capacity>600</capacity>
	 	 </vehicle_profile>
	 </fleet>
	 <requests>
	 	 <request id="1" node="2">
	 	 	 <quantity>81</quantity>
	 	 </request>
	 	 <request id="2" node="3">
	 	 	 <quantity>64</quantity>
	 	 </request>
	 	 <request id="3" node="4">
	 	 	 <quantity>51</quantity>
	 	 </request>
	 	 <request id="4" node="5">
	 	 	 <quantity>61</quantity>
	 	 </request>
	 	 <request id="5" node="6">
	 	 	 <quantity>71</quantity>
	 	 </request>
	 	 <request id="6" node="7">
	 	 	 <quantity>83</quantity>
	 	 </request>
	 	 <request id="7" node="8">
	 	 	 <quantity>92</quantity>
	 	 </request>
	 	 <request id="8" node="9">
	 	 	 <quantity>66</quantity>
	 	 </request>
	 	 <request id="9" node="10">
	 	 	 <quantity>92</quantity>
	 	 </request>
	 	 <request id="10" node="11">
	 	 	 <quantity>78</quantity>
	 	 </request>
	 	 <request id="11" node="12">
	 	 	 <quantity>98</quantity>
	 	 </request>
	 	 <request id="12" node="13">
	 	 	 <quantity>88</quantity>
	 	 </request>
	 	 <request id="13" node="14">
	 	 	 <quantity>70</quantity>
	 	 </request>
	 	 <request id="14" node="15">
	 	 	 <quantity>72</quantity>
	 	 </request>
	 	 <request id="15" node="16">
	 	 	 <quantity>92</quantity>
	 	 </request>
	 	 <request id="16" node="17">
	 	 	 <quantity>84</quantity>
	 	 </request>
	 	 <request id="17" node="18">
	 	 	 <quantity>51</quantity>
	 	 </request>
	 	 <request id="18" node="19">
	 	 	 <quantity>81</quantity>
	 	 </request>
	 	 <request id="19" node="20">
	 	 	 <quantity>71</quantity>
	 	 </request>
	 	 <request id="20" node="21">
	 	 	 <quantity>98</quantity>
	 	 </request>
	 	 <request id="21" node="22">
	 	 	 <quantity>70</quantity>
	 	 </request>
	 	 <request id="22" node="23">
	 	 	 <quantity>53</quantity>
	 	 </request>
	 	 <request id="23" node="24">
	 	 	 <quantity>76</quantity>
	 	 </request>
	 	 <request id="24" node="25">
	 	 	 <quantity>83</quantity>
	 	 </request>
	 	 <request id="25" node="26">
	 	 	 <quantity>83</quantity>
	 	 </request>
	 	 <request id="26" node="27">
	 	 	 <quantity>77</quantity>
	 	 </request>
	 	 <request id="27" node="28">
	 	 	 <quantity>82</quantity>
	 	 </request>
	 	 <request id="28" node="29">
	 	 	 <quantity>88</quantity>
	 	 </request>
	 	 <request id="29" node="30">
	 	 	 <quantity>58</quantity>
	 	 </request>
	 	 <request id="30" node="31">
	 	 	 <quantity>97</quantity>
	 	 </request>
	 	 <request id="31" node="32">
	 	 	 <quantity>53</quantity>
	 	 </request>
	 	 <request id="32" node="33">
	 	 	 <quantity>52</quantity>
	 	 </request>
	 	 <request id="33" node="34">
	 	 	 <quantity>89</quantity>
	 	 </request>
	 	 <request id="34" node="35">
	 	 	 <quantity>87</quantity>
	 	 </request>
	 	 <request id="35" node="36">
	 	 	 <quantity>50</quantity>
	 	 </request>
	 	 <request id="36" node="37">
	 	 	 <quantity>73</quantity>
	 	 </request>
	 	 <request id="37" node="38">
	 	 	 <quantity>58</quantity>
	 	 </request>
	 	 <request id="38" node="39">
	 	 	 <quantity>100</quantity>
	 	 </request>
	 	 <request id="39" node="40">
	 	 	 <quantity>59</quantity>
	 	 </request>
	 	 <request id="40" node="41">
	 	 	 <quantity>67</quantity>
	 	 </request>
	 	 <request id="41" node="42">
	 	 	 <quantity>75</quantity>
	 	 </request>
	 	 <request id="42" node="43">
	 	 	 <quantity>65</quantity>
	 	 </request>
	 	 <request id="43" node="44">
	 	 	 <quantity>80</quantity>
	 	 </request>
	 	 <request id="44" node="45">
	 	 	 <quantity>65</quantity>
	 	 </request>
	 	 <request id="45" node="46">
	 	 	 <quantity>63</quantity>
	 	 </request>
	 	 <request id="46" node="47">
	 	 	 <quantity>59</quantity>
	 	 </request>
	 	 <request id="47" node="48">
	 	 	 <quantity>75</quantity>
	 	 </request>
	 	 <request id="48" node="49">
	 	 	 <quantity>56</quantity>
	 	 </request>
	 	 <request id="49" node="50">
	 	 	 <quantity>76</quantity>
	 	 </request>
	 	 <request id="50" node="51">
	 	 	 <quantity>83</quantity>
	 	 </request>
	 	 <request id="51" node="52">
	 	 	 <quantity>85</quantity>
	 	 </request>
	 	 <request id="52" node="53">
	 	 	 <quantity>96</quantity>
	 	 </request>
	 	 <request id="53" node="54">
	 	 	 <quantity>58</quantity>
	 	 </request>
	 	 <request id="54" node="55">
	 	 	 <quantity>50</quantity>
	 	 </request>
	 	 <request id="55" node="56">
	 	 	 <quantity>54</quantity>
	 	 </request>
	 	 <request id="56" node="57">
	 	 	 <quantity>81</quantity>
	 	 </request>
	 	 <request id="57" node="58">
	 	 	 <quantity>82</quantity>
	 	 </request>
	 	 <request id="58" node="59">
	 	 	 <quantity>99</quantity>
	 	 </request>
	 	 <request id="59" node="60">
	 	 	 <quantity>67</quantity>
	 	 </request>
	 	 <request id="60" node="61">
	 	 	 <quantity>88</quantity>
	 	 </request>
	 	 <request id="61" node="62">
	 	 	 <quantity>92</quantity>
	 	 </request>
	 	 <request id="62" node="63">
	 	 	 <quantity>97</quantity>
	 	 </request>
	 	 <request id="63" node="64">
	 	 	 <quantity>50</quantity>
	 	 </request>
	 	 <request id="64" node="65">
	 	 	 <quantity>62</quantity>
	 	 </request>
	 	 <request id="65" node="66">
	 	 	 <quantity>59</quantity>
	 	 </request>
	 	 <request id="66" node="67">
	 	 	 <quantity>83</quantity>
	 	 </request>
	 	 <request id="67" node="68">
	 	 	 <quantity>86</quantity>
	 	 </request>
	 	 <request id="68" node="69">
	 	 	 <quantity>86</quantity>
	 	 </request>
	 	 <request id="69" node="70">
	 	 	 <quantity>55</quantity>
	 	 </request>
	 	 <request id="70" node="71">
	 	 	 <quantity>99</quantity>
	 	 </request>
	 	 <request id="71" node="72">
	 	 	 <quantity>88</quantity>
	 	 </request>
	 	 <request id="72" node="73">
	 	 	 <quantity>99</quantity>
	 	 </request>
	 	 <request id="73" node="74">
	 	 	 <quantity>80</quantity>
	 	 </request>
	 	 <request id="74" node="75">
	 	 	 <quantity>98</quantity>
	 	 </request>
	 	 <request id="75" node="76">
	 	 	 <quantity>87</quantity>
	 	 </request>
	 	 <request id="76" node="77">
	 	 	 <quantity>81</quantity>
	 	 </request>
	 	 <request id="77" node="78">
	 	 	 <quantity>58</quantity>
	 	 </request>
	 	 <request id="78" node="79">
	 	 	 <quantity>57</quantity>
	 	 </request>
	 	 <request id="79" node="80">
	 	 	 <quantity>87</quantity>
	 	 </request>
	 	 <request id="80" node="81">
	 	 	 <quantity>50</quantity>
	 	 </request>
	 	 <request id="81" node="82">
	 	 	 <quantity>96</quantity>
	 	 </request>
	 	 <request id="82" node="83">
	 	 	 <quantity>63</quantity>
	 	 </request>
	 	 <request id="83" node="84">
	 	 	 <quantity>75</quantity>
	 	 </request>
	 	 <request id="84" node="85">
	 	 	 <quantity>79</quantity>
	 	 </request>
	 	 <request id="85" node="86">
	 	 	 <quantity>100</quantity>
	 	 </request>
	 	 <request id="86" node="87">
	 	 	 <quantity>99</quantity>
	 	 </request>
	 	 <request id="87" node="88">
	 	 	 <quantity>95</quantity>
	 	 </request>
	 	 <request id="88" node="89">
	 	 	 <quantity>57</quantity>
	 	 </request>
	 	 <request id="89" node="90">
	 	 	 <quantity>59</quantity>
	 	 </request>
	 	 <request id="90" node="91">
	 	 	 <quantity>94</quantity>
	 	 </request>
	 	 <request id="91" node="92">
	 	 	 <quantity>91</quantity>
	 	 </request>
	 	 <request id="92" node="93">
	 	 	 <quantity>85</quantity>
	 	 </request>
	 	 <request id="93" node="94">
	 	 	 <quantity>95</quantity>
	 	 </request>
	 	 <request id="94" node="95">
	 	 	 <quantity>50</quantity>
	 	 </request>
	 	 <request id="95" node="96">
	 	 	 <quantity>53</quantity>
	 	 </request>
	 	 <request id="96" node="97">
	 	 	 <quantity>66</quantity>
	 	 </request>
	 	 <request id="97" node="98">
	 	 	 <quantity>56</quantity>
	 	 </request>
	 	 <request id="98" node="99">
	 	 	 <quantity>63</quantity>
	 	 </request>
	 	 <request id="99" node="100">
	 	 	 <quantity>86</quantity>
	 	 </request>
	 	 <request id="100" node="101">
	 	 	 <quantity>71</quantity>
	 	 </request>
	 	 <request id="101" node="102">
	 	 	 <quantity>50</quantity>
	 	 </request>
	 	 <request id="102" node="103">
	 	 	 <quantity>65</quantity>
	 	 </request>
	 	 <request id="103" node="104">
	 	 	 <quantity>78</quantity>
	 	 </request>
	 	 <request id="104" node="105">
	 	 	 <quantity>56</quantity>
	 	 </request>
	 	 <request id="105" node="106">
	 	 	 <quantity>72</quantity>
	 	 </request>
	 </requests>
</instance>
