<?xml version="1.0" encoding="UTF-8" standalone="yes"?>
<instance>
    <info>
        <dataset>Christofides and Eilon 1969 — Set E</dataset>
        <name>E-n022-k04</name>
    </info>
    <network>
        <nodes>
            <node id="1" type="0">
                <cx>145.0</cx>
                <cy>215.0</cy>
            </node>
            <node id="2" type="1">
                <cx>151.0</cx>
                <cy>264.0</cy>
            </node>
            <node id="3" type="1">
                <cx>159.0</cx>
                <cy>261.0</cy>
            </node>
            <node id="4" type="1">
                <cx>130.0</cx>
                <cy>254.0</cy>
            </node>
            <node id="5" type="1">
                <cx>128.0</cx>
                <cy>252.0</cy>
            </node>
            <node id="6" type="1">
                <cx>163.0</cx>
                <cy>247.0</cy>
            </node>
            <node id="7" type="1">
                <cx>146.0</cx>
                <cy>246.0</cy>
            </node>
            <node id="8" type="1">
                <cx>161.0</cx>
                <cy>242.0</cy>
            </node>
            <node id="9" type="1">
                <cx>142.0</cx>
                <cy>239.0</cy>
            </node>
            <node id="10" type="1">
                <cx>163.0</cx>
                <cy>236.0</cy>
            </node>
            <node id="11" type="1">
                <cx>148.0</cx>
                <cy>232.0</cy>
            </node>
            <node id="12" type="1">
                <cx>128.0</cx>
                <cy>231.0</cy>
            </node>
            <node id="13" type="1">
                <cx>156.0</cx>
                <cy>217.0</cy>
            </node>
            <node id="14" type="1">
                <cx>129.0</cx>
                <cy>214.0</cy>
            </node>
            <node id="15" type="1">
                <cx>146.0</cx>
                <cy>208.0</cy>
            </node>
            <node id="16" type="1">
                <cx>164.0</cx>
                <cy>208.0</cy>
            </node>
            <node id="17" type="1">
                <cx>141.0</cx>
                <cy>206.0</cy>
            </node>
            <node id="18" type="1">
                <cx>147.0</cx>
                <cy>193.0</cy>
            </node>
            <node id="19" type="1">
                <cx>164.0</cx>
                <cy>193.0</cy>
            </node>
            <node id="20" type="1">
                <cx>129.0</cx>
                <cy>189.0</cy>
            </node>
            <node id="21" type="1">
                <cx>155.0</cx>
                <cy>185.0</cy>
            </node>
            <node id="22" type="1">
                <cx>139.0</cx>
                <cy>182.0</cy>
            </node>
        </nodes>
        <euclidean/>
        <decimals>0</decimals>
    </network>
    <fleet>
        <vehicle_profile type="0">
            <departure_node>1</departure_node>
            <arrival_node>1</arrival_node>
            <capacity>6000.0</capacity>
        </vehicle_profile>
    </fleet>
    <requests>
        <request id="1" node="2">
            <quantity>1100.0</quantity>
        </request>
        <request id="2" node="3">
            <quantity>700.0</quantity>
        </request>
        <request id="3" node="4">
            <quantity>800.0</quantity>
        </request>
        <request id="4" node="5">
            <quantity>1400.0</quantity>
        </request>
        <request id="5" node="6">
            <quantity>2100.0</quantity>
        </request>
        <request id="6" node="7">
            <quantity>400.0</quantity>
        </request>
        <request id="7" node="8">
            <quantity>800.0</quantity>
        </request>
        <request id="8" node="9">
            <quantity>100.0</quantity>
        </request>
        <request id="9" node="10">
            <quantity>500.0</quantity>
        </request>
        <request id="10" node="11">
            <quantity>600.0</quantity>
        </request>
        <request id="11" node="12">
            <quantity>1200.0</quantity>
        </request>
        <request id="12" node="13">
            <quantity>1300.0</quantity>
        </request>
        <request id="13" node="14">
            <quantity>1300.0</quantity>
        </request>
        <request id="14" node="15">
            <quantity>300.0</quantity>
        </request>
        <request id="15" node="16">
            <quantity>900.0</quantity>
        </request>
        <request id="16" node="17">
            <quantity>2100.0</quantity>
        </request>
        <request id="17" node="18">
            <quantity>1000.0</quantity>
        </request>
        <request id="18" node="19">
            <quantity>900.0</quantity>
        </request>
        <request id="19" node="20">
            <quantity>2500.0</quantity>
        </request>
        <request id="20" node="21">
            <quantity>1800.0</quantity>
        </request>
        <request id="21" node="22">
            <quantity>700.0</quantity>
        </request>
    </requests>
</instance>
