<?xml version="1.0" encoding="UTF-8" standalone="yes"?>
<instance>
	<info>
	 	<dataset>Uchoa 2014 — Set X</dataset>
	 	<name>X-n110-k13</name>
	</info>
	<network>
	 	<nodes>
	 	 	<node id="1" type="1">
	 	 	 	<cx>500</cx>
	 	 	 	<cy>500</cy>
	 	 	</node>
	 	 	<node id="2" type="1">
	 	 	 	<cx>740</cx>
	 	 	 	<cy>442</cy>
	 	 	</node>
	 	 	<node id="3" type="1">
	 	 	 	<cx>261</cx>
	 	 	 	<cy>710</cy>
	 	 	</node>
	 	 	<node id="4" type="1">
	 	 	 	<cx>578</cx>
	 	 	 	<cy>522</cy>
	 	 	</node>
	 	 	<node id="5" type="1">
	 	 	 	<cx>482</cx>
	 	 	 	<cy>914</cy>
	 	 	</node>
	 	 	<node id="6" type="1">
	 	 	 	<cx>628</cx>
	 	 	 	<cy>644</cy>
	 	 	</node>
	 	 	<node id="7" type="1">
	 	 	 	<cx>551</cx>
	 	 	 	<cy>651</cy>
	 	 	</node>
	 	 	<node id="8" type="1">
	 	 	 	<cx>828</cx>
	 	 	 	<cy>54</cy>
	 	 	</node>
	 	 	<node id="9" type="1">
	 	 	 	<cx>541</cx>
	 	 	 	<cy>270</cy>
	 	 	</node>
	 	 	<node id="10" type="1">
	 	 	 	<cx>450</cx>
	 	 	 	<cy>1000</cy>
	 	 	</node>
	 	 	<node id="11" type="1">
	 	 	 	<cx>521</cx>
	 	 	 	<cy>127</cy>
	 	 	</node>
	 	 	<node id="12" type="1">
	 	 	 	<cx>738</cx>
	 	 	 	<cy>809</cy>
	 	 	</node>
	 	 	<node id="13" type="1">
	 	 	 	<cx>323</cx>
	 	 	 	<cy>289</cy>
	 	 	</node>
	 	 	<node id="14" type="1">
	 	 	 	<cx>803</cx>
	 	 	 	<cy>214</cy>
	 	 	</node>
	 	 	<node id="15" type="1">
	 	 	 	<cx>556</cx>
	 	 	 	<cy>488</cy>
	 	 	</node>
	 	 	<node id="16" type="1">
	 	 	 	<cx>758</cx>
	 	 	 	<cy>937</cy>
	 	 	</node>
	 	 	<node id="17" type="1">
	 	 	 	<cx>875</cx>
	 	 	 	<cy>326</cy>
	 	 	</node>
	 	 	<node id="18" type="1">
	 	 	 	<cx>113</cx>
	 	 	 	<cy>509</cy>
	 	 	</node>
	 	 	<node id="19" type="1">
	 	 	 	<cx>491</cx>
	 	 	 	<cy>726</cy>
	 	 	</node>
	 	 	<node id="20" type="1">
	 	 	 	<cx>415</cx>
	 	 	 	<cy>355</cy>
	 	 	</node>
	 	 	<node id="21" type="1">
	 	 	 	<cx>946</cx>
	 	 	 	<cy>632</cy>
	 	 	</node>
	 	 	<node id="22" type="1">
	 	 	 	<cx>136</cx>
	 	 	 	<cy>120</cy>
	 	 	</node>
	 	 	<node id="23" type="1">
	 	 	 	<cx>117</cx>
	 	 	 	<cy>971</cy>
	 	 	</node>
	 	 	<node id="24" type="1">
	 	 	 	<cx>817</cx>
	 	 	 	<cy>246</cy>
	 	 	</node>
	 	 	<node id="25" type="1">
	 	 	 	<cx>491</cx>
	 	 	 	<cy>845</cy>
	 	 	</node>
	 	 	<node id="26" type="1">
	 	 	 	<cx>454</cx>
	 	 	 	<cy>801</cy>
	 	 	</node>
	 	 	<node id="27" type="1">
	 	 	 	<cx>676</cx>
	 	 	 	<cy>995</cy>
	 	 	</node>
	 	 	<node id="28" type="1">
	 	 	 	<cx>145</cx>
	 	 	 	<cy>557</cy>
	 	 	</node>
	 	 	<node id="29" type="1">
	 	 	 	<cx>166</cx>
	 	 	 	<cy>494</cy>
	 	 	</node>
	 	 	<node id="30" type="1">
	 	 	 	<cx>977</cx>
	 	 	 	<cy>318</cy>
	 	 	</node>
	 	 	<node id="31" type="1">
	 	 	 	<cx>363</cx>
	 	 	 	<cy>711</cy>
	 	 	</node>
	 	 	<node id="32" type="1">
	 	 	 	<cx>164</cx>
	 	 	 	<cy>501</cy>
	 	 	</node>
	 	 	<node id="33" type="1">
	 	 	 	<cx>833</cx>
	 	 	 	<cy>501</cy>
	 	 	</node>
	 	 	<node id="34" type="1">
	 	 	 	<cx>444</cx>
	 	 	 	<cy>958</cy>
	 	 	</node>
	 	 	<node id="35" type="1">
	 	 	 	<cx>828</cx>
	 	 	 	<cy>672</cy>
	 	 	</node>
	 	 	<node id="36" type="1">
	 	 	 	<cx>714</cx>
	 	 	 	<cy>57</cy>
	 	 	</node>
	 	 	<node id="37" type="1">
	 	 	 	<cx>51</cx>
	 	 	 	<cy>676</cy>
	 	 	</node>
	 	 	<node id="38" type="1">
	 	 	 	<cx>922</cx>
	 	 	 	<cy>16</cy>
	 	 	</node>
	 	 	<node id="39" type="1">
	 	 	 	<cx>673</cx>
	 	 	 	<cy>571</cy>
	 	 	</node>
	 	 	<node id="40" type="1">
	 	 	 	<cx>211</cx>
	 	 	 	<cy>471</cy>
	 	 	</node>
	 	 	<node id="41" type="1">
	 	 	 	<cx>590</cx>
	 	 	 	<cy>220</cy>
	 	 	</node>
	 	 	<node id="42" type="1">
	 	 	 	<cx>305</cx>
	 	 	 	<cy>311</cy>
	 	 	</node>
	 	 	<node id="43" type="1">
	 	 	 	<cx>953</cx>
	 	 	 	<cy>745</cy>
	 	 	</node>
	 	 	<node id="44" type="1">
	 	 	 	<cx>154</cx>
	 	 	 	<cy>753</cy>
	 	 	</node>
	 	 	<node id="45" type="1">
	 	 	 	<cx>918</cx>
	 	 	 	<cy>227</cy>
	 	 	</node>
	 	 	<node id="46" type="1">
	 	 	 	<cx>819</cx>
	 	 	 	<cy>671</cy>
	 	 	</node>
	 	 	<node id="47" type="1">
	 	 	 	<cx>675</cx>
	 	 	 	<cy>667</cy>
	 	 	</node>
	 	 	<node id="48" type="1">
	 	 	 	<cx>617</cx>
	 	 	 	<cy>176</cy>
	 	 	</node>
	 	 	<node id="49" type="1">
	 	 	 	<cx>706</cx>
	 	 	 	<cy>179</cy>
	 	 	</node>
	 	 	<node id="50" type="1">
	 	 	 	<cx>512</cx>
	 	 	 	<cy>443</cy>
	 	 	</node>
	 	 	<node id="51" type="1">
	 	 	 	<cx>302</cx>
	 	 	 	<cy>453</cy>
	 	 	</node>
	 	 	<node id="52" type="1">
	 	 	 	<cx>753</cx>
	 	 	 	<cy>786</cy>
	 	 	</node>
	 	 	<node id="53" type="1">
	 	 	 	<cx>331</cx>
	 	 	 	<cy>450</cy>
	 	 	</node>
	 	 	<node id="54" type="1">
	 	 	 	<cx>765</cx>
	 	 	 	<cy>990</cy>
	 	 	</node>
	 	 	<node id="55" type="1">
	 	 	 	<cx>249</cx>
	 	 	 	<cy>360</cy>
	 	 	</node>
	 	 	<node id="56" type="1">
	 	 	 	<cx>292</cx>
	 	 	 	<cy>887</cy>
	 	 	</node>
	 	 	<node id="57" type="1">
	 	 	 	<cx>371</cx>
	 	 	 	<cy>804</cy>
	 	 	</node>
	 	 	<node id="58" type="1">
	 	 	 	<cx>786</cx>
	 	 	 	<cy>186</cy>
	 	 	</node>
	 	 	<node id="59" type="1">
	 	 	 	<cx>382</cx>
	 	 	 	<cy>284</cy>
	 	 	</node>
	 	 	<node id="60" type="1">
	 	 	 	<cx>44</cx>
	 	 	 	<cy>552</cy>
	 	 	</node>
	 	 	<node id="61" type="1">
	 	 	 	<cx>107</cx>
	 	 	 	<cy>895</cy>
	 	 	</node>
	 	 	<node id="62" type="1">
	 	 	 	<cx>108</cx>
	 	 	 	<cy>928</cy>
	 	 	</node>
	 	 	<node id="63" type="1">
	 	 	 	<cx>523</cx>
	 	 	 	<cy>264</cy>
	 	 	</node>
	 	 	<node id="64" type="1">
	 	 	 	<cx>397</cx>
	 	 	 	<cy>120</cy>
	 	 	</node>
	 	 	<node id="65" type="1">
	 	 	 	<cx>25</cx>
	 	 	 	<cy>769</cy>
	 	 	</node>
	 	 	<node id="66" type="1">
	 	 	 	<cx>98</cx>
	 	 	 	<cy>623</cy>
	 	 	</node>
	 	 	<node id="67" type="1">
	 	 	 	<cx>946</cx>
	 	 	 	<cy>978</cy>
	 	 	</node>
	 	 	<node id="68" type="1">
	 	 	 	<cx>815</cx>
	 	 	 	<cy>696</cy>
	 	 	</node>
	 	 	<node id="69" type="1">
	 	 	 	<cx>314</cx>
	 	 	 	<cy>361</cy>
	 	 	</node>
	 	 	<node id="70" type="1">
	 	 	 	<cx>447</cx>
	 	 	 	<cy>695</cy>
	 	 	</node>
	 	 	<node id="71" type="1">
	 	 	 	<cx>878</cx>
	 	 	 	<cy>243</cy>
	 	 	</node>
	 	 	<node id="72" type="1">
	 	 	 	<cx>341</cx>
	 	 	 	<cy>648</cy>
	 	 	</node>
	 	 	<node id="73" type="1">
	 	 	 	<cx>363</cx>
	 	 	 	<cy>0</cy>
	 	 	</node>
	 	 	<node id="74" type="1">
	 	 	 	<cx>675</cx>
	 	 	 	<cy>83</cy>
	 	 	</node>
	 	 	<node id="75" type="1">
	 	 	 	<cx>998</cx>
	 	 	 	<cy>520</cy>
	 	 	</node>
	 	 	<node id="76" type="1">
	 	 	 	<cx>98</cx>
	 	 	 	<cy>111</cy>
	 	 	</node>
	 	 	<node id="77" type="1">
	 	 	 	<cx>267</cx>
	 	 	 	<cy>902</cy>
	 	 	</node>
	 	 	<node id="78" type="1">
	 	 	 	<cx>628</cx>
	 	 	 	<cy>746</cy>
	 	 	</node>
	 	 	<node id="79" type="1">
	 	 	 	<cx>940</cx>
	 	 	 	<cy>409</cy>
	 	 	</node>
	 	 	<node id="80" type="1">
	 	 	 	<cx>786</cx>
	 	 	 	<cy>488</cy>
	 	 	</node>
	 	 	<node id="81" type="1">
	 	 	 	<cx>323</cx>
	 	 	 	<cy>674</cy>
	 	 	</node>
	 	 	<node id="82" type="1">
	 	 	 	<cx>986</cx>
	 	 	 	<cy>151</cy>
	 	 	</node>
	 	 	<node id="83" type="1">
	 	 	 	<cx>790</cx>
	 	 	 	<cy>150</cy>
	 	 	</node>
	 	 	<node id="84" type="1">
	 	 	 	<cx>180</cx>
	 	 	 	<cy>944</cy>
	 	 	</node>
	 	 	<node id="85" type="1">
	 	 	 	<cx>533</cx>
	 	 	 	<cy>816</cy>
	 	 	</node>
	 	 	<node id="86" type="1">
	 	 	 	<cx>750</cx>
	 	 	 	<cy>789</cy>
	 	 	</node>
	 	 	<node id="87" type="1">
	 	 	 	<cx>589</cx>
	 	 	 	<cy>125</cy>
	 	 	</node>
	 	 	<node id="88" type="1">
	 	 	 	<cx>640</cx>
	 	 	 	<cy>911</cy>
	 	 	</node>
	 	 	<node id="89" type="1">
	 	 	 	<cx>99</cx>
	 	 	 	<cy>216</cy>
	 	 	</node>
	 	 	<node id="90" type="1">
	 	 	 	<cx>754</cx>
	 	 	 	<cy>659</cy>
	 	 	</node>
	 	 	<node id="91" type="1">
	 	 	 	<cx>828</cx>
	 	 	 	<cy>357</cy>
	 	 	</node>
	 	 	<node id="92" type="1">
	 	 	 	<cx>597</cx>
	 	 	 	<cy>587</cy>
	 	 	</node>
	 	 	<node id="93" type="1">
	 	 	 	<cx>929</cx>
	 	 	 	<cy>655</cy>
	 	 	</node>
	 	 	<node id="94" type="1">
	 	 	 	<cx>159</cx>
	 	 	 	<cy>781</cy>
	 	 	</node>
	 	 	<node id="95" type="1">
	 	 	 	<cx>955</cx>
	 	 	 	<cy>6</cy>
	 	 	</node>
	 	 	<node id="96" type="1">
	 	 	 	<cx>63</cx>
	 	 	 	<cy>435</cy>
	 	 	</node>
	 	 	<node id="97" type="1">
	 	 	 	<cx>130</cx>
	 	 	 	<cy>302</cy>
	 	 	</node>
	 	 	<node id="98" type="1">
	 	 	 	<cx>954</cx>
	 	 	 	<cy>687</cy>
	 	 	</node>
	 	 	<node id="99" type="1">
	 	 	 	<cx>866</cx>
	 	 	 	<cy>879</cy>
	 	 	</node>
	 	 	<node id="100" type="1">
	 	 	 	<cx>131</cx>
	 	 	 	<cy>686</cy>
	 	 	</node>
	 	 	<node id="101" type="1">
	 	 	 	<cx>519</cx>
	 	 	 	<cy>220</cy>
	 	 	</node>
	 	 	<node id="102" type="1">
	 	 	 	<cx>454</cx>
	 	 	 	<cy>928</cy>
	 	 	</node>
	 	 	<node id="103" type="1">
	 	 	 	<cx>415</cx>
	 	 	 	<cy>916</cy>
	 	 	</node>
	 	 	<node id="104" type="1">
	 	 	 	<cx>468</cx>
	 	 	 	<cy>833</cy>
	 	 	</node>
	 	 	<node id="105" type="1">
	 	 	 	<cx>109</cx>
	 	 	 	<cy>859</cy>
	 	 	</node>
	 	 	<node id="106" type="1">
	 	 	 	<cx>806</cx>
	 	 	 	<cy>568</cy>
	 	 	</node>
	 	 	<node id="107" type="1">
	 	 	 	<cx>907</cx>
	 	 	 	<cy>703</cy>
	 	 	</node>
	 	 	<node id="108" type="1">
	 	 	 	<cx>821</cx>
	 	 	 	<cy>135</cy>
	 	 	</node>
	 	 	<node id="109" type="1">
	 	 	 	<cx>622</cx>
	 	 	 	<cy>561</cy>
	 	 	</node>
	 	 	<node id="110" type="1">
	 	 	 	<cx>482</cx>
	 	 	 	<cy>689</cy>
	 	 	</node>
	 	</nodes>
	 	<euclidean/>
	 	<decimals>0</decimals>
	 </network>
	 <fleet>
	 	 <vehicle_profile type="0">
	 	  	 <departure_node>1</departure_node>
	 	  	 <arrival_node>1</arrival_node>
	 	  	 <capacity>66</capacity>
	 	 </vehicle_profile>
	 </fleet>
	 <requests>
	 	 <request id="1" node="2">
	 	 	 <quantity>8</quantity>
	 	 </request>
	 	 <request id="2" node="3">
	 	 	 <quantity>10</quantity>
	 	 </request>
	 	 <request id="3" node="4">
	 	 	 <quantity>8</quantity>
	 	 </request>
	 	 <request id="4" node="5">
	 	 	 <quantity>5</quantity>
	 	 </request>
	 	 <request id="5" node="6">
	 	 	 <quantity>10</quantity>
	 	 </request>
	 	 <request id="6" node="7">
	 	 	 <quantity>5</quantity>
	 	 </request>
	 	 <request id="7" node="8">
	 	 	 <quantity>9</quantity>
	 	 </request>
	 	 <request id="8" node="9">
	 	 	 <quantity>10</quantity>
	 	 </request>
	 	 <request id="9" node="10">
	 	 	 <quantity>6</quantity>
	 	 </request>
	 	 <request id="10" node="11">
	 	 	 <quantity>5</quantity>
	 	 </request>
	 	 <request id="11" node="12">
	 	 	 <quantity>10</quantity>
	 	 </request>
	 	 <request id="12" node="13">
	 	 	 <quantity>5</quantity>
	 	 </request>
	 	 <request id="13" node="14">
	 	 	 <quantity>9</quantity>
	 	 </request>
	 	 <request id="14" node="15">
	 	 	 <quantity>10</quantity>
	 	 </request>
	 	 <request id="15" node="16">
	 	 	 <quantity>7</quantity>
	 	 </request>
	 	 <request id="16" node="17">
	 	 	 <quantity>9</quantity>
	 	 </request>
	 	 <request id="17" node="18">
	 	 	 <quantity>7</quantity>
	 	 </request>
	 	 <request id="18" node="19">
	 	 	 <quantity>8</quantity>
	 	 </request>
	 	 <request id="19" node="20">
	 	 	 <quantity>5</quantity>
	 	 </request>
	 	 <request id="20" node="21">
	 	 	 <quantity>8</quantity>
	 	 </request>
	 	 <request id="21" node="22">
	 	 	 <quantity>10</quantity>
	 	 </request>
	 	 <request id="22" node="23">
	 	 	 <quantity>6</quantity>
	 	 </request>
	 	 <request id="23" node="24">
	 	 	 <quantity>8</quantity>
	 	 </request>
	 	 <request id="24" node="25">
	 	 	 <quantity>7</quantity>
	 	 </request>
	 	 <request id="25" node="26">
	 	 	 <quantity>6</quantity>
	 	 </request>
	 	 <request id="26" node="27">
	 	 	 <quantity>7</quantity>
	 	 </request>
	 	 <request id="27" node="28">
	 	 	 <quantity>5</quantity>
	 	 </request>
	 	 <request id="28" node="29">
	 	 	 <quantity>10</quantity>
	 	 </request>
	 	 <request id="29" node="30">
	 	 	 <quantity>10</quantity>
	 	 </request>
	 	 <request id="30" node="31">
	 	 	 <quantity>5</quantity>
	 	 </request>
	 	 <request id="31" node="32">
	 	 	 <quantity>7</quantity>
	 	 </request>
	 	 <request id="32" node="33">
	 	 	 <quantity>5</quantity>
	 	 </request>
	 	 <request id="33" node="34">
	 	 	 <quantity>10</quantity>
	 	 </request>
	 	 <request id="34" node="35">
	 	 	 <quantity>6</quantity>
	 	 </request>
	 	 <request id="35" node="36">
	 	 	 <quantity>7</quantity>
	 	 </request>
	 	 <request id="36" node="37">
	 	 	 <quantity>9</quantity>
	 	 </request>
	 	 <request id="37" node="38">
	 	 	 <quantity>7</quantity>
	 	 </request>
	 	 <request id="38" node="39">
	 	 	 <quantity>7</quantity>
	 	 </request>
	 	 <request id="39" node="40">
	 	 	 <quantity>6</quantity>
	 	 </request>
	 	 <request id="40" node="41">
	 	 	 <quantity>7</quantity>
	 	 </request>
	 	 <request id="41" node="42">
	 	 	 <quantity>10</quantity>
	 	 </request>
	 	 <request id="42" node="43">
	 	 	 <quantity>8</quantity>
	 	 </request>
	 	 <request id="43" node="44">
	 	 	 <quantity>10</quantity>
	 	 </request>
	 	 <request id="44" node="45">
	 	 	 <quantity>6</quantity>
	 	 </request>
	 	 <request id="45" node="46">
	 	 	 <quantity>10</quantity>
	 	 </request>
	 	 <request id="46" node="47">
	 	 	 <quantity>8</quantity>
	 	 </request>
	 	 <request id="47" node="48">
	 	 	 <quantity>6</quantity>
	 	 </request>
	 	 <request id="48" node="49">
	 	 	 <quantity>10</quantity>
	 	 </request>
	 	 <request id="49" node="50">
	 	 	 <quantity>8</quantity>
	 	 </request>
	 	 <request id="50" node="51">
	 	 	 <quantity>10</quantity>
	 	 </request>
	 	 <request id="51" node="52">
	 	 	 <quantity>10</quantity>
	 	 </request>
	 	 <request id="52" node="53">
	 	 	 <quantity>6</quantity>
	 	 </request>
	 	 <request id="53" node="54">
	 	 	 <quantity>5</quantity>
	 	 </request>
	 	 <request id="54" node="55">
	 	 	 <quantity>5</quantity>
	 	 </request>
	 	 <request id="55" node="56">
	 	 	 <quantity>10</quantity>
	 	 </request>
	 	 <request id="56" node="57">
	 	 	 <quantity>5</quantity>
	 	 </request>
	 	 <request id="57" node="58">
	 	 	 <quantity>10</quantity>
	 	 </request>
	 	 <request id="58" node="59">
	 	 	 <quantity>8</quantity>
	 	 </request>
	 	 <request id="59" node="60">
	 	 	 <quantity>8</quantity>
	 	 </request>
	 	 <request id="60" node="61">
	 	 	 <quantity>5</quantity>
	 	 </request>
	 	 <request id="61" node="62">
	 	 	 <quantity>6</quantity>
	 	 </request>
	 	 <request id="62" node="63">
	 	 	 <quantity>7</quantity>
	 	 </request>
	 	 <request id="63" node="64">
	 	 	 <quantity>8</quantity>
	 	 </request>
	 	 <request id="64" node="65">
	 	 	 <quantity>9</quantity>
	 	 </request>
	 	 <request id="65" node="66">
	 	 	 <quantity>10</quantity>
	 	 </request>
	 	 <request id="66" node="67">
	 	 	 <quantity>8</quantity>
	 	 </request>
	 	 <request id="67" node="68">
	 	 	 <quantity>5</quantity>
	 	 </request>
	 	 <request id="68" node="69">
	 	 	 <quantity>6</quantity>
	 	 </request>
	 	 <request id="69" node="70">
	 	 	 <quantity>10</quantity>
	 	 </request>
	 	 <request id="70" node="71">
	 	 	 <quantity>8</quantity>
	 	 </request>
	 	 <request id="71" node="72">
	 	 	 <quantity>5</quantity>
	 	 </request>
	 	 <request id="72" node="73">
	 	 	 <quantity>10</quantity>
	 	 </request>
	 	 <request id="73" node="74">
	 	 	 <quantity>9</quantity>
	 	 </request>
	 	 <request id="74" node="75">
	 	 	 <quantity>7</quantity>
	 	 </request>
	 	 <request id="75" node="76">
	 	 	 <quantity>6</quantity>
	 	 </request>
	 	 <request id="76" node="77">
	 	 	 <quantity>7</quantity>
	 	 </request>
	 	 <request id="77" node="78">
	 	 	 <quantity>7</quantity>
	 	 </request>
	 	 <request id="78" node="79">
	 	 	 <quantity>6</quantity>
	 	 </request>
	 	 <request id="79" node="80">
	 	 	 <quantity>9</quantity>
	 	 </request>
	 	 <request id="80" node="81">
	 	 	 <quantity>6</quantity>
	 	 </request>
	 	 <request id="81" node="82">
	 	 	 <quantity>10</quantity>
	 	 </request>
	 	 <request id="82" node="83">
	 	 	 <quantity>9</quantity>
	 	 </request>
	 	 <request id="83" node="84">
	 	 	 <quantity>10</quantity>
	 	 </request>
	 	 <request id="84" node="85">
	 	 	 <quantity>5</quantity>
	 	 </request>
	 	 <request id="85" node="86">
	 	 	 <quantity>5</quantity>
	 	 </request>
	 	 <request id="86" node="87">
	 	 	 <quantity>7</quantity>
	 	 </request>
	 	 <request id="87" node="88">
	 	 	 <quantity>8</quantity>
	 	 </request>
	 	 <request id="88" node="89">
	 	 	 <quantity>10</quantity>
	 	 </request>
	 	 <request id="89" node="90">
	 	 	 <quantity>10</quantity>
	 	 </request>
	 	 <request id="90" node="91">
	 	 	 <quantity>10</quantity>
	 	 </request>
	 	 <request id="91" node="92">
	 	 	 <quantity>8</quantity>
	 	 </request>
	 	 <request id="92" node="93">
	 	 	 <quantity>9</quantity>
	 	 </request>
	 	 <request id="93" node="94">
	 	 	 <quantity>6</quantity>
	 	 </request>
	 	 <request id="94" node="95">
	 	 	 <quantity>6</quantity>
	 	 </request>
	 	 <request id="95" node="96">
	 	 	 <quantity>5</quantity>
	 	 </request>
	 	 <request id="96" node="97">
	 	 	 <quantity>6</quantity>
	 	 </request>
	 	 <request id="97" node="98">
	 	 	 <quantity>8</quantity>
	 	 </request>
	 	 <request id="98" node="99">
	 	 	 <quantity>5</quantity>
	 	 </request>
	 	 <request id="99" node="100">
	 	 	 <quantity>9</quantity>
	 	 </request>
	 	 <request id="100" node="101">
	 	 	 <quantity>5</quantity>
	 	 </request>
	 	 <request id="101" node="102">
	 	 	 <quantity>5</quantity>
	 	 </request>
	 	 <request id="102" node="103">
	 	 	 <quantity>6</quantity>
	 	 </request>
	 	 <request id="103" node="104">
	 	 	 <quantity>6</quantity>
	 	 </request>
	 	 <request id="104" node="105">
	 	 	 <quantity>5</quantity>
	 	 </request>
	 	 <request id="105" node="106">
	 	 	 <quantity>5</quantity>
	 	 </request>
	 	 <request id="106" node="107">
	 	 	 <quantity>7</quantity>
	 	 </request>
	 	 <request id="107" node="108">
	 	 	 <quantity>7</quantity>
	 	 </request>
	 	 <request id="108" node="109">
	 	 	 <quantity>9</quantity>
	 	 </request>
	 	 <request id="109" node="110">
	 	 	 <quantity>9</quantity>
	 	 </request>
	 </requests>
</instance>
