<?xml version="1.0" encoding="UTF-8" standalone="yes"?>
<instance>
	<info>
	 	<dataset>Uchoa 2014 — Set X</dataset>
	 	<name>X-n143-k7</name>
	</info>
	<network>
	 	<nodes>
	 	 	<node id="1" type="1">
	 	 	 	<cx>0</cx>
	 	 	 	<cy>0</cy>
	 	 	</node>
	 	 	<node id="2" type="1">
	 	 	 	<cx>175</cx>
	 	 	 	<cy>821</cy>
	 	 	</node>
	 	 	<node id="3" type="1">
	 	 	 	<cx>62</cx>
	 	 	 	<cy>495</cy>
	 	 	</node>
	 	 	<node id="4" type="1">
	 	 	 	<cx>662</cx>
	 	 	 	<cy>959</cy>
	 	 	</node>
	 	 	<node id="5" type="1">
	 	 	 	<cx>109</cx>
	 	 	 	<cy>216</cy>
	 	 	</node>
	 	 	<node id="6" type="1">
	 	 	 	<cx>156</cx>
	 	 	 	<cy>748</cy>
	 	 	</node>
	 	 	<node id="7" type="1">
	 	 	 	<cx>178</cx>
	 	 	 	<cy>957</cy>
	 	 	</node>
	 	 	<node id="8" type="1">
	 	 	 	<cx>347</cx>
	 	 	 	<cy>184</cy>
	 	 	</node>
	 	 	<node id="9" type="1">
	 	 	 	<cx>89</cx>
	 	 	 	<cy>814</cy>
	 	 	</node>
	 	 	<node id="10" type="1">
	 	 	 	<cx>257</cx>
	 	 	 	<cy>265</cy>
	 	 	</node>
	 	 	<node id="11" type="1">
	 	 	 	<cx>662</cx>
	 	 	 	<cy>892</cy>
	 	 	</node>
	 	 	<node id="12" type="1">
	 	 	 	<cx>881</cx>
	 	 	 	<cy>69</cy>
	 	 	</node>
	 	 	<node id="13" type="1">
	 	 	 	<cx>478</cx>
	 	 	 	<cy>9</cy>
	 	 	</node>
	 	 	<node id="14" type="1">
	 	 	 	<cx>76</cx>
	 	 	 	<cy>79</cy>
	 	 	</node>
	 	 	<node id="15" type="1">
	 	 	 	<cx>898</cx>
	 	 	 	<cy>650</cy>
	 	 	</node>
	 	 	<node id="16" type="1">
	 	 	 	<cx>711</cx>
	 	 	 	<cy>766</cy>
	 	 	</node>
	 	 	<node id="17" type="1">
	 	 	 	<cx>325</cx>
	 	 	 	<cy>163</cy>
	 	 	</node>
	 	 	<node id="18" type="1">
	 	 	 	<cx>42</cx>
	 	 	 	<cy>411</cy>
	 	 	</node>
	 	 	<node id="19" type="1">
	 	 	 	<cx>722</cx>
	 	 	 	<cy>221</cy>
	 	 	</node>
	 	 	<node id="20" type="1">
	 	 	 	<cx>366</cx>
	 	 	 	<cy>190</cy>
	 	 	</node>
	 	 	<node id="21" type="1">
	 	 	 	<cx>378</cx>
	 	 	 	<cy>521</cy>
	 	 	</node>
	 	 	<node id="22" type="1">
	 	 	 	<cx>907</cx>
	 	 	 	<cy>497</cy>
	 	 	</node>
	 	 	<node id="23" type="1">
	 	 	 	<cx>924</cx>
	 	 	 	<cy>738</cy>
	 	 	</node>
	 	 	<node id="24" type="1">
	 	 	 	<cx>954</cx>
	 	 	 	<cy>524</cy>
	 	 	</node>
	 	 	<node id="25" type="1">
	 	 	 	<cx>594</cx>
	 	 	 	<cy>724</cy>
	 	 	</node>
	 	 	<node id="26" type="1">
	 	 	 	<cx>253</cx>
	 	 	 	<cy>89</cy>
	 	 	</node>
	 	 	<node id="27" type="1">
	 	 	 	<cx>746</cx>
	 	 	 	<cy>971</cy>
	 	 	</node>
	 	 	<node id="28" type="1">
	 	 	 	<cx>655</cx>
	 	 	 	<cy>716</cy>
	 	 	</node>
	 	 	<node id="29" type="1">
	 	 	 	<cx>627</cx>
	 	 	 	<cy>301</cy>
	 	 	</node>
	 	 	<node id="30" type="1">
	 	 	 	<cx>994</cx>
	 	 	 	<cy>958</cy>
	 	 	</node>
	 	 	<node id="31" type="1">
	 	 	 	<cx>384</cx>
	 	 	 	<cy>833</cy>
	 	 	</node>
	 	 	<node id="32" type="1">
	 	 	 	<cx>234</cx>
	 	 	 	<cy>979</cy>
	 	 	</node>
	 	 	<node id="33" type="1">
	 	 	 	<cx>337</cx>
	 	 	 	<cy>173</cy>
	 	 	</node>
	 	 	<node id="34" type="1">
	 	 	 	<cx>865</cx>
	 	 	 	<cy>383</cy>
	 	 	</node>
	 	 	<node id="35" type="1">
	 	 	 	<cx>488</cx>
	 	 	 	<cy>878</cy>
	 	 	</node>
	 	 	<node id="36" type="1">
	 	 	 	<cx>531</cx>
	 	 	 	<cy>291</cy>
	 	 	</node>
	 	 	<node id="37" type="1">
	 	 	 	<cx>289</cx>
	 	 	 	<cy>151</cy>
	 	 	</node>
	 	 	<node id="38" type="1">
	 	 	 	<cx>935</cx>
	 	 	 	<cy>667</cy>
	 	 	</node>
	 	 	<node id="39" type="1">
	 	 	 	<cx>659</cx>
	 	 	 	<cy>800</cy>
	 	 	</node>
	 	 	<node id="40" type="1">
	 	 	 	<cx>965</cx>
	 	 	 	<cy>898</cy>
	 	 	</node>
	 	 	<node id="41" type="1">
	 	 	 	<cx>248</cx>
	 	 	 	<cy>436</cy>
	 	 	</node>
	 	 	<node id="42" type="1">
	 	 	 	<cx>97</cx>
	 	 	 	<cy>623</cy>
	 	 	</node>
	 	 	<node id="43" type="1">
	 	 	 	<cx>953</cx>
	 	 	 	<cy>932</cy>
	 	 	</node>
	 	 	<node id="44" type="1">
	 	 	 	<cx>30</cx>
	 	 	 	<cy>810</cy>
	 	 	</node>
	 	 	<node id="45" type="1">
	 	 	 	<cx>683</cx>
	 	 	 	<cy>120</cy>
	 	 	</node>
	 	 	<node id="46" type="1">
	 	 	 	<cx>577</cx>
	 	 	 	<cy>83</cy>
	 	 	</node>
	 	 	<node id="47" type="1">
	 	 	 	<cx>376</cx>
	 	 	 	<cy>751</cy>
	 	 	</node>
	 	 	<node id="48" type="1">
	 	 	 	<cx>804</cx>
	 	 	 	<cy>302</cy>
	 	 	</node>
	 	 	<node id="49" type="1">
	 	 	 	<cx>265</cx>
	 	 	 	<cy>688</cy>
	 	 	</node>
	 	 	<node id="50" type="1">
	 	 	 	<cx>425</cx>
	 	 	 	<cy>392</cy>
	 	 	</node>
	 	 	<node id="51" type="1">
	 	 	 	<cx>392</cx>
	 	 	 	<cy>371</cy>
	 	 	</node>
	 	 	<node id="52" type="1">
	 	 	 	<cx>438</cx>
	 	 	 	<cy>417</cy>
	 	 	</node>
	 	 	<node id="53" type="1">
	 	 	 	<cx>373</cx>
	 	 	 	<cy>511</cy>
	 	 	</node>
	 	 	<node id="54" type="1">
	 	 	 	<cx>19</cx>
	 	 	 	<cy>913</cy>
	 	 	</node>
	 	 	<node id="55" type="1">
	 	 	 	<cx>415</cx>
	 	 	 	<cy>49</cy>
	 	 	</node>
	 	 	<node id="56" type="1">
	 	 	 	<cx>663</cx>
	 	 	 	<cy>461</cy>
	 	 	</node>
	 	 	<node id="57" type="1">
	 	 	 	<cx>583</cx>
	 	 	 	<cy>355</cy>
	 	 	</node>
	 	 	<node id="58" type="1">
	 	 	 	<cx>569</cx>
	 	 	 	<cy>522</cy>
	 	 	</node>
	 	 	<node id="59" type="1">
	 	 	 	<cx>312</cx>
	 	 	 	<cy>683</cy>
	 	 	</node>
	 	 	<node id="60" type="1">
	 	 	 	<cx>288</cx>
	 	 	 	<cy>508</cy>
	 	 	</node>
	 	 	<node id="61" type="1">
	 	 	 	<cx>177</cx>
	 	 	 	<cy>874</cy>
	 	 	</node>
	 	 	<node id="62" type="1">
	 	 	 	<cx>609</cx>
	 	 	 	<cy>113</cy>
	 	 	</node>
	 	 	<node id="63" type="1">
	 	 	 	<cx>905</cx>
	 	 	 	<cy>309</cy>
	 	 	</node>
	 	 	<node id="64" type="1">
	 	 	 	<cx>701</cx>
	 	 	 	<cy>895</cy>
	 	 	</node>
	 	 	<node id="65" type="1">
	 	 	 	<cx>640</cx>
	 	 	 	<cy>112</cy>
	 	 	</node>
	 	 	<node id="66" type="1">
	 	 	 	<cx>504</cx>
	 	 	 	<cy>95</cy>
	 	 	</node>
	 	 	<node id="67" type="1">
	 	 	 	<cx>466</cx>
	 	 	 	<cy>606</cy>
	 	 	</node>
	 	 	<node id="68" type="1">
	 	 	 	<cx>367</cx>
	 	 	 	<cy>726</cy>
	 	 	</node>
	 	 	<node id="69" type="1">
	 	 	 	<cx>161</cx>
	 	 	 	<cy>8</cy>
	 	 	</node>
	 	 	<node id="70" type="1">
	 	 	 	<cx>944</cx>
	 	 	 	<cy>892</cy>
	 	 	</node>
	 	 	<node id="71" type="1">
	 	 	 	<cx>223</cx>
	 	 	 	<cy>393</cy>
	 	 	</node>
	 	 	<node id="72" type="1">
	 	 	 	<cx>329</cx>
	 	 	 	<cy>371</cy>
	 	 	</node>
	 	 	<node id="73" type="1">
	 	 	 	<cx>130</cx>
	 	 	 	<cy>888</cy>
	 	 	</node>
	 	 	<node id="74" type="1">
	 	 	 	<cx>450</cx>
	 	 	 	<cy>443</cy>
	 	 	</node>
	 	 	<node id="75" type="1">
	 	 	 	<cx>857</cx>
	 	 	 	<cy>128</cy>
	 	 	</node>
	 	 	<node id="76" type="1">
	 	 	 	<cx>709</cx>
	 	 	 	<cy>966</cy>
	 	 	</node>
	 	 	<node id="77" type="1">
	 	 	 	<cx>642</cx>
	 	 	 	<cy>967</cy>
	 	 	</node>
	 	 	<node id="78" type="1">
	 	 	 	<cx>872</cx>
	 	 	 	<cy>705</cy>
	 	 	</node>
	 	 	<node id="79" type="1">
	 	 	 	<cx>0</cx>
	 	 	 	<cy>414</cy>
	 	 	</node>
	 	 	<node id="80" type="1">
	 	 	 	<cx>207</cx>
	 	 	 	<cy>911</cy>
	 	 	</node>
	 	 	<node id="81" type="1">
	 	 	 	<cx>993</cx>
	 	 	 	<cy>855</cy>
	 	 	</node>
	 	 	<node id="82" type="1">
	 	 	 	<cx>883</cx>
	 	 	 	<cy>147</cy>
	 	 	</node>
	 	 	<node id="83" type="1">
	 	 	 	<cx>740</cx>
	 	 	 	<cy>490</cy>
	 	 	</node>
	 	 	<node id="84" type="1">
	 	 	 	<cx>600</cx>
	 	 	 	<cy>372</cy>
	 	 	</node>
	 	 	<node id="85" type="1">
	 	 	 	<cx>184</cx>
	 	 	 	<cy>48</cy>
	 	 	</node>
	 	 	<node id="86" type="1">
	 	 	 	<cx>489</cx>
	 	 	 	<cy>259</cy>
	 	 	</node>
	 	 	<node id="87" type="1">
	 	 	 	<cx>114</cx>
	 	 	 	<cy>737</cy>
	 	 	</node>
	 	 	<node id="88" type="1">
	 	 	 	<cx>244</cx>
	 	 	 	<cy>783</cy>
	 	 	</node>
	 	 	<node id="89" type="1">
	 	 	 	<cx>420</cx>
	 	 	 	<cy>439</cy>
	 	 	</node>
	 	 	<node id="90" type="1">
	 	 	 	<cx>522</cx>
	 	 	 	<cy>41</cy>
	 	 	</node>
	 	 	<node id="91" type="1">
	 	 	 	<cx>617</cx>
	 	 	 	<cy>177</cy>
	 	 	</node>
	 	 	<node id="92" type="1">
	 	 	 	<cx>575</cx>
	 	 	 	<cy>340</cy>
	 	 	</node>
	 	 	<node id="93" type="1">
	 	 	 	<cx>607</cx>
	 	 	 	<cy>806</cy>
	 	 	</node>
	 	 	<node id="94" type="1">
	 	 	 	<cx>144</cx>
	 	 	 	<cy>513</cy>
	 	 	</node>
	 	 	<node id="95" type="1">
	 	 	 	<cx>695</cx>
	 	 	 	<cy>974</cy>
	 	 	</node>
	 	 	<node id="96" type="1">
	 	 	 	<cx>603</cx>
	 	 	 	<cy>507</cy>
	 	 	</node>
	 	 	<node id="97" type="1">
	 	 	 	<cx>855</cx>
	 	 	 	<cy>318</cy>
	 	 	</node>
	 	 	<node id="98" type="1">
	 	 	 	<cx>343</cx>
	 	 	 	<cy>206</cy>
	 	 	</node>
	 	 	<node id="99" type="1">
	 	 	 	<cx>244</cx>
	 	 	 	<cy>929</cy>
	 	 	</node>
	 	 	<node id="100" type="1">
	 	 	 	<cx>418</cx>
	 	 	 	<cy>513</cy>
	 	 	</node>
	 	 	<node id="101" type="1">
	 	 	 	<cx>976</cx>
	 	 	 	<cy>38</cy>
	 	 	</node>
	 	 	<node id="102" type="1">
	 	 	 	<cx>435</cx>
	 	 	 	<cy>672</cy>
	 	 	</node>
	 	 	<node id="103" type="1">
	 	 	 	<cx>120</cx>
	 	 	 	<cy>988</cy>
	 	 	</node>
	 	 	<node id="104" type="1">
	 	 	 	<cx>691</cx>
	 	 	 	<cy>853</cy>
	 	 	</node>
	 	 	<node id="105" type="1">
	 	 	 	<cx>986</cx>
	 	 	 	<cy>418</cy>
	 	 	</node>
	 	 	<node id="106" type="1">
	 	 	 	<cx>566</cx>
	 	 	 	<cy>975</cy>
	 	 	</node>
	 	 	<node id="107" type="1">
	 	 	 	<cx>625</cx>
	 	 	 	<cy>733</cy>
	 	 	</node>
	 	 	<node id="108" type="1">
	 	 	 	<cx>166</cx>
	 	 	 	<cy>787</cy>
	 	 	</node>
	 	 	<node id="109" type="1">
	 	 	 	<cx>605</cx>
	 	 	 	<cy>798</cy>
	 	 	</node>
	 	 	<node id="110" type="1">
	 	 	 	<cx>209</cx>
	 	 	 	<cy>194</cy>
	 	 	</node>
	 	 	<node id="111" type="1">
	 	 	 	<cx>19</cx>
	 	 	 	<cy>892</cy>
	 	 	</node>
	 	 	<node id="112" type="1">
	 	 	 	<cx>169</cx>
	 	 	 	<cy>840</cy>
	 	 	</node>
	 	 	<node id="113" type="1">
	 	 	 	<cx>756</cx>
	 	 	 	<cy>913</cy>
	 	 	</node>
	 	 	<node id="114" type="1">
	 	 	 	<cx>666</cx>
	 	 	 	<cy>928</cy>
	 	 	</node>
	 	 	<node id="115" type="1">
	 	 	 	<cx>13</cx>
	 	 	 	<cy>829</cy>
	 	 	</node>
	 	 	<node id="116" type="1">
	 	 	 	<cx>103</cx>
	 	 	 	<cy>304</cy>
	 	 	</node>
	 	 	<node id="117" type="1">
	 	 	 	<cx>63</cx>
	 	 	 	<cy>384</cy>
	 	 	</node>
	 	 	<node id="118" type="1">
	 	 	 	<cx>564</cx>
	 	 	 	<cy>787</cy>
	 	 	</node>
	 	 	<node id="119" type="1">
	 	 	 	<cx>271</cx>
	 	 	 	<cy>50</cy>
	 	 	</node>
	 	 	<node id="120" type="1">
	 	 	 	<cx>949</cx>
	 	 	 	<cy>738</cy>
	 	 	</node>
	 	 	<node id="121" type="1">
	 	 	 	<cx>357</cx>
	 	 	 	<cy>228</cy>
	 	 	</node>
	 	 	<node id="122" type="1">
	 	 	 	<cx>363</cx>
	 	 	 	<cy>898</cy>
	 	 	</node>
	 	 	<node id="123" type="1">
	 	 	 	<cx>912</cx>
	 	 	 	<cy>704</cy>
	 	 	</node>
	 	 	<node id="124" type="1">
	 	 	 	<cx>765</cx>
	 	 	 	<cy>462</cy>
	 	 	</node>
	 	 	<node id="125" type="1">
	 	 	 	<cx>167</cx>
	 	 	 	<cy>348</cy>
	 	 	</node>
	 	 	<node id="126" type="1">
	 	 	 	<cx>848</cx>
	 	 	 	<cy>405</cy>
	 	 	</node>
	 	 	<node id="127" type="1">
	 	 	 	<cx>5</cx>
	 	 	 	<cy>76</cy>
	 	 	</node>
	 	 	<node id="128" type="1">
	 	 	 	<cx>188</cx>
	 	 	 	<cy>65</cy>
	 	 	</node>
	 	 	<node id="129" type="1">
	 	 	 	<cx>229</cx>
	 	 	 	<cy>41</cy>
	 	 	</node>
	 	 	<node id="130" type="1">
	 	 	 	<cx>632</cx>
	 	 	 	<cy>968</cy>
	 	 	</node>
	 	 	<node id="131" type="1">
	 	 	 	<cx>75</cx>
	 	 	 	<cy>96</cy>
	 	 	</node>
	 	 	<node id="132" type="1">
	 	 	 	<cx>936</cx>
	 	 	 	<cy>903</cy>
	 	 	</node>
	 	 	<node id="133" type="1">
	 	 	 	<cx>982</cx>
	 	 	 	<cy>492</cy>
	 	 	</node>
	 	 	<node id="134" type="1">
	 	 	 	<cx>658</cx>
	 	 	 	<cy>258</cy>
	 	 	</node>
	 	 	<node id="135" type="1">
	 	 	 	<cx>600</cx>
	 	 	 	<cy>833</cy>
	 	 	</node>
	 	 	<node id="136" type="1">
	 	 	 	<cx>299</cx>
	 	 	 	<cy>593</cy>
	 	 	</node>
	 	 	<node id="137" type="1">
	 	 	 	<cx>65</cx>
	 	 	 	<cy>277</cy>
	 	 	</node>
	 	 	<node id="138" type="1">
	 	 	 	<cx>695</cx>
	 	 	 	<cy>468</cy>
	 	 	</node>
	 	 	<node id="139" type="1">
	 	 	 	<cx>508</cx>
	 	 	 	<cy>995</cy>
	 	 	</node>
	 	 	<node id="140" type="1">
	 	 	 	<cx>651</cx>
	 	 	 	<cy>522</cy>
	 	 	</node>
	 	 	<node id="141" type="1">
	 	 	 	<cx>824</cx>
	 	 	 	<cy>865</cy>
	 	 	</node>
	 	 	<node id="142" type="1">
	 	 	 	<cx>842</cx>
	 	 	 	<cy>802</cy>
	 	 	</node>
	 	 	<node id="143" type="1">
	 	 	 	<cx>684</cx>
	 	 	 	<cy>432</cy>
	 	 	</node>
	 	</nodes>
	 	<euclidean/>
	 	<decimals>0</decimals>
	 </network>
	 <fleet>
	 	 <vehicle_profile type="0">
	 	  	 <departure_node>1</departure_node>
	 	  	 <arrival_node>1</arrival_node>
	 	  	 <capacity>1190</capacity>
	 	 </vehicle_profile>
	 </fleet>
	 <requests>
	 	 <request id="1" node="2">
	 	 	 <quantity>95</quantity>
	 	 </request>
	 	 <request id="2" node="3">
	 	 	 <quantity>35</quantity>
	 	 </request>
	 	 <request id="3" node="4">
	 	 	 <quantity>81</quantity>
	 	 </request>
	 	 <request id="4" node="5">
	 	 	 <quantity>12</quantity>
	 	 </request>
	 	 <request id="5" node="6">
	 	 	 <quantity>3</quantity>
	 	 </request>
	 	 <request id="6" node="7">
	 	 	 <quantity>99</quantity>
	 	 </request>
	 	 <request id="7" node="8">
	 	 	 <quantity>47</quantity>
	 	 </request>
	 	 <request id="8" node="9">
	 	 	 <quantity>64</quantity>
	 	 </request>
	 	 <request id="9" node="10">
	 	 	 <quantity>20</quantity>
	 	 </request>
	 	 <request id="10" node="11">
	 	 	 <quantity>47</quantity>
	 	 </request>
	 	 <request id="11" node="12">
	 	 	 <quantity>27</quantity>
	 	 </request>
	 	 <request id="12" node="13">
	 	 	 <quantity>77</quantity>
	 	 </request>
	 	 <request id="13" node="14">
	 	 	 <quantity>50</quantity>
	 	 </request>
	 	 <request id="14" node="15">
	 	 	 <quantity>75</quantity>
	 	 </request>
	 	 <request id="15" node="16">
	 	 	 <quantity>14</quantity>
	 	 </request>
	 	 <request id="16" node="17">
	 	 	 <quantity>24</quantity>
	 	 </request>
	 	 <request id="17" node="18">
	 	 	 <quantity>3</quantity>
	 	 </request>
	 	 <request id="18" node="19">
	 	 	 <quantity>58</quantity>
	 	 </request>
	 	 <request id="19" node="20">
	 	 	 <quantity>65</quantity>
	 	 </request>
	 	 <request id="20" node="21">
	 	 	 <quantity>98</quantity>
	 	 </request>
	 	 <request id="21" node="22">
	 	 	 <quantity>35</quantity>
	 	 </request>
	 	 <request id="22" node="23">
	 	 	 <quantity>35</quantity>
	 	 </request>
	 	 <request id="23" node="24">
	 	 	 <quantity>45</quantity>
	 	 </request>
	 	 <request id="24" node="25">
	 	 	 <quantity>52</quantity>
	 	 </request>
	 	 <request id="25" node="26">
	 	 	 <quantity>11</quantity>
	 	 </request>
	 	 <request id="26" node="27">
	 	 	 <quantity>13</quantity>
	 	 </request>
	 	 <request id="27" node="28">
	 	 	 <quantity>11</quantity>
	 	 </request>
	 	 <request id="28" node="29">
	 	 	 <quantity>76</quantity>
	 	 </request>
	 	 <request id="29" node="30">
	 	 	 <quantity>98</quantity>
	 	 </request>
	 	 <request id="30" node="31">
	 	 	 <quantity>5</quantity>
	 	 </request>
	 	 <request id="31" node="32">
	 	 	 <quantity>9</quantity>
	 	 </request>
	 	 <request id="32" node="33">
	 	 	 <quantity>87</quantity>
	 	 </request>
	 	 <request id="33" node="34">
	 	 	 <quantity>71</quantity>
	 	 </request>
	 	 <request id="34" node="35">
	 	 	 <quantity>83</quantity>
	 	 </request>
	 	 <request id="35" node="36">
	 	 	 <quantity>2</quantity>
	 	 </request>
	 	 <request id="36" node="37">
	 	 	 <quantity>54</quantity>
	 	 </request>
	 	 <request id="37" node="38">
	 	 	 <quantity>63</quantity>
	 	 </request>
	 	 <request id="38" node="39">
	 	 	 <quantity>63</quantity>
	 	 </request>
	 	 <request id="39" node="40">
	 	 	 <quantity>21</quantity>
	 	 </request>
	 	 <request id="40" node="41">
	 	 	 <quantity>36</quantity>
	 	 </request>
	 	 <request id="41" node="42">
	 	 	 <quantity>17</quantity>
	 	 </request>
	 	 <request id="42" node="43">
	 	 	 <quantity>15</quantity>
	 	 </request>
	 	 <request id="43" node="44">
	 	 	 <quantity>44</quantity>
	 	 </request>
	 	 <request id="44" node="45">
	 	 	 <quantity>62</quantity>
	 	 </request>
	 	 <request id="45" node="46">
	 	 	 <quantity>87</quantity>
	 	 </request>
	 	 <request id="46" node="47">
	 	 	 <quantity>90</quantity>
	 	 </request>
	 	 <request id="47" node="48">
	 	 	 <quantity>92</quantity>
	 	 </request>
	 	 <request id="48" node="49">
	 	 	 <quantity>18</quantity>
	 	 </request>
	 	 <request id="49" node="50">
	 	 	 <quantity>41</quantity>
	 	 </request>
	 	 <request id="50" node="51">
	 	 	 <quantity>85</quantity>
	 	 </request>
	 	 <request id="51" node="52">
	 	 	 <quantity>62</quantity>
	 	 </request>
	 	 <request id="52" node="53">
	 	 	 <quantity>72</quantity>
	 	 </request>
	 	 <request id="53" node="54">
	 	 	 <quantity>9</quantity>
	 	 </request>
	 	 <request id="54" node="55">
	 	 	 <quantity>18</quantity>
	 	 </request>
	 	 <request id="55" node="56">
	 	 	 <quantity>76</quantity>
	 	 </request>
	 	 <request id="56" node="57">
	 	 	 <quantity>17</quantity>
	 	 </request>
	 	 <request id="57" node="58">
	 	 	 <quantity>42</quantity>
	 	 </request>
	 	 <request id="58" node="59">
	 	 	 <quantity>43</quantity>
	 	 </request>
	 	 <request id="59" node="60">
	 	 	 <quantity>55</quantity>
	 	 </request>
	 	 <request id="60" node="61">
	 	 	 <quantity>42</quantity>
	 	 </request>
	 	 <request id="61" node="62">
	 	 	 <quantity>2</quantity>
	 	 </request>
	 	 <request id="62" node="63">
	 	 	 <quantity>78</quantity>
	 	 </request>
	 	 <request id="63" node="64">
	 	 	 <quantity>25</quantity>
	 	 </request>
	 	 <request id="64" node="65">
	 	 	 <quantity>29</quantity>
	 	 </request>
	 	 <request id="65" node="66">
	 	 	 <quantity>78</quantity>
	 	 </request>
	 	 <request id="66" node="67">
	 	 	 <quantity>67</quantity>
	 	 </request>
	 	 <request id="67" node="68">
	 	 	 <quantity>40</quantity>
	 	 </request>
	 	 <request id="68" node="69">
	 	 	 <quantity>71</quantity>
	 	 </request>
	 	 <request id="69" node="70">
	 	 	 <quantity>21</quantity>
	 	 </request>
	 	 <request id="70" node="71">
	 	 	 <quantity>57</quantity>
	 	 </request>
	 	 <request id="71" node="72">
	 	 	 <quantity>35</quantity>
	 	 </request>
	 	 <request id="72" node="73">
	 	 	 <quantity>17</quantity>
	 	 </request>
	 	 <request id="73" node="74">
	 	 	 <quantity>14</quantity>
	 	 </request>
	 	 <request id="74" node="75">
	 	 	 <quantity>11</quantity>
	 	 </request>
	 	 <request id="75" node="76">
	 	 	 <quantity>3</quantity>
	 	 </request>
	 	 <request id="76" node="77">
	 	 	 <quantity>45</quantity>
	 	 </request>
	 	 <request id="77" node="78">
	 	 	 <quantity>54</quantity>
	 	 </request>
	 	 <request id="78" node="79">
	 	 	 <quantity>39</quantity>
	 	 </request>
	 	 <request id="79" node="80">
	 	 	 <quantity>96</quantity>
	 	 </request>
	 	 <request id="80" node="81">
	 	 	 <quantity>56</quantity>
	 	 </request>
	 	 <request id="81" node="82">
	 	 	 <quantity>73</quantity>
	 	 </request>
	 	 <request id="82" node="83">
	 	 	 <quantity>55</quantity>
	 	 </request>
	 	 <request id="83" node="84">
	 	 	 <quantity>53</quantity>
	 	 </request>
	 	 <request id="84" node="85">
	 	 	 <quantity>92</quantity>
	 	 </request>
	 	 <request id="85" node="86">
	 	 	 <quantity>71</quantity>
	 	 </request>
	 	 <request id="86" node="87">
	 	 	 <quantity>63</quantity>
	 	 </request>
	 	 <request id="87" node="88">
	 	 	 <quantity>47</quantity>
	 	 </request>
	 	 <request id="88" node="89">
	 	 	 <quantity>86</quantity>
	 	 </request>
	 	 <request id="89" node="90">
	 	 	 <quantity>86</quantity>
	 	 </request>
	 	 <request id="90" node="91">
	 	 	 <quantity>58</quantity>
	 	 </request>
	 	 <request id="91" node="92">
	 	 	 <quantity>68</quantity>
	 	 </request>
	 	 <request id="92" node="93">
	 	 	 <quantity>27</quantity>
	 	 </request>
	 	 <request id="93" node="94">
	 	 	 <quantity>77</quantity>
	 	 </request>
	 	 <request id="94" node="95">
	 	 	 <quantity>67</quantity>
	 	 </request>
	 	 <request id="95" node="96">
	 	 	 <quantity>19</quantity>
	 	 </request>
	 	 <request id="96" node="97">
	 	 	 <quantity>60</quantity>
	 	 </request>
	 	 <request id="97" node="98">
	 	 	 <quantity>42</quantity>
	 	 </request>
	 	 <request id="98" node="99">
	 	 	 <quantity>3</quantity>
	 	 </request>
	 	 <request id="99" node="100">
	 	 	 <quantity>47</quantity>
	 	 </request>
	 	 <request id="100" node="101">
	 	 	 <quantity>4</quantity>
	 	 </request>
	 	 <request id="101" node="102">
	 	 	 <quantity>57</quantity>
	 	 </request>
	 	 <request id="102" node="103">
	 	 	 <quantity>44</quantity>
	 	 </request>
	 	 <request id="103" node="104">
	 	 	 <quantity>90</quantity>
	 	 </request>
	 	 <request id="104" node="105">
	 	 	 <quantity>97</quantity>
	 	 </request>
	 	 <request id="105" node="106">
	 	 	 <quantity>37</quantity>
	 	 </request>
	 	 <request id="106" node="107">
	 	 	 <quantity>49</quantity>
	 	 </request>
	 	 <request id="107" node="108">
	 	 	 <quantity>58</quantity>
	 	 </request>
	 	 <request id="108" node="109">
	 	 	 <quantity>67</quantity>
	 	 </request>
	 	 <request id="109" node="110">
	 	 	 <quantity>30</quantity>
	 	 </request>
	 	 <request id="110" node="111">
	 	 	 <quantity>85</quantity>
	 	 </request>
	 	 <request id="111" node="112">
	 	 	 <quantity>31</quantity>
	 	 </request>
	 	 <request id="112" node="113">
	 	 	 <quantity>28</quantity>
	 	 </request>
	 	 <request id="113" node="114">
	 	 	 <quantity>26</quantity>
	 	 </request>
	 	 <request id="114" node="115">
	 	 	 <quantity>86</quantity>
	 	 </request>
	 	 <request id="115" node="116">
	 	 	 <quantity>90</quantity>
	 	 </request>
	 	 <request id="116" node="117">
	 	 	 <quantity>99</quantity>
	 	 </request>
	 	 <request id="117" node="118">
	 	 	 <quantity>99</quantity>
	 	 </request>
	 	 <request id="118" node="119">
	 	 	 <quantity>35</quantity>
	 	 </request>
	 	 <request id="119" node="120">
	 	 	 <quantity>62</quantity>
	 	 </request>
	 	 <request id="120" node="121">
	 	 	 <quantity>49</quantity>
	 	 </request>
	 	 <request id="121" node="122">
	 	 	 <quantity>71</quantity>
	 	 </request>
	 	 <request id="122" node="123">
	 	 	 <quantity>74</quantity>
	 	 </request>
	 	 <request id="123" node="124">
	 	 	 <quantity>3</quantity>
	 	 </request>
	 	 <request id="124" node="125">
	 	 	 <quantity>71</quantity>
	 	 </request>
	 	 <request id="125" node="126">
	 	 	 <quantity>99</quantity>
	 	 </request>
	 	 <request id="126" node="127">
	 	 	 <quantity>38</quantity>
	 	 </request>
	 	 <request id="127" node="128">
	 	 	 <quantity>96</quantity>
	 	 </request>
	 	 <request id="128" node="129">
	 	 	 <quantity>71</quantity>
	 	 </request>
	 	 <request id="129" node="130">
	 	 	 <quantity>92</quantity>
	 	 </request>
	 	 <request id="130" node="131">
	 	 	 <quantity>6</quantity>
	 	 </request>
	 	 <request id="131" node="132">
	 	 	 <quantity>77</quantity>
	 	 </request>
	 	 <request id="132" node="133">
	 	 	 <quantity>94</quantity>
	 	 </request>
	 	 <request id="133" node="134">
	 	 	 <quantity>47</quantity>
	 	 </request>
	 	 <request id="134" node="135">
	 	 	 <quantity>92</quantity>
	 	 </request>
	 	 <request id="135" node="136">
	 	 	 <quantity>90</quantity>
	 	 </request>
	 	 <request id="136" node="137">
	 	 	 <quantity>67</quantity>
	 	 </request>
	 	 <request id="137" node="138">
	 	 	 <quantity>16</quantity>
	 	 </request>
	 	 <request id="138" node="139">
	 	 	 <quantity>47</quantity>
	 	 </request>
	 	 <request id="139" node="140">
	 	 	 <quantity>61</quantity>
	 	 </request>
	 	 <request id="140" node="141">
	 	 	 <quantity>68</quantity>
	 	 </request>
	 	 <request id="141" node="142">
	 	 	 <quantity>93</quantity>
	 	 </request>
	 	 <request id="142" node="143">
	 	 	 <quantity>96</quantity>
	 	 </request>
	 </requests>
</instance>
