<?xml version="1.0" encoding="UTF-8" standalone="yes"?>
<instance>
	<info>
	 	<dataset>Uchoa 2014 — Set X</dataset>
	 	<name>X-n270-k35</name>
	</info>
	<network>
	 	<nodes>
	 	 	<node id="1" type="1">
	 	 	 	<cx>500</cx>
	 	 	 	<cy>500</cy>
	 	 	</node>
	 	 	<node id="2" type="1">
	 	 	 	<cx>643</cx>
	 	 	 	<cy>512</cy>
	 	 	</node>
	 	 	<node id="3" type="1">
	 	 	 	<cx>707</cx>
	 	 	 	<cy>407</cy>
	 	 	</node>
	 	 	<node id="4" type="1">
	 	 	 	<cx>394</cx>
	 	 	 	<cy>355</cy>
	 	 	</node>
	 	 	<node id="5" type="1">
	 	 	 	<cx>140</cx>
	 	 	 	<cy>470</cy>
	 	 	</node>
	 	 	<node id="6" type="1">
	 	 	 	<cx>364</cx>
	 	 	 	<cy>215</cy>
	 	 	</node>
	 	 	<node id="7" type="1">
	 	 	 	<cx>493</cx>
	 	 	 	<cy>857</cy>
	 	 	</node>
	 	 	<node id="8" type="1">
	 	 	 	<cx>117</cx>
	 	 	 	<cy>466</cy>
	 	 	</node>
	 	 	<node id="9" type="1">
	 	 	 	<cx>462</cx>
	 	 	 	<cy>38</cy>
	 	 	</node>
	 	 	<node id="10" type="1">
	 	 	 	<cx>551</cx>
	 	 	 	<cy>479</cy>
	 	 	</node>
	 	 	<node id="11" type="1">
	 	 	 	<cx>742</cx>
	 	 	 	<cy>498</cy>
	 	 	</node>
	 	 	<node id="12" type="1">
	 	 	 	<cx>533</cx>
	 	 	 	<cy>706</cy>
	 	 	</node>
	 	 	<node id="13" type="1">
	 	 	 	<cx>788</cx>
	 	 	 	<cy>425</cy>
	 	 	</node>
	 	 	<node id="14" type="1">
	 	 	 	<cx>799</cx>
	 	 	 	<cy>6</cy>
	 	 	</node>
	 	 	<node id="15" type="1">
	 	 	 	<cx>836</cx>
	 	 	 	<cy>680</cy>
	 	 	</node>
	 	 	<node id="16" type="1">
	 	 	 	<cx>88</cx>
	 	 	 	<cy>225</cy>
	 	 	</node>
	 	 	<node id="17" type="1">
	 	 	 	<cx>164</cx>
	 	 	 	<cy>988</cy>
	 	 	</node>
	 	 	<node id="18" type="1">
	 	 	 	<cx>537</cx>
	 	 	 	<cy>20</cy>
	 	 	</node>
	 	 	<node id="19" type="1">
	 	 	 	<cx>612</cx>
	 	 	 	<cy>395</cy>
	 	 	</node>
	 	 	<node id="20" type="1">
	 	 	 	<cx>314</cx>
	 	 	 	<cy>942</cy>
	 	 	</node>
	 	 	<node id="21" type="1">
	 	 	 	<cx>342</cx>
	 	 	 	<cy>974</cy>
	 	 	</node>
	 	 	<node id="22" type="1">
	 	 	 	<cx>518</cx>
	 	 	 	<cy>758</cy>
	 	 	</node>
	 	 	<node id="23" type="1">
	 	 	 	<cx>860</cx>
	 	 	 	<cy>774</cy>
	 	 	</node>
	 	 	<node id="24" type="1">
	 	 	 	<cx>313</cx>
	 	 	 	<cy>36</cy>
	 	 	</node>
	 	 	<node id="25" type="1">
	 	 	 	<cx>275</cx>
	 	 	 	<cy>23</cy>
	 	 	</node>
	 	 	<node id="26" type="1">
	 	 	 	<cx>324</cx>
	 	 	 	<cy>971</cy>
	 	 	</node>
	 	 	<node id="27" type="1">
	 	 	 	<cx>822</cx>
	 	 	 	<cy>588</cy>
	 	 	</node>
	 	 	<node id="28" type="1">
	 	 	 	<cx>272</cx>
	 	 	 	<cy>458</cy>
	 	 	</node>
	 	 	<node id="29" type="1">
	 	 	 	<cx>620</cx>
	 	 	 	<cy>666</cy>
	 	 	</node>
	 	 	<node id="30" type="1">
	 	 	 	<cx>868</cx>
	 	 	 	<cy>427</cy>
	 	 	</node>
	 	 	<node id="31" type="1">
	 	 	 	<cx>694</cx>
	 	 	 	<cy>750</cy>
	 	 	</node>
	 	 	<node id="32" type="1">
	 	 	 	<cx>953</cx>
	 	 	 	<cy>419</cy>
	 	 	</node>
	 	 	<node id="33" type="1">
	 	 	 	<cx>236</cx>
	 	 	 	<cy>823</cy>
	 	 	</node>
	 	 	<node id="34" type="1">
	 	 	 	<cx>887</cx>
	 	 	 	<cy>411</cy>
	 	 	</node>
	 	 	<node id="35" type="1">
	 	 	 	<cx>124</cx>
	 	 	 	<cy>814</cy>
	 	 	</node>
	 	 	<node id="36" type="1">
	 	 	 	<cx>193</cx>
	 	 	 	<cy>899</cy>
	 	 	</node>
	 	 	<node id="37" type="1">
	 	 	 	<cx>687</cx>
	 	 	 	<cy>303</cy>
	 	 	</node>
	 	 	<node id="38" type="1">
	 	 	 	<cx>447</cx>
	 	 	 	<cy>220</cy>
	 	 	</node>
	 	 	<node id="39" type="1">
	 	 	 	<cx>716</cx>
	 	 	 	<cy>472</cy>
	 	 	</node>
	 	 	<node id="40" type="1">
	 	 	 	<cx>415</cx>
	 	 	 	<cy>141</cy>
	 	 	</node>
	 	 	<node id="41" type="1">
	 	 	 	<cx>738</cx>
	 	 	 	<cy>309</cy>
	 	 	</node>
	 	 	<node id="42" type="1">
	 	 	 	<cx>445</cx>
	 	 	 	<cy>672</cy>
	 	 	</node>
	 	 	<node id="43" type="1">
	 	 	 	<cx>524</cx>
	 	 	 	<cy>60</cy>
	 	 	</node>
	 	 	<node id="44" type="1">
	 	 	 	<cx>112</cx>
	 	 	 	<cy>157</cy>
	 	 	</node>
	 	 	<node id="45" type="1">
	 	 	 	<cx>859</cx>
	 	 	 	<cy>935</cy>
	 	 	</node>
	 	 	<node id="46" type="1">
	 	 	 	<cx>104</cx>
	 	 	 	<cy>596</cy>
	 	 	</node>
	 	 	<node id="47" type="1">
	 	 	 	<cx>556</cx>
	 	 	 	<cy>54</cy>
	 	 	</node>
	 	 	<node id="48" type="1">
	 	 	 	<cx>362</cx>
	 	 	 	<cy>223</cy>
	 	 	</node>
	 	 	<node id="49" type="1">
	 	 	 	<cx>723</cx>
	 	 	 	<cy>661</cy>
	 	 	</node>
	 	 	<node id="50" type="1">
	 	 	 	<cx>474</cx>
	 	 	 	<cy>338</cy>
	 	 	</node>
	 	 	<node id="51" type="1">
	 	 	 	<cx>274</cx>
	 	 	 	<cy>568</cy>
	 	 	</node>
	 	 	<node id="52" type="1">
	 	 	 	<cx>315</cx>
	 	 	 	<cy>380</cy>
	 	 	</node>
	 	 	<node id="53" type="1">
	 	 	 	<cx>704</cx>
	 	 	 	<cy>863</cy>
	 	 	</node>
	 	 	<node id="54" type="1">
	 	 	 	<cx>936</cx>
	 	 	 	<cy>260</cy>
	 	 	</node>
	 	 	<node id="55" type="1">
	 	 	 	<cx>93</cx>
	 	 	 	<cy>859</cy>
	 	 	</node>
	 	 	<node id="56" type="1">
	 	 	 	<cx>703</cx>
	 	 	 	<cy>935</cy>
	 	 	</node>
	 	 	<node id="57" type="1">
	 	 	 	<cx>381</cx>
	 	 	 	<cy>302</cy>
	 	 	</node>
	 	 	<node id="58" type="1">
	 	 	 	<cx>695</cx>
	 	 	 	<cy>239</cy>
	 	 	</node>
	 	 	<node id="59" type="1">
	 	 	 	<cx>880</cx>
	 	 	 	<cy>823</cy>
	 	 	</node>
	 	 	<node id="60" type="1">
	 	 	 	<cx>335</cx>
	 	 	 	<cy>961</cy>
	 	 	</node>
	 	 	<node id="61" type="1">
	 	 	 	<cx>37</cx>
	 	 	 	<cy>637</cy>
	 	 	</node>
	 	 	<node id="62" type="1">
	 	 	 	<cx>288</cx>
	 	 	 	<cy>169</cy>
	 	 	</node>
	 	 	<node id="63" type="1">
	 	 	 	<cx>455</cx>
	 	 	 	<cy>499</cy>
	 	 	</node>
	 	 	<node id="64" type="1">
	 	 	 	<cx>599</cx>
	 	 	 	<cy>796</cy>
	 	 	</node>
	 	 	<node id="65" type="1">
	 	 	 	<cx>155</cx>
	 	 	 	<cy>910</cy>
	 	 	</node>
	 	 	<node id="66" type="1">
	 	 	 	<cx>80</cx>
	 	 	 	<cy>459</cy>
	 	 	</node>
	 	 	<node id="67" type="1">
	 	 	 	<cx>93</cx>
	 	 	 	<cy>565</cy>
	 	 	</node>
	 	 	<node id="68" type="1">
	 	 	 	<cx>959</cx>
	 	 	 	<cy>544</cy>
	 	 	</node>
	 	 	<node id="69" type="1">
	 	 	 	<cx>926</cx>
	 	 	 	<cy>58</cy>
	 	 	</node>
	 	 	<node id="70" type="1">
	 	 	 	<cx>762</cx>
	 	 	 	<cy>531</cy>
	 	 	</node>
	 	 	<node id="71" type="1">
	 	 	 	<cx>22</cx>
	 	 	 	<cy>839</cy>
	 	 	</node>
	 	 	<node id="72" type="1">
	 	 	 	<cx>459</cx>
	 	 	 	<cy>575</cy>
	 	 	</node>
	 	 	<node id="73" type="1">
	 	 	 	<cx>737</cx>
	 	 	 	<cy>409</cy>
	 	 	</node>
	 	 	<node id="74" type="1">
	 	 	 	<cx>854</cx>
	 	 	 	<cy>328</cy>
	 	 	</node>
	 	 	<node id="75" type="1">
	 	 	 	<cx>921</cx>
	 	 	 	<cy>781</cy>
	 	 	</node>
	 	 	<node id="76" type="1">
	 	 	 	<cx>221</cx>
	 	 	 	<cy>23</cy>
	 	 	</node>
	 	 	<node id="77" type="1">
	 	 	 	<cx>685</cx>
	 	 	 	<cy>179</cy>
	 	 	</node>
	 	 	<node id="78" type="1">
	 	 	 	<cx>202</cx>
	 	 	 	<cy>804</cy>
	 	 	</node>
	 	 	<node id="79" type="1">
	 	 	 	<cx>422</cx>
	 	 	 	<cy>992</cy>
	 	 	</node>
	 	 	<node id="80" type="1">
	 	 	 	<cx>945</cx>
	 	 	 	<cy>292</cy>
	 	 	</node>
	 	 	<node id="81" type="1">
	 	 	 	<cx>66</cx>
	 	 	 	<cy>976</cy>
	 	 	</node>
	 	 	<node id="82" type="1">
	 	 	 	<cx>487</cx>
	 	 	 	<cy>429</cy>
	 	 	</node>
	 	 	<node id="83" type="1">
	 	 	 	<cx>614</cx>
	 	 	 	<cy>711</cy>
	 	 	</node>
	 	 	<node id="84" type="1">
	 	 	 	<cx>407</cx>
	 	 	 	<cy>546</cy>
	 	 	</node>
	 	 	<node id="85" type="1">
	 	 	 	<cx>883</cx>
	 	 	 	<cy>298</cy>
	 	 	</node>
	 	 	<node id="86" type="1">
	 	 	 	<cx>709</cx>
	 	 	 	<cy>692</cy>
	 	 	</node>
	 	 	<node id="87" type="1">
	 	 	 	<cx>535</cx>
	 	 	 	<cy>319</cy>
	 	 	</node>
	 	 	<node id="88" type="1">
	 	 	 	<cx>965</cx>
	 	 	 	<cy>217</cy>
	 	 	</node>
	 	 	<node id="89" type="1">
	 	 	 	<cx>336</cx>
	 	 	 	<cy>35</cy>
	 	 	</node>
	 	 	<node id="90" type="1">
	 	 	 	<cx>703</cx>
	 	 	 	<cy>595</cy>
	 	 	</node>
	 	 	<node id="91" type="1">
	 	 	 	<cx>677</cx>
	 	 	 	<cy>841</cy>
	 	 	</node>
	 	 	<node id="92" type="1">
	 	 	 	<cx>51</cx>
	 	 	 	<cy>503</cy>
	 	 	</node>
	 	 	<node id="93" type="1">
	 	 	 	<cx>334</cx>
	 	 	 	<cy>968</cy>
	 	 	</node>
	 	 	<node id="94" type="1">
	 	 	 	<cx>628</cx>
	 	 	 	<cy>154</cy>
	 	 	</node>
	 	 	<node id="95" type="1">
	 	 	 	<cx>488</cx>
	 	 	 	<cy>437</cy>
	 	 	</node>
	 	 	<node id="96" type="1">
	 	 	 	<cx>680</cx>
	 	 	 	<cy>869</cy>
	 	 	</node>
	 	 	<node id="97" type="1">
	 	 	 	<cx>987</cx>
	 	 	 	<cy>264</cy>
	 	 	</node>
	 	 	<node id="98" type="1">
	 	 	 	<cx>474</cx>
	 	 	 	<cy>906</cy>
	 	 	</node>
	 	 	<node id="99" type="1">
	 	 	 	<cx>866</cx>
	 	 	 	<cy>911</cy>
	 	 	</node>
	 	 	<node id="100" type="1">
	 	 	 	<cx>940</cx>
	 	 	 	<cy>542</cy>
	 	 	</node>
	 	 	<node id="101" type="1">
	 	 	 	<cx>106</cx>
	 	 	 	<cy>988</cy>
	 	 	</node>
	 	 	<node id="102" type="1">
	 	 	 	<cx>558</cx>
	 	 	 	<cy>398</cy>
	 	 	</node>
	 	 	<node id="103" type="1">
	 	 	 	<cx>661</cx>
	 	 	 	<cy>206</cy>
	 	 	</node>
	 	 	<node id="104" type="1">
	 	 	 	<cx>500</cx>
	 	 	 	<cy>17</cy>
	 	 	</node>
	 	 	<node id="105" type="1">
	 	 	 	<cx>710</cx>
	 	 	 	<cy>588</cy>
	 	 	</node>
	 	 	<node id="106" type="1">
	 	 	 	<cx>23</cx>
	 	 	 	<cy>696</cy>
	 	 	</node>
	 	 	<node id="107" type="1">
	 	 	 	<cx>181</cx>
	 	 	 	<cy>909</cy>
	 	 	</node>
	 	 	<node id="108" type="1">
	 	 	 	<cx>107</cx>
	 	 	 	<cy>556</cy>
	 	 	</node>
	 	 	<node id="109" type="1">
	 	 	 	<cx>516</cx>
	 	 	 	<cy>409</cy>
	 	 	</node>
	 	 	<node id="110" type="1">
	 	 	 	<cx>345</cx>
	 	 	 	<cy>879</cy>
	 	 	</node>
	 	 	<node id="111" type="1">
	 	 	 	<cx>684</cx>
	 	 	 	<cy>742</cy>
	 	 	</node>
	 	 	<node id="112" type="1">
	 	 	 	<cx>86</cx>
	 	 	 	<cy>682</cy>
	 	 	</node>
	 	 	<node id="113" type="1">
	 	 	 	<cx>447</cx>
	 	 	 	<cy>182</cy>
	 	 	</node>
	 	 	<node id="114" type="1">
	 	 	 	<cx>825</cx>
	 	 	 	<cy>545</cy>
	 	 	</node>
	 	 	<node id="115" type="1">
	 	 	 	<cx>880</cx>
	 	 	 	<cy>72</cy>
	 	 	</node>
	 	 	<node id="116" type="1">
	 	 	 	<cx>840</cx>
	 	 	 	<cy>689</cy>
	 	 	</node>
	 	 	<node id="117" type="1">
	 	 	 	<cx>129</cx>
	 	 	 	<cy>532</cy>
	 	 	</node>
	 	 	<node id="118" type="1">
	 	 	 	<cx>89</cx>
	 	 	 	<cy>305</cy>
	 	 	</node>
	 	 	<node id="119" type="1">
	 	 	 	<cx>434</cx>
	 	 	 	<cy>407</cy>
	 	 	</node>
	 	 	<node id="120" type="1">
	 	 	 	<cx>348</cx>
	 	 	 	<cy>132</cy>
	 	 	</node>
	 	 	<node id="121" type="1">
	 	 	 	<cx>390</cx>
	 	 	 	<cy>473</cy>
	 	 	</node>
	 	 	<node id="122" type="1">
	 	 	 	<cx>598</cx>
	 	 	 	<cy>286</cy>
	 	 	</node>
	 	 	<node id="123" type="1">
	 	 	 	<cx>464</cx>
	 	 	 	<cy>891</cy>
	 	 	</node>
	 	 	<node id="124" type="1">
	 	 	 	<cx>671</cx>
	 	 	 	<cy>336</cy>
	 	 	</node>
	 	 	<node id="125" type="1">
	 	 	 	<cx>762</cx>
	 	 	 	<cy>909</cy>
	 	 	</node>
	 	 	<node id="126" type="1">
	 	 	 	<cx>136</cx>
	 	 	 	<cy>633</cy>
	 	 	</node>
	 	 	<node id="127" type="1">
	 	 	 	<cx>40</cx>
	 	 	 	<cy>814</cy>
	 	 	</node>
	 	 	<node id="128" type="1">
	 	 	 	<cx>445</cx>
	 	 	 	<cy>889</cy>
	 	 	</node>
	 	 	<node id="129" type="1">
	 	 	 	<cx>980</cx>
	 	 	 	<cy>135</cy>
	 	 	</node>
	 	 	<node id="130" type="1">
	 	 	 	<cx>318</cx>
	 	 	 	<cy>2</cy>
	 	 	</node>
	 	 	<node id="131" type="1">
	 	 	 	<cx>688</cx>
	 	 	 	<cy>101</cy>
	 	 	</node>
	 	 	<node id="132" type="1">
	 	 	 	<cx>387</cx>
	 	 	 	<cy>142</cy>
	 	 	</node>
	 	 	<node id="133" type="1">
	 	 	 	<cx>480</cx>
	 	 	 	<cy>339</cy>
	 	 	</node>
	 	 	<node id="134" type="1">
	 	 	 	<cx>85</cx>
	 	 	 	<cy>69</cy>
	 	 	</node>
	 	 	<node id="135" type="1">
	 	 	 	<cx>884</cx>
	 	 	 	<cy>826</cy>
	 	 	</node>
	 	 	<node id="136" type="1">
	 	 	 	<cx>789</cx>
	 	 	 	<cy>719</cy>
	 	 	</node>
	 	 	<node id="137" type="1">
	 	 	 	<cx>907</cx>
	 	 	 	<cy>96</cy>
	 	 	</node>
	 	 	<node id="138" type="1">
	 	 	 	<cx>207</cx>
	 	 	 	<cy>24</cy>
	 	 	</node>
	 	 	<node id="139" type="1">
	 	 	 	<cx>557</cx>
	 	 	 	<cy>694</cy>
	 	 	</node>
	 	 	<node id="140" type="1">
	 	 	 	<cx>22</cx>
	 	 	 	<cy>2</cy>
	 	 	</node>
	 	 	<node id="141" type="1">
	 	 	 	<cx>740</cx>
	 	 	 	<cy>695</cy>
	 	 	</node>
	 	 	<node id="142" type="1">
	 	 	 	<cx>897</cx>
	 	 	 	<cy>75</cy>
	 	 	</node>
	 	 	<node id="143" type="1">
	 	 	 	<cx>844</cx>
	 	 	 	<cy>196</cy>
	 	 	</node>
	 	 	<node id="144" type="1">
	 	 	 	<cx>93</cx>
	 	 	 	<cy>50</cy>
	 	 	</node>
	 	 	<node id="145" type="1">
	 	 	 	<cx>731</cx>
	 	 	 	<cy>708</cy>
	 	 	</node>
	 	 	<node id="146" type="1">
	 	 	 	<cx>699</cx>
	 	 	 	<cy>899</cy>
	 	 	</node>
	 	 	<node id="147" type="1">
	 	 	 	<cx>45</cx>
	 	 	 	<cy>32</cy>
	 	 	</node>
	 	 	<node id="148" type="1">
	 	 	 	<cx>768</cx>
	 	 	 	<cy>584</cy>
	 	 	</node>
	 	 	<node id="149" type="1">
	 	 	 	<cx>153</cx>
	 	 	 	<cy>53</cy>
	 	 	</node>
	 	 	<node id="150" type="1">
	 	 	 	<cx>671</cx>
	 	 	 	<cy>669</cy>
	 	 	</node>
	 	 	<node id="151" type="1">
	 	 	 	<cx>818</cx>
	 	 	 	<cy>715</cy>
	 	 	</node>
	 	 	<node id="152" type="1">
	 	 	 	<cx>933</cx>
	 	 	 	<cy>659</cy>
	 	 	</node>
	 	 	<node id="153" type="1">
	 	 	 	<cx>500</cx>
	 	 	 	<cy>706</cy>
	 	 	</node>
	 	 	<node id="154" type="1">
	 	 	 	<cx>914</cx>
	 	 	 	<cy>139</cy>
	 	 	</node>
	 	 	<node id="155" type="1">
	 	 	 	<cx>891</cx>
	 	 	 	<cy>85</cy>
	 	 	</node>
	 	 	<node id="156" type="1">
	 	 	 	<cx>73</cx>
	 	 	 	<cy>147</cy>
	 	 	</node>
	 	 	<node id="157" type="1">
	 	 	 	<cx>794</cx>
	 	 	 	<cy>769</cy>
	 	 	</node>
	 	 	<node id="158" type="1">
	 	 	 	<cx>862</cx>
	 	 	 	<cy>849</cy>
	 	 	</node>
	 	 	<node id="159" type="1">
	 	 	 	<cx>504</cx>
	 	 	 	<cy>643</cy>
	 	 	</node>
	 	 	<node id="160" type="1">
	 	 	 	<cx>524</cx>
	 	 	 	<cy>644</cy>
	 	 	</node>
	 	 	<node id="161" type="1">
	 	 	 	<cx>49</cx>
	 	 	 	<cy>36</cy>
	 	 	</node>
	 	 	<node id="162" type="1">
	 	 	 	<cx>539</cx>
	 	 	 	<cy>728</cy>
	 	 	</node>
	 	 	<node id="163" type="1">
	 	 	 	<cx>139</cx>
	 	 	 	<cy>118</cy>
	 	 	</node>
	 	 	<node id="164" type="1">
	 	 	 	<cx>931</cx>
	 	 	 	<cy>588</cy>
	 	 	</node>
	 	 	<node id="165" type="1">
	 	 	 	<cx>850</cx>
	 	 	 	<cy>28</cy>
	 	 	</node>
	 	 	<node id="166" type="1">
	 	 	 	<cx>891</cx>
	 	 	 	<cy>612</cy>
	 	 	</node>
	 	 	<node id="167" type="1">
	 	 	 	<cx>760</cx>
	 	 	 	<cy>762</cy>
	 	 	</node>
	 	 	<node id="168" type="1">
	 	 	 	<cx>709</cx>
	 	 	 	<cy>636</cy>
	 	 	</node>
	 	 	<node id="169" type="1">
	 	 	 	<cx>628</cx>
	 	 	 	<cy>448</cy>
	 	 	</node>
	 	 	<node id="170" type="1">
	 	 	 	<cx>277</cx>
	 	 	 	<cy>45</cy>
	 	 	</node>
	 	 	<node id="171" type="1">
	 	 	 	<cx>588</cx>
	 	 	 	<cy>720</cy>
	 	 	</node>
	 	 	<node id="172" type="1">
	 	 	 	<cx>803</cx>
	 	 	 	<cy>710</cy>
	 	 	</node>
	 	 	<node id="173" type="1">
	 	 	 	<cx>712</cx>
	 	 	 	<cy>63</cy>
	 	 	</node>
	 	 	<node id="174" type="1">
	 	 	 	<cx>804</cx>
	 	 	 	<cy>68</cy>
	 	 	</node>
	 	 	<node id="175" type="1">
	 	 	 	<cx>80</cx>
	 	 	 	<cy>33</cy>
	 	 	</node>
	 	 	<node id="176" type="1">
	 	 	 	<cx>886</cx>
	 	 	 	<cy>131</cy>
	 	 	</node>
	 	 	<node id="177" type="1">
	 	 	 	<cx>536</cx>
	 	 	 	<cy>318</cy>
	 	 	</node>
	 	 	<node id="178" type="1">
	 	 	 	<cx>899</cx>
	 	 	 	<cy>161</cy>
	 	 	</node>
	 	 	<node id="179" type="1">
	 	 	 	<cx>189</cx>
	 	 	 	<cy>17</cy>
	 	 	</node>
	 	 	<node id="180" type="1">
	 	 	 	<cx>140</cx>
	 	 	 	<cy>62</cy>
	 	 	</node>
	 	 	<node id="181" type="1">
	 	 	 	<cx>548</cx>
	 	 	 	<cy>667</cy>
	 	 	</node>
	 	 	<node id="182" type="1">
	 	 	 	<cx>838</cx>
	 	 	 	<cy>835</cy>
	 	 	</node>
	 	 	<node id="183" type="1">
	 	 	 	<cx>890</cx>
	 	 	 	<cy>749</cy>
	 	 	</node>
	 	 	<node id="184" type="1">
	 	 	 	<cx>998</cx>
	 	 	 	<cy>675</cy>
	 	 	</node>
	 	 	<node id="185" type="1">
	 	 	 	<cx>862</cx>
	 	 	 	<cy>272</cy>
	 	 	</node>
	 	 	<node id="186" type="1">
	 	 	 	<cx>551</cx>
	 	 	 	<cy>695</cy>
	 	 	</node>
	 	 	<node id="187" type="1">
	 	 	 	<cx>692</cx>
	 	 	 	<cy>757</cy>
	 	 	</node>
	 	 	<node id="188" type="1">
	 	 	 	<cx>735</cx>
	 	 	 	<cy>752</cy>
	 	 	</node>
	 	 	<node id="189" type="1">
	 	 	 	<cx>468</cx>
	 	 	 	<cy>626</cy>
	 	 	</node>
	 	 	<node id="190" type="1">
	 	 	 	<cx>535</cx>
	 	 	 	<cy>665</cy>
	 	 	</node>
	 	 	<node id="191" type="1">
	 	 	 	<cx>734</cx>
	 	 	 	<cy>66</cy>
	 	 	</node>
	 	 	<node id="192" type="1">
	 	 	 	<cx>853</cx>
	 	 	 	<cy>159</cy>
	 	 	</node>
	 	 	<node id="193" type="1">
	 	 	 	<cx>936</cx>
	 	 	 	<cy>93</cy>
	 	 	</node>
	 	 	<node id="194" type="1">
	 	 	 	<cx>941</cx>
	 	 	 	<cy>63</cy>
	 	 	</node>
	 	 	<node id="195" type="1">
	 	 	 	<cx>717</cx>
	 	 	 	<cy>545</cy>
	 	 	</node>
	 	 	<node id="196" type="1">
	 	 	 	<cx>929</cx>
	 	 	 	<cy>175</cy>
	 	 	</node>
	 	 	<node id="197" type="1">
	 	 	 	<cx>719</cx>
	 	 	 	<cy>743</cy>
	 	 	</node>
	 	 	<node id="198" type="1">
	 	 	 	<cx>224</cx>
	 	 	 	<cy>25</cy>
	 	 	</node>
	 	 	<node id="199" type="1">
	 	 	 	<cx>773</cx>
	 	 	 	<cy>717</cy>
	 	 	</node>
	 	 	<node id="200" type="1">
	 	 	 	<cx>709</cx>
	 	 	 	<cy>712</cy>
	 	 	</node>
	 	 	<node id="201" type="1">
	 	 	 	<cx>467</cx>
	 	 	 	<cy>579</cy>
	 	 	</node>
	 	 	<node id="202" type="1">
	 	 	 	<cx>550</cx>
	 	 	 	<cy>683</cy>
	 	 	</node>
	 	 	<node id="203" type="1">
	 	 	 	<cx>264</cx>
	 	 	 	<cy>122</cy>
	 	 	</node>
	 	 	<node id="204" type="1">
	 	 	 	<cx>749</cx>
	 	 	 	<cy>182</cy>
	 	 	</node>
	 	 	<node id="205" type="1">
	 	 	 	<cx>234</cx>
	 	 	 	<cy>56</cy>
	 	 	</node>
	 	 	<node id="206" type="1">
	 	 	 	<cx>868</cx>
	 	 	 	<cy>936</cy>
	 	 	</node>
	 	 	<node id="207" type="1">
	 	 	 	<cx>833</cx>
	 	 	 	<cy>93</cy>
	 	 	</node>
	 	 	<node id="208" type="1">
	 	 	 	<cx>762</cx>
	 	 	 	<cy>774</cy>
	 	 	</node>
	 	 	<node id="209" type="1">
	 	 	 	<cx>555</cx>
	 	 	 	<cy>593</cy>
	 	 	</node>
	 	 	<node id="210" type="1">
	 	 	 	<cx>790</cx>
	 	 	 	<cy>705</cy>
	 	 	</node>
	 	 	<node id="211" type="1">
	 	 	 	<cx>59</cx>
	 	 	 	<cy>94</cy>
	 	 	</node>
	 	 	<node id="212" type="1">
	 	 	 	<cx>576</cx>
	 	 	 	<cy>674</cy>
	 	 	</node>
	 	 	<node id="213" type="1">
	 	 	 	<cx>494</cx>
	 	 	 	<cy>607</cy>
	 	 	</node>
	 	 	<node id="214" type="1">
	 	 	 	<cx>412</cx>
	 	 	 	<cy>701</cy>
	 	 	</node>
	 	 	<node id="215" type="1">
	 	 	 	<cx>614</cx>
	 	 	 	<cy>627</cy>
	 	 	</node>
	 	 	<node id="216" type="1">
	 	 	 	<cx>883</cx>
	 	 	 	<cy>597</cy>
	 	 	</node>
	 	 	<node id="217" type="1">
	 	 	 	<cx>233</cx>
	 	 	 	<cy>64</cy>
	 	 	</node>
	 	 	<node id="218" type="1">
	 	 	 	<cx>598</cx>
	 	 	 	<cy>659</cy>
	 	 	</node>
	 	 	<node id="219" type="1">
	 	 	 	<cx>813</cx>
	 	 	 	<cy>611</cy>
	 	 	</node>
	 	 	<node id="220" type="1">
	 	 	 	<cx>916</cx>
	 	 	 	<cy>105</cy>
	 	 	</node>
	 	 	<node id="221" type="1">
	 	 	 	<cx>868</cx>
	 	 	 	<cy>603</cy>
	 	 	</node>
	 	 	<node id="222" type="1">
	 	 	 	<cx>555</cx>
	 	 	 	<cy>673</cy>
	 	 	</node>
	 	 	<node id="223" type="1">
	 	 	 	<cx>782</cx>
	 	 	 	<cy>724</cy>
	 	 	</node>
	 	 	<node id="224" type="1">
	 	 	 	<cx>93</cx>
	 	 	 	<cy>100</cy>
	 	 	</node>
	 	 	<node id="225" type="1">
	 	 	 	<cx>743</cx>
	 	 	 	<cy>870</cy>
	 	 	</node>
	 	 	<node id="226" type="1">
	 	 	 	<cx>600</cx>
	 	 	 	<cy>452</cy>
	 	 	</node>
	 	 	<node id="227" type="1">
	 	 	 	<cx>619</cx>
	 	 	 	<cy>753</cy>
	 	 	</node>
	 	 	<node id="228" type="1">
	 	 	 	<cx>892</cx>
	 	 	 	<cy>181</cy>
	 	 	</node>
	 	 	<node id="229" type="1">
	 	 	 	<cx>850</cx>
	 	 	 	<cy>547</cy>
	 	 	</node>
	 	 	<node id="230" type="1">
	 	 	 	<cx>600</cx>
	 	 	 	<cy>727</cy>
	 	 	</node>
	 	 	<node id="231" type="1">
	 	 	 	<cx>63</cx>
	 	 	 	<cy>175</cy>
	 	 	</node>
	 	 	<node id="232" type="1">
	 	 	 	<cx>789</cx>
	 	 	 	<cy>598</cy>
	 	 	</node>
	 	 	<node id="233" type="1">
	 	 	 	<cx>6</cx>
	 	 	 	<cy>83</cy>
	 	 	</node>
	 	 	<node id="234" type="1">
	 	 	 	<cx>116</cx>
	 	 	 	<cy>27</cy>
	 	 	</node>
	 	 	<node id="235" type="1">
	 	 	 	<cx>753</cx>
	 	 	 	<cy>615</cy>
	 	 	</node>
	 	 	<node id="236" type="1">
	 	 	 	<cx>896</cx>
	 	 	 	<cy>100</cy>
	 	 	</node>
	 	 	<node id="237" type="1">
	 	 	 	<cx>7</cx>
	 	 	 	<cy>9</cy>
	 	 	</node>
	 	 	<node id="238" type="1">
	 	 	 	<cx>754</cx>
	 	 	 	<cy>745</cy>
	 	 	</node>
	 	 	<node id="239" type="1">
	 	 	 	<cx>777</cx>
	 	 	 	<cy>760</cy>
	 	 	</node>
	 	 	<node id="240" type="1">
	 	 	 	<cx>88</cx>
	 	 	 	<cy>32</cy>
	 	 	</node>
	 	 	<node id="241" type="1">
	 	 	 	<cx>803</cx>
	 	 	 	<cy>64</cy>
	 	 	</node>
	 	 	<node id="242" type="1">
	 	 	 	<cx>901</cx>
	 	 	 	<cy>109</cy>
	 	 	</node>
	 	 	<node id="243" type="1">
	 	 	 	<cx>36</cx>
	 	 	 	<cy>8</cy>
	 	 	</node>
	 	 	<node id="244" type="1">
	 	 	 	<cx>835</cx>
	 	 	 	<cy>42</cy>
	 	 	</node>
	 	 	<node id="245" type="1">
	 	 	 	<cx>591</cx>
	 	 	 	<cy>543</cy>
	 	 	</node>
	 	 	<node id="246" type="1">
	 	 	 	<cx>576</cx>
	 	 	 	<cy>872</cy>
	 	 	</node>
	 	 	<node id="247" type="1">
	 	 	 	<cx>530</cx>
	 	 	 	<cy>707</cy>
	 	 	</node>
	 	 	<node id="248" type="1">
	 	 	 	<cx>187</cx>
	 	 	 	<cy>153</cy>
	 	 	</node>
	 	 	<node id="249" type="1">
	 	 	 	<cx>627</cx>
	 	 	 	<cy>789</cy>
	 	 	</node>
	 	 	<node id="250" type="1">
	 	 	 	<cx>21</cx>
	 	 	 	<cy>62</cy>
	 	 	</node>
	 	 	<node id="251" type="1">
	 	 	 	<cx>787</cx>
	 	 	 	<cy>650</cy>
	 	 	</node>
	 	 	<node id="252" type="1">
	 	 	 	<cx>194</cx>
	 	 	 	<cy>350</cy>
	 	 	</node>
	 	 	<node id="253" type="1">
	 	 	 	<cx>857</cx>
	 	 	 	<cy>704</cy>
	 	 	</node>
	 	 	<node id="254" type="1">
	 	 	 	<cx>487</cx>
	 	 	 	<cy>672</cy>
	 	 	</node>
	 	 	<node id="255" type="1">
	 	 	 	<cx>511</cx>
	 	 	 	<cy>732</cy>
	 	 	</node>
	 	 	<node id="256" type="1">
	 	 	 	<cx>872</cx>
	 	 	 	<cy>794</cy>
	 	 	</node>
	 	 	<node id="257" type="1">
	 	 	 	<cx>99</cx>
	 	 	 	<cy>77</cy>
	 	 	</node>
	 	 	<node id="258" type="1">
	 	 	 	<cx>864</cx>
	 	 	 	<cy>58</cy>
	 	 	</node>
	 	 	<node id="259" type="1">
	 	 	 	<cx>143</cx>
	 	 	 	<cy>149</cy>
	 	 	</node>
	 	 	<node id="260" type="1">
	 	 	 	<cx>910</cx>
	 	 	 	<cy>236</cy>
	 	 	</node>
	 	 	<node id="261" type="1">
	 	 	 	<cx>963</cx>
	 	 	 	<cy>91</cy>
	 	 	</node>
	 	 	<node id="262" type="1">
	 	 	 	<cx>133</cx>
	 	 	 	<cy>56</cy>
	 	 	</node>
	 	 	<node id="263" type="1">
	 	 	 	<cx>747</cx>
	 	 	 	<cy>666</cy>
	 	 	</node>
	 	 	<node id="264" type="1">
	 	 	 	<cx>712</cx>
	 	 	 	<cy>736</cy>
	 	 	</node>
	 	 	<node id="265" type="1">
	 	 	 	<cx>771</cx>
	 	 	 	<cy>725</cy>
	 	 	</node>
	 	 	<node id="266" type="1">
	 	 	 	<cx>302</cx>
	 	 	 	<cy>59</cy>
	 	 	</node>
	 	 	<node id="267" type="1">
	 	 	 	<cx>935</cx>
	 	 	 	<cy>107</cy>
	 	 	</node>
	 	 	<node id="268" type="1">
	 	 	 	<cx>766</cx>
	 	 	 	<cy>680</cy>
	 	 	</node>
	 	 	<node id="269" type="1">
	 	 	 	<cx>680</cx>
	 	 	 	<cy>683</cy>
	 	 	</node>
	 	 	<node id="270" type="1">
	 	 	 	<cx>648</cx>
	 	 	 	<cy>800</cy>
	 	 	</node>
	 	</nodes>
	 	<euclidean/>
	 	<decimals>0</decimals>
	 </network>
	 <fleet>
	 	 <vehicle_profile type="0">
	 	  	 <departure_node>1</departure_node>
	 	  	 <arrival_node>1</arrival_node>
	 	  	 <capacity>585</capacity>
	 	 </vehicle_profile>
	 </fleet>
	 <requests>
	 	 <request id="1" node="2">
	 	 	 <quantity>77</quantity>
	 	 </request>
	 	 <request id="2" node="3">
	 	 	 <quantity>91</quantity>
	 	 </request>
	 	 <request id="3" node="4">
	 	 	 <quantity>67</quantity>
	 	 </request>
	 	 <request id="4" node="5">
	 	 	 <quantity>69</quantity>
	 	 </request>
	 	 <request id="5" node="6">
	 	 	 <quantity>68</quantity>
	 	 </request>
	 	 <request id="6" node="7">
	 	 	 <quantity>64</quantity>
	 	 </request>
	 	 <request id="7" node="8">
	 	 	 <quantity>65</quantity>
	 	 </request>
	 	 <request id="8" node="9">
	 	 	 <quantity>83</quantity>
	 	 </request>
	 	 <request id="9" node="10">
	 	 	 <quantity>64</quantity>
	 	 </request>
	 	 <request id="10" node="11">
	 	 	 <quantity>77</quantity>
	 	 </request>
	 	 <request id="11" node="12">
	 	 	 <quantity>87</quantity>
	 	 </request>
	 	 <request id="12" node="13">
	 	 	 <quantity>99</quantity>
	 	 </request>
	 	 <request id="13" node="14">
	 	 	 <quantity>84</quantity>
	 	 </request>
	 	 <request id="14" node="15">
	 	 	 <quantity>74</quantity>
	 	 </request>
	 	 <request id="15" node="16">
	 	 	 <quantity>89</quantity>
	 	 </request>
	 	 <request id="16" node="17">
	 	 	 <quantity>76</quantity>
	 	 </request>
	 	 <request id="17" node="18">
	 	 	 <quantity>68</quantity>
	 	 </request>
	 	 <request id="18" node="19">
	 	 	 <quantity>87</quantity>
	 	 </request>
	 	 <request id="19" node="20">
	 	 	 <quantity>69</quantity>
	 	 </request>
	 	 <request id="20" node="21">
	 	 	 <quantity>97</quantity>
	 	 </request>
	 	 <request id="21" node="22">
	 	 	 <quantity>87</quantity>
	 	 </request>
	 	 <request id="22" node="23">
	 	 	 <quantity>59</quantity>
	 	 </request>
	 	 <request id="23" node="24">
	 	 	 <quantity>82</quantity>
	 	 </request>
	 	 <request id="24" node="25">
	 	 	 <quantity>75</quantity>
	 	 </request>
	 	 <request id="25" node="26">
	 	 	 <quantity>55</quantity>
	 	 </request>
	 	 <request id="26" node="27">
	 	 	 <quantity>95</quantity>
	 	 </request>
	 	 <request id="27" node="28">
	 	 	 <quantity>63</quantity>
	 	 </request>
	 	 <request id="28" node="29">
	 	 	 <quantity>87</quantity>
	 	 </request>
	 	 <request id="29" node="30">
	 	 	 <quantity>72</quantity>
	 	 </request>
	 	 <request id="30" node="31">
	 	 	 <quantity>53</quantity>
	 	 </request>
	 	 <request id="31" node="32">
	 	 	 <quantity>66</quantity>
	 	 </request>
	 	 <request id="32" node="33">
	 	 	 <quantity>95</quantity>
	 	 </request>
	 	 <request id="33" node="34">
	 	 	 <quantity>58</quantity>
	 	 </request>
	 	 <request id="34" node="35">
	 	 	 <quantity>76</quantity>
	 	 </request>
	 	 <request id="35" node="36">
	 	 	 <quantity>66</quantity>
	 	 </request>
	 	 <request id="36" node="37">
	 	 	 <quantity>53</quantity>
	 	 </request>
	 	 <request id="37" node="38">
	 	 	 <quantity>67</quantity>
	 	 </request>
	 	 <request id="38" node="39">
	 	 	 <quantity>56</quantity>
	 	 </request>
	 	 <request id="39" node="40">
	 	 	 <quantity>71</quantity>
	 	 </request>
	 	 <request id="40" node="41">
	 	 	 <quantity>67</quantity>
	 	 </request>
	 	 <request id="41" node="42">
	 	 	 <quantity>52</quantity>
	 	 </request>
	 	 <request id="42" node="43">
	 	 	 <quantity>85</quantity>
	 	 </request>
	 	 <request id="43" node="44">
	 	 	 <quantity>99</quantity>
	 	 </request>
	 	 <request id="44" node="45">
	 	 	 <quantity>62</quantity>
	 	 </request>
	 	 <request id="45" node="46">
	 	 	 <quantity>51</quantity>
	 	 </request>
	 	 <request id="46" node="47">
	 	 	 <quantity>53</quantity>
	 	 </request>
	 	 <request id="47" node="48">
	 	 	 <quantity>63</quantity>
	 	 </request>
	 	 <request id="48" node="49">
	 	 	 <quantity>71</quantity>
	 	 </request>
	 	 <request id="49" node="50">
	 	 	 <quantity>78</quantity>
	 	 </request>
	 	 <request id="50" node="51">
	 	 	 <quantity>71</quantity>
	 	 </request>
	 	 <request id="51" node="52">
	 	 	 <quantity>77</quantity>
	 	 </request>
	 	 <request id="52" node="53">
	 	 	 <quantity>85</quantity>
	 	 </request>
	 	 <request id="53" node="54">
	 	 	 <quantity>82</quantity>
	 	 </request>
	 	 <request id="54" node="55">
	 	 	 <quantity>94</quantity>
	 	 </request>
	 	 <request id="55" node="56">
	 	 	 <quantity>67</quantity>
	 	 </request>
	 	 <request id="56" node="57">
	 	 	 <quantity>54</quantity>
	 	 </request>
	 	 <request id="57" node="58">
	 	 	 <quantity>66</quantity>
	 	 </request>
	 	 <request id="58" node="59">
	 	 	 <quantity>64</quantity>
	 	 </request>
	 	 <request id="59" node="60">
	 	 	 <quantity>94</quantity>
	 	 </request>
	 	 <request id="60" node="61">
	 	 	 <quantity>75</quantity>
	 	 </request>
	 	 <request id="61" node="62">
	 	 	 <quantity>72</quantity>
	 	 </request>
	 	 <request id="62" node="63">
	 	 	 <quantity>66</quantity>
	 	 </request>
	 	 <request id="63" node="64">
	 	 	 <quantity>95</quantity>
	 	 </request>
	 	 <request id="64" node="65">
	 	 	 <quantity>59</quantity>
	 	 </request>
	 	 <request id="65" node="66">
	 	 	 <quantity>68</quantity>
	 	 </request>
	 	 <request id="66" node="67">
	 	 	 <quantity>94</quantity>
	 	 </request>
	 	 <request id="67" node="68">
	 	 	 <quantity>84</quantity>
	 	 </request>
	 	 <request id="68" node="69">
	 	 	 <quantity>94</quantity>
	 	 </request>
	 	 <request id="69" node="70">
	 	 	 <quantity>62</quantity>
	 	 </request>
	 	 <request id="70" node="71">
	 	 	 <quantity>73</quantity>
	 	 </request>
	 	 <request id="71" node="72">
	 	 	 <quantity>66</quantity>
	 	 </request>
	 	 <request id="72" node="73">
	 	 	 <quantity>97</quantity>
	 	 </request>
	 	 <request id="73" node="74">
	 	 	 <quantity>71</quantity>
	 	 </request>
	 	 <request id="74" node="75">
	 	 	 <quantity>62</quantity>
	 	 </request>
	 	 <request id="75" node="76">
	 	 	 <quantity>60</quantity>
	 	 </request>
	 	 <request id="76" node="77">
	 	 	 <quantity>86</quantity>
	 	 </request>
	 	 <request id="77" node="78">
	 	 	 <quantity>99</quantity>
	 	 </request>
	 	 <request id="78" node="79">
	 	 	 <quantity>51</quantity>
	 	 </request>
	 	 <request id="79" node="80">
	 	 	 <quantity>90</quantity>
	 	 </request>
	 	 <request id="80" node="81">
	 	 	 <quantity>72</quantity>
	 	 </request>
	 	 <request id="81" node="82">
	 	 	 <quantity>84</quantity>
	 	 </request>
	 	 <request id="82" node="83">
	 	 	 <quantity>78</quantity>
	 	 </request>
	 	 <request id="83" node="84">
	 	 	 <quantity>81</quantity>
	 	 </request>
	 	 <request id="84" node="85">
	 	 	 <quantity>50</quantity>
	 	 </request>
	 	 <request id="85" node="86">
	 	 	 <quantity>55</quantity>
	 	 </request>
	 	 <request id="86" node="87">
	 	 	 <quantity>56</quantity>
	 	 </request>
	 	 <request id="87" node="88">
	 	 	 <quantity>80</quantity>
	 	 </request>
	 	 <request id="88" node="89">
	 	 	 <quantity>63</quantity>
	 	 </request>
	 	 <request id="89" node="90">
	 	 	 <quantity>52</quantity>
	 	 </request>
	 	 <request id="90" node="91">
	 	 	 <quantity>71</quantity>
	 	 </request>
	 	 <request id="91" node="92">
	 	 	 <quantity>75</quantity>
	 	 </request>
	 	 <request id="92" node="93">
	 	 	 <quantity>71</quantity>
	 	 </request>
	 	 <request id="93" node="94">
	 	 	 <quantity>59</quantity>
	 	 </request>
	 	 <request id="94" node="95">
	 	 	 <quantity>78</quantity>
	 	 </request>
	 	 <request id="95" node="96">
	 	 	 <quantity>89</quantity>
	 	 </request>
	 	 <request id="96" node="97">
	 	 	 <quantity>89</quantity>
	 	 </request>
	 	 <request id="97" node="98">
	 	 	 <quantity>93</quantity>
	 	 </request>
	 	 <request id="98" node="99">
	 	 	 <quantity>74</quantity>
	 	 </request>
	 	 <request id="99" node="100">
	 	 	 <quantity>73</quantity>
	 	 </request>
	 	 <request id="100" node="101">
	 	 	 <quantity>85</quantity>
	 	 </request>
	 	 <request id="101" node="102">
	 	 	 <quantity>68</quantity>
	 	 </request>
	 	 <request id="102" node="103">
	 	 	 <quantity>71</quantity>
	 	 </request>
	 	 <request id="103" node="104">
	 	 	 <quantity>78</quantity>
	 	 </request>
	 	 <request id="104" node="105">
	 	 	 <quantity>90</quantity>
	 	 </request>
	 	 <request id="105" node="106">
	 	 	 <quantity>60</quantity>
	 	 </request>
	 	 <request id="106" node="107">
	 	 	 <quantity>95</quantity>
	 	 </request>
	 	 <request id="107" node="108">
	 	 	 <quantity>75</quantity>
	 	 </request>
	 	 <request id="108" node="109">
	 	 	 <quantity>65</quantity>
	 	 </request>
	 	 <request id="109" node="110">
	 	 	 <quantity>92</quantity>
	 	 </request>
	 	 <request id="110" node="111">
	 	 	 <quantity>79</quantity>
	 	 </request>
	 	 <request id="111" node="112">
	 	 	 <quantity>95</quantity>
	 	 </request>
	 	 <request id="112" node="113">
	 	 	 <quantity>99</quantity>
	 	 </request>
	 	 <request id="113" node="114">
	 	 	 <quantity>75</quantity>
	 	 </request>
	 	 <request id="114" node="115">
	 	 	 <quantity>91</quantity>
	 	 </request>
	 	 <request id="115" node="116">
	 	 	 <quantity>80</quantity>
	 	 </request>
	 	 <request id="116" node="117">
	 	 	 <quantity>91</quantity>
	 	 </request>
	 	 <request id="117" node="118">
	 	 	 <quantity>71</quantity>
	 	 </request>
	 	 <request id="118" node="119">
	 	 	 <quantity>55</quantity>
	 	 </request>
	 	 <request id="119" node="120">
	 	 	 <quantity>97</quantity>
	 	 </request>
	 	 <request id="120" node="121">
	 	 	 <quantity>71</quantity>
	 	 </request>
	 	 <request id="121" node="122">
	 	 	 <quantity>53</quantity>
	 	 </request>
	 	 <request id="122" node="123">
	 	 	 <quantity>99</quantity>
	 	 </request>
	 	 <request id="123" node="124">
	 	 	 <quantity>60</quantity>
	 	 </request>
	 	 <request id="124" node="125">
	 	 	 <quantity>70</quantity>
	 	 </request>
	 	 <request id="125" node="126">
	 	 	 <quantity>99</quantity>
	 	 </request>
	 	 <request id="126" node="127">
	 	 	 <quantity>97</quantity>
	 	 </request>
	 	 <request id="127" node="128">
	 	 	 <quantity>75</quantity>
	 	 </request>
	 	 <request id="128" node="129">
	 	 	 <quantity>54</quantity>
	 	 </request>
	 	 <request id="129" node="130">
	 	 	 <quantity>73</quantity>
	 	 </request>
	 	 <request id="130" node="131">
	 	 	 <quantity>51</quantity>
	 	 </request>
	 	 <request id="131" node="132">
	 	 	 <quantity>84</quantity>
	 	 </request>
	 	 <request id="132" node="133">
	 	 	 <quantity>72</quantity>
	 	 </request>
	 	 <request id="133" node="134">
	 	 	 <quantity>97</quantity>
	 	 </request>
	 	 <request id="134" node="135">
	 	 	 <quantity>60</quantity>
	 	 </request>
	 	 <request id="135" node="136">
	 	 	 <quantity>82</quantity>
	 	 </request>
	 	 <request id="136" node="137">
	 	 	 <quantity>67</quantity>
	 	 </request>
	 	 <request id="137" node="138">
	 	 	 <quantity>57</quantity>
	 	 </request>
	 	 <request id="138" node="139">
	 	 	 <quantity>62</quantity>
	 	 </request>
	 	 <request id="139" node="140">
	 	 	 <quantity>93</quantity>
	 	 </request>
	 	 <request id="140" node="141">
	 	 	 <quantity>97</quantity>
	 	 </request>
	 	 <request id="141" node="142">
	 	 	 <quantity>94</quantity>
	 	 </request>
	 	 <request id="142" node="143">
	 	 	 <quantity>91</quantity>
	 	 </request>
	 	 <request id="143" node="144">
	 	 	 <quantity>56</quantity>
	 	 </request>
	 	 <request id="144" node="145">
	 	 	 <quantity>71</quantity>
	 	 </request>
	 	 <request id="145" node="146">
	 	 	 <quantity>92</quantity>
	 	 </request>
	 	 <request id="146" node="147">
	 	 	 <quantity>92</quantity>
	 	 </request>
	 	 <request id="147" node="148">
	 	 	 <quantity>78</quantity>
	 	 </request>
	 	 <request id="148" node="149">
	 	 	 <quantity>100</quantity>
	 	 </request>
	 	 <request id="149" node="150">
	 	 	 <quantity>93</quantity>
	 	 </request>
	 	 <request id="150" node="151">
	 	 	 <quantity>99</quantity>
	 	 </request>
	 	 <request id="151" node="152">
	 	 	 <quantity>95</quantity>
	 	 </request>
	 	 <request id="152" node="153">
	 	 	 <quantity>99</quantity>
	 	 </request>
	 	 <request id="153" node="154">
	 	 	 <quantity>57</quantity>
	 	 </request>
	 	 <request id="154" node="155">
	 	 	 <quantity>78</quantity>
	 	 </request>
	 	 <request id="155" node="156">
	 	 	 <quantity>100</quantity>
	 	 </request>
	 	 <request id="156" node="157">
	 	 	 <quantity>69</quantity>
	 	 </request>
	 	 <request id="157" node="158">
	 	 	 <quantity>53</quantity>
	 	 </request>
	 	 <request id="158" node="159">
	 	 	 <quantity>80</quantity>
	 	 </request>
	 	 <request id="159" node="160">
	 	 	 <quantity>80</quantity>
	 	 </request>
	 	 <request id="160" node="161">
	 	 	 <quantity>76</quantity>
	 	 </request>
	 	 <request id="161" node="162">
	 	 	 <quantity>99</quantity>
	 	 </request>
	 	 <request id="162" node="163">
	 	 	 <quantity>58</quantity>
	 	 </request>
	 	 <request id="163" node="164">
	 	 	 <quantity>68</quantity>
	 	 </request>
	 	 <request id="164" node="165">
	 	 	 <quantity>51</quantity>
	 	 </request>
	 	 <request id="165" node="166">
	 	 	 <quantity>64</quantity>
	 	 </request>
	 	 <request id="166" node="167">
	 	 	 <quantity>97</quantity>
	 	 </request>
	 	 <request id="167" node="168">
	 	 	 <quantity>55</quantity>
	 	 </request>
	 	 <request id="168" node="169">
	 	 	 <quantity>100</quantity>
	 	 </request>
	 	 <request id="169" node="170">
	 	 	 <quantity>52</quantity>
	 	 </request>
	 	 <request id="170" node="171">
	 	 	 <quantity>99</quantity>
	 	 </request>
	 	 <request id="171" node="172">
	 	 	 <quantity>66</quantity>
	 	 </request>
	 	 <request id="172" node="173">
	 	 	 <quantity>74</quantity>
	 	 </request>
	 	 <request id="173" node="174">
	 	 	 <quantity>68</quantity>
	 	 </request>
	 	 <request id="174" node="175">
	 	 	 <quantity>97</quantity>
	 	 </request>
	 	 <request id="175" node="176">
	 	 	 <quantity>100</quantity>
	 	 </request>
	 	 <request id="176" node="177">
	 	 	 <quantity>59</quantity>
	 	 </request>
	 	 <request id="177" node="178">
	 	 	 <quantity>72</quantity>
	 	 </request>
	 	 <request id="178" node="179">
	 	 	 <quantity>63</quantity>
	 	 </request>
	 	 <request id="179" node="180">
	 	 	 <quantity>74</quantity>
	 	 </request>
	 	 <request id="180" node="181">
	 	 	 <quantity>72</quantity>
	 	 </request>
	 	 <request id="181" node="182">
	 	 	 <quantity>85</quantity>
	 	 </request>
	 	 <request id="182" node="183">
	 	 	 <quantity>93</quantity>
	 	 </request>
	 	 <request id="183" node="184">
	 	 	 <quantity>100</quantity>
	 	 </request>
	 	 <request id="184" node="185">
	 	 	 <quantity>66</quantity>
	 	 </request>
	 	 <request id="185" node="186">
	 	 	 <quantity>53</quantity>
	 	 </request>
	 	 <request id="186" node="187">
	 	 	 <quantity>93</quantity>
	 	 </request>
	 	 <request id="187" node="188">
	 	 	 <quantity>95</quantity>
	 	 </request>
	 	 <request id="188" node="189">
	 	 	 <quantity>61</quantity>
	 	 </request>
	 	 <request id="189" node="190">
	 	 	 <quantity>89</quantity>
	 	 </request>
	 	 <request id="190" node="191">
	 	 	 <quantity>86</quantity>
	 	 </request>
	 	 <request id="191" node="192">
	 	 	 <quantity>80</quantity>
	 	 </request>
	 	 <request id="192" node="193">
	 	 	 <quantity>74</quantity>
	 	 </request>
	 	 <request id="193" node="194">
	 	 	 <quantity>56</quantity>
	 	 </request>
	 	 <request id="194" node="195">
	 	 	 <quantity>78</quantity>
	 	 </request>
	 	 <request id="195" node="196">
	 	 	 <quantity>78</quantity>
	 	 </request>
	 	 <request id="196" node="197">
	 	 	 <quantity>66</quantity>
	 	 </request>
	 	 <request id="197" node="198">
	 	 	 <quantity>85</quantity>
	 	 </request>
	 	 <request id="198" node="199">
	 	 	 <quantity>89</quantity>
	 	 </request>
	 	 <request id="199" node="200">
	 	 	 <quantity>74</quantity>
	 	 </request>
	 	 <request id="200" node="201">
	 	 	 <quantity>57</quantity>
	 	 </request>
	 	 <request id="201" node="202">
	 	 	 <quantity>84</quantity>
	 	 </request>
	 	 <request id="202" node="203">
	 	 	 <quantity>88</quantity>
	 	 </request>
	 	 <request id="203" node="204">
	 	 	 <quantity>97</quantity>
	 	 </request>
	 	 <request id="204" node="205">
	 	 	 <quantity>93</quantity>
	 	 </request>
	 	 <request id="205" node="206">
	 	 	 <quantity>80</quantity>
	 	 </request>
	 	 <request id="206" node="207">
	 	 	 <quantity>53</quantity>
	 	 </request>
	 	 <request id="207" node="208">
	 	 	 <quantity>51</quantity>
	 	 </request>
	 	 <request id="208" node="209">
	 	 	 <quantity>85</quantity>
	 	 </request>
	 	 <request id="209" node="210">
	 	 	 <quantity>55</quantity>
	 	 </request>
	 	 <request id="210" node="211">
	 	 	 <quantity>89</quantity>
	 	 </request>
	 	 <request id="211" node="212">
	 	 	 <quantity>72</quantity>
	 	 </request>
	 	 <request id="212" node="213">
	 	 	 <quantity>53</quantity>
	 	 </request>
	 	 <request id="213" node="214">
	 	 	 <quantity>60</quantity>
	 	 </request>
	 	 <request id="214" node="215">
	 	 	 <quantity>97</quantity>
	 	 </request>
	 	 <request id="215" node="216">
	 	 	 <quantity>89</quantity>
	 	 </request>
	 	 <request id="216" node="217">
	 	 	 <quantity>94</quantity>
	 	 </request>
	 	 <request id="217" node="218">
	 	 	 <quantity>81</quantity>
	 	 </request>
	 	 <request id="218" node="219">
	 	 	 <quantity>76</quantity>
	 	 </request>
	 	 <request id="219" node="220">
	 	 	 <quantity>98</quantity>
	 	 </request>
	 	 <request id="220" node="221">
	 	 	 <quantity>94</quantity>
	 	 </request>
	 	 <request id="221" node="222">
	 	 	 <quantity>68</quantity>
	 	 </request>
	 	 <request id="222" node="223">
	 	 	 <quantity>71</quantity>
	 	 </request>
	 	 <request id="223" node="224">
	 	 	 <quantity>52</quantity>
	 	 </request>
	 	 <request id="224" node="225">
	 	 	 <quantity>69</quantity>
	 	 </request>
	 	 <request id="225" node="226">
	 	 	 <quantity>87</quantity>
	 	 </request>
	 	 <request id="226" node="227">
	 	 	 <quantity>93</quantity>
	 	 </request>
	 	 <request id="227" node="228">
	 	 	 <quantity>64</quantity>
	 	 </request>
	 	 <request id="228" node="229">
	 	 	 <quantity>64</quantity>
	 	 </request>
	 	 <request id="229" node="230">
	 	 	 <quantity>71</quantity>
	 	 </request>
	 	 <request id="230" node="231">
	 	 	 <quantity>94</quantity>
	 	 </request>
	 	 <request id="231" node="232">
	 	 	 <quantity>66</quantity>
	 	 </request>
	 	 <request id="232" node="233">
	 	 	 <quantity>60</quantity>
	 	 </request>
	 	 <request id="233" node="234">
	 	 	 <quantity>92</quantity>
	 	 </request>
	 	 <request id="234" node="235">
	 	 	 <quantity>61</quantity>
	 	 </request>
	 	 <request id="235" node="236">
	 	 	 <quantity>86</quantity>
	 	 </request>
	 	 <request id="236" node="237">
	 	 	 <quantity>100</quantity>
	 	 </request>
	 	 <request id="237" node="238">
	 	 	 <quantity>93</quantity>
	 	 </request>
	 	 <request id="238" node="239">
	 	 	 <quantity>70</quantity>
	 	 </request>
	 	 <request id="239" node="240">
	 	 	 <quantity>88</quantity>
	 	 </request>
	 	 <request id="240" node="241">
	 	 	 <quantity>66</quantity>
	 	 </request>
	 	 <request id="241" node="242">
	 	 	 <quantity>81</quantity>
	 	 </request>
	 	 <request id="242" node="243">
	 	 	 <quantity>51</quantity>
	 	 </request>
	 	 <request id="243" node="244">
	 	 	 <quantity>73</quantity>
	 	 </request>
	 	 <request id="244" node="245">
	 	 	 <quantity>91</quantity>
	 	 </request>
	 	 <request id="245" node="246">
	 	 	 <quantity>86</quantity>
	 	 </request>
	 	 <request id="246" node="247">
	 	 	 <quantity>68</quantity>
	 	 </request>
	 	 <request id="247" node="248">
	 	 	 <quantity>89</quantity>
	 	 </request>
	 	 <request id="248" node="249">
	 	 	 <quantity>52</quantity>
	 	 </request>
	 	 <request id="249" node="250">
	 	 	 <quantity>79</quantity>
	 	 </request>
	 	 <request id="250" node="251">
	 	 	 <quantity>60</quantity>
	 	 </request>
	 	 <request id="251" node="252">
	 	 	 <quantity>60</quantity>
	 	 </request>
	 	 <request id="252" node="253">
	 	 	 <quantity>60</quantity>
	 	 </request>
	 	 <request id="253" node="254">
	 	 	 <quantity>55</quantity>
	 	 </request>
	 	 <request id="254" node="255">
	 	 	 <quantity>95</quantity>
	 	 </request>
	 	 <request id="255" node="256">
	 	 	 <quantity>73</quantity>
	 	 </request>
	 	 <request id="256" node="257">
	 	 	 <quantity>80</quantity>
	 	 </request>
	 	 <request id="257" node="258">
	 	 	 <quantity>79</quantity>
	 	 </request>
	 	 <request id="258" node="259">
	 	 	 <quantity>86</quantity>
	 	 </request>
	 	 <request id="259" node="260">
	 	 	 <quantity>79</quantity>
	 	 </request>
	 	 <request id="260" node="261">
	 	 	 <quantity>89</quantity>
	 	 </request>
	 	 <request id="261" node="262">
	 	 	 <quantity>88</quantity>
	 	 </request>
	 	 <request id="262" node="263">
	 	 	 <quantity>70</quantity>
	 	 </request>
	 	 <request id="263" node="264">
	 	 	 <quantity>56</quantity>
	 	 </request>
	 	 <request id="264" node="265">
	 	 	 <quantity>80</quantity>
	 	 </request>
	 	 <request id="265" node="266">
	 	 	 <quantity>64</quantity>
	 	 </request>
	 	 <request id="266" node="267">
	 	 	 <quantity>51</quantity>
	 	 </request>
	 	 <request id="267" node="268">
	 	 	 <quantity>85</quantity>
	 	 </request>
	 	 <request id="268" node="269">
	 	 	 <quantity>88</quantity>
	 	 </request>
	 	 <request id="269" node="270">
	 	 	 <quantity>70</quantity>
	 	 </request>
	 </requests>
</instance>
